run_id,instance_id,outer_fold,cpu_event_count,gpu_request_count,predicted_cpu_sum_ms,observed_cpu_sum_ms,predicted_gpu_proxy_sum_ms,observed_gpu_proxy_sum_ms,predicted_partial_replay_sum_ms,observed_e2e_ms,predicted_start_known_e2e_ms,all_recorded_cpu_pass,all_recorded_gpu_pass,start_known_e2e_pass,available_recorded_target_conjunction,literal_required_event_acceptance
assignment-case-v1:003fb85dfbc99179e5ea2986e1ca936c6dfa5dea71d2405a1bdc9ed2cdfb75c9,scikit-learn__scikit-learn-25232,2,30,31,9502.720017055253,45554.20019099256,19162.8857395,44271.954962,28665.605756555255,208202.901016,125168.74167399999,False,False,False,False,unsupported: historical tool/proxy targets; repaired atomic/native/lifecycle targets not calibrated
assignment-case-v1:0050fdfd5f21bfa855b0f03a76b55ed7c6a76b53e26d65eed59a0a698f0712c2,sympy__sympy-12419,3,30,31,7258.755844079133,10852.892054012045,19062.72243000001,30489.949162999997,26321.47827407914,86831.359052,124252.1253105,False,False,False,False,unsupported: historical tool/proxy targets; repaired atomic/native/lifecycle targets not calibrated
assignment-case-v1:00a98b5222ae0b560df13973a829033e022f789411689a76c75c86185ecdf799,django__django-17029,0,27,27,10366.777051451209,17596.704226009024,16668.182457000003,46871.024998999994,27034.95950845121,109868.087849,125970.234473,False,False,True,False,unsupported: historical tool/proxy targets; repaired atomic/native/lifecycle targets not calibrated
assignment-case-v1:00ba3a406cd67bc21b7a5aa182a6ca15a3df1821ca94ad8d8e2e671e42032c9d,sympy__sympy-19954,3,30,31,11293.076883022877,11694.90805407986,19062.72243000001,52850.200279,30355.799313022886,105395.835818,124252.1253105,False,False,True,False,unsupported: historical tool/proxy targets; repaired atomic/native/lifecycle targets not calibrated
assignment-case-v1:00c0f0c7163dcf16a4c73513d0e09e61ce1c5284c662b15b9aa3d5423a9f7866,matplotlib__matplotlib-13989,3,20,21,4703.837440507414,6433.901996992063,12913.457130000003,22355.359696999996,17617.294570507416,76916.161167,124252.1253105,False,False,False,False,unsupported: historical tool/proxy targets; repaired atomic/native/lifecycle targets not calibrated
assignment-case-v1:012b1d6bec9cb005da8283490eb20ce2370ac8ec397a0a0878a9a9c6213c1a01,django__django-13401,4,30,31,9256.062022959668,11444.18193004094,19033.337498999997,37086.65050600001,28289.399521959665,110565.857865,124919.82762699999,False,False,True,False,unsupported: historical tool/proxy targets; repaired atomic/native/lifecycle targets not calibrated
assignment-case-v1:019e48545f8b4df6e16f54adb67988818100bf35c86f89c3f00cbb7d56f210d5,sphinx-doc__sphinx-9367,0,25,25,9549.393000961572,5509.955638030078,15433.502275,34131.351895,24982.89527596157,78775.093025,125970.234473,False,False,False,False,unsupported: historical tool/proxy targets; repaired atomic/native/lifecycle targets not calibrated
assignment-case-v1:01d6ece3299ee960efab99aa2c46d0fecb08905a294eb77c96f110a04b7bb29a,sympy__sympy-19346,3,30,31,14285.584693539931,19428.223882001475,19062.72243000001,51256.901072,33348.30712353994,116177.72439,124252.1253105,False,False,True,False,unsupported: historical tool/proxy targets; repaired atomic/native/lifecycle targets not calibrated
assignment-case-v1:02cf3ad4fa8a2e6c60f7292944545b25f005866b0b4316aec1c8b8c86557dd3c,sympy__sympy-13647,3,29,31,9765.885299078946,8913.610514049651,19062.72243000001,58975.804862000005,28828.607729078954,118598.766853,124252.1253105,False,False,True,False,unsupported: historical tool/proxy targets; repaired atomic/native/lifecycle targets not calibrated
assignment-case-v1:03f146f02750595e40d79df3736614566ddc3784d5a583c40762ce12b292f7aa,sphinx-doc__sphinx-9367,0,25,25,9549.393000961572,5442.955667989736,15433.502275,43721.891198,24982.89527596157,89869.912492,125970.234473,False,False,False,False,unsupported: historical tool/proxy targets; repaired atomic/native/lifecycle targets not calibrated
assignment-case-v1:03fcb3f0cd186822946a3b34edecb76b9c21435ee4ccfb4411f10d605e9434d2,django__django-14351,4,44,44,13810.228457463381,26513.678291987162,27015.05967600001,70081.362035,40825.28813346339,810683.200791,124919.82762699999,False,False,False,False,unsupported: historical tool/proxy targets; repaired atomic/native/lifecycle targets not calibrated
assignment-case-v1:04201a5dcfa4bdb6e47e9f64be40158628b25facb8c2c45736ef1f1aecfef788,django__django-11740,2,30,31,7424.60803704671,16390.18941199174,19162.8857395,47922.268347,26587.49377654671,151540.73886,125168.74167399999,False,False,True,False,unsupported: historical tool/proxy targets; repaired atomic/native/lifecycle targets not calibrated
assignment-case-v1:0434cd87f6248e9c413967773d95361bee2c8231587ad9c0443c3059ffaa2499,sympy__sympy-22456,2,30,31,9670.706878030614,10392.359684949042,19162.8857395,44305.008637,28833.592617530616,96088.705003,125168.74167399999,False,False,False,False,unsupported: historical tool/proxy targets; repaired atomic/native/lifecycle targets not calibrated
assignment-case-v1:04d239f074d9a6a911c217b89bd882114df70d2d2f2167ec19dec6da087c179f,django__django-16527,4,30,30,11339.089899985993,18808.411621990672,18419.358869999996,60938.343491,29758.44876998599,143821.577343,124919.82762699999,False,False,True,False,unsupported: historical tool/proxy targets; repaired atomic/native/lifecycle targets not calibrated
assignment-case-v1:0594f0cf1237c4056e7441e50ade1acd55dc653998725a46eef43acc220f6698,django__django-12276,4,30,31,8869.6752444921,15174.463649047539,19033.337498999997,58500.432399000005,27903.012743492098,131803.505397,124919.82762699999,False,False,True,False,unsupported: historical tool/proxy targets; repaired atomic/native/lifecycle targets not calibrated
assignment-case-v1:05ceffc69c44e8fbeeceffda66a28f24d25ecaae234d55bc34e74002a10189b8,django__django-17084,0,30,31,5009.896216499328,6398.251155987964,19137.542820999995,74547.19017500001,24147.439037499324,140082.16595,125970.234473,False,False,True,False,unsupported: historical tool/proxy targets; repaired atomic/native/lifecycle targets not calibrated
assignment-case-v1:05f8e4a4ce4ec70f680215feacba3633096259501825e113c12879fa05123206,sympy__sympy-13437,1,30,31,6555.483638327132,26156.02485200361,19076.611453,26003.099385,25632.095091327134,110749.618115,124452.596539,False,False,True,False,unsupported: historical tool/proxy targets; repaired atomic/native/lifecycle targets not calibrated
assignment-case-v1:0605eeb81491a60be905d83b2e841d6c9e29173935db8b006d810f6fd6f54b1e,django__django-12453,1,30,31,8682.528153305611,29521.349211991037,19076.611453,33432.629352,27759.139606305613,135846.166633,124452.596539,False,False,True,False,unsupported: historical tool/proxy targets; repaired atomic/native/lifecycle targets not calibrated
assignment-case-v1:0645b1a474b4d2ddb9f4ca771dd1c29d5550846e02b8c5569eae688b3ffe0898,sympy__sympy-21612,0,30,31,10882.41862844552,14416.146657000354,19137.542820999995,40453.605820000004,30019.961449445516,105229.008302,125970.234473,False,False,True,False,unsupported: historical tool/proxy targets; repaired atomic/native/lifecycle targets not calibrated
assignment-case-v1:06ad3af76d272f808add1583bee40ef2b52b74d711a917f25aac0163299806ac,django__django-13023,4,30,31,8947.829305956475,14343.31277898309,19033.337498999997,50444.004822999996,27981.166804956472,129373.871885,124919.82762699999,False,False,True,False,unsupported: historical tool/proxy targets; repaired atomic/native/lifecycle targets not calibrated
assignment-case-v1:06f08a392b6dfcb683338b13de748457832dfeb21655d9b578f204559b451988,django__django-11603,0,29,29,10583.37095092611,26391.998692990455,17902.862639,73050.70489700005,28486.23358992611,149505.44073,125970.234473,False,False,True,False,unsupported: historical tool/proxy targets; repaired atomic/native/lifecycle targets not calibrated
assignment-case-v1:0794c7d7114d1fed3e281106f47ad72592749f0ad5fbb303144ebba8980f9f22,sphinx-doc__sphinx-10325,0,22,22,6303.758727453896,21516.691721993993,13581.482002,33518.117099,19885.240729453897,109182.616998,125970.234473,False,False,True,False,unsupported: historical tool/proxy targets; repaired atomic/native/lifecycle targets not calibrated
assignment-case-v1:0794f259e6815e802495ec955b90ce530d50ed7fa662e071caeb0e3a96ba6398,django__django-11815,4,28,31,7872.767951954302,18572.064066000166,19033.337498999997,59081.21570400001,26906.1054509543,130813.337499,124919.82762699999,False,False,True,False,unsupported: historical tool/proxy targets; repaired atomic/native/lifecycle targets not calibrated
assignment-case-v1:080b2f5fd68e2c8eba6916f5b9eb307f2a4810fefd8eb1f6f6d10dbf2de35691,scikit-learn__scikit-learn-13496,2,30,31,8094.278626042069,29562.925125999755,19162.8857395,53782.91570100002,27257.16436554207,151996.762559,125168.74167399999,False,False,True,False,unsupported: historical tool/proxy targets; repaired atomic/native/lifecycle targets not calibrated
assignment-case-v1:0813248f9b972a14de18f990b279135d112702497a6dba10e015a8b97396e88d,django__django-15814,3,30,31,9490.823404505136,7342.854376984178,19062.72243000001,53407.68159499999,28553.545834505145,106220.055333,124252.1253105,False,False,True,False,unsupported: historical tool/proxy targets; repaired atomic/native/lifecycle targets not calibrated
assignment-case-v1:082180b0384bd99692b93cde8dacfd8073c91d650c18efc51ac0de1c9899fd82,scikit-learn__scikit-learn-14710,2,30,31,10843.066770632504,136791.17516693077,19162.8857395,43155.518487999994,30005.952510132505,289835.961999,125168.74167399999,False,False,False,False,unsupported: historical tool/proxy targets; repaired atomic/native/lifecycle targets not calibrated
assignment-case-v1:084ba187739866edddb86de57de1fe1cf71ee28f6238919f5174be18601605d7,django__django-11880,1,20,20,7191.615129406273,6614.381729974411,12307.491259999999,29071.713721000007,19499.10638940627,75970.102274,124452.596539,False,False,False,False,unsupported: historical tool/proxy targets; repaired atomic/native/lifecycle targets not calibrated
assignment-case-v1:08943d7db31e523a78353a890f8444802b5c3b37d74dcca0f1ab773f47382a14,sphinx-doc__sphinx-10435,1,30,31,7457.221582826605,8878.011558001162,19076.611453,51524.816212000005,26533.833035826607,105094.904243,124452.596539,False,False,True,False,unsupported: historical tool/proxy targets; repaired atomic/native/lifecycle targets not calibrated
assignment-case-v1:08c0c23e0d7261698b168d4d12d8ca939a628500b3a57765b5dfe05eb9655526,sphinx-doc__sphinx-9258,0,30,31,7079.065609952522,7042.295559076592,19137.542820999995,36858.41446199999,26216.608430952518,105785.09635,125970.234473,False,False,True,False,unsupported: historical tool/proxy targets; repaired atomic/native/lifecycle targets not calibrated
assignment-case-v1:08e1b7c40292e11be0ab5645832113f4e990b1c86e657b230568706b32348b92,sympy__sympy-24213,3,30,31,11198.86357652831,24701.605731068412,19062.72243000001,49862.337328,30261.58600652832,139064.616246,124252.1253105,False,False,True,False,unsupported: historical tool/proxy targets; repaired atomic/native/lifecycle targets not calibrated
assignment-case-v1:0a7585c97772b74f29f6e028faf9f580b6bd663236af4fd1fff4d761a3f05764,django__django-11999,3,30,31,9779.016848560786,8675.465344000258,19062.72243000001,60350.39112599999,28841.739278560795,133919.614611,124252.1253105,False,False,True,False,unsupported: historical tool/proxy targets; repaired atomic/native/lifecycle targets not calibrated
assignment-case-v1:0aaa78b08576a16853e928f18e8b8b18f89edd7fe4a09404b50f9030ded740e4,django__django-11728,2,30,31,9662.86660613332,11047.302650011261,19162.8857395,65087.02328800001,28825.752345633322,134620.786253,125168.74167399999,False,False,True,False,unsupported: historical tool/proxy targets; repaired atomic/native/lifecycle targets not calibrated
assignment-case-v1:0b0396d1e5470b0316d95560e6f54b03850c3d9072e78d3a1e6072c16866c05d,django__django-14351,4,30,31,7010.602880420265,12183.78759999905,19033.337498999997,46154.362549000005,26043.940379420263,98086.042394,124919.82762699999,False,False,False,False,unsupported: historical tool/proxy targets; repaired atomic/native/lifecycle targets not calibrated
assignment-case-v1:0b20d4189e6a881cb58e8557db2d02e1481c795bc385289eb32ee2e849cd0c56,django__django-16502,1,30,31,11666.909530824341,10827.803467924241,19076.611453,67173.832879,30743.520983824343,140972.145655,124452.596539,False,False,True,False,unsupported: historical tool/proxy targets; repaired atomic/native/lifecycle targets not calibrated
assignment-case-v1:0b7ea917c359ea877d851343834dd79939ad595ffd3f75b1c567b83594769815,sphinx-doc__sphinx-9229,4,30,31,7215.980805456638,6461.254481022479,19033.337498999997,47320.970902999994,26249.318304456636,109443.279426,124919.82762699999,False,False,True,False,unsupported: historical tool/proxy targets; repaired atomic/native/lifecycle targets not calibrated
assignment-case-v1:0ba7ea04258a3d59a4027001f1ef69935cacb514a89ec77be726462dab930924,django__django-14672,4,30,31,10264.621453485233,7721.859521989245,19033.337498999997,46282.084190000016,29297.95895248523,102321.566167,124919.82762699999,False,False,True,False,unsupported: historical tool/proxy targets; repaired atomic/native/lifecycle targets not calibrated
assignment-case-v1:0bb6dc2cfe5c12973ecf64135c22b5e7c9086df5ad5d0cc1e7e997bb24fdc520,sympy__sympy-18698,4,30,31,7132.599497448609,12581.487472023582,19033.337498999997,32177.999209,26165.936996448607,97441.28661,124919.82762699999,False,False,False,False,unsupported: historical tool/proxy targets; repaired atomic/native/lifecycle targets not calibrated
assignment-case-v1:0bea4a7128770a292be6f0ecfbb29e2d2b876fb0898c880e8c136447970f19a3,pylint-dev__pylint-8898,1,26,26,8046.212341294449,10639.682971930597,15999.738637999995,36127.812721999995,24045.950979294445,89929.757873,124452.596539,False,False,False,False,unsupported: historical tool/proxy targets; repaired atomic/native/lifecycle targets not calibrated
assignment-case-v1:0c05ef52aa1d99d4f0ca4662c3cf9f71423eaad8593032412dd24a9f425f6f7b,sympy__sympy-13647,3,29,31,9765.885299078946,9647.749905991077,19062.72243000001,58174.935873,28828.607729078954,148411.488718,124252.1253105,False,False,True,False,unsupported: historical tool/proxy targets; repaired atomic/native/lifecycle targets not calibrated
assignment-case-v1:0c3e0b7731fbea3964807819ffe060b973179b58debbbd77a546584f1edfba49,django__django-13158,4,22,19,4681.267783955263,5909.211154008517,11665.593950999997,84321.36498000001,16346.86173495526,142529.101165,124919.82762699999,False,False,True,False,unsupported: historical tool/proxy targets; repaired atomic/native/lifecycle targets not calibrated
assignment-case-v1:0c5365797dd313bfd6677c45f76faac58f6aa0e40b912b96b05240c297501f6b,matplotlib__matplotlib-20676,3,30,31,7948.179876006179,18784.871555981226,19062.72243000001,43272.84409199999,27010.902306006188,243245.585203,124252.1253105,False,False,False,False,unsupported: historical tool/proxy targets; repaired atomic/native/lifecycle targets not calibrated
assignment-case-v1:0cede4eeb275bffb62d306f95f725fb9316ed3b166f8efaf4fd317a34b5f7f48,django__django-12983,3,28,31,12654.083037024975,49677.002971995535,19062.72243000001,105580.44401400001,31716.805467024984,207978.030055,124252.1253105,False,False,False,False,unsupported: historical tool/proxy targets; repaired atomic/native/lifecycle targets not calibrated
assignment-case-v1:0d46eb654654368ddf2cf987d983e73c07dbf3d10d1131b43a2faeaa1546aec8,psf__requests-2148,3,30,31,8495.234848463951,6378.941235023376,19062.72243000001,42782.55505999999,27557.95727846396,106052.660616,124252.1253105,False,False,True,False,unsupported: historical tool/proxy targets; repaired atomic/native/lifecycle targets not calibrated
assignment-case-v1:0edcf5cb9f170b7ebde2be261cb3bf86b006d2fd0b68e53b493d1ba963943026,django__django-14672,4,30,31,10436.598450996826,10437.480735010467,19033.337498999997,50205.952461,29469.935949996823,136999.511298,124919.82762699999,False,False,True,False,unsupported: historical tool/proxy targets; repaired atomic/native/lifecycle targets not calibrated
assignment-case-v1:0f065410b308260975654054cb8fadc4b0abca375fec91a0827b863658354980,django__django-11551,4,30,31,9223.909697975614,11319.283902994357,19033.337498999997,62850.059697,28257.24719697561,140337.671791,124919.82762699999,False,False,True,False,unsupported: historical tool/proxy targets; repaired atomic/native/lifecycle targets not calibrated
assignment-case-v1:0f44a3916facc25d5c41a397686454e46d2cfdc23449811b29f5d8a105f0a321,django__django-15315,4,30,30,11421.913212496293,8975.78747398802,18419.358869999996,44539.397308,29841.27208249629,117327.515275,124919.82762699999,False,False,True,False,unsupported: historical tool/proxy targets; repaired atomic/native/lifecycle targets not calibrated
assignment-case-v1:1016b2f5f94d93df860c6bbafa497206b5c445e35a9e1392bfa3835c460bfd91,django__django-11179,3,23,23,6285.802248999971,10974.844862066675,14143.310190000004,119391.36338499998,20429.112438999975,172894.421479,124252.1253105,False,False,False,False,unsupported: historical tool/proxy targets; repaired atomic/native/lifecycle targets not calibrated
assignment-case-v1:1090236262429d752cfec359076d6b93809e09d21637790a646aa14e56307a96,sphinx-doc__sphinx-10614,1,30,31,8456.461220808706,16022.433919017203,19076.611453,70802.43450399999,27533.072673808707,132056.744555,124452.596539,False,False,True,False,unsupported: historical tool/proxy targets; repaired atomic/native/lifecycle targets not calibrated
assignment-case-v1:10c44b5937fb166aac3b4f3c7329a8e546b879a4f25168d6fc19e9cdbeba8271,django__django-11790,3,30,31,9970.584186545238,50957.97700501862,19062.72243000001,48658.826846,29033.306616545247,176075.139633,124252.1253105,False,False,False,False,unsupported: historical tool/proxy targets; repaired atomic/native/lifecycle targets not calibrated
assignment-case-v1:1124d315f579e1da3095e8127b8d15731129517b70a290b51182944a87f20c54,pydata__xarray-4493,2,30,31,5439.746485968499,10873.000290986965,19162.8857395,30225.869828,24602.6322254685,92437.390398,125168.74167399999,False,False,False,False,unsupported: historical tool/proxy targets; repaired atomic/native/lifecycle targets not calibrated
assignment-case-v1:1158d16a5ff444e322596a6ba34f7eab479b812bf9fae364da9b37dcefa25eb5,sympy__sympy-15599,4,16,16,4282.398486988313,5747.529969055904,9823.658064,27583.408734999994,14106.056550988313,75315.277941,124919.82762699999,False,False,False,False,unsupported: historical tool/proxy targets; repaired atomic/native/lifecycle targets not calibrated
assignment-case-v1:11f6b581b04ade389d18037829918c34b50a9dc119bd254dc9107665fa9ef661,sympy__sympy-20801,3,30,31,7569.9508875859465,8098.975689092185,19062.72243000001,28782.110446000002,26632.673317585955,87293.616689,124252.1253105,False,False,False,False,unsupported: historical tool/proxy targets; repaired atomic/native/lifecycle targets not calibrated
assignment-case-v1:12b861c0cc9bb4bb73a097919a7c9cefbe5f4a17ce0715e9708ab2ceb7f6765c,scikit-learn__scikit-learn-13584,4,30,31,9882.179533980889,20958.34134300094,19033.337498999997,37890.500415,28915.517032980886,106749.368568,124919.82762699999,False,False,True,False,unsupported: historical tool/proxy targets; repaired atomic/native/lifecycle targets not calibrated
assignment-case-v1:12f45ce138833a52df57df5df160e2df9f15d663d11c4de6acc58c00754449c0,django__django-13315,3,30,31,6741.479825057468,7950.366348981333,19062.72243000001,78899.45763700001,25804.202255057477,146905.863284,124252.1253105,False,False,True,False,unsupported: historical tool/proxy targets; repaired atomic/native/lifecycle targets not calibrated
assignment-case-v1:13283defa996e245d684fe27322ffe18294f66aabc91a78fce036cbdb5c96d23,django__django-15252,2,30,31,8526.434360057465,11555.337996018352,19162.8857395,64444.80060099999,27689.320099557466,136802.094523,125168.74167399999,False,False,True,False,unsupported: historical tool/proxy targets; repaired atomic/native/lifecycle targets not calibrated
assignment-case-v1:13943e27210444fa0c592694c65790f9bd9f75c55b2be74e3ea1a68114dfe898,django__django-11815,4,30,31,9972.92177646159,19099.840835995565,19033.337498999997,68763.954941,29006.259275461587,149486.205983,124919.82762699999,False,False,True,False,unsupported: historical tool/proxy targets; repaired atomic/native/lifecycle targets not calibrated
assignment-case-v1:13d1ccc9ab2d5ecc54f5ed78148f741c52fe7afd4a4648e909f3d7426ad09db7,astropy__astropy-13453,2,30,31,6359.597261005547,8607.37644902838,19162.8857395,34559.922966000006,25522.48300050555,89291.293344,125168.74167399999,False,False,False,False,unsupported: historical tool/proxy targets; repaired atomic/native/lifecycle targets not calibrated
assignment-case-v1:14273e8d1089a4a90dd8416d4bbd8d25cdc49a3d1dbc6985d44ec7e2b9ee1926,django__django-11815,4,10,11,1984.00725596548,2267.09486002801,6753.764919000001,10260.069648000002,8737.772174965481,77242.156782,124919.82762699999,False,False,False,False,unsupported: historical tool/proxy targets; repaired atomic/native/lifecycle targets not calibrated
assignment-case-v1:142cac08530619701eebd9e6b0146062b67c8860a48ebedf0c77a53aeef1fedb,django__django-13265,2,30,31,6759.314908524175,6958.92906201334,19162.8857395,56899.14927900001,25922.200648024176,122244.817508,125168.74167399999,False,False,True,False,unsupported: historical tool/proxy targets; repaired atomic/native/lifecycle targets not calibrated
assignment-case-v1:14fd65389b798724dfa7d28ee48ca19db7ad1d818d9a494769e3b7a25199c538,django__django-15161,0,30,31,7631.093702975704,19636.18503001635,19137.542820999995,51339.917133,26768.6365239757,134711.798726,125970.234473,False,False,True,False,unsupported: historical tool/proxy targets; repaired atomic/native/lifecycle targets not calibrated
assignment-case-v1:150d1658fdc8ae2cac015ea565953811b8c8f0dcfed7c34dd309662acc8a487d,pylint-dev__pylint-7277,3,30,31,11487.436154038733,65700.45455908985,19062.72243000001,48975.917669,30550.15858403874,248098.383657,124252.1253105,False,False,False,False,unsupported: historical tool/proxy targets; repaired atomic/native/lifecycle targets not calibrated
assignment-case-v1:152f1e13a3b947069da23e8c1e2236adb9a82f0425ab669d0dfe43b8e0f2d1f5,django__django-16661,1,30,31,8529.094332840032,28598.759141023038,19076.611453,47200.042655,27605.705785840033,198660.202305,124452.596539,False,False,False,False,unsupported: historical tool/proxy targets; repaired atomic/native/lifecycle targets not calibrated
assignment-case-v1:15334bfc89a03314b3ebd304df04f6d05d14f1fd7a6b48f4b7d79e81fa44afab,django__django-13757,0,30,31,7579.679859945827,13616.696142002183,19137.542820999995,55768.89947999999,26717.222680945823,144414.846995,125970.234473,False,False,True,False,unsupported: historical tool/proxy targets; repaired atomic/native/lifecycle targets not calibrated
assignment-case-v1:15ebf286f4d547e6b3c6197827ecd887d81eabbc3f6a8e8b583a139c8f9b11c3,sympy__sympy-18057,2,30,31,10263.081653511108,40681.84599302185,19162.8857395,53660.138353,29425.96739301111,135822.462573,125168.74167399999,False,False,True,False,unsupported: historical tool/proxy targets; repaired atomic/native/lifecycle targets not calibrated
assignment-case-v1:163326e2370fa3b7576c2c9deed060009d17922afe8e6d25f084b5f27b0260bd,django__django-15368,0,30,31,8497.898144954888,11661.36460902635,19137.542820999995,90151.834048,27635.440965954884,146709.762712,125970.234473,False,False,True,False,unsupported: historical tool/proxy targets; repaired atomic/native/lifecycle targets not calibrated
assignment-case-v1:164bc0089deb9287c43c4a4705f118e8b0201a4c0a950759f3df3f1301d664df,astropy__astropy-14539,0,30,31,7781.9926779684465,12734.568377003598,19137.542820999995,52463.216906999995,26919.535498968442,124057.550482,125970.234473,False,False,True,False,unsupported: historical tool/proxy targets; repaired atomic/native/lifecycle targets not calibrated
assignment-case-v1:16a45eafe4bbd4e428b57b199d32aa2e28d7b6ff12f59931cf4838231b78ff24,django__django-11451,4,30,31,9932.118732480376,10170.162193011492,19033.337498999997,48371.75390299999,28965.456231480373,116377.517771,124919.82762699999,False,False,True,False,unsupported: historical tool/proxy targets; repaired atomic/native/lifecycle targets not calibrated
assignment-case-v1:16ce165dc4361e26ff9fafb1f1f54afbe38792d67d420a1ce182d64e1f4fa837,sympy__sympy-14817,2,30,31,8761.936858067202,19811.439558994607,19162.8857395,47819.300468999994,27924.822597567203,116935.827472,125168.74167399999,False,False,True,False,unsupported: historical tool/proxy targets; repaired atomic/native/lifecycle targets not calibrated
assignment-case-v1:16d4b3b193caa5640f1c381827015a5e02cc82eb83f8bd3ba10a1f03b1d33f05,astropy__astropy-6938,2,30,31,10550.409019580911,17260.318210006517,19162.8857395,59061.855672000005,29713.294759080913,121077.636072,125168.74167399999,False,False,True,False,unsupported: historical tool/proxy targets; repaired atomic/native/lifecycle targets not calibrated
assignment-case-v1:16f1ebd6befc7630a235b427aabbbb05766f2d500cef05b02a82afedcb47db04,pylint-dev__pylint-6903,2,29,31,9115.349122093903,32127.45977996383,19162.8857395,104263.53087999999,28278.234861593904,207052.543566,125168.74167399999,False,False,False,False,unsupported: historical tool/proxy targets; repaired atomic/native/lifecycle targets not calibrated
assignment-case-v1:1737cba7805b150488b9b0d2bd4447d5008eaea7e25678219526f41330064da2,astropy__astropy-6938,2,28,31,7706.734118077293,11165.297066007042,19162.8857395,81509.09983600001,26869.619857577294,149027.619259,125168.74167399999,False,False,True,False,unsupported: historical tool/proxy targets; repaired atomic/native/lifecycle targets not calibrated
assignment-case-v1:1798502b82224ea304cda58e27f807d8e1dba139dff23bef3e3d5b5416f70456,django__django-14349,3,30,31,11134.30400004654,10554.78863704775,19062.72243000001,45653.35589700001,30197.02643004655,137563.008303,124252.1253105,False,False,True,False,unsupported: historical tool/proxy targets; repaired atomic/native/lifecycle targets not calibrated
assignment-case-v1:17caa950d302b1a75e830e1b98fd4340432a7447a23caf5a255785bab5423541,django__django-15781,2,30,31,10241.21346956781,33238.92812201666,19162.8857395,46122.127619000006,29404.099209067812,152435.634415,125168.74167399999,False,False,True,False,unsupported: historical tool/proxy targets; repaired atomic/native/lifecycle targets not calibrated
assignment-case-v1:17d40e3e61622392a4d701107cf550578a53a447bcd9b05150c87539eff8b146,matplotlib__matplotlib-25311,0,30,31,7998.9819349557365,26756.734194990713,19137.542820999995,28748.873900000002,27136.524755955732,241389.287851,125970.234473,False,False,False,False,unsupported: historical tool/proxy targets; repaired atomic/native/lifecycle targets not calibrated
assignment-case-v1:17e6cc971acecd406a23c9efb228baad37bd4ab10af24bdd57395821624636d6,pydata__xarray-3364,0,30,31,6838.4496444159595,9421.441042009974,19137.542820999995,46235.294401,25975.992465415955,111391.930489,125970.234473,False,False,True,False,unsupported: historical tool/proxy targets; repaired atomic/native/lifecycle targets not calibrated
assignment-case-v1:18105acd69f6846ac5a27227fa9b5b33cb2e6ddc2eac91590c4238d88ebe3208,django__django-12700,4,30,31,9777.90246148652,13100.406019999355,19033.337498999997,60863.306543000006,28811.239960486517,123428.480859,124919.82762699999,False,False,True,False,unsupported: historical tool/proxy targets; repaired atomic/native/lifecycle targets not calibrated
assignment-case-v1:18310e941156a26dc0c031ece89fd988d1d2128e7a3c68c1d03868a32cb78252,astropy__astropy-14182,2,30,31,7566.175726535221,10049.975812995399,19162.8857395,34273.22796699999,26729.061466035222,200686.252675,125168.74167399999,False,False,False,False,unsupported: historical tool/proxy targets; repaired atomic/native/lifecycle targets not calibrated
assignment-case-v1:183a6eaa194d8fb9068a11be23e432f34923f449e81e160fe95f246460c7c207,django__django-16595,3,30,31,10590.022572489033,15138.408719023573,19062.72243000001,64036.96734899999,29652.745002489042,137017.688424,124252.1253105,False,False,True,False,unsupported: historical tool/proxy targets; repaired atomic/native/lifecycle targets not calibrated
assignment-case-v1:18dc537d9feb56a0a0c7323b89fe218d865217c7964d440ac4142d8a2d87d7c3,django__django-13658,3,30,31,12459.588629555583,7388.977322003484,19062.72243000001,44138.96780899999,31522.31105955559,210141.595626,124252.1253105,False,False,False,False,unsupported: historical tool/proxy targets; repaired atomic/native/lifecycle targets not calibrated
assignment-case-v1:19847bab93df5ef1337c2852c5dfe193f8750c0ca248c38da1c89e1ee74bc01c,sympy__sympy-15346,4,30,31,6858.2193544625625,8550.74261498521,19033.337498999997,43880.691668,25891.55685346256,102515.686727,124919.82762699999,False,False,True,False,unsupported: historical tool/proxy targets; repaired atomic/native/lifecycle targets not calibrated
assignment-case-v1:1988d9b0b91cf337f08091282119e2856033a4c8c80d9364d4aa1d5cb52dd5e9,astropy__astropy-7336,2,22,22,7590.510026535412,13239.47701700672,13599.467299000002,25588.724729,21189.977325535416,84059.049304,125168.74167399999,False,False,False,False,unsupported: historical tool/proxy targets; repaired atomic/native/lifecycle targets not calibrated
assignment-case-v1:19d279b0bbfb7a0b2c8c9625ee62215ead7c1ce285fddab53afea72495e9e102,matplotlib__matplotlib-25442,2,30,31,9441.426848590709,26947.386204992654,19162.8857395,35228.03150599999,28604.31258809071,295502.153224,125168.74167399999,False,False,False,False,unsupported: historical tool/proxy targets; repaired atomic/native/lifecycle targets not calibrated
assignment-case-v1:19e2c904ef7dc98416d35e6c4d5cb3a104756896961c0ea99069fbbc8770c7e7,sympy__sympy-12454,0,30,31,11208.214286956718,16427.98544600373,19137.542820999995,47436.46273399999,30345.757107956713,122484.638289,125970.234473,False,False,True,False,unsupported: historical tool/proxy targets; repaired atomic/native/lifecycle targets not calibrated
assignment-case-v1:1ac2da9869eea123af154477ae8e850112af3dac066a74569b8e0474557584d6,sphinx-doc__sphinx-9367,0,26,26,10205.46080745953,36700.45957401453,16050.842366,32707.742345,26256.30317345953,113560.885615,125970.234473,False,False,True,False,unsupported: historical tool/proxy targets; repaired atomic/native/lifecycle targets not calibrated
assignment-case-v1:1af9a6149f125de883540e2964a79b9920a54459cbbaf39fc3a47e344f74a6fc,sympy__sympy-23191,4,20,21,5279.608086491862,8119.471113976033,12893.551208999996,23629.513789,18173.15929549186,81997.280372,124919.82762699999,False,False,False,False,unsupported: historical tool/proxy targets; repaired atomic/native/lifecycle targets not calibrated
assignment-case-v1:1b3d2fc487fe7217f6e8752f8021a19aa7319f56dd1105079c0121135a245f60,sympy__sympy-13615,4,30,31,8914.026321517667,10335.987958213082,19033.337498999997,57965.206285999986,27947.363820517665,125520.073012,124919.82762699999,False,False,True,False,unsupported: historical tool/proxy targets; repaired atomic/native/lifecycle targets not calibrated
assignment-case-v1:1b72a394ddb0a6f18b8ad02027dd72fff19b4b21004df2cb4beb304d92175216,django__django-11333,2,29,31,8768.798217050062,16497.80059600016,19162.8857395,90987.187243,27931.683956550063,168375.848725,125168.74167399999,False,False,False,False,unsupported: historical tool/proxy targets; repaired atomic/native/lifecycle targets not calibrated
assignment-case-v1:1b82df1ede39f6db92d7a4074780a92a51d89223067c28091c3ea1d3f22f0127,sympy__sympy-14531,2,30,31,7877.926430546722,18039.223500993103,19162.8857395,33796.574824,27040.812170046724,117486.602667,125168.74167399999,False,False,True,False,unsupported: historical tool/proxy targets; repaired atomic/native/lifecycle targets not calibrated
assignment-case-v1:1bd056a857cacaad428b4a4cc1c31541e96e10a5979fec1191d578199102241f,django__django-11815,4,30,31,9972.92177646159,18739.251713999693,19033.337498999997,69765.098347,29006.259275461587,191193.579052,124919.82762699999,False,False,False,False,unsupported: historical tool/proxy targets; repaired atomic/native/lifecycle targets not calibrated
assignment-case-v1:1bd56536f095b7b4d58ae764b803a7039e77254a1be1611f684a4fbaaa9e3817,sphinx-doc__sphinx-9711,4,30,31,9457.255237464778,15743.460379977478,19033.337498999997,40382.229704,28490.592736464776,97816.509253,124919.82762699999,False,False,False,False,unsupported: historical tool/proxy targets; repaired atomic/native/lifecycle targets not calibrated
assignment-case-v1:1bd8457f2c9e9caf2844af7e311320cb0133f710ed6ae7e18db444472778387f,django__django-10999,4,30,31,10709.446903494609,6736.951029917691,19033.337498999997,70681.21198,29742.784402494606,138754.992439,124919.82762699999,False,False,True,False,unsupported: historical tool/proxy targets; repaired atomic/native/lifecycle targets not calibrated
assignment-case-v1:1bf55bac7d433ba579eb3318f4c2bf2163e8240925cdbd41d83d03ed510c6fe9,scikit-learn__scikit-learn-13124,3,19,19,4952.765463518517,11230.793622060446,11683.604070000001,38139.55181899999,16636.36953351852,105016.40894,124252.1253105,False,False,True,False,unsupported: historical tool/proxy targets; repaired atomic/native/lifecycle targets not calibrated
assignment-case-v1:1bf98b1e55043f8a665a6a12b88c2c7f6854388c531e5b191aa887a4b249274f,psf__requests-6028,3,30,31,9849.364210514977,35777.346721995855,19062.72243000001,48627.64672100002,28912.086640514986,160695.572266,124252.1253105,False,False,True,False,unsupported: historical tool/proxy targets; repaired atomic/native/lifecycle targets not calibrated
assignment-case-v1:1c5e3fc85a6bca3a0f7b39f001b3513d732efc4f30964e1fb2f4c7f6371263e5,django__django-11797,0,30,31,5859.568803502043,6835.171068003547,19137.542820999995,29459.037534,24997.11162450204,108174.07589,125970.234473,False,False,True,False,unsupported: historical tool/proxy targets; repaired atomic/native/lifecycle targets not calibrated
assignment-case-v1:1d2b866c5d05daa35f42bdc585f5ac46d4941663d5b25ac5db54b1668fe5e33e,pytest-dev__pytest-5227,3,25,25,10625.393155523852,8655.269534996478,15373.163250000005,29270.472603000002,25998.556405523857,101629.926939,124252.1253105,False,False,True,False,unsupported: historical tool/proxy targets; repaired atomic/native/lifecycle targets not calibrated
assignment-case-v1:1d83b4e414d6d1d4b31602ea6a513e2e820b159220d5263f2b32fc697ed21695,scikit-learn__scikit-learn-13328,2,30,31,7027.977496587482,9639.715257028001,19162.8857395,34117.758771,26190.863236087484,102541.38222,125168.74167399999,False,False,True,False,unsupported: historical tool/proxy targets; repaired atomic/native/lifecycle targets not calibrated
assignment-case-v1:1e2725448eb687e25fcb0ca4a3535f810d08c6736173f92f26f279d1bfd9c912,django__django-11564,4,30,31,7357.484691483478,15470.036155020352,19033.337498999997,30394.49912499999,26390.822190483475,127838.369044,124919.82762699999,False,False,True,False,unsupported: historical tool/proxy targets; repaired atomic/native/lifecycle targets not calibrated
assignment-case-v1:1e57ed8cbe9c079cc393dc000de30cb7d86203b27290a90676913a094f4ef8b7,sympy__sympy-16766,0,30,31,9668.830163944222,10884.24463600677,19137.542820999995,34213.722601,28806.372984944217,85153.815807,125970.234473,False,False,False,False,unsupported: historical tool/proxy targets; repaired atomic/native/lifecycle targets not calibrated
assignment-case-v1:1e704f3dac66227ff332c1e00e345643f6f71903fc8d4abb80b9e05f5fcdf528,sphinx-doc__sphinx-9320,0,30,31,10642.457029438447,72981.74283496337,19137.542820999995,50617.780987,29779.999850438442,171060.489958,125970.234473,False,False,False,False,unsupported: historical tool/proxy targets; repaired atomic/native/lifecycle targets not calibrated
assignment-case-v1:1efd3a1991afb14ce0b556dae39134c501128c98e40108abd1a8e17522e16068,django__django-16256,4,26,26,4858.308126451448,19629.366590990685,15963.444353999992,95926.84340000003,20821.75248045144,170218.148354,124919.82762699999,False,False,False,False,unsupported: historical tool/proxy targets; repaired atomic/native/lifecycle targets not calibrated
assignment-case-v1:1f0b8f40093557e30913de93fc950d10ed482d52f815c44a3c6d5eafcc71baf3,astropy__astropy-7671,1,30,30,11922.917204887199,18644.509917001415,18461.23689,50082.35926,30384.1540948872,157520.027264,124452.596539,False,False,True,False,unsupported: historical tool/proxy targets; repaired atomic/native/lifecycle targets not calibrated
assignment-case-v1:1f47c129aa7c6b4761e37d886c0bcfab3e4d5c656af513e1743c1eaa82f8e133,sympy__sympy-19637,1,30,31,8397.258525852521,9174.202103051357,19076.611453,41933.44555699999,27473.869978852523,97478.432574,124452.596539,False,False,False,False,unsupported: historical tool/proxy targets; repaired atomic/native/lifecycle targets not calibrated
assignment-case-v1:1f590e3bf53108fcf6c9936a45fd5c598975fbb638c89fcc1f6ed08547cea96a,matplotlib__matplotlib-23987,2,30,31,6788.0764375640865,14619.305399006407,19162.8857395,34350.824696,25950.962177064088,294738.872084,125168.74167399999,False,False,False,False,unsupported: historical tool/proxy targets; repaired atomic/native/lifecycle targets not calibrated
assignment-case-v1:1f6c4569ca3ee5f9af16174ea787673611cf05fa388cc5c639e1e160b5f23ec1,scikit-learn__scikit-learn-13584,4,30,31,8444.024505486595,9390.896507993602,19033.337498999997,53800.09824199999,27477.362004486593,113656.68869,124919.82762699999,False,False,True,False,unsupported: historical tool/proxy targets; repaired atomic/native/lifecycle targets not calibrated
assignment-case-v1:1fd8a40a954e97a6454657b596ef2f0e939e77f254f0042255bd6f147c45b1f0,sphinx-doc__sphinx-7454,1,30,31,6954.89600485962,11223.455072991783,19076.611453,40008.77944099999,26031.50745785962,93689.108126,124452.596539,False,False,False,False,unsupported: historical tool/proxy targets; repaired atomic/native/lifecycle targets not calibrated
assignment-case-v1:1fe20105c9e6ff40b755c01bf9bbacd123c2653ff085a894eb9a6aede2ba0b80,scikit-learn__scikit-learn-14496,2,22,22,8839.602229054435,99867.93148597644,13599.467299000002,28345.829965000004,22439.06952805444,245928.106941,125168.74167399999,False,False,False,False,unsupported: historical tool/proxy targets; repaired atomic/native/lifecycle targets not calibrated
assignment-case-v1:20caa91d66fe2d4aca12449e7a165200d0a392c65c81f0be0358359cf0ae8b09,django__django-12497,2,30,31,8683.013016045152,6994.534141980694,19162.8857395,37288.007953999986,27845.898755545153,95103.628292,125168.74167399999,False,False,False,False,unsupported: historical tool/proxy targets; repaired atomic/native/lifecycle targets not calibrated
assignment-case-v1:21031974b68d8a131e053f300c72814246bb0bb308e23cddc320bd932a1eecf5,django__django-16256,4,36,36,11497.690854515895,8898.691619979218,22103.230644000003,84710.87596699999,33600.9214985159,149571.433509,124919.82762699999,False,False,True,False,unsupported: historical tool/proxy targets; repaired atomic/native/lifecycle targets not calibrated
assignment-case-v1:218a0e9f763396fd4bd446fc71d9a849b3f1443f81a1774981d8ed34af32d34f,django__django-11206,2,30,31,9074.261941037548,7198.200293962145,19162.8857395,74129.928819,28237.14768053755,131895.738631,125168.74167399999,False,False,True,False,unsupported: historical tool/proxy targets; repaired atomic/native/lifecycle targets not calibrated
assignment-case-v1:21b9110eb053494e8b2dea7b697857bae88a34184edc8d69330f4092d9b07a81,sympy__sympy-22005,1,30,31,10021.680407349777,15861.190125986468,19076.611453,89634.304691,29098.29186034978,166088.624845,124452.596539,False,False,False,False,unsupported: historical tool/proxy targets; repaired atomic/native/lifecycle targets not calibrated
assignment-case-v1:21cc14f22723970739bd2cd0aaffca854e399ed6919f0869b441f9b6bb9c8f64,django__django-15930,3,23,23,4406.940211018082,4736.239339079475,14143.310190000004,89686.516589,18550.250401018086,134780.867392,124252.1253105,False,False,True,False,unsupported: historical tool/proxy targets; repaired atomic/native/lifecycle targets not calibrated
assignment-case-v1:21ff8faf5e35e4bbeaa663459378da16b52bd88fdd68c96b1b48d2578a0c4d4f,sympy__sympy-23191,4,29,29,9302.82495299798,14349.068875104422,17805.380240999995,37790.741725,27108.205193997976,95528.684468,124919.82762699999,False,False,False,False,unsupported: historical tool/proxy targets; repaired atomic/native/lifecycle targets not calibrated
assignment-case-v1:223b6fb1f9d809804e7d74392aa3025c65c1b37f5842c1990fe3048c91cd6559,sphinx-doc__sphinx-9367,0,28,28,12161.195756947563,46476.43595699628,17285.522548,42907.343079000006,29446.718304947564,146681.187964,125970.234473,False,False,True,False,unsupported: historical tool/proxy targets; repaired atomic/native/lifecycle targets not calibrated
assignment-case-v1:22ae18f2fbe436543d0916eaad9d9ffa13f7804cf829f1f381cb1b665bb998dd,django__django-13449,0,30,31,7567.0738544449705,6961.446403991431,19137.542820999995,37175.002723,26704.616675444966,97095.837014,125970.234473,False,False,False,False,unsupported: historical tool/proxy targets; repaired atomic/native/lifecycle targets not calibrated
assignment-case-v1:231a6911087d5778045b5162e469d9d3cf1713a1a3353b516cf7afa3ed8167fc,django__django-16041,1,30,31,7956.602109326923,11970.362158004718,19076.611453,38235.50159500001,27033.213562326924,207753.075087,124452.596539,False,False,False,False,unsupported: historical tool/proxy targets; repaired atomic/native/lifecycle targets not calibrated
assignment-case-v1:2372969c8194ef2010619926722b6e51db6cee21071e65c3d7d033e953077c32,astropy__astropy-13398,0,23,23,5459.027457436605,11576.488732913276,14198.822093,32546.949171,19657.849550436607,90346.071418,125970.234473,False,False,False,False,unsupported: historical tool/proxy targets; repaired atomic/native/lifecycle targets not calibrated
assignment-case-v1:23e27af45d332d0cb03a987761ca95867b4f0834b68f5db5a4893e285b09c299,scikit-learn__scikit-learn-13439,0,23,23,9250.301939942801,43456.29581899993,14198.822093,42728.250559,23449.124032942804,127870.423014,125970.234473,False,False,True,False,unsupported: historical tool/proxy targets; repaired atomic/native/lifecycle targets not calibrated
assignment-case-v1:2401919891426c6b8e18b5f25c6123c91e544ba8be5dfd2dbc56b02897c7278b,django__django-11734,2,30,31,5097.330295497159,10517.027640984452,19162.8857395,37666.244466000004,24260.21603499716,96306.065899,125168.74167399999,False,False,False,False,unsupported: historical tool/proxy targets; repaired atomic/native/lifecycle targets not calibrated
assignment-case-v1:2411c20b2b23486f99ec0d1e5033f9e439fa16cf8b95df70fe20e85bef0a2cad,sympy__sympy-23262,3,30,31,7920.822443029465,10421.81900399737,19062.72243000001,47683.59819500001,26983.544873029474,115604.497252,124252.1253105,False,False,True,False,unsupported: historical tool/proxy targets; repaired atomic/native/lifecycle targets not calibrated
assignment-case-v1:2467dc9f403e46a9be65fe89de8ba2f68d726b7f04b690a112352b1466590dc3,scikit-learn__scikit-learn-10908,2,30,31,7839.107375521053,12550.441839994164,19162.8857395,45162.580384,27001.993115021054,141533.072712,125168.74167399999,False,False,True,False,unsupported: historical tool/proxy targets; repaired atomic/native/lifecycle targets not calibrated
assignment-case-v1:24816b3cb4057a3f0d5665dbcaca992241d90a1d19b47a74ede3e612da938742,matplotlib__matplotlib-25079,4,30,31,6552.854521461995,40557.49936700886,19033.337498999997,26980.048981,25586.192020461993,240385.386659,124919.82762699999,False,False,False,False,unsupported: historical tool/proxy targets; repaired atomic/native/lifecycle targets not calibrated
assignment-case-v1:25525711011bec866556c928bd6fb0edd76e940ac8edeca1d2380bf0c97583bf,pydata__xarray-6461,2,28,28,9485.59505306548,59029.41751998878,17308.412926,47421.492613,26794.00797906548,249765.437654,125168.74167399999,False,False,False,False,unsupported: historical tool/proxy targets; repaired atomic/native/lifecycle targets not calibrated
assignment-case-v1:25c8713b9f07908f41c40a4dd0d15bba2c9a44f442318c90004d52a32d9f93a1,django__django-13658,3,10,11,2235.6898715279385,2335.229078995326,6764.191829999998,12847.732625,8999.881701527936,61130.054711,124252.1253105,False,False,False,False,unsupported: historical tool/proxy targets; repaired atomic/native/lifecycle targets not calibrated
assignment-case-v1:26941eab78114f062e45e91dfe1a2477de9cfa847e1097c220526a781e7dd53b,matplotlib__matplotlib-23562,1,30,31,7256.2517327969545,8157.86659200603,19076.611453,35486.606960000005,26332.863185796956,98134.562917,124452.596539,False,False,False,False,unsupported: historical tool/proxy targets; repaired atomic/native/lifecycle targets not calibrated
assignment-case-v1:26f9e0c2b3178fd2348934969e7aba249ca1e66dc98c0d5eb0142b772da93b94,sympy__sympy-13471,0,30,31,8267.07263796925,46501.6567609855,19137.542820999995,44278.323734000005,27404.615458969245,140560.580627,125970.234473,False,False,True,False,unsupported: historical tool/proxy targets; repaired atomic/native/lifecycle targets not calibrated
assignment-case-v1:270cea183bd3384ad7af01c8103dafb2e5aae9980f0d8e5b159dc40db2228ac8,django__django-16820,1,30,31,6429.280406759062,12656.233673991665,19076.611453,26359.20562299999,25505.891859759064,114476.63133,124452.596539,False,False,True,False,unsupported: historical tool/proxy targets; repaired atomic/native/lifecycle targets not calibrated
assignment-case-v1:281b8e4c0c9aeb2e2fdfb7be983bb98840acc83334e08c594d6f7ba5ad411633,mwaskom__seaborn-3069,1,30,31,8259.947971815564,11271.234693012957,19076.611453,29718.461722,27336.559424815565,150862.031492,124452.596539,False,False,True,False,unsupported: historical tool/proxy targets; repaired atomic/native/lifecycle targets not calibrated
assignment-case-v1:2894190a3149cad310d395451e2227a4d9761b25740463b8f5b5444656d296ee,django__django-15380,3,30,31,10397.872045050462,47115.36043902743,19062.72243000001,48621.13501699999,29460.59447505047,146636.466642,124252.1253105,False,False,True,False,unsupported: historical tool/proxy targets; repaired atomic/native/lifecycle targets not calibrated
assignment-case-v1:2950f666cb7a139c16501b19eb91794232dd0a922ee3b780c7a17ed25b3f06d9,pydata__xarray-6599,2,30,31,8788.047129512051,85151.27386897802,19162.8857395,51191.602303000014,27950.932869012053,208773.590624,125168.74167399999,False,False,False,False,unsupported: historical tool/proxy targets; repaired atomic/native/lifecycle targets not calibrated
assignment-case-v1:296aaec7810b86d1c89dbc68f6591d35a1256dc34ab510bc41be260bdb0c16f4,django__django-13658,3,28,28,10193.504291490171,28261.920528137125,17217.942840000007,45828.44565500001,27411.44713149018,145803.84284,124252.1253105,False,False,True,False,unsupported: historical tool/proxy targets; repaired atomic/native/lifecycle targets not calibrated
assignment-case-v1:299f5b349ed2688f7b86dde25429732c93ad88b06169811dd57d420011851ccd,django__django-13568,2,30,31,8741.387802589088,8791.930298000807,19162.8857395,51739.75473499999,27904.27354208909,122522.296905,125168.74167399999,False,False,True,False,unsupported: historical tool/proxy targets; repaired atomic/native/lifecycle targets not calibrated
assignment-case-v1:29cc43d8d494401fa58a074f2072714944451c60a4b4369bad44954aa747907f,sympy__sympy-24152,3,29,29,12653.1731000141,19274.041139033216,17832.869370000008,70976.16441299999,30486.04247001411,152265.463015,124252.1253105,False,False,True,False,unsupported: historical tool/proxy targets; repaired atomic/native/lifecycle targets not calibrated
assignment-case-v1:2a2115c55922e05bdf428596a2c83e2b7666a56636533c7c3e5fd21a8e6fddfa,sphinx-doc__sphinx-7975,0,29,31,8890.438895950865,7063.762537007278,19137.542820999995,73117.683026,28027.98171695086,131844.371236,125970.234473,False,False,True,False,unsupported: historical tool/proxy targets; repaired atomic/native/lifecycle targets not calibrated
assignment-case-v1:2b275df3f6ee55a7e545e6b8b5960fbdd7ea3c050adc1f5da9e2e6ecfa57f8b3,scikit-learn__scikit-learn-15100,3,30,31,11049.285204000626,13360.62378087081,19062.72243000001,48522.809165,30112.007634000634,125093.219663,124252.1253105,False,False,True,False,unsupported: historical tool/proxy targets; repaired atomic/native/lifecycle targets not calibrated
assignment-case-v1:2b8d9f2c6d10d80ad037ff5b1e76d6afbf7a38f09c467053e8c0c383a4b0441e,matplotlib__matplotlib-26342,3,30,31,7045.584421102831,10417.130168003496,19062.72243000001,37469.38007499999,26108.30685110284,101384.368976,124252.1253105,False,False,True,False,unsupported: historical tool/proxy targets; repaired atomic/native/lifecycle targets not calibrated
assignment-case-v1:2bc1826d52a1255e0d6aa0d93ea5386e98d77830dbaffe300a3cd0da9eccb705,sympy__sympy-22714,4,30,31,9904.986075471243,9559.35273502837,19033.337498999997,37625.94560299999,28938.32357447124,103770.144,124919.82762699999,False,False,True,False,unsupported: historical tool/proxy targets; repaired atomic/native/lifecycle targets not calibrated
assignment-case-v1:2c871eee6b0a67302561bb1ecdb3964e78d649b218d06416f445da253acd0db8,matplotlib__matplotlib-25287,0,28,28,9712.970972446783,22667.589907039655,17285.522548,39992.52660400001,26998.493520446784,232087.162518,125970.234473,False,False,False,False,unsupported: historical tool/proxy targets; repaired atomic/native/lifecycle targets not calibrated
assignment-case-v1:2d6d52e374d50e5e39277319e8511919d4b15386ab69635a9209255c0c44088a,sphinx-doc__sphinx-7985,2,23,22,5889.2062110462575,5654.628128977492,13599.467299000002,53759.35314700001,19488.67351004626,117457.950625,125168.74167399999,False,False,True,False,unsupported: historical tool/proxy targets; repaired atomic/native/lifecycle targets not calibrated
assignment-case-v1:2ddd442ef3e5620d073f06b7f0efec3d4f05216977d0bdf29da6e4ff705bbd98,django__django-15851,4,30,31,9214.238874998046,23396.07347297715,19033.337498999997,53680.177882,28247.576373998043,178158.727174,124919.82762699999,False,False,False,False,unsupported: historical tool/proxy targets; repaired atomic/native/lifecycle targets not calibrated
assignment-case-v1:2e085dc158bb9499532b6328022739c9d7ce10082c7d21a6d36900013b7a4110,django__django-13658,3,30,31,8134.62578508188,7679.7209400101565,19062.72243000001,30386.284372,27197.34821508189,96163.406913,124252.1253105,False,False,False,False,unsupported: historical tool/proxy targets; repaired atomic/native/lifecycle targets not calibrated
assignment-case-v1:2e36256afeb0e251b000f6723c37d3b910bc6e9fd238b0e1a9836922974e40ee,django__django-13794,3,22,22,5614.016893017833,16626.433194964193,13528.383660000003,34773.505796,19142.400553017837,91296.716762,124252.1253105,False,False,False,False,unsupported: historical tool/proxy targets; repaired atomic/native/lifecycle targets not calibrated
assignment-case-v1:2e59c80b6e80d14a37a34a71e84c44eab0c4dd90e6d3f59743320613bb6d2b61,sphinx-doc__sphinx-8035,3,30,31,8881.123787499746,15703.631908079842,19062.72243000001,41277.82058699999,27943.846217499755,147476.555763,124252.1253105,False,False,True,False,unsupported: historical tool/proxy targets; repaired atomic/native/lifecycle targets not calibrated
assignment-case-v1:2e6a3248337a8ba540f707e6443c6501cc36c71a233915a4d52d9f8e49326ec6,sympy__sympy-18199,2,30,31,12201.89912708156,13290.783872995235,19162.8857395,71379.50348,31364.78486658156,132592.577243,125168.74167399999,False,False,True,False,unsupported: historical tool/proxy targets; repaired atomic/native/lifecycle targets not calibrated
assignment-case-v1:2ecb59b52654c1db28b576fb6ed9560e59e6865b545f13c505bb442a42e4634d,pydata__xarray-2905,1,30,31,10691.458954363043,66019.97765895794,19076.611453,46962.235988,29768.070407363044,309764.693321,124452.596539,False,False,False,False,unsupported: historical tool/proxy targets; repaired atomic/native/lifecycle targets not calibrated
assignment-case-v1:2efe4da1539214e304d99f425d701d47f19a496a4aaf5afcb4baf6cb07d2af52,astropy__astropy-6938,2,30,31,7812.7274290818605,16204.767928011279,19162.8857395,50244.238448,26975.613168581862,125149.266601,125168.74167399999,False,False,True,False,unsupported: historical tool/proxy targets; repaired atomic/native/lifecycle targets not calibrated
assignment-case-v1:2f0f57afafb64f250bd8ac18e80c19491d193fa6195299ca5121903de7daa0b4,matplotlib__matplotlib-26291,4,30,31,7353.490358484123,10658.32763301296,19033.337498999997,35588.296651000004,26386.82785748412,141283.691053,124919.82762699999,False,False,True,False,unsupported: historical tool/proxy targets; repaired atomic/native/lifecycle targets not calibrated
assignment-case-v1:2f43a31584da47ec75675b3829ba3ddad44e547ccf1b4fbaa6f390ba7a22edad,django__django-16485,0,29,29,11840.033094433238,7433.461109001655,17902.862639,43360.720753999994,29742.895733433237,93269.324801,125970.234473,False,False,False,False,unsupported: historical tool/proxy targets; repaired atomic/native/lifecycle targets not calibrated
assignment-case-v1:3088f46d42ba9bbc888e6e31d53bb2a893adaa7f9b728b49079197fdf9177a59,sympy__sympy-14024,4,30,31,7298.819806963365,7996.698629991442,19033.337498999997,39739.401327,26332.157305963363,102228.122865,124919.82762699999,False,False,True,False,unsupported: historical tool/proxy targets; repaired atomic/native/lifecycle targets not calibrated
assignment-case-v1:30e8fa631c3cb9d7b95636edaa1bbd028533c63f1f74d7b2f62508cbf5f22ef5,django__django-13741,2,30,31,8369.596479071333,25563.789276013267,19162.8857395,48544.708653,27532.482218571335,135272.198259,125168.74167399999,False,False,True,False,unsupported: historical tool/proxy targets; repaired atomic/native/lifecycle targets not calibrated
assignment-case-v1:30ea826b7e4e384d18c54c6a5bca18b15b9030ae78926033d8840a8c07218346,astropy__astropy-13033,2,30,31,8392.569543048012,44178.901689007034,19162.8857395,33259.09150799999,27555.455282548013,142895.477679,125168.74167399999,False,False,True,False,unsupported: historical tool/proxy targets; repaired atomic/native/lifecycle targets not calibrated
assignment-case-v1:311dbced573df9c69c434e6448a4dc342d00a6d463666a892e643cbfd0477208,django__django-13568,2,43,43,13783.195028592672,11526.06760100025,26580.776993500003,69208.39867399998,40363.972022092676,127128.461781,125168.74167399999,False,False,True,False,unsupported: historical tool/proxy targets; repaired atomic/native/lifecycle targets not calibrated
assignment-case-v1:317abfaa934ac7d6b14829b2e095fb64a3c6af32fc70e6e7fcbdf427f1ea4fcd,django__django-11133,1,30,31,11153.43278531509,9067.60759899771,19076.611453,34623.36896199999,30230.04423831509,96548.425582,124452.596539,False,False,False,False,unsupported: historical tool/proxy targets; repaired atomic/native/lifecycle targets not calibrated
assignment-case-v1:3192c22e9a7d2909be3d28f66f9fa6ad1881e730d7a802bfdf0b6fec8249f4fd,matplotlib__matplotlib-23562,1,30,31,7991.215894293418,20388.131077983417,19076.611453,41044.78677099999,27067.82734729342,210954.960531,124452.596539,False,False,False,False,unsupported: historical tool/proxy targets; repaired atomic/native/lifecycle targets not calibrated
assignment-case-v1:31d35f0150d9a567a479771105e030471485a1f467b99d5ac32e78a42b3d3aec,django__django-14373,0,29,31,10141.226581428782,13919.282419978117,19137.542820999995,53655.88633300002,29278.769402428778,117251.96435,125970.234473,False,False,True,False,unsupported: historical tool/proxy targets; repaired atomic/native/lifecycle targets not calibrated
assignment-case-v1:322a405574b351f597159d575b4fded09534b21c6c29eeadbd37f4123103edd5,pydata__xarray-3095,1,30,31,8163.742095835914,45615.767965995474,19076.611453,31147.362987000004,27240.353548835916,119949.419991,124452.596539,False,False,True,False,unsupported: historical tool/proxy targets; repaired atomic/native/lifecycle targets not calibrated
assignment-case-v1:3262c265c1ae3987ef526894b9518806e47912c6e8263d0badf6a3db3a8c75d0,django__django-13670,1,27,27,11259.718311339384,10545.744272021693,16615.113200999996,37971.45635400001,27874.83151233938,110542.705992,124452.596539,False,False,True,False,unsupported: historical tool/proxy targets; repaired atomic/native/lifecycle targets not calibrated
assignment-case-v1:331ea9a8fd205b7c10a4acb4293f6a3d1cfa96fa093b5f91ee83b77ef1b91bca,sympy__sympy-14774,4,26,26,9157.455884462252,14589.659780991497,15963.444353999992,32912.105346,25120.900238462244,114466.058661,124919.82762699999,False,False,True,False,unsupported: historical tool/proxy targets; repaired atomic/native/lifecycle targets not calibrated
assignment-case-v1:3326271f2aa05bb007d8018244393df955cadb165dc3088833892c3382e0cdb9,sympy__sympy-16503,4,30,31,6714.400348935669,16374.420532985823,19033.337498999997,51621.611093,25747.737847935667,129736.306873,124919.82762699999,False,False,True,False,unsupported: historical tool/proxy targets; repaired atomic/native/lifecycle targets not calibrated
assignment-case-v1:33a73ff0444206ba16e57e3383cf384e9ff1fca047fda91817a39ef5e73320c6,django__django-13033,3,23,23,4271.082635033963,6010.346558061428,14143.310190000004,127807.437508,18414.392825033967,240861.055743,124252.1253105,False,False,False,False,unsupported: historical tool/proxy targets; repaired atomic/native/lifecycle targets not calibrated
assignment-case-v1:33d371a5d1ab02146b95fcc4d7bc4f4c8177fcd26bf4a5f844f19478afd9f276,pallets__flask-4992,0,28,28,10797.083861440115,10735.179232993687,17285.522548,55296.14491299999,28082.606409440115,148757.605752,125970.234473,False,False,True,False,unsupported: historical tool/proxy targets; repaired atomic/native/lifecycle targets not calibrated
assignment-case-v1:3426890a15c829149bd47c08f960adb6693c1f00b4200deafb3e8334bb7fc7ee,astropy__astropy-14309,4,30,30,13124.020394527179,112865.6219279801,18419.358869999996,47553.754958,31543.379264527175,211893.240726,124919.82762699999,False,False,False,False,unsupported: historical tool/proxy targets; repaired atomic/native/lifecycle targets not calibrated
assignment-case-v1:344742f5344c6aa240153500a68c24a4f444aa1a86b5931d211a00bb69bbc49b,scikit-learn__scikit-learn-25570,4,30,31,8859.898076498212,11266.607156998361,19033.337498999997,43128.02304899999,27893.23557549821,100949.221781,124919.82762699999,False,False,True,False,unsupported: historical tool/proxy targets; repaired atomic/native/lifecycle targets not calibrated
assignment-case-v1:34551bff63d31af1a74181a4f7036bc4b16bda2551d4df10ec515fd4af1e5e81,astropy__astropy-6938,2,37,37,10961.55848309354,35303.798059991095,22871.831366500002,53036.522725,33833.38984959354,162707.920988,125168.74167399999,False,False,True,False,unsupported: historical tool/proxy targets; repaired atomic/native/lifecycle targets not calibrated
assignment-case-v1:3476f64f7bb302eb90cf200409cea095f15809b505cb5ed92a2a71f6d4af99e6,django__django-15382,4,30,31,7096.888681418932,19622.829728992656,19033.337498999997,31790.857587000002,26130.22618041893,103948.913585,124919.82762699999,False,False,True,False,unsupported: historical tool/proxy targets; repaired atomic/native/lifecycle targets not calibrated
assignment-case-v1:34df16ce0905e2471bfe3a41e4c26ebbc02be5ad9448da346bdafcbd18d0322e,django__django-13343,0,30,31,7509.543207448587,18653.829798022343,19137.542820999995,93873.457341,26647.086028448583,159771.980563,125970.234473,False,False,True,False,unsupported: historical tool/proxy targets; repaired atomic/native/lifecycle targets not calibrated
assignment-case-v1:350ba631bcd91d0d9f2825ba7e70ae7138e0732964d0d03ac8bb13fe5c7e377d,django__django-13516,4,30,31,8827.639286966587,13034.15412495815,19033.337498999997,50016.408783000006,27860.976785966584,127196.927571,124919.82762699999,False,False,True,False,unsupported: historical tool/proxy targets; repaired atomic/native/lifecycle targets not calibrated
assignment-case-v1:355a6cac4bbdfcf61b32239c79b35bffb1f9213030c91b52b11d8102ea53ee5a,pytest-dev__pytest-5103,3,30,31,12259.60273351484,6950.830935005797,19062.72243000001,70616.21709499999,31322.325163514848,125277.427114,124252.1253105,False,False,True,False,unsupported: historical tool/proxy targets; repaired atomic/native/lifecycle targets not calibrated
assignment-case-v1:367670b7e7c1e795fdd7c2bf813d8dfa1562aa658e4c9130b18ee3ddc681ac3d,django__django-15731,0,30,31,8860.124023429307,22168.182158005948,19137.542820999995,58982.61188400001,27997.666844429303,134035.014832,125970.234473,False,False,True,False,unsupported: historical tool/proxy targets; repaired atomic/native/lifecycle targets not calibrated
assignment-case-v1:3694eaf60a21cf8771d2b625266a51bad1b1d0213cd86e2aca78b6d558f5f3a2,sphinx-doc__sphinx-9367,0,27,27,9116.45401095302,8792.292805970646,16668.182457000003,34257.359474,25784.636467953023,95450.601168,125970.234473,False,False,False,False,unsupported: historical tool/proxy targets; repaired atomic/native/lifecycle targets not calibrated
assignment-case-v1:37b4a5163a9274bcf9ba9bf434094befc5b31be046be3e066d720b49e8374c2b,sphinx-doc__sphinx-7462,3,30,31,8752.029380493695,13157.212771940976,19062.72243000001,37780.804242,27814.751810493704,103207.857083,124252.1253105,False,False,True,False,unsupported: historical tool/proxy targets; repaired atomic/native/lifecycle targets not calibrated
assignment-case-v1:37d7bea5aaae9ad77aa346d845d6aeb458fa773d17039fdf98d6f88abf47b6de,pydata__xarray-4493,2,30,31,6115.0971404767915,15864.839282992762,19162.8857395,34770.68713400001,25277.982879976793,131521.851672,125168.74167399999,False,False,True,False,unsupported: historical tool/proxy targets; repaired atomic/native/lifecycle targets not calibrated
assignment-case-v1:37db7d744c10810854d116b112aecb47f9a1585c9f7f467a843075a9443a3a1a,sphinx-doc__sphinx-9602,1,30,31,8493.75576986131,9910.488111025188,19076.611453,69592.225425,27570.36722286131,123903.02034,124452.596539,False,False,True,False,unsupported: historical tool/proxy targets; repaired atomic/native/lifecycle targets not calibrated
assignment-case-v1:382f671003fe29de8bc4cdbd1c6288fc2fc849192222dce1996e9d38f0ecfa37,pytest-dev__pytest-7205,2,27,27,9880.379788586652,13955.882618989563,16690.2553215,38676.037701,26570.635110086652,150719.69156,125168.74167399999,False,False,True,False,unsupported: historical tool/proxy targets; repaired atomic/native/lifecycle targets not calibrated
assignment-case-v1:3916be77a777185f34d8a16866ff7b79a0ac221d3c15e63f74831dfcca6e7f59,django__django-16255,2,30,31,11351.95019312232,9125.75014799586,19162.8857395,52342.030738,30514.83593262232,131102.885995,125168.74167399999,False,False,True,False,unsupported: historical tool/proxy targets; repaired atomic/native/lifecycle targets not calibrated
assignment-case-v1:3980fdd708f3897f5befa98467ac8d19dbfd0a7b9c6e8ff1396c2faeed5d8416,sympy__sympy-18211,2,30,31,7354.200991512698,7563.424517895328,19162.8857395,32929.055387,26517.0867310127,81973.364231,125168.74167399999,False,False,False,False,unsupported: historical tool/proxy targets; repaired atomic/native/lifecycle targets not calibrated
assignment-case-v1:399be48cfa2f15301c6d2e0908305971a3717d87981c8d37938af99958dd17e1,sympy__sympy-13895,2,30,31,8445.921714575888,11910.400125896558,19162.8857395,55309.197011,27608.80745407589,122082.076527,125168.74167399999,False,False,True,False,unsupported: historical tool/proxy targets; repaired atomic/native/lifecycle targets not calibrated
assignment-case-v1:39fde18644d1d4b408cadc2e12d01dcb6896e330d6c9e1786001080f7af02277,pydata__xarray-4493,2,30,31,6115.0971404767915,13535.303995005961,19162.8857395,34394.331182,25277.982879976793,106362.250188,125168.74167399999,False,False,True,False,unsupported: historical tool/proxy targets; repaired atomic/native/lifecycle targets not calibrated
assignment-case-v1:3a1b480e3a1e566f1fabe56ae4a07354aa7a668e858b32250027e34ffd95730f,sympy__sympy-13877,3,30,31,8843.817934051913,12048.559829017904,19062.72243000001,53018.71814,27906.54036405192,104984.554398,124252.1253105,False,False,True,False,unsupported: historical tool/proxy targets; repaired atomic/native/lifecycle targets not calibrated
assignment-case-v1:3aa1d651668853e2cd6c18003ce50c7f465491ff9ba00855a3367924a6f0f6f9,django__django-17087,1,30,31,10313.38138630963,12486.931708997872,19076.611453,53573.180416,29389.99283930963,170896.972582,124452.596539,False,False,False,False,unsupported: historical tool/proxy targets; repaired atomic/native/lifecycle targets not calibrated
assignment-case-v1:3adc9a7af37426ccea9368b7478fb98c83fc0f1f59be6384f9ef7905164dadea,matplotlib__matplotlib-25960,4,30,31,8249.651434982297,12611.186439025914,19033.337498999997,44375.094644000004,27282.988933982295,126446.462511,124919.82762699999,False,False,True,False,unsupported: historical tool/proxy targets; repaired atomic/native/lifecycle targets not calibrated
assignment-case-v1:3b138fa30c75f30bcec3e41faa995c93e09b363aa3f5bd6874e841d8116e5860,django__django-11066,3,30,31,10241.942950076918,79435.08067008224,19062.72243000001,37695.93203999999,29304.665380076927,199372.130637,124252.1253105,False,False,False,False,unsupported: historical tool/proxy targets; repaired atomic/native/lifecycle targets not calibrated
assignment-case-v1:3b69c0d23a13bbf3c7b4d488dffbfd823024f3cea6f294ab8e6b022c27728cd8,scikit-learn__scikit-learn-12585,3,30,31,11028.17352252714,14634.532513999147,19062.72243000001,49950.543199999986,30090.89595252715,106236.086098,124252.1253105,False,False,True,False,unsupported: historical tool/proxy targets; repaired atomic/native/lifecycle targets not calibrated
assignment-case-v1:3bca505877993d6eb7d8f7859690a37bc588c2095046e5b3b5c21740385866bf,django__django-13568,2,30,31,8524.845556597938,10497.885163014871,19162.8857395,43033.448755,27687.73129609794,97958.238062,125168.74167399999,False,False,False,False,unsupported: historical tool/proxy targets; repaired atomic/native/lifecycle targets not calibrated
assignment-case-v1:3cd63cf010b78d93e18883031e3b0de39b27a76e429df7846c14433abe5fe101,sphinx-doc__sphinx-11445,1,30,31,8917.476447331865,42618.32071802928,19076.611453,50858.203190999986,27994.087900331866,170827.34995,124452.596539,False,False,False,False,unsupported: historical tool/proxy targets; repaired atomic/native/lifecycle targets not calibrated
assignment-case-v1:3d32d21597ed7f6da62b0d741a0287a4731ed5467e5bd667253c025a975a9e1c,sympy__sympy-23191,4,30,31,8579.208481012756,11787.154577992624,19033.337498999997,37335.05004,27612.545980012754,104173.229314,124919.82762699999,False,False,True,False,unsupported: historical tool/proxy targets; repaired atomic/native/lifecycle targets not calibrated
assignment-case-v1:3e148cb3ce71d9ea5122d3bab11f5b978239194b81cfb99ea363281ef50601ab,pytest-dev__pytest-5413,0,30,31,10134.451394444113,7520.731459953822,19137.542820999995,34959.648680000006,29271.99421544411,110120.142952,125970.234473,False,False,True,False,unsupported: historical tool/proxy targets; repaired atomic/native/lifecycle targets not calibrated
assignment-case-v1:3e1ee1be1ece436cab2c17d409c312345401c709d4c20003c4a7faefd5fbe2b8,sphinx-doc__sphinx-8621,0,23,23,6533.397555971533,7829.655772977276,14198.822093,90045.878142,20732.219648971535,142685.289246,125970.234473,False,False,True,False,unsupported: historical tool/proxy targets; repaired atomic/native/lifecycle targets not calibrated
assignment-case-v1:3e75c1e1ea99d5001474afd9b0752fa8d3c5a79b9879de16c8d8340469d6a7b1,matplotlib__matplotlib-24870,4,30,31,7123.39078295372,21129.197934031254,19033.337498999997,39112.126283000005,26156.728281953718,314146.531732,124919.82762699999,False,False,False,False,unsupported: historical tool/proxy targets; repaired atomic/native/lifecycle targets not calibrated
assignment-case-v1:3e7acb7eed45c576210d95e7a2cd118708910ef3546a7993501f379c26acda84,pydata__xarray-4687,2,30,31,6576.4168565019645,17619.065809994936,19162.8857395,30072.555716000003,25739.302596001966,108098.701628,125168.74167399999,False,False,True,False,unsupported: historical tool/proxy targets; repaired atomic/native/lifecycle targets not calibrated
assignment-case-v1:3e7fbf7f0d875c365a86114e17db035aa9707ee809b41e25075d2c9e7d6def77,django__django-15127,4,30,31,8531.462248469325,6897.023221987183,19033.337498999997,48410.41776,27564.799747469322,118020.940105,124919.82762699999,False,False,True,False,unsupported: historical tool/proxy targets; repaired atomic/native/lifecycle targets not calibrated
assignment-case-v1:3ef3cf6cce45836f3724f6fff9fd9dce494163ae145a8bc24aab52d62719b9d2,django__django-15563,3,30,31,8491.45710756602,10059.549221026828,19062.72243000001,35461.48089,27554.17953756603,109555.277575,124252.1253105,False,False,True,False,unsupported: historical tool/proxy targets; repaired atomic/native/lifecycle targets not calibrated
assignment-case-v1:3f16cc7f5303c75def977c2afecfb2cd777656116c0fb34957ff714c03ca4cf9,scikit-learn__scikit-learn-13439,0,28,28,9307.561178946344,20378.91655000567,17285.522548,30693.15782600001,26593.083726946345,114947.174394,125970.234473,False,False,True,False,unsupported: historical tool/proxy targets; repaired atomic/native/lifecycle targets not calibrated
assignment-case-v1:3f247c9a5ac442a0f0f435c3a4fe2ec4f637ebba612f1bedf0fccf7fab990982,pylint-dev__pylint-7993,0,30,31,9886.967608437772,30213.522177931736,19137.542820999995,55172.726195999996,29024.510429437767,156765.14721,125970.234473,False,False,True,False,unsupported: historical tool/proxy targets; repaired atomic/native/lifecycle targets not calibrated
assignment-case-v1:3f2c1eb55084228765afa92ec4331fd867e4c81c9e9867f8629aa83f027c4d32,sphinx-doc__sphinx-9230,4,30,31,7170.51896843077,7167.977071047062,19033.337498999997,54203.45436899999,26203.856467430767,117922.929243,124919.82762699999,False,False,True,False,unsupported: historical tool/proxy targets; repaired atomic/native/lifecycle targets not calibrated
assignment-case-v1:3faafd664de28fe014a80f6708917a3f0a2fa90b01cf60e01f96466deee81be5,scikit-learn__scikit-learn-10297,4,29,31,9613.473907511434,44657.46772402781,19033.337498999997,69379.03940800001,28646.81140651143,164802.475269,124919.82762699999,False,False,True,False,unsupported: historical tool/proxy targets; repaired atomic/native/lifecycle targets not calibrated
assignment-case-v1:3fd58dc5ec658c8110b31f66ca6ed373ab77e90d070e4195f9b01f70a722a1ab,django__django-16229,3,30,31,7113.4943741126335,13472.232025989797,19062.72243000001,47545.854413000015,26176.216804112642,152595.663115,124252.1253105,False,False,True,False,unsupported: historical tool/proxy targets; repaired atomic/native/lifecycle targets not calibrated
assignment-case-v1:4001e3fe419593f1645938232c1e342a98b1192375b479b8541546d9bef597e5,pydata__xarray-4248,3,30,31,5485.793118603397,13594.790354996803,19062.72243000001,25498.74567499999,24548.515548603405,104464.75588,124252.1253105,False,False,True,False,unsupported: historical tool/proxy targets; repaired atomic/native/lifecycle targets not calibrated
assignment-case-v1:40088aaee02f085091c494f33195a03759510b3b341ae4be97f04b383894a192,sympy__sympy-22914,2,30,31,9876.876444075606,9289.886271028081,19162.8857395,29699.841514,29039.762183575607,79566.526654,125168.74167399999,False,False,False,False,unsupported: historical tool/proxy targets; repaired atomic/native/lifecycle targets not calibrated
assignment-case-v1:404ca64e4e8b4ebcd9019da3221d075a906979c67fe8aea501564330f6bc4d29,django__django-15973,0,30,31,5204.362691474671,21944.315098015068,19137.542820999995,28145.101949999997,24341.905512474666,118344.92339,125970.234473,False,False,True,False,unsupported: historical tool/proxy targets; repaired atomic/native/lifecycle targets not calibrated
assignment-case-v1:4059b27e65f5689193de2e21d55a3c081fa896f41103bc561f9c6c3c8de64e73,sympy__sympy-23191,4,30,31,9986.789284001134,11390.51252099307,19033.337498999997,52590.565367999996,29020.12678300113,104750.548881,124919.82762699999,False,False,True,False,unsupported: historical tool/proxy targets; repaired atomic/native/lifecycle targets not calibrated
assignment-case-v1:4061d59680e830f46689a4d4c8b9383ab162ddb04a932550edfcd248f454ca2f,pydata__xarray-6992,1,30,31,11815.34279141124,113985.37669700454,19076.611453,40903.06775499999,30891.95424441124,210922.150176,124452.596539,False,False,False,False,unsupported: historical tool/proxy targets; repaired atomic/native/lifecycle targets not calibrated
assignment-case-v1:40a779b487f435ba2ad56ec566a433f3bc0a56600539293c4cbf8887faf49bbb,sympy__sympy-23262,3,30,31,7920.822443029465,7765.358993005066,19062.72243000001,66742.69544000001,26983.544873029474,119561.59956,124252.1253105,False,False,True,False,unsupported: historical tool/proxy targets; repaired atomic/native/lifecycle targets not calibrated
assignment-case-v1:40f9f240c6f348eca50c95fb156df4c88d4ace27cefe7ff9cbfca2977b73a835,pytest-dev__pytest-5495,3,30,31,13386.899059491043,13462.250201002462,19062.72243000001,61473.477791000005,32449.62148949105,156953.567346,124252.1253105,False,False,True,False,unsupported: historical tool/proxy targets; repaired atomic/native/lifecycle targets not calibrated
assignment-case-v1:414b72f26dfb6ba2bce344d0e84a3ce012d3b9fae9366e139bdbff211d4fe2fb,sympy__sympy-23191,4,30,31,10417.638715505745,12578.16975802416,19033.337498999997,59481.356693,29450.976214505743,114328.899741,124919.82762699999,False,False,True,False,unsupported: historical tool/proxy targets; repaired atomic/native/lifecycle targets not calibrated
assignment-case-v1:41d11dfb4e095fa6bb478768c45682cb0e0a0444dcbe1c660fe875a7b769d580,matplotlib__matplotlib-24334,3,30,31,6506.377038605933,12283.918681001524,19062.72243000001,41053.49618300001,25569.099468605942,160447.549497,124252.1253105,False,False,True,False,unsupported: historical tool/proxy targets; repaired atomic/native/lifecycle targets not calibrated
assignment-case-v1:421ae8d48f07be0c1c5cb7ce4e12325a3ea6dcb1fffb861abbfc970839477633,sympy__sympy-21612,0,30,31,10972.243026941214,20910.22068502207,19137.542820999995,63046.151947,30109.78584794121,149955.959845,125970.234473,False,False,True,False,unsupported: historical tool/proxy targets; repaired atomic/native/lifecycle targets not calibrated
assignment-case-v1:4260dc8f5a80c7377bc07826a05cbb5fcacc0ada191dc147de9653da82c521d3,sympy__sympy-12489,1,30,31,8235.698274871538,12388.578968020738,19076.611453,48189.66664499999,27312.30972787154,118940.66169,124452.596539,False,False,True,False,unsupported: historical tool/proxy targets; repaired atomic/native/lifecycle targets not calibrated
assignment-case-v1:42b268cfbbca801e52b4f37ab3e16e164d1d9bfbd18911ae6e62aebbbbb1c2d1,matplotlib__matplotlib-23562,1,30,31,7991.215894293418,17853.52985499412,19076.611453,43171.359431,27067.82734729342,119443.154106,124452.596539,False,False,True,False,unsupported: historical tool/proxy targets; repaired atomic/native/lifecycle targets not calibrated
assignment-case-v1:42c494bd24d801fbb6789c138a0f8583b9611702473c7206166578c9cc470e73,matplotlib__matplotlib-24177,2,30,31,6770.255713510778,10173.742009908892,19162.8857395,37734.711361,25933.14145301078,164913.841361,125168.74167399999,False,False,True,False,unsupported: historical tool/proxy targets; repaired atomic/native/lifecycle targets not calibrated
assignment-case-v1:42c9535adc263444e4afb0d12cd4a04d05bba852c3894b1d9cd54ee0628d63fd,sympy__sympy-24066,4,30,31,10867.499526475513,13681.326921985601,19033.337498999997,44601.39829400001,29900.83702547551,108605.284799,124919.82762699999,False,False,True,False,unsupported: historical tool/proxy targets; repaired atomic/native/lifecycle targets not calibrated
assignment-case-v1:433920efe5ab1b4faf1773f64a5e5389c705f0330d55a9ebef0ae7d0679ced22,django__django-11239,0,30,31,9883.408844943915,7995.779529999709,19137.542820999995,84022.014464,29020.95166594391,141621.089349,125970.234473,False,False,True,False,unsupported: historical tool/proxy targets; repaired atomic/native/lifecycle targets not calibrated
assignment-case-v1:438747af686f2a9ca93d75b04c2c9ad5ad87c212973fe42552f712f391f49e07,django__django-13410,4,30,31,10077.59362845718,24788.122665995616,19033.337498999997,44348.143853,29110.931127457177,125808.27007,124919.82762699999,False,False,True,False,unsupported: historical tool/proxy targets; repaired atomic/native/lifecycle targets not calibrated
assignment-case-v1:43fc862d67ec7abdc2588302cd80dd9538303f2bc7a58c79ca7bb458bb0caf86,scikit-learn__scikit-learn-13439,0,26,26,8706.876048965569,14248.00560699805,16050.842366,32001.133937000002,24757.71841496557,100986.378924,125970.234473,False,False,True,False,unsupported: historical tool/proxy targets; repaired atomic/native/lifecycle targets not calibrated
assignment-case-v1:446fd632424ba366d80f2c4d59cd61686e8fa57c762effb355c8545a066754fa,django__django-13925,2,30,31,7807.003911049833,10105.482255996321,19162.8857395,41093.07149399999,26969.889650549834,128767.609811,125168.74167399999,False,False,True,False,unsupported: historical tool/proxy targets; repaired atomic/native/lifecycle targets not calibrated
assignment-case-v1:447ea884f71df4b321b690551d426a98bd64dfa3419bfdefc5ed6993f5ee3067,pydata__xarray-7233,3,30,31,10465.296923015558,12554.384033865063,19062.72243000001,38749.638135,29528.019353015567,160998.083996,124252.1253105,False,False,True,False,unsupported: historical tool/proxy targets; repaired atomic/native/lifecycle targets not calibrated
assignment-case-v1:4525ad0ad258791bcf8de3b0a8a501327d14554f938fc64778b6ceb1334083ba,django__django-12419,1,30,31,8786.598172391678,7786.4552919782,19076.611453,33044.505695,27863.20962539168,101664.493929,124452.596539,False,False,True,False,unsupported: historical tool/proxy targets; repaired atomic/native/lifecycle targets not calibrated
assignment-case-v1:45432e7550e7296d94a38aa5567a4d45eb3699f28dd81bf8dbe36b3068b402e1,sympy__sympy-14976,0,30,31,8139.071988975047,8686.409568013914,19137.542820999995,35208.27703799999,27276.614809975043,85859.836627,125970.234473,False,False,False,False,unsupported: historical tool/proxy targets; repaired atomic/native/lifecycle targets not calibrated
assignment-case-v1:454648abe973bab25b771f1e52bf5ba06b0452d0c339ba937ba23dfd56ace999,sympy__sympy-17655,2,30,31,9295.870648535129,9818.316269003844,19162.8857395,69217.118423,28458.75638803513,119467.597868,125168.74167399999,False,False,True,False,unsupported: historical tool/proxy targets; repaired atomic/native/lifecycle targets not calibrated
assignment-case-v1:457ccc6de9ad79bb8012dd029a2e32d595fe4ec1c3f59914ec326c5427da882d,django__django-11630,2,30,31,8908.994562572843,11263.426532997983,19162.8857395,56617.50124500001,28071.880302072845,175511.275837,125168.74167399999,False,False,False,False,unsupported: historical tool/proxy targets; repaired atomic/native/lifecycle targets not calibrated
assignment-case-v1:45c793dcc7936ca69668559a83a70b21692058cba15c7df1c5f9d55fcd2856dd,django__django-16046,1,28,29,11751.464893368393,8577.265863968933,17845.862327,77799.24422700003,29597.327220368392,133688.371877,124452.596539,False,False,True,False,unsupported: historical tool/proxy targets; repaired atomic/native/lifecycle targets not calibrated
assignment-case-v1:45d10ac0bc82f763a8ce308170eb2ff2041f2b35d300f738d7236543a9e8e3ed,sympy__sympy-16597,4,30,31,5979.836743885244,10657.445417018607,19033.337498999997,31203.255478000003,25013.17424288524,81692.255594,124919.82762699999,False,False,False,False,unsupported: historical tool/proxy targets; repaired atomic/native/lifecycle targets not calibrated
assignment-case-v1:46398f6d52d20382b501124c75d6e04147edf38d576d156941a9730a771df697,matplotlib__matplotlib-13989,3,30,31,11619.381677521233,46725.44753696275,19062.72243000001,37686.81177200001,30682.10410752124,125987.996269,124252.1253105,False,False,True,False,unsupported: historical tool/proxy targets; repaired atomic/native/lifecycle targets not calibrated
assignment-case-v1:465a32a27e23c8faa4ac97544eb53cac761e79b9faeb1852d923a5dd26614d2e,django__django-9296,1,27,27,11446.23627285182,6867.746584997803,16615.113200999996,40030.539574,28061.349473851817,92933.852585,124452.596539,False,False,False,False,unsupported: historical tool/proxy targets; repaired atomic/native/lifecycle targets not calibrated
assignment-case-v1:465d3558f27172c75f16926d3422e415389cbf9a0ddd94d3976dd7996649a7b9,django__django-14140,2,30,31,10336.087305562614,23723.523120002938,19162.8857395,54043.915836999986,29498.973045062616,127468.524009,125168.74167399999,False,False,True,False,unsupported: historical tool/proxy targets; repaired atomic/native/lifecycle targets not calibrated
assignment-case-v1:465de504dee955da0c29ba88b351b0545da6b3472cb344232aaf75c775d058f3,matplotlib__matplotlib-23562,1,30,31,7991.215894293418,18135.09422500647,19076.611453,40737.05591400001,27067.82734729342,228009.102361,124452.596539,False,False,False,False,unsupported: historical tool/proxy targets; repaired atomic/native/lifecycle targets not calibrated
assignment-case-v1:46751ed0ddab05869f8e3ac2411b820dc8fcd08daa1314a2f0cc9d364cbff609,sympy__sympy-13177,3,30,31,10165.003902005992,15445.351806014514,19062.72243000001,76717.306224,29227.726332006,148476.185655,124252.1253105,False,False,True,False,unsupported: historical tool/proxy targets; repaired atomic/native/lifecycle targets not calibrated
assignment-case-v1:47565c112de6dc803cff11b34da13553eb0ed50dcd1e46e0b653ad9238a48291,pydata__xarray-4493,2,30,31,6115.0971404767915,13804.492401981406,19162.8857395,36035.859798000005,25277.982879976793,105753.705464,125168.74167399999,False,False,True,False,unsupported: historical tool/proxy targets; repaired atomic/native/lifecycle targets not calibrated
assignment-case-v1:476aa67b76b5ef050cbd0a4f14e347a6886ebacd20ad4fa4be3f66caaed84353,matplotlib__matplotlib-23562,1,42,35,12870.183219743922,55958.458079228876,21538.109705000006,58395.801482,34408.29292474393,139282.481156,124452.596539,False,False,True,False,unsupported: historical tool/proxy targets; repaired atomic/native/lifecycle targets not calibrated
assignment-case-v1:4793868ce5aa70d5578aa92d2383adae7d918c3816ff7039e0491df9be3c4100,sympy__sympy-23191,4,30,31,8706.400609951743,12934.888707000937,19033.337498999997,59772.33725799999,27739.73810895174,118181.853207,124919.82762699999,False,False,True,False,unsupported: historical tool/proxy targets; repaired atomic/native/lifecycle targets not calibrated
assignment-case-v1:47ce193e42b3793658c4461bfeb9dad0b89aeee09405fc21ef8ec2c580d00a81,sphinx-doc__sphinx-9461,0,30,31,9276.88422697247,7923.145869979635,19137.542820999995,47417.166224,28414.427047972466,114583.468685,125970.234473,False,False,True,False,unsupported: historical tool/proxy targets; repaired atomic/native/lifecycle targets not calibrated
assignment-case-v1:4826bccaf2d7ff7089c5ab655b5e0a6a2e0ec0c3d6e82d4c769cb778fc2039a4,django__django-11001,3,30,31,9004.437737507033,9086.685393984226,19062.72243000001,106016.212963,28067.16016750704,238534.465443,124252.1253105,False,False,False,False,unsupported: historical tool/proxy targets; repaired atomic/native/lifecycle targets not calibrated
assignment-case-v1:486cf8ad6adda774d315acdd1dc0c80f54cf60c1ef903ecb371971e4abdefa0c,django__django-11138,4,22,22,5527.4484799701895,6910.448120062938,13507.529837999995,32739.035008,19034.978317970184,98022.766709,124919.82762699999,False,False,False,False,unsupported: historical tool/proxy targets; repaired atomic/native/lifecycle targets not calibrated
assignment-case-v1:48b4293203f97dcc78e274ca3ec1463203ede2e0f2e461115733080a17a6970a,django__django-14351,4,30,31,6465.341037914186,7753.4098790056305,19033.337498999997,47265.01158600001,25498.678536914183,96498.442479,124919.82762699999,False,False,False,False,unsupported: historical tool/proxy targets; repaired atomic/native/lifecycle targets not calibrated
assignment-case-v1:48cc94a9e8db1a52f1bb06e522d267491fb34bdbaa7775e2e86036388421d043,sympy__sympy-16792,1,30,31,8794.958429323742,23394.65024395031,19076.611453,34643.323983,27871.569882323744,106689.622974,124452.596539,False,False,True,False,unsupported: historical tool/proxy targets; repaired atomic/native/lifecycle targets not calibrated
assignment-case-v1:4971f980bc7bd0df4cc4fbd1551e7e5cb1628c3e13b9094c4f41c38487a677be,sympy__sympy-23413,0,30,30,10696.100346931416,13758.181768062059,18520.202729999997,76778.96537500001,29216.303076931414,150305.499614,125970.234473,False,False,True,False,unsupported: historical tool/proxy targets; repaired atomic/native/lifecycle targets not calibrated
assignment-case-v1:49be8faf079d7bc759d012c238ec63d60d156f2b71c863da4ec2c5b7f710be35,sympy__sympy-22456,2,30,31,9670.706878030614,8614.726280036848,19162.8857395,43750.446742999986,28833.592617530616,89287.083865,125168.74167399999,False,False,False,False,unsupported: historical tool/proxy targets; repaired atomic/native/lifecycle targets not calibrated
assignment-case-v1:49d2aa1e13dbff4c7158583825aad0749505c80a0701f39c321bed82680d7f68,django__django-13820,0,30,31,10332.805187425038,9668.987745026243,19137.542820999995,80122.06321800001,29470.348008425033,156628.908321,125970.234473,False,False,True,False,unsupported: historical tool/proxy targets; repaired atomic/native/lifecycle targets not calibrated
assignment-case-v1:49e1253f5960dda6b8541fdb15594c1264ba6699b20226407dee6e29bef2d27b,django__django-13658,3,30,31,10728.999359987938,6296.4224710231065,19062.72243000001,55851.529857,29791.721789987947,107139.226381,124252.1253105,False,False,True,False,unsupported: historical tool/proxy targets; repaired atomic/native/lifecycle targets not calibrated
assignment-case-v1:49eaed15e36d369ba42d5b2da39b2c152a537d7ae6aba1e258ab81201269559a,pylint-dev__pylint-4551,2,30,31,10394.189364043996,13436.799686111044,19162.8857395,57538.72776700001,29557.075103543997,128634.14477,125168.74167399999,False,False,True,False,unsupported: historical tool/proxy targets; repaired atomic/native/lifecycle targets not calibrated
assignment-case-v1:49f2c3cea4e480dd864ef985d15c78fbc8634536c78aa2ebd5af24b1945d04e1,django__django-11815,4,14,14,2821.3059984536812,13928.89021200972,8595.700806,118850.36558799999,11417.006804453682,205895.923425,124919.82762699999,False,False,False,False,unsupported: historical tool/proxy targets; repaired atomic/native/lifecycle targets not calibrated
assignment-case-v1:4a8f1cec1a4c6cb15ce029139ce15ad838b7e78c35299a5fb752e4e48822a3f3,pytest-dev__pytest-8906,1,30,31,12727.663773184759,7863.67930900451,19076.611453,40621.194334,31804.27522618476,127246.771095,124452.596539,False,False,True,False,unsupported: historical tool/proxy targets; repaired atomic/native/lifecycle targets not calibrated
assignment-case-v1:4ad34d011fc07891eb785da5aae7869fa4c4194a1a4513c04f60ec6686f5972a,sphinx-doc__sphinx-9367,0,21,21,8060.478596955363,8449.81576295686,12964.141911,25221.788924,21024.620507955362,84462.909576,125970.234473,False,False,False,False,unsupported: historical tool/proxy targets; repaired atomic/native/lifecycle targets not calibrated
assignment-case-v1:4ad6f9809603d99ac4c6793aa20511487d6fd648e31a83d179dc3233778dded9,sympy__sympy-23191,4,30,31,8012.009493408186,17792.54943496926,19033.337498999997,44895.239979,27045.346992408184,125521.572429,124919.82762699999,False,False,True,False,unsupported: historical tool/proxy targets; repaired atomic/native/lifecycle targets not calibrated
assignment-case-v1:4b083fba8cd9dd3f75b3d0fbbfdacee8cf2da940d37577f71a024ed81a5e660f,mwaskom__seaborn-3010,2,30,31,9236.161662087397,25058.145002989477,19162.8857395,60820.281938,28399.0474015874,191199.845217,125168.74167399999,False,False,False,False,unsupported: historical tool/proxy targets; repaired atomic/native/lifecycle targets not calibrated
assignment-case-v1:4be32827950e9a1ce44a8ddb6e8bd025bcbf7b79e063308250c413d4ffc1f0d6,sympy__sympy-11618,3,28,28,11782.076526029414,14549.65724509384,17217.942840000007,45881.73818799999,29000.01936602942,119088.906431,124252.1253105,False,False,True,False,unsupported: historical tool/proxy targets; repaired atomic/native/lifecycle targets not calibrated
assignment-case-v1:4c1c271d383aed660d70edc39064654b95603ce6c4a7b371503cb69561695dd5,django__django-17051,0,23,23,4535.722278977119,5035.6032980489545,14198.822093,19090.986744,18734.54437197712,98365.166169,125970.234473,False,False,False,False,unsupported: historical tool/proxy targets; repaired atomic/native/lifecycle targets not calibrated
assignment-case-v1:4c2f7906f985ff690e4fc13336ef2d9c6637822b3cf68dcbfa59d68265ff7b15,django__django-15561,2,30,31,7499.077389093145,24385.186013023485,19162.8857395,48665.59012399999,26661.963128593146,141719.072106,125168.74167399999,False,False,True,False,unsupported: historical tool/proxy targets; repaired atomic/native/lifecycle targets not calibrated
assignment-case-v1:4c4f725a7173e7d5b8c18e6d1c201bd7e44258e199970abbe37b86ecc25c8b2a,django__django-14787,2,30,31,13152.692738083715,38822.414292997564,19162.8857395,53839.67761100001,32315.578477583716,148611.178823,125168.74167399999,False,False,True,False,unsupported: historical tool/proxy targets; repaired atomic/native/lifecycle targets not calibrated
assignment-case-v1:4c5b679678a8c7b0e8034272edce3ff2fe0d35026c44de6b1a9d27bf6e2d2c23,sympy__sympy-20322,0,30,31,7033.889675947648,8297.952124008589,19137.542820999995,33480.324044999994,26171.432496947644,99185.24371,125970.234473,False,False,False,False,unsupported: historical tool/proxy targets; repaired atomic/native/lifecycle targets not calibrated
assignment-case-v1:4c96582ea460b994f28fd0840ac327935090654656b3b9e0924233a1cde3edc9,astropy__astropy-6938,2,25,30,7537.246428040817,5806.978770997375,18544.728135,57043.70288699999,26081.974563040818,124126.141712,125168.74167399999,False,False,True,False,unsupported: historical tool/proxy targets; repaired atomic/native/lifecycle targets not calibrated
assignment-case-v1:4cd0fdf8a8bbd47bad8e774a1bbabd16c08ad5031a4500902983de2860328dc6,sphinx-doc__sphinx-10325,0,30,31,8297.93773345591,18903.974653996556,19137.542820999995,35337.450569,27435.480554455906,110140.72588,125970.234473,False,False,True,False,unsupported: historical tool/proxy targets; repaired atomic/native/lifecycle targets not calibrated
assignment-case-v1:4cf19f999f9cf98473c824fea2a420c2edb0b6d54003648201d423d8264d1988,django__django-13658,3,10,11,2235.6898715279385,6366.412630988634,6764.191829999998,12822.938538000002,8999.881701527936,80476.646481,124252.1253105,False,False,False,False,unsupported: historical tool/proxy targets; repaired atomic/native/lifecycle targets not calibrated
assignment-case-v1:4d47c7bf73d2f97cdf0de934aea1af1e275452222fb34372c146d68403c4a8c1,django__django-12308,2,30,31,6893.21127607036,15679.419590996986,19162.8857395,38902.610084,26056.09701557036,108312.520382,125168.74167399999,False,False,True,False,unsupported: historical tool/proxy targets; repaired atomic/native/lifecycle targets not calibrated
assignment-case-v1:4d7478766defc938e6da3449bbd5fa2218ca47630f84b9e9ce618f8312d3913a,django__django-14351,4,30,31,6052.379593946171,20368.76264599414,19033.337498999997,39808.52408999999,25085.717092946168,102008.852832,124919.82762699999,False,False,True,False,unsupported: historical tool/proxy targets; repaired atomic/native/lifecycle targets not calibrated
assignment-case-v1:4d7b41ed9ad46bbec64178e4103e68c6fedc245a75996c400808c5d9098f2e99,django__django-11964,0,30,31,7156.450270478672,13107.813255006477,19137.542820999995,36379.68071000001,26293.993091478667,154108.757666,125970.234473,False,False,True,False,unsupported: historical tool/proxy targets; repaired atomic/native/lifecycle targets not calibrated
assignment-case-v1:4e42151cf3975c50edaba183aacedbb6d2b662252cc350ded7f531e42c6be978,django__django-15499,2,30,31,8185.347748047207,21199.06189496396,19162.8857395,37851.614495,27348.233487547208,126040.609132,125168.74167399999,False,False,True,False,unsupported: historical tool/proxy targets; repaired atomic/native/lifecycle targets not calibrated
assignment-case-v1:4e562275a3f29039875cff4c13d92969eb90a6e6a81bdebf727513454f1e261d,django__django-13569,3,29,31,7304.077260007034,6150.990613990871,19062.72243000001,92608.42048799997,26366.799690007043,149769.759652,124252.1253105,False,False,True,False,unsupported: historical tool/proxy targets; repaired atomic/native/lifecycle targets not calibrated
assignment-case-v1:4ea024011360708a8804b0e02bc6a378270bd23885acc0985d9e7124d3958f22,pylint-dev__pylint-4661,3,30,31,9853.968626537608,8631.622939989029,19062.72243000001,47987.195566999995,28916.691056537617,131397.184803,124252.1253105,False,False,True,False,unsupported: historical tool/proxy targets; repaired atomic/native/lifecycle targets not calibrated
assignment-case-v1:4ea178b49215e825b0136195c00528860769a73258fdbbbbf30f898a164f7dfb,sphinx-doc__sphinx-10325,0,33,33,10234.180750951055,16450.680176974856,20372.223002999992,46424.58645500002,30606.403753951046,110602.803465,125970.234473,False,False,True,False,unsupported: historical tool/proxy targets; repaired atomic/native/lifecycle targets not calibrated
assignment-case-v1:4efdd45fb89295e10a9b64c272e82f09ec60c7a6aedd4360a4362289f392037c,sphinx-doc__sphinx-10325,0,30,31,6879.587827943396,11587.802273999841,19137.542820999995,34314.64808299999,26017.130648943392,127255.014572,125970.234473,False,False,True,False,unsupported: historical tool/proxy targets; repaired atomic/native/lifecycle targets not calibrated
assignment-case-v1:4efefb0ab50dd274ea71b10d87d7eedb3fbf7ddf68a18bb6ee3d300ad9e30864,django__django-14404,4,30,31,8540.056096486296,8994.064050013549,19033.337498999997,60917.428188,27573.393595486294,122067.397902,124919.82762699999,False,False,True,False,unsupported: historical tool/proxy targets; repaired atomic/native/lifecycle targets not calibrated
assignment-case-v1:4f3f9a7772c58155821b55639548c2fa2d98afae67267ee232d3ce43a4f16ff0,pydata__xarray-3993,2,30,31,7169.246736029891,33078.0345600142,19162.8857395,38425.82457799999,26332.132475529892,121560.135377,125168.74167399999,False,False,True,False,unsupported: historical tool/proxy targets; repaired atomic/native/lifecycle targets not calibrated
assignment-case-v1:4f609114f328147e1b5073f344f94fca0716e2434806cbc74795f71a6b53489f,django__django-15400,3,30,31,9461.874962020374,7383.937087019149,19062.72243000001,54176.271006999996,28524.597392020383,128168.414985,124252.1253105,False,False,True,False,unsupported: historical tool/proxy targets; repaired atomic/native/lifecycle targets not calibrated
assignment-case-v1:50036fd6c57ba1bf15153dc169762bba7ef2ff1970cb22f4d98506ed020e851e,django__django-13315,3,30,31,6741.479825057468,6097.307987023669,19062.72243000001,73274.785276,25804.202255057477,238876.338142,124252.1253105,False,False,False,False,unsupported: historical tool/proxy targets; repaired atomic/native/lifecycle targets not calibrated
assignment-case-v1:50c45f2de277876caae5287115a5c812d4abde60154e824ed13ee67e000b7550,django__django-14311,0,30,31,9654.926690947832,16691.23102199228,19137.542820999995,32038.491542999996,28792.469511947827,124077.625062,125970.234473,False,False,True,False,unsupported: historical tool/proxy targets; repaired atomic/native/lifecycle targets not calibrated
assignment-case-v1:50d30918f569736120aee4f860cc173ae91113ff545ba5e89fec85c200ac8a35,sympy__sympy-17139,1,30,31,9247.662316312926,11354.641425001319,19076.611453,32096.763021000006,28324.273769312927,87490.16745,124452.596539,False,False,False,False,unsupported: historical tool/proxy targets; repaired atomic/native/lifecycle targets not calibrated
assignment-case-v1:50d56f01076a72705aab6273a5a0c0756fa6d5f36b02e6a436fefcef15e8bac7,psf__requests-2931,1,22,22,6515.873351396294,6302.61738691479,13538.240385999998,29613.006912999997,20054.113737396292,78514.166549,124452.596539,False,False,False,False,unsupported: historical tool/proxy targets; repaired atomic/native/lifecycle targets not calibrated
assignment-case-v1:5118d3dbc4fd895ad326c917d2f4d908be5f68f816d2b07774568e4ecf33555c,django__django-14855,1,30,31,8073.430010303127,7602.592068989907,19076.611453,45911.760494,27150.04146330313,118945.202048,124452.596539,False,False,True,False,unsupported: historical tool/proxy targets; repaired atomic/native/lifecycle targets not calibrated
assignment-case-v1:512cb93857a97a7cbf22dbbc844cd4832e08665bccd17325495b900737efcab7,django__django-15202,4,30,31,9882.02677598565,11389.878977010085,19033.337498999997,55989.756218,28915.364274985648,173589.228368,124919.82762699999,False,False,False,False,unsupported: historical tool/proxy targets; repaired atomic/native/lifecycle targets not calibrated
assignment-case-v1:51407073ae2777a1fa29bb7b457302b1a7faf8809d755e42373d346507571117,sympy__sympy-13551,3,30,31,9607.333159512564,13372.181902988814,19062.72243000001,74552.89215700001,28670.055589512573,137852.030439,124252.1253105,False,False,True,False,unsupported: historical tool/proxy targets; repaired atomic/native/lifecycle targets not calibrated
assignment-case-v1:51c3e846206a6c49ae74c8df1b94866173c4f044cd7b49b770552ef2251f647c,scikit-learn__scikit-learn-14983,0,28,28,9217.116062458445,17099.498435942223,17285.522548,42197.480642999995,26502.638610458445,107887.187307,125970.234473,False,False,True,False,unsupported: historical tool/proxy targets; repaired atomic/native/lifecycle targets not calibrated
assignment-case-v1:51c3f2cf64d4bde39c0e4aad9c516e89c7d7ea32195d1c86347aa730f58e691b,django__django-11583,1,28,28,11120.248559880565,12072.538418025943,17230.487763999998,35401.960369,28350.736323880563,125919.735809,124452.596539,False,False,True,False,unsupported: historical tool/proxy targets; repaired atomic/native/lifecycle targets not calibrated
assignment-case-v1:523286408899ca73bf07252f5ee10f7942b89376d7637511b28cdc70a08b4a79,matplotlib__matplotlib-25311,0,30,31,8380.954741456662,16041.910361047485,19137.542820999995,29505.367713000003,27518.497562456658,285854.481805,125970.234473,False,False,False,False,unsupported: historical tool/proxy targets; repaired atomic/native/lifecycle targets not calibrated
assignment-case-v1:525f0d1ea300743aa07c656c53dff9ffc4f63491e17c86eaef1d7c91286838e9,psf__requests-1142,3,20,20,5555.8556219766615,5214.468654972734,12298.530600000002,27538.544443,17854.386221976663,75805.403411,124252.1253105,False,False,False,False,unsupported: historical tool/proxy targets; repaired atomic/native/lifecycle targets not calibrated
assignment-case-v1:5288165d1b5b439579ec6af622e45bc549457135c6a67becb06ef6e80ffc66d9,django__django-14351,4,30,31,5687.054860905846,14587.355629009835,19033.337498999997,50540.682250000005,24720.392359905843,120807.759226,124919.82762699999,False,False,True,False,unsupported: historical tool/proxy targets; repaired atomic/native/lifecycle targets not calibrated
assignment-case-v1:52a795f368d985eaa1279d7208177c88e95df1ebdb9b28b955c4473cf7e22a9c,pytest-dev__pytest-6116,4,30,31,13040.190994495788,6545.354956004303,19033.337498999997,37781.41926000001,32073.528493495785,100363.088045,124919.82762699999,False,False,True,False,unsupported: historical tool/proxy targets; repaired atomic/native/lifecycle targets not calibrated
assignment-case-v1:53bb65871c0b28727bc3a86d235dd77ceea7ccae2e496c4e5ad20e397efb4415,django__django-15738,2,30,31,6273.703000057139,18259.796977996302,19162.8857395,44701.796363,25436.58873955714,165443.365098,125168.74167399999,False,False,True,False,unsupported: historical tool/proxy targets; repaired atomic/native/lifecycle targets not calibrated
assignment-case-v1:53e87654db72dbbfed38981464642bca377841fb04269a549c3d5446364352f8,scikit-learn__scikit-learn-13439,0,20,21,5355.677080458918,11713.618494090042,12964.141911,21262.961061,18319.818991458917,86476.103929,125970.234473,False,False,False,False,unsupported: historical tool/proxy targets; repaired atomic/native/lifecycle targets not calibrated
assignment-case-v1:5452264dba3318665546752df96c3261c2363ee1d774a5e77bd55a13c97f3b73,django__django-13658,3,20,21,6814.456359536052,7719.052721033222,12913.457130000003,27411.846116999997,19727.913489536055,100219.419438,124252.1253105,False,False,True,False,unsupported: historical tool/proxy targets; repaired atomic/native/lifecycle targets not calibrated
assignment-case-v1:549c91eb8315e99667ee77077282fed8018187393a033164a8f9f7282a544c95,sympy__sympy-22456,2,30,31,10129.047886546687,16031.815791968256,19162.8857395,58472.095062999986,29291.933626046688,125912.978538,125168.74167399999,False,False,True,False,unsupported: historical tool/proxy targets; repaired atomic/native/lifecycle targets not calibrated
assignment-case-v1:55060c9d500aee4e1d4f9cf54528b92922ba9a0cacd107a35222b7933af6828d,django__django-17029,0,30,31,9195.326298928194,26388.869817979867,19137.542820999995,42725.53451,28332.86911992819,185210.598793,125970.234473,False,False,False,False,unsupported: historical tool/proxy targets; repaired atomic/native/lifecycle targets not calibrated
assignment-case-v1:551b8929e52f41dd3c0f7da18e22b17a4934b7fc083dc6b577a2fa35efcf24ae,sympy__sympy-23191,4,30,31,10417.638715505745,13267.828825992183,19033.337498999997,47065.137582999996,29450.976214505743,102476.993873,124919.82762699999,False,False,True,False,unsupported: historical tool/proxy targets; repaired atomic/native/lifecycle targets not calibrated
assignment-case-v1:5537318af6e91695c02b6decf8f5a511ae2a0df6fd4457c4e417979ddab350d0,django__django-13568,2,30,31,8095.22685207412,10155.201907997252,19162.8857395,54134.00121400001,27258.11259157412,127817.410785,125168.74167399999,False,False,True,False,unsupported: historical tool/proxy targets; repaired atomic/native/lifecycle targets not calibrated
assignment-case-v1:554f81f81d2cd4fda5954ef93833d98e48138ed11af505781fa7d90b31218372,django__django-14351,4,30,31,6268.03275043676,50344.69059498224,19033.337498999997,57150.828696,25301.370249436757,152573.765385,124919.82762699999,False,False,True,False,unsupported: historical tool/proxy targets; repaired atomic/native/lifecycle targets not calibrated
assignment-case-v1:55c11565d8b9a5ca8e35ec65c8633420a591541a3b45e638ea830259085789b4,django__django-14771,4,30,31,11614.708183522453,6388.266031026433,19033.337498999997,58309.392975999996,30648.04568252245,110652.275019,124919.82762699999,False,False,True,False,unsupported: historical tool/proxy targets; repaired atomic/native/lifecycle targets not calibrated
assignment-case-v1:561fe973d39e206c766c53ae77d850874774b82cd9a7534294526ae1b513d35d,django__django-16819,1,28,28,6175.056889354892,20164.000199001748,17230.487763999998,41620.839358,23405.54465335489,120775.915445,124452.596539,False,False,True,False,unsupported: historical tool/proxy targets; repaired atomic/native/lifecycle targets not calibrated
assignment-case-v1:566e748203c6e180d37592b975f5fbadef6958083af245431d25c51f67430bd4,sympy__sympy-21614,1,30,31,5438.663168326457,29573.84284697764,19076.611453,23100.487997,24515.274621326458,112473.1358,124452.596539,False,False,True,False,unsupported: historical tool/proxy targets; repaired atomic/native/lifecycle targets not calibrated
assignment-case-v1:56aeb6075ff9485d5a4b6a19cf22af6e3c281b303c1267292f2505a0c174dc57,django__django-17087,1,30,31,10313.38138630963,14281.165014952421,19076.611453,52715.926734999994,29389.99283930963,136677.104107,124452.596539,False,False,True,False,unsupported: historical tool/proxy targets; repaired atomic/native/lifecycle targets not calibrated
assignment-case-v1:57189ebdaf0e2c4371ff8e8ecd18c9dc4161e280188fd19c40a8c36ef27501cc,sympy__sympy-23191,4,30,31,7836.544514420893,24867.527615017025,19033.337498999997,39668.670538,26869.88201342089,171088.815025,124919.82762699999,False,False,False,False,unsupported: historical tool/proxy targets; repaired atomic/native/lifecycle targets not calibrated
assignment-case-v1:574645239572c61a06084afbe3a8a9be574efafadb305a05078e424ef41c28bc,psf__requests-2674,1,30,31,8536.759200342203,5883.592060003139,19076.611453,70639.16778399999,27613.370653342205,127411.62839,124452.596539,False,False,True,False,unsupported: historical tool/proxy targets; repaired atomic/native/lifecycle targets not calibrated
assignment-case-v1:57705f2007f3073c890cc01ff14f4c0df7e69d1d2475237cabbb7bb6d8fcd19c,django__django-16263,3,30,31,5309.154250091524,5139.1161200008355,19062.72243000001,69723.24722699999,24371.876680091533,126736.384236,124252.1253105,False,False,True,False,unsupported: historical tool/proxy targets; repaired atomic/native/lifecycle targets not calibrated
assignment-case-v1:57a081155f0d09f0a3a74df0e68cb1209c2fc76bede090cb9bc34114d237d603,sympy__sympy-21847,0,30,31,10767.162073454529,18992.845461922116,19137.542820999995,41335.161841,29904.704894454524,103993.565757,125970.234473,False,False,True,False,unsupported: historical tool/proxy targets; repaired atomic/native/lifecycle targets not calibrated
assignment-case-v1:5821185cc481582a3883542eee9eb03ef3a812a91c1125d171c56e49010b4446,django__django-14351,4,30,31,6124.213744909866,15115.05463499634,19033.337498999997,36147.904504000006,25157.551243909864,107326.243205,124919.82762699999,False,False,True,False,unsupported: historical tool/proxy targets; repaired atomic/native/lifecycle targets not calibrated
assignment-case-v1:585324ee94ae2d2a6962d354a5d5b8dc03b3abe135f574aa4362ffd711423a48,django__django-13658,3,30,31,12459.588629555583,7397.733382014849,19062.72243000001,71442.62295600002,31522.31105955559,238227.418312,124252.1253105,False,False,False,False,unsupported: historical tool/proxy targets; repaired atomic/native/lifecycle targets not calibrated
assignment-case-v1:5888ac8a92320faeffca27b25638677bd4ebacef4820905aec782824a30e3322,django__django-14351,4,30,31,5990.7690344516595,23392.372673974023,19033.337498999997,59437.12399500001,25024.106533451657,150857.544894,124919.82762699999,False,False,True,False,unsupported: historical tool/proxy targets; repaired atomic/native/lifecycle targets not calibrated
assignment-case-v1:58977c778da53d9423da3d0d3a07e59965951515309f07522a8c3650435c3207,django__django-16910,3,30,31,5457.049856528101,6160.002242984774,19062.72243000001,124979.50992299998,24519.77228652811,201945.990732,124252.1253105,False,False,False,False,unsupported: historical tool/proxy targets; repaired atomic/native/lifecycle targets not calibrated
assignment-case-v1:58d3714862c61484587bd005ebbfabdcf540efadb42ff1e18f9223a843a9f565,scikit-learn__scikit-learn-15535,1,30,31,8734.446785831096,16310.77283002378,19076.611453,36670.47012600001,27811.058238831098,133756.981947,124452.596539,False,False,True,False,unsupported: historical tool/proxy targets; repaired atomic/native/lifecycle targets not calibrated
assignment-case-v1:592b2227f4ac2b51486c64cf3034610f37d356cd8113a3e82393f71f4093a323,django__django-13658,3,30,31,9556.64671201157,9070.911367984081,19062.72243000001,44770.616113,28619.36914201158,115567.504179,124252.1253105,False,False,True,False,unsupported: historical tool/proxy targets; repaired atomic/native/lifecycle targets not calibrated
assignment-case-v1:59604633a272b14d29fce6c29c559ee397635d2fe45beac5d146f0d8ab79d93a,django__django-11099,4,28,28,11220.165211518179,51596.089279024454,17191.401611999994,35561.978238,28411.566823518173,133932.258691,124919.82762699999,False,False,True,False,unsupported: historical tool/proxy targets; repaired atomic/native/lifecycle targets not calibrated
assignment-case-v1:598bb2bf5553700d397ead2ce870355364c4f8231b7639eee0f72c2019eb8f1c,matplotlib__matplotlib-23562,1,30,31,10311.437096803274,39621.691762997216,19076.611453,47627.40993699999,29388.048549803276,159985.844991,124452.596539,False,False,True,False,unsupported: historical tool/proxy targets; repaired atomic/native/lifecycle targets not calibrated
assignment-case-v1:59d4d56edccf0ae016a97ca680d7b3ec2a226e1cacf2b86ebbc1b7e394cd363a,scikit-learn__scikit-learn-25102,3,30,31,7593.522752484205,13217.986150018987,19062.72243000001,75553.82880999998,26656.245182484214,150213.731732,124252.1253105,False,False,True,False,unsupported: historical tool/proxy targets; repaired atomic/native/lifecycle targets not calibrated
assignment-case-v1:5a1a02159fa58b5f4011dc8adf6c88886ba0300f0c23ffa3eb011d04a4d41e2a,django__django-13786,3,30,31,9429.129129506691,7761.871196962602,19062.72243000001,48997.312967,28491.8515595067,104573.302046,124252.1253105,False,False,True,False,unsupported: historical tool/proxy targets; repaired atomic/native/lifecycle targets not calibrated
assignment-case-v1:5a408f6e52b0e008daccb4f3625644e1ea2f4fd75dfddd2d0a8efe36c544bc79,sphinx-doc__sphinx-10325,0,30,31,7477.72089395221,7809.315341004549,19137.542820999995,30888.002206999994,26615.263714952205,93512.756144,125970.234473,False,False,False,False,unsupported: historical tool/proxy targets; repaired atomic/native/lifecycle targets not calibrated
assignment-case-v1:5a9e1703d1f654a894bacbc5182174904d51bba8ad8550a64d92a84aa2fd62e2,scikit-learn__scikit-learn-13142,2,30,31,9098.593358527069,17060.153986010846,19162.8857395,57122.042159000004,28261.47909802707,124633.184828,125168.74167399999,False,False,True,False,unsupported: historical tool/proxy targets; repaired atomic/native/lifecycle targets not calibrated
assignment-case-v1:5ab50c034a3dde223c9184d0d8c8f540cb9674394ac9b855304b7ecd8420c9d0,django__django-13807,4,30,31,8740.816410461775,19478.218412004935,19033.337498999997,51584.722698,27774.153909461773,119857.95774,124919.82762699999,False,False,True,False,unsupported: historical tool/proxy targets; repaired atomic/native/lifecycle targets not calibrated
assignment-case-v1:5ae1be7f68d7dc9579a8cbcf285d48e393225969102a72310093227bfa9a834f,django__django-15098,2,30,31,8038.033794577132,6718.187893995491,19162.8857395,39677.157453,27200.919534077133,91561.93899,125168.74167399999,False,False,False,False,unsupported: historical tool/proxy targets; repaired atomic/native/lifecycle targets not calibrated
assignment-case-v1:5b375dfc5f3cbfae29bc5fb3e3e844681060c7eb9a7cbdb83d28653ee17cee0d,django__django-14580,1,30,31,7896.861853310838,8388.599872989289,19076.611453,53097.420074999995,26973.47330631084,131649.025795,124452.596539,False,False,True,False,unsupported: historical tool/proxy targets; repaired atomic/native/lifecycle targets not calibrated
assignment-case-v1:5be2c10ef9a810bae9039f2d3582ebd1339f3ef86dc4229f35fc492ae6f75c93,django__django-13346,0,24,24,4437.79339296816,14437.529809983971,14816.162184,139403.872851,19253.95557696816,217272.674774,125970.234473,False,False,False,False,unsupported: historical tool/proxy targets; repaired atomic/native/lifecycle targets not calibrated
assignment-case-v1:5be46863bb7bdf75d2bcf8682c7a94c0bbbb2c89ab606bd29209d722039b9756,sphinx-doc__sphinx-9367,0,10,11,2787.4493199888093,1837.115538015496,6790.741001,9789.480118000001,9578.19032098881,62690.236807,125970.234473,False,False,False,False,unsupported: historical tool/proxy targets; repaired atomic/native/lifecycle targets not calibrated
assignment-case-v1:5c14219541f8296d1e0671dd86b43d449488925d6f1cf8a9c3f7c1942bb30f05,django__django-16139,2,18,18,3845.358857577594,13223.490804994071,11126.836881000001,16872.243199,14972.195738577595,93562.675638,125168.74167399999,False,False,False,False,unsupported: historical tool/proxy targets; repaired atomic/native/lifecycle targets not calibrated
assignment-case-v1:5c3d240f1bb8ff23dba6b312ebcc4b1c0ea72cb019dec7f59948926f276e2b84,django__django-13568,2,30,31,7725.399811564785,8541.088562938967,19162.8857395,33292.728587,26888.285551064786,118060.563419,125168.74167399999,False,False,True,False,unsupported: historical tool/proxy targets; repaired atomic/native/lifecycle targets not calibrated
assignment-case-v1:5c45cf5cfecbffe997ccf7a4e0aa2c154396fad56b3746d71b6affc2f6eb1ae8,django__django-14011,3,30,31,9838.749701479173,12765.431562031154,19062.72243000001,62071.6836,28901.472131479182,135792.606666,124252.1253105,False,False,True,False,unsupported: historical tool/proxy targets; repaired atomic/native/lifecycle targets not calibrated
assignment-case-v1:5c5a0e285d5e81101e103952be5017aea69db638fd45ed31fc682b9b6580a659,sympy__sympy-23191,4,36,36,12499.087005513502,13768.887396960054,22103.230644000003,55338.40414400001,34602.317649513505,112813.626377,124919.82762699999,False,False,True,False,unsupported: historical tool/proxy targets; repaired atomic/native/lifecycle targets not calibrated
assignment-case-v1:5d4c0ee2b70e5e5709271a61789f5145f96d89af709f81659e56b03d92d8af12,sympy__sympy-19487,1,30,31,10032.153714306332,25696.251695990213,19076.611453,36200.938754,29108.765167306334,128582.427168,124452.596539,False,False,True,False,unsupported: historical tool/proxy targets; repaired atomic/native/lifecycle targets not calibrated
assignment-case-v1:5db23e43d36ba267b068c87f7a71bdbff6262e5ed56ea9b4a607cd69e4b40476,sympy__sympy-16450,2,30,31,7967.9811280511785,15018.307572012418,19162.8857395,34437.139177000005,27130.86686755118,103728.679343,125168.74167399999,False,False,True,False,unsupported: historical tool/proxy targets; repaired atomic/native/lifecycle targets not calibrated
assignment-case-v1:5dbe32d18b0a70f659393b7965497e0c1e3718f38bc8bc72db0841cac3514559,scikit-learn__scikit-learn-11578,0,30,31,9059.888176961977,20028.21952200611,19137.542820999995,56178.327239,28197.430997961972,169602.229941,125970.234473,False,False,False,False,unsupported: historical tool/proxy targets; repaired atomic/native/lifecycle targets not calibrated
assignment-case-v1:5de84268e5ec3f4000dcefb3c2b50dd51d8143799568980c1165bfe774bc6ae7,django__django-11422,1,22,22,5505.54684735107,8578.366342982918,13538.240385999998,40477.96885900001,19043.787233351068,126014.181232,124452.596539,False,False,True,False,unsupported: historical tool/proxy targets; repaired atomic/native/lifecycle targets not calibrated
assignment-case-v1:5e2f8a79a101d9605e5f970837b21ddb8c97927d73535cba8708eb8830d7810c,django__django-12774,1,30,31,7574.282237837906,30581.658117996994,19076.611453,61048.825062,26650.893690837907,146828.685257,124452.596539,False,False,True,False,unsupported: historical tool/proxy targets; repaired atomic/native/lifecycle targets not calibrated
assignment-case-v1:5e457c11c3bb9a945747cd925b465060768666501a2cde914a46658ade92fd77,django__django-13925,2,30,31,7807.003911049833,7967.640282062348,19162.8857395,42325.506129,26969.889650549834,104124.814246,125168.74167399999,False,False,True,False,unsupported: historical tool/proxy targets; repaired atomic/native/lifecycle targets not calibrated
assignment-case-v1:5e7dcac8f2047b5f3037aee1467a96facdc79350cf84aaa5bca9650288b0bf37,sympy__sympy-17655,2,30,31,9295.870648535129,12184.956620989396,19162.8857395,68652.585575,28458.75638803513,149381.984881,125168.74167399999,False,False,True,False,unsupported: historical tool/proxy targets; repaired atomic/native/lifecycle targets not calibrated
assignment-case-v1:5eaf5e44890b026902d439f2efde3618d4e01485de435b5b245fa400e68a42f1,django__django-10924,4,30,31,7505.827471462908,15042.012971000077,19033.337498999997,56295.395864,26539.164970462905,154534.275269,124919.82762699999,False,False,True,False,unsupported: historical tool/proxy targets; repaired atomic/native/lifecycle targets not calibrated
assignment-case-v1:5ed1a38653baedd52eb8c0d0c4e73330c548709a1e59230c5b08e708a671ccfb,sphinx-doc__sphinx-9591,0,30,31,6792.006923466033,6458.954295972944,19137.542820999995,33915.244146,25929.54974446603,88636.004425,125970.234473,False,False,False,False,unsupported: historical tool/proxy targets; repaired atomic/native/lifecycle targets not calibrated
assignment-case-v1:5f0c70caa22a3809a59116855fd5d4ca44fba8e33f1f42acf09c24507087cf83,pylint-dev__pylint-7080,0,30,31,6309.999454962963,23746.160102949943,19137.542820999995,42699.437118999995,25447.54227596296,136516.902216,125970.234473,False,False,True,False,unsupported: historical tool/proxy targets; repaired atomic/native/lifecycle targets not calibrated
assignment-case-v1:5f3d5680e7e706689c1361a07dd3128185a2de4868a627a833922f17a1a2541a,django__django-15569,0,30,31,9223.25210096642,10376.31967998459,19137.542820999995,38205.052508,28360.794921966415,122578.236035,125970.234473,False,False,True,False,unsupported: historical tool/proxy targets; repaired atomic/native/lifecycle targets not calibrated
assignment-case-v1:5f48890d11aca76b33783bd13fa7296c21159fb29942efad506dfe73a9df7cb3,django__django-11555,4,30,31,5317.201122417828,5839.4350779708475,19033.337498999997,43530.21792999999,24350.538621417825,114148.547315,124919.82762699999,False,False,True,False,unsupported: historical tool/proxy targets; repaired atomic/native/lifecycle targets not calibrated
assignment-case-v1:607e6a8468d56ea61bdcb76ec9e3d7a4ec9b34e4be19318a96804302dea17e23,pydata__xarray-4629,1,25,25,10157.640227873344,44051.03737399622,15384.364074999996,32830.902436000004,25542.00430287334,218814.481329,124452.596539,False,False,False,False,unsupported: historical tool/proxy targets; repaired atomic/native/lifecycle targets not calibrated
assignment-case-v1:60accdfaf6789e4f698fc2fdac46bf58b4c049c46b65a014c20cb7148c24734e,pylint-dev__pylint-5859,2,30,31,9588.838855070208,11356.297172998893,19162.8857395,80106.17897100002,28751.72459457021,156576.884365,125168.74167399999,False,False,True,False,unsupported: historical tool/proxy targets; repaired atomic/native/lifecycle targets not calibrated
assignment-case-v1:60e30fec882ab25dfc48e8bacfe6f3d62d55d224c31cf9bc9eb461d52874f56e,django__django-15037,0,30,30,8276.45107592798,7573.692995880265,18520.202729999997,65844.665602,26796.653805927977,118560.274764,125970.234473,False,False,True,False,unsupported: historical tool/proxy targets; repaired atomic/native/lifecycle targets not calibrated
assignment-case-v1:6105f873eed7d1cce547061174c6ec0a1f2c6941d618862d0b9eef8737427925,sphinx-doc__sphinx-10325,0,10,11,1913.258781478362,1903.4752340812702,6790.741001,11349.499469,8703.999782478362,77509.454286,125970.234473,False,False,False,False,unsupported: historical tool/proxy targets; repaired atomic/native/lifecycle targets not calibrated
assignment-case-v1:613968df89222098c54cf6bc72d7eeed81207507864e949f206b28fa353ae405,django__django-11815,4,20,21,5364.640053954645,14698.905105007725,12893.551208999996,72679.012122,18258.191262954642,152421.953463,124919.82762699999,False,False,True,False,unsupported: historical tool/proxy targets; repaired atomic/native/lifecycle targets not calibrated
assignment-case-v1:6255d68ceb05ea01c28f2300625a25e944b884ae643cfcacfa31be03da96476e,django__django-13028,3,30,31,8950.705554070737,17225.223036046373,19062.72243000001,41698.442908,28013.427984070746,121267.618174,124252.1253105,False,False,True,False,unsupported: historical tool/proxy targets; repaired atomic/native/lifecycle targets not calibrated
assignment-case-v1:628eb43ce57c0cde844e8d3c2cf053f37ff3ec1007c31defa838dc66b7254468,sphinx-doc__sphinx-8474,0,17,17,3434.9603119862877,4532.815183076309,10494.781547,15383.816800999999,13929.741858986288,1094516.078083,125970.234473,False,False,False,False,unsupported: historical tool/proxy targets; repaired atomic/native/lifecycle targets not calibrated
assignment-case-v1:62a41b04d0e3c1b15b4c6de77b6e4f97a40f83974d12e8c9b6d80d2da8df8306,sympy__sympy-13915,3,30,31,6830.204254549244,9676.25222901188,19062.72243000001,77241.297421,25892.926684549253,132834.647366,124252.1253105,False,False,True,False,unsupported: historical tool/proxy targets; repaired atomic/native/lifecycle targets not calibrated
assignment-case-v1:630fbda2df927a38dc93c70eff6e4d5ccc03b3107cb6e14fe3975bea20037206,sympy__sympy-23950,0,30,31,8002.440839478368,15681.76697997842,19137.542820999995,35813.60376,27139.983660478363,123653.083716,125970.234473,False,False,True,False,unsupported: historical tool/proxy targets; repaired atomic/native/lifecycle targets not calibrated
assignment-case-v1:6361c1f472d9eb1f48f253fd7e6968d3a966adbc7ed02df4b29d96b655aad62c,sympy__sympy-14317,1,30,31,5438.663168326457,7358.35533300633,19076.611453,25186.734546999996,24515.274621326458,103041.532799,124452.596539,False,False,True,False,unsupported: historical tool/proxy targets; repaired atomic/native/lifecycle targets not calibrated
assignment-case-v1:6375f2b7903b7be4e1b73a3e63324ad4a2d4e704c5f0b6698a5001600894af8b,django__django-17029,0,10,11,2328.3401774842787,14344.370897008048,6790.741001,12494.819043,9119.081178484279,70250.791808,125970.234473,False,False,False,False,unsupported: historical tool/proxy targets; repaired atomic/native/lifecycle targets not calibrated
assignment-case-v1:647b5d697fcad9b88dd5c4bbce133b935cc75373a9f19d2f0433823ccc1f6a0b,django__django-13658,3,30,31,12459.588629555583,8428.623661980964,19062.72243000001,44622.914493000004,31522.31105955559,101920.731132,124252.1253105,False,False,True,False,unsupported: historical tool/proxy targets; repaired atomic/native/lifecycle targets not calibrated
assignment-case-v1:64829b38be6fa645f92a7d2a1ea27965d7283f8c9918058e7e6d70c915739f9a,sympy__sympy-12236,0,30,31,10366.927026450867,12371.399937008391,19137.542820999995,71894.58077,29504.469847450862,125493.457514,125970.234473,False,False,True,False,unsupported: historical tool/proxy targets; repaired atomic/native/lifecycle targets not calibrated
assignment-case-v1:64929221fd5dfec1713e8b40bd068a43949bd00cc7ce15f53557ac394678fb5c,django__django-12708,4,30,30,7077.928945927852,25029.191656991316,18419.358869999996,44131.900892000005,25497.287815927848,117002.214371,124919.82762699999,False,False,True,False,unsupported: historical tool/proxy targets; repaired atomic/native/lifecycle targets not calibrated
assignment-case-v1:655604436d538bff15739674e9a0c01f57d71b6f12e0e1e8013314d49743489b,django__django-15467,1,30,31,8724.25115036458,16843.56133898109,19076.611453,66281.88266999999,27800.86260336458,127293.545056,124452.596539,False,False,True,False,unsupported: historical tool/proxy targets; repaired atomic/native/lifecycle targets not calibrated
assignment-case-v1:668150bc46c2f8e2ac4f8a3c53427dc5eaddfc95f377022aa288102cb8c9c6cd,scikit-learn__scikit-learn-25638,2,30,30,11962.231571073062,27198.485494001943,18544.728135,63390.52029899998,30506.959706073063,157043.916716,125168.74167399999,False,False,True,False,unsupported: historical tool/proxy targets; repaired atomic/native/lifecycle targets not calibrated
assignment-case-v1:66d58e4d9ad93654a2dbeddfdda279f4e086e00dc0438a36c5865b2f79e72bd2,sphinx-doc__sphinx-10325,0,29,31,6997.314695970999,5509.643035009503,19137.542820999995,31605.98984,26134.857516970995,78959.258133,125970.234473,False,False,False,False,unsupported: historical tool/proxy targets; repaired atomic/native/lifecycle targets not calibrated
assignment-case-v1:66f1f68cfb0625c9cbfb98d661c9510974eb589de2bfb2a8917ce01a1f609bea,django__django-13512,0,30,31,8697.383967934002,13417.379554972285,19137.542820999995,49411.322783,27834.926788933997,110099.898653,125970.234473,False,False,True,False,unsupported: historical tool/proxy targets; repaired atomic/native/lifecycle targets not calibrated
assignment-case-v1:671f7ab8bee84225af33ed758be788b6f56f02d3b2bdebd3055356139a55d743,django__django-15789,1,27,27,11438.893234342686,9354.22148397629,16615.113200999996,42175.520081,28054.006435342682,110496.830542,124452.596539,False,False,True,False,unsupported: historical tool/proxy targets; repaired atomic/native/lifecycle targets not calibrated
assignment-case-v1:6731fd6cf04798649ac4d1730a2dd8bc9d4791bd7e576bc34a0cd2eb09ff8866,django__django-15554,0,30,31,6035.052953000559,7185.821361017588,19137.542820999995,33392.803411999994,25172.595774000554,103324.486109,125970.234473,False,False,True,False,unsupported: historical tool/proxy targets; repaired atomic/native/lifecycle targets not calibrated
assignment-case-v1:67bb54a9bf4b08a87f91b69f97a34d6b3ea4c2e49619aeb4eec919c6b3d58d78,scikit-learn__scikit-learn-13439,0,33,33,12087.768590932683,52008.294961968204,20372.223002999992,36253.004676,32459.991593932675,165169.505358,125970.234473,False,False,True,False,unsupported: historical tool/proxy targets; repaired atomic/native/lifecycle targets not calibrated
assignment-case-v1:67da2a0809a31ffbc2a84f55268a1f9caeb8f01497d6014094b46e7fef1f019f,sympy__sympy-16792,1,30,31,8298.10867078777,21391.293776003295,19076.611453,46159.287184,27374.72012378777,119950.897132,124452.596539,False,False,True,False,unsupported: historical tool/proxy targets; repaired atomic/native/lifecycle targets not calibrated
assignment-case-v1:67eea6c14dd2f70aae50a187410eabb16398036f60c7480d53befbc15abb6abc,django__django-12113,4,21,21,6026.208311965092,46382.86846203846,12893.551208999996,27227.164196000005,18919.75952096509,232226.331645,124919.82762699999,False,False,False,False,unsupported: historical tool/proxy targets; repaired atomic/native/lifecycle targets not calibrated
assignment-case-v1:683ae5e2c0ab785fb2c7f8d83b3bbc4b2b26fdc468ebdcb1e245cce1432a2cd9,django__django-13658,3,30,31,12459.588629555583,10519.803763010714,19062.72243000001,44368.684154999995,31522.31105955559,122462.890201,124252.1253105,False,False,True,False,unsupported: historical tool/proxy targets; repaired atomic/native/lifecycle targets not calibrated
assignment-case-v1:68442e8f5b5b4b7f0657dca5e0e7d895052d574eb1eac2439388ba801d6ed26d,django__django-16527,4,27,27,8904.918203468696,15748.616869008401,16577.422982999993,56224.433355999994,25482.34118646869,136375.904129,124919.82762699999,False,False,True,False,unsupported: historical tool/proxy targets; repaired atomic/native/lifecycle targets not calibrated
assignment-case-v1:688b982a4a6c5848ae1bfdac9a3e5d2ed58a37d74201e4da95a0f3cb76dc2e44,pytest-dev__pytest-7571,2,30,31,7626.021280131681,12602.459547051694,19162.8857395,43146.874089000004,26788.907019631682,146344.047745,125168.74167399999,False,False,True,False,unsupported: historical tool/proxy targets; repaired atomic/native/lifecycle targets not calibrated
assignment-case-v1:68a62dbb984335b3bb6f4f920945d27c5289c14888b83b2cf93ce416e47720df,sphinx-doc__sphinx-8627,2,30,31,7804.492603541803,9827.227341986145,19162.8857395,37825.457860999995,26967.378343041804,135250.49296,125168.74167399999,False,False,True,False,unsupported: historical tool/proxy targets; repaired atomic/native/lifecycle targets not calibrated
assignment-case-v1:68c2a0295dd4fd15f2e525afe07428e6fad89dc8ffdd8e85b5cb0c70825dd9e0,pytest-dev__pytest-11143,1,28,28,13781.653006270062,16139.414839999517,17230.487763999998,41847.424422000004,31012.14077027006,137275.233559,124452.596539,False,False,True,False,unsupported: historical tool/proxy targets; repaired atomic/native/lifecycle targets not calibrated
assignment-case-v1:699ba410e683bee9c424ba0dd0b6fa3ad20f4e72e9f75abec05ace2204309905,django__django-16454,1,30,31,11136.573044306715,70763.1395640201,19076.611453,42084.659590999996,30213.184497306716,258995.856212,124452.596539,False,False,False,False,unsupported: historical tool/proxy targets; repaired atomic/native/lifecycle targets not calibrated
assignment-case-v1:69aa1902d7a1890ae0642b3c5cc928a359aabf2a4db961c076f712f8e9560c84,pylint-dev__pylint-7080,0,30,31,6309.999454962963,36653.19346100296,19137.542820999995,35595.995315,25447.54227596296,168149.549377,125970.234473,False,False,False,False,unsupported: historical tool/proxy targets; repaired atomic/native/lifecycle targets not calibrated
assignment-case-v1:69c649001031fca9d5e35d301db93125e9e6fc9844309e022446f34e4e74bd23,sympy__sympy-23191,4,10,11,1946.0877849833196,1949.7363989939913,6753.764919000001,6263.915842,8699.85270398332,51920.753879,124919.82762699999,True,False,False,False,unsupported: historical tool/proxy targets; repaired atomic/native/lifecycle targets not calibrated
assignment-case-v1:69e1378ddb0df9eefaa1253dc19a3d7cab4f90c760fbeeadbe66cf35ab641d02,pylint-dev__pylint-7114,0,30,31,8693.896069944458,70052.32895399968,19137.542820999995,36444.69155199999,27831.438890944453,166206.079688,125970.234473,False,False,True,False,unsupported: historical tool/proxy targets; repaired atomic/native/lifecycle targets not calibrated
assignment-case-v1:6a31ab633c7322a10bdc867ae475dc09e8df19d6f1e1abe288d89b554cbc1ea0,django__django-12304,2,30,31,9140.214496595945,10027.56244399643,19162.8857395,81617.34545600001,28303.100236095946,156953.716266,125168.74167399999,False,False,True,False,unsupported: historical tool/proxy targets; repaired atomic/native/lifecycle targets not calibrated
assignment-case-v1:6a3be302569fd364281e205bb9f8d0da7c55cdd453433ce9033464af88c10dfd,sympy__sympy-22456,2,30,31,7599.483666002925,7125.513552047778,19162.8857395,42887.890611999996,26762.369405502926,88186.063588,125168.74167399999,False,False,False,False,unsupported: historical tool/proxy targets; repaired atomic/native/lifecycle targets not calibrated
assignment-case-v1:6a678b8051db1d7a4278aab018a4f30a1b3fa202cee085a80d1b57413c390f3a,matplotlib__matplotlib-23562,1,30,31,11981.577013382775,58153.54086999287,19076.611453,53050.126275999995,31058.188466382777,170431.524352,124452.596539,False,False,False,False,unsupported: historical tool/proxy targets; repaired atomic/native/lifecycle targets not calibrated
assignment-case-v1:6a9e3d61d94cfd54bee06859dbde5528221601a3c1c156c5a3d6e26fdec0c23d,django__django-13660,4,30,31,12274.39813001547,9716.27429200089,19033.337498999997,45008.115631,31307.735629015468,107805.077776,124919.82762699999,False,False,True,False,unsupported: historical tool/proxy targets; repaired atomic/native/lifecycle targets not calibrated
assignment-case-v1:6ac5ec167c205e5cab367eceafd1f82bc2d7b9736b8556e1bab961c226019dad,pydata__xarray-4493,2,30,31,5689.427721472384,8304.83366203407,19162.8857395,31546.788878000003,24852.313460972386,95158.11497,125168.74167399999,False,False,False,False,unsupported: historical tool/proxy targets; repaired atomic/native/lifecycle targets not calibrated
assignment-case-v1:6afc0bc58cefe7c58b07382179dcee4d72235641cd1de82618c7e00b450c07a4,matplotlib__matplotlib-22835,0,30,31,8225.010884969379,38134.148953995464,19137.542820999995,42162.390507000004,27362.553705969374,190227.711393,125970.234473,False,False,False,False,unsupported: historical tool/proxy targets; repaired atomic/native/lifecycle targets not calibrated
assignment-case-v1:6b9b47fed4cc6bfb00a0fe2504c0b1fab2cf1804d6b3671387e823537ce765e5,django__django-13658,3,31,31,13114.917314058403,9938.710751994222,19062.72243000001,48359.86363700001,32177.63974405841,116294.249298,124252.1253105,False,False,True,False,unsupported: historical tool/proxy targets; repaired atomic/native/lifecycle targets not calibrated
assignment-case-v1:6ba199ef7dbc43b7d722dcb38e939796ae4f66df0d09cbcc1c9cb501a653df2d,django__django-11163,3,30,31,10341.618024560375,17289.908844963065,19062.72243000001,46342.19833799999,29404.340454560384,125970.234473,124252.1253105,False,False,True,False,unsupported: historical tool/proxy targets; repaired atomic/native/lifecycle targets not calibrated
assignment-case-v1:6c61bb8347725605226a8c35f78e5e6aeb14e7d369d11791c7e981c63c6f5c8b,astropy__astropy-6938,2,20,21,5045.826945053705,6767.3222010198515,12981.309694500002,35196.357355,18027.136639553704,93281.662831,125168.74167399999,False,False,False,False,unsupported: historical tool/proxy targets; repaired atomic/native/lifecycle targets not calibrated
assignment-case-v1:6d95506676e4a041ded9bf0de18fd28ba3d198561d05dc7afcfaecd40a6f9e27,sympy__sympy-22456,2,30,31,9670.706878030614,8634.658175993536,19162.8857395,44352.46033600001,28833.592617530616,94027.435397,125168.74167399999,False,False,False,False,unsupported: historical tool/proxy targets; repaired atomic/native/lifecycle targets not calibrated
assignment-case-v1:6db55bbde94c6855c56154207749b517dd88d6430f6faa9cf053fa2775dfa36c,django__django-12286,0,30,31,9601.754811457795,6741.821621013514,19137.542820999995,71302.650033,28739.29763245779,130796.135215,125970.234473,False,False,True,False,unsupported: historical tool/proxy targets; repaired atomic/native/lifecycle targets not calibrated
assignment-case-v1:6e4e07527475ed0ccce874dd3988449464ab901a4257e858e981f819f76ff48b,django__django-12050,0,30,31,9238.236538471028,19374.395361999632,19137.542820999995,46635.340662,28375.779359471024,119564.822553,125970.234473,False,False,True,False,unsupported: historical tool/proxy targets; repaired atomic/native/lifecycle targets not calibrated
assignment-case-v1:6eaa0843d9869c3a3e4daba0d6f9a507ac21cfacaf47d98dbf9aa740611213e6,django__django-16408,4,30,31,7520.330765471954,19999.966477007547,19033.337498999997,32762.465294,26553.66826447195,123662.089923,124919.82762699999,False,False,True,False,unsupported: historical tool/proxy targets; repaired atomic/native/lifecycle targets not calibrated
assignment-case-v1:6f3e6cbdff25652feb2b502582d2e3182696c8987ab50cadaf6d96ad69ceb76e,django__django-11095,0,30,31,10110.503095438617,15495.270849998633,19137.542820999995,54405.049377,29248.045916438612,164915.917804,125970.234473,False,False,True,False,unsupported: historical tool/proxy targets; repaired atomic/native/lifecycle targets not calibrated
assignment-case-v1:6f47a74048cf7e1ad3969ccbbab7da735e0e157a79d2f33dfbf005cec692e2b7,sympy__sympy-13091,1,30,31,7029.3829518595885,9297.834341909038,19076.611453,35990.335422000004,26105.99440485959,94327.998893,124452.596539,False,False,False,False,unsupported: historical tool/proxy targets; repaired atomic/native/lifecycle targets not calibrated
assignment-case-v1:6f52eb98afd78ac2f762b7e6def8a54a840e0758c71e393cdd165e1b08d7b251,pydata__xarray-4493,2,20,21,3395.843040480031,3237.219936971087,12981.309694500002,12315.875724000001,16377.152734980033,57898.185043,125168.74167399999,True,False,False,False,unsupported: historical tool/proxy targets; repaired atomic/native/lifecycle targets not calibrated
assignment-case-v1:6fca391a1ae20c88afc410322737149a9aaa4b3d5ef665fe20b82cdbd7566e83,sympy__sympy-11400,1,30,31,8578.716023817833,8648.099667014321,19076.611453,42059.449702,27655.327476817834,98892.882283,124452.596539,False,False,False,False,unsupported: historical tool/proxy targets; repaired atomic/native/lifecycle targets not calibrated
assignment-case-v1:708aaa35f709abdf123885446da7f705fbaabc2899256c3b5f8538ce95afaf53,django__django-11820,0,30,31,8886.5372854616,46489.74224799167,19137.542820999995,35764.219317,28024.080106461595,149724.061861,125970.234473,False,False,True,False,unsupported: historical tool/proxy targets; repaired atomic/native/lifecycle targets not calibrated
assignment-case-v1:71e5dfccdfb62d34bdb61f7b3c43cd50e32e594f5c04b49bfe29ddb0ea093094,pytest-dev__pytest-5221,1,30,31,13053.080908732227,12597.048395000456,19076.611453,36595.387313,32129.692361732228,147617.10302,124452.596539,False,False,True,False,unsupported: historical tool/proxy targets; repaired atomic/native/lifecycle targets not calibrated
assignment-case-v1:72138f86695117328feb1f648dff72a3b05416c9aa82f508d715af2353e7321f,django__django-16631,1,30,31,7978.13582132585,7916.988659002527,19076.611453,66213.66236899998,27054.74727432585,120502.599167,124452.596539,False,False,True,False,unsupported: historical tool/proxy targets; repaired atomic/native/lifecycle targets not calibrated
assignment-case-v1:724da2b59948e411bd787005d73cc43039d495d52d03bcc5944455804c35c95a,astropy__astropy-6938,2,30,30,10082.097784088546,26538.004167057807,18544.728135,45968.247748999995,28626.825919088547,228613.31327,125168.74167399999,False,False,False,False,unsupported: historical tool/proxy targets; repaired atomic/native/lifecycle targets not calibrated
assignment-case-v1:725509c8de715e2420b73c4d48ebcae82c75def6c68b8a40414305406f59d4cf,sphinx-doc__sphinx-8459,4,30,31,6200.727604920758,7575.395038991701,19033.337498999997,31938.565875000004,25234.065103920755,83256.509863,124919.82762699999,False,False,False,False,unsupported: historical tool/proxy targets; repaired atomic/native/lifecycle targets not calibrated
assignment-case-v1:727a6819557867f793a8766a8aa3d649d889d1d02245ada81636cf4f4ace02e8,django__django-15629,2,30,31,5603.842360565977,6773.044777015457,19162.8857395,24584.25632400001,24766.72810006598,96641.722344,125168.74167399999,False,False,False,False,unsupported: historical tool/proxy targets; repaired atomic/native/lifecycle targets not calibrated
assignment-case-v1:729107455469616282318e67e6e6125408f3cf28964cd048f9c800ce02e69a7e,psf__requests-1766,4,27,27,9957.070771006329,13776.403145981021,16577.422982999993,45506.954687,26534.493754006322,168406.072377,124919.82762699999,False,False,False,False,unsupported: historical tool/proxy targets; repaired atomic/native/lifecycle targets not calibrated
assignment-case-v1:72ddadd96242d4e3e6e6629904266a033fae1eb359410313a26ff3a66dacf13e,sphinx-doc__sphinx-9281,2,29,29,9434.53302359012,13484.607731021242,17926.5705305,33380.431654,27361.10355409012,92663.963721,125168.74167399999,False,False,False,False,unsupported: historical tool/proxy targets; repaired atomic/native/lifecycle targets not calibrated
assignment-case-v1:730a630220c7d92b269ec1cbd855c688941c1b7cb4a307cf29710547e2aba432,django__django-16256,4,17,17,2993.3222924664733,14112.687848013593,10437.636692999999,12712.840573,13430.958985466472,1068478.22039,124919.82762699999,False,False,False,False,unsupported: historical tool/proxy targets; repaired atomic/native/lifecycle targets not calibrated
assignment-case-v1:73145a632583a980e5f9cf93d03bb838415ec0f10ba57a6750999e41402a78da,pytest-dev__pytest-7521,3,30,31,14427.30618398491,37391.803152044304,19062.72243000001,42926.401522,33490.02861398492,152169.567093,124252.1253105,False,False,True,False,unsupported: historical tool/proxy targets; repaired atomic/native/lifecycle targets not calibrated
assignment-case-v1:7321df8d4478b55817393a2201fdfbf9dafcfab67d199557ffcaedf847bebe9b,django__django-13658,3,30,31,12459.588629555583,8499.839782009076,19062.72243000001,45463.446601,31522.31105955559,111223.838621,124252.1253105,False,False,True,False,unsupported: historical tool/proxy targets; repaired atomic/native/lifecycle targets not calibrated
assignment-case-v1:73709d4c81bf9efa3ad27df6f9c76c7d99e5772d954b143de7002d05b54229d9,psf__requests-863,1,30,31,9845.12758031633,22434.007106006902,19076.611453,35982.92944800001,28921.73903331633,131823.217017,124452.596539,False,False,True,False,unsupported: historical tool/proxy targets; repaired atomic/native/lifecycle targets not calibrated
assignment-case-v1:7374c7c738edb2381a817a93387f5b08b1883936ab93756097d2ea6bb220870c,django__django-15320,4,30,31,9149.884635451599,6603.686350004864,19033.337498999997,47243.23911700001,28183.222134451597,105681.702011,124919.82762699999,False,False,True,False,unsupported: historical tool/proxy targets; repaired atomic/native/lifecycle targets not calibrated
assignment-case-v1:737b71a84a2b91169b9997cb650d5b4e55c8405329342de429c325292d1de50b,sphinx-doc__sphinx-8273,0,22,22,6231.46378844649,12716.50395708275,13581.482002,32293.665165000002,19812.94579044649,89288.141626,125970.234473,False,False,False,False,unsupported: historical tool/proxy targets; repaired atomic/native/lifecycle targets not calibrated
assignment-case-v1:7446d884a11b1d745610aefd7cf6c7b615c7fbba2f2474d2ebbf5465b758cd0e,django__django-15814,3,30,31,10109.35132251143,12298.772241014376,19062.72243000001,43788.002541999995,29172.07375251144,125244.263685,124252.1253105,False,False,True,False,unsupported: historical tool/proxy targets; repaired atomic/native/lifecycle targets not calibrated
assignment-case-v1:74f051bcbfef63e1589eae0d157bcc1d086d45d15dcc6dccc91a29ff8ecb9ba8,django__django-13568,2,30,31,7684.676799119188,9867.025345054572,19162.8857395,47826.07623100001,26847.56253861919,121145.021056,125168.74167399999,False,False,True,False,unsupported: historical tool/proxy targets; repaired atomic/native/lifecycle targets not calibrated
assignment-case-v1:751f2ce14ba414d86d57d18dc58c29ad822fe1b48959dbc7ee1d5c731517c389,sympy__sympy-17139,1,30,31,9247.662316312926,10088.743171072565,19076.611453,32715.787789999995,28324.273769312927,85485.495931,124452.596539,False,False,False,False,unsupported: historical tool/proxy targets; repaired atomic/native/lifecycle targets not calibrated
assignment-case-v1:752cd4703d4100506d1f9a5e65ca63fb2e5c5e150b27b3d6408a530e9d646ade,sphinx-doc__sphinx-7910,4,30,31,8778.234760915439,70280.57494799577,19033.337498999997,43886.808148000004,27811.572259915436,184969.765211,124919.82762699999,False,False,False,False,unsupported: historical tool/proxy targets; repaired atomic/native/lifecycle targets not calibrated
assignment-case-v1:752d581b0fe9d74ff1b242296dbba9941f6a9e6859006dfbb8eed0345c14cce4,django__django-14559,3,25,25,8361.986859517856,18353.150878974702,15373.163250000005,91638.057352,23735.15010951786,168568.338631,124252.1253105,False,False,False,False,unsupported: historical tool/proxy targets; repaired atomic/native/lifecycle targets not calibrated
assignment-case-v1:754d36daccfb28d1e7144059ccabe57bfd7b04cf7915759b6b7e3ae677e25306,matplotlib__matplotlib-23562,1,20,21,5871.573712873214,31446.08036100908,12922.865822999998,33959.08462,18794.439535873214,111940.274411,124452.596539,False,False,True,False,unsupported: historical tool/proxy targets; repaired atomic/native/lifecycle targets not calibrated
assignment-case-v1:7593042d206fe77eb7a942424ee401a14a443b6794284bb9ca63eb4cb076eb80,django__django-13810,4,30,31,7813.517881964799,6999.294126020686,19033.337498999997,55745.617803999994,26846.855380964796,124452.596539,124919.82762699999,False,False,True,False,unsupported: historical tool/proxy targets; repaired atomic/native/lifecycle targets not calibrated
assignment-case-v1:759de6632400ee62e8a781d754bf20a90280c9746b3d7958f478d36ef5ce3820,sympy__sympy-12419,3,30,31,7258.755844079133,13417.68324201621,19062.72243000001,29792.924706,26321.47827407914,100502.251598,124252.1253105,False,False,True,False,unsupported: historical tool/proxy targets; repaired atomic/native/lifecycle targets not calibrated
assignment-case-v1:75c5f71c9af1913d2f5d3d54988c84758aa81abb14ea8c280822342909718295,django__django-13658,3,30,31,9417.160103510469,7083.576345998154,19062.72243000001,37212.492386,28479.882533510478,113241.064424,124252.1253105,False,False,True,False,unsupported: historical tool/proxy targets; repaired atomic/native/lifecycle targets not calibrated
assignment-case-v1:779d23a6be1d6d065d893037b67ce08c7ddbecdee4814a79889ff9a604957104,django__django-11999,3,30,31,10233.349046566218,41561.17698100206,19062.72243000001,56390.27689099999,29296.071476566227,182244.210685,124252.1253105,False,False,False,False,unsupported: historical tool/proxy targets; repaired atomic/native/lifecycle targets not calibrated
assignment-case-v1:77d428ed98d5a118cd6e81c8693f3a45181e8bd21870a6b0bce11c278a0d9832,astropy__astropy-14995,4,20,20,7080.67684550042,52567.20611199853,12279.572579999996,34594.550148,19360.249425500417,121452.014845,124919.82762699999,False,False,True,False,unsupported: historical tool/proxy targets; repaired atomic/native/lifecycle targets not calibrated
assignment-case-v1:7861eccebbc54b8383894a3ddb5f92399afeee80793af8ebd112dbfe884bf480,matplotlib__matplotlib-24265,4,30,31,7050.391051416227,11793.794084012916,19033.337498999997,32092.986860000005,26083.728550416225,133911.126413,124919.82762699999,False,False,True,False,unsupported: historical tool/proxy targets; repaired atomic/native/lifecycle targets not calibrated
assignment-case-v1:78c6f0d8db5c949a9cb2f9b630fe843ab536412430b6adf9d68c88d7a3fee1a4,sphinx-doc__sphinx-9367,0,25,25,9549.393000961572,7194.917366898153,15433.502275,34790.87240200001,24982.89527596157,91190.687905,125970.234473,False,False,False,False,unsupported: historical tool/proxy targets; repaired atomic/native/lifecycle targets not calibrated
assignment-case-v1:78dfd845f9ab6df5e4c351011de700c65497afe87d8348370b41bbb1066da066,matplotlib__matplotlib-25332,2,30,31,7348.472852037958,32867.85092801438,19162.8857395,41723.24464399999,26511.35859153796,136028.326364,125168.74167399999,False,False,True,False,unsupported: historical tool/proxy targets; repaired atomic/native/lifecycle targets not calibrated
assignment-case-v1:78e12fa9ff4067664f162a63af390cc44857f988a954f0abe118661b11bda92c,django__django-15268,4,30,30,7287.358074943768,22103.409174073022,18419.358869999996,56654.670723,25706.716944943764,143634.492667,124919.82762699999,False,False,True,False,unsupported: historical tool/proxy targets; repaired atomic/native/lifecycle targets not calibrated
assignment-case-v1:7a302ad31c3fdc416152a8a7f5dbdd89361c83e0d4ea0d51d87723daa05da37f,astropy__astropy-13977,4,30,31,9188.011685002493,15826.748227016651,19033.337498999997,41482.38070099999,28221.34918400249,103176.548518,124919.82762699999,False,False,True,False,unsupported: historical tool/proxy targets; repaired atomic/native/lifecycle targets not calibrated
assignment-case-v1:7a8b0ae526e799cdc918901f093ec0399ee66f831ac6c955e01af4b31d847ebb,django__django-13568,2,30,31,8741.387802589088,7666.798163976637,19162.8857395,64023.891041,27904.27354208909,112894.15653,125168.74167399999,False,False,True,False,unsupported: historical tool/proxy targets; repaired atomic/native/lifecycle targets not calibrated
assignment-case-v1:7b0fd653d6efc58a8a6a41d8572839c8f0d2b7e2eb86b54f97f789fcaefb300f,scikit-learn__scikit-learn-10508,1,28,28,10788.954090348852,72709.13621399814,17230.487763999998,37220.916556,28019.44185434885,156685.21341,124452.596539,False,False,True,False,unsupported: historical tool/proxy targets; repaired atomic/native/lifecycle targets not calibrated
assignment-case-v1:7c03ea9d98aab1f10d26faeb80cd5bed0d8cef9d760e52bfd787de72f88d873b,astropy__astropy-13579,1,13,13,2890.398104391352,3685.1811319647823,7999.869319000003,14456.442065,10890.267423391355,1099796.57475,124452.596539,False,False,False,False,unsupported: historical tool/proxy targets; repaired atomic/native/lifecycle targets not calibrated
assignment-case-v1:7c0b0d0c26f8a879fb4b3dd8b37af6bd84c0c42b49ac4e490638a44fcc52b911,scikit-learn__scikit-learn-13439,0,30,31,9705.631962939151,48525.86479391903,19137.542820999995,32404.543548000005,28843.174783939146,140191.796906,125970.234473,False,False,True,False,unsupported: historical tool/proxy targets; repaired atomic/native/lifecycle targets not calibrated
assignment-case-v1:7c12db5dafc1b018890a94aed02102b48c68bc05f02bb6e18d5397399bd7db70,sphinx-doc__sphinx-9367,0,20,21,7178.898118470897,34946.791113012296,12964.141911,22643.637383999998,20143.040029470896,94694.999513,125970.234473,False,False,False,False,unsupported: historical tool/proxy targets; repaired atomic/native/lifecycle targets not calibrated
assignment-case-v1:7c15611096a9b9205aa24f487bce0aff40a4b51632a2b50aa0753d3e7d6772e2,django__django-13568,2,20,21,5270.837913571086,6590.101305991993,12981.309694500002,22086.598003000003,18252.147608071085,82561.306898,125168.74167399999,False,False,False,False,unsupported: historical tool/proxy targets; repaired atomic/native/lifecycle targets not calibrated
assignment-case-v1:7de36729e82d6fcd3c7a51a17372a3f41293c46c82410cdf93391fbef647e331,matplotlib__matplotlib-23562,1,30,31,10185.3078633103,47173.96670700691,19076.611453,52457.036912,29261.9193163103,161951.445348,124452.596539,False,False,True,False,unsupported: historical tool/proxy targets; repaired atomic/native/lifecycle targets not calibrated
assignment-case-v1:7e391de89309f2f9bf59b370a1cc5716924a79fe7d1655c05784baf8019527d6,django__django-17029,0,27,27,10366.777051451209,26359.68226398836,16668.182457000003,49725.866926,27034.95950845121,133147.951582,125970.234473,False,False,True,False,unsupported: historical tool/proxy targets; repaired atomic/native/lifecycle targets not calibrated
assignment-case-v1:7ebb25d7fde0c08f5ba33c0e407cfb9b854992bdb3efa496fd8323e82f9d7874,sphinx-doc__sphinx-10451,0,27,27,7277.408346470111,8420.783177978592,16668.182457000003,54725.100470000005,23945.590803470113,1159805.41822,125970.234473,False,False,False,False,unsupported: historical tool/proxy targets; repaired atomic/native/lifecycle targets not calibrated
assignment-case-v1:7ed6a368f99faf10820b9749d59406f88510a2fb9296ef78549f184906729f0f,django__django-14017,0,30,31,8250.702557474142,7234.612835003645,19137.542820999995,52430.047168000005,27388.245378474137,117493.680052,125970.234473,False,False,True,False,unsupported: historical tool/proxy targets; repaired atomic/native/lifecycle targets not calibrated
assignment-case-v1:7f096b783a76d0a551addb4fc63b32f868139c79804a3871eff43f732995d4c3,pytest-dev__pytest-6202,3,30,31,14152.440486010164,9756.357165868394,19062.72243000001,38643.044019,33215.16291601017,109960.028814,124252.1253105,False,False,True,False,unsupported: historical tool/proxy targets; repaired atomic/native/lifecycle targets not calibrated
assignment-case-v1:7f8c7e9c4075be3456d433ad283adbd24cae1c6970ac47f5f207a3ab20f94e9e,scikit-learn__scikit-learn-14053,4,30,31,11507.062102507916,15579.512920958223,19033.337498999997,61924.853206000014,30540.399601507914,126087.46742,124919.82762699999,False,False,True,False,unsupported: historical tool/proxy targets; repaired atomic/native/lifecycle targets not calibrated
assignment-case-v1:7f91eba309be5c4cad96d8da4e89131503b0a5ffba5863509a23819c115573b5,django__django-10973,0,30,31,11464.592054429886,47463.95378798479,19137.542820999995,62370.84376199999,30602.13487542988,180012.119023,125970.234473,False,False,False,False,unsupported: historical tool/proxy targets; repaired atomic/native/lifecycle targets not calibrated
assignment-case-v1:7fa2c8bdcdd4ecf63bd3e236376a2d6563f0f174eda7aff3f9db28d2a056ba00,django__django-13658,3,31,31,13114.917314058403,10351.920534987585,19062.72243000001,45369.611773,32177.63974405841,111209.556751,124252.1253105,False,False,True,False,unsupported: historical tool/proxy targets; repaired atomic/native/lifecycle targets not calibrated
assignment-case-v1:80fb0d2acf1dc547db524d1eec160db9efc0a36bc92d049937c9661a2b117cfe,django__django-16256,4,30,31,7025.038841458809,16107.646407013817,19033.337498999997,44333.026857000004,26058.376340458806,103985.259859,124919.82762699999,False,False,True,False,unsupported: historical tool/proxy targets; repaired atomic/native/lifecycle targets not calibrated
assignment-case-v1:810d4c05bacc24cf10d172fbdc02e5c271273e2ceb5993c13fa2640e839a5164,django__django-15498,1,30,31,9017.385993305652,36782.42244300782,19076.611453,46040.913257,28093.997446305653,239558.475353,124452.596539,False,False,False,False,unsupported: historical tool/proxy targets; repaired atomic/native/lifecycle targets not calibrated
assignment-case-v1:811de7a9c07cfb18d7bd7231b668166f98d5f887be09c7fbc9c8a6a155fc14d7,django__django-13406,0,30,31,4762.161968017608,13653.916605937411,19137.542820999995,58538.092658,23899.704789017604,152705.255355,125970.234473,False,False,True,False,unsupported: historical tool/proxy targets; repaired atomic/native/lifecycle targets not calibrated
assignment-case-v1:8138f5ea96be022e3455871d828a7e86854214ed72a88e88c5143229eff164fc,django__django-13109,2,30,31,10533.385696111509,17362.118701043073,19162.8857395,67538.54712300001,29696.27143561151,175620.361988,125168.74167399999,False,False,False,False,unsupported: historical tool/proxy targets; repaired atomic/native/lifecycle targets not calibrated
assignment-case-v1:817603479dd48aeea5b7295b83588ce5d410d0decd5a2a8206a2ccb656da413b,django__django-11620,4,30,31,7834.167292945494,54863.63133998384,19033.337498999997,31251.754108999994,26867.504791945492,167165.078752,124919.82762699999,False,False,False,False,unsupported: historical tool/proxy targets; repaired atomic/native/lifecycle targets not calibrated
assignment-case-v1:820253cf4198d82d5167a7d9302218c57e81e3732ba36c4bf99f98509ad75ba4,scikit-learn__scikit-learn-13584,4,30,31,8216.356852473837,11296.90915201354,19033.337498999997,37852.663323,27249.694351473834,101304.027272,124919.82762699999,False,False,True,False,unsupported: historical tool/proxy targets; repaired atomic/native/lifecycle targets not calibrated
assignment-case-v1:829dc8f59edb08b21e3941770285f542faadcddd490b228b1b41bd1537501797,sympy__sympy-20916,2,29,29,10486.643333078973,19054.74502700963,17926.5705305,57142.844930999985,28413.213863578974,123351.162461,125168.74167399999,False,False,True,False,unsupported: historical tool/proxy targets; repaired atomic/native/lifecycle targets not calibrated
assignment-case-v1:8324403bf4ab42db38a4237a3e683ac5b256e4800f3fef9af8fd20c1ed787179,django__django-16256,4,30,31,7012.866355946244,23964.94229104428,19033.337498999997,63389.77021600001,26046.20385494624,136024.297758,124919.82762699999,False,False,True,False,unsupported: historical tool/proxy targets; repaired atomic/native/lifecycle targets not calibrated
assignment-case-v1:83e587a9e248708fdb6a70ff1871bfa7da672a9c1d52fe94e4feb07d11866a14,django__django-12193,0,30,31,9984.404367462048,21923.520676005865,19137.542820999995,63677.37517600001,29121.947188462043,142228.10097,125970.234473,False,False,True,False,unsupported: historical tool/proxy targets; repaired atomic/native/lifecycle targets not calibrated
assignment-case-v1:8424aa289ec3060d1bb39eb55b9d375c3eaa1c4b89ad6ff40bd2c1e204af31ff,matplotlib__matplotlib-23563,0,30,31,6737.686856469736,10626.816651012632,19137.542820999995,39656.111863,25875.22967746973,147838.739414,125970.234473,False,False,True,False,unsupported: historical tool/proxy targets; repaired atomic/native/lifecycle targets not calibrated
assignment-case-v1:843a5d2960de51cdf8f46c9cb42421ca056c45f4cac99c1e75690e9f0552e0b0,django__django-11815,4,30,31,10690.165847474418,8972.241616982501,19033.337498999997,79923.11150999999,29723.503346474416,133467.136693,124919.82762699999,False,False,True,False,unsupported: historical tool/proxy targets; repaired atomic/native/lifecycle targets not calibrated
assignment-case-v1:84429f015ecb5abef50035f50ba3898afaacaa101013195d4d56bc033d4ccfe2,sphinx-doc__sphinx-10325,0,20,21,4616.735198971583,4505.49449000755,12964.141911,27968.654359999997,17580.87710997158,73548.068766,125970.234473,False,False,False,False,unsupported: historical tool/proxy targets; repaired atomic/native/lifecycle targets not calibrated
assignment-case-v1:8473ef81f2d455f5d8c5eb5d52c83e3732e83768a0b56395142f9049f41d07ee,django__django-15103,1,29,31,11834.836989393807,10301.046100983513,19076.611453,93556.81818599999,30911.44844239381,156191.456906,124452.596539,False,False,True,False,unsupported: historical tool/proxy targets; repaired atomic/native/lifecycle targets not calibrated
assignment-case-v1:84b8daeba802044ab5f53e985859a8323f6a3e5cd57d105ab13a257df1a0ad68,django__django-11299,2,30,31,5914.855989582065,6107.871612002782,19162.8857395,34093.989933,25077.741729082067,93903.157627,125168.74167399999,False,False,False,False,unsupported: historical tool/proxy targets; repaired atomic/native/lifecycle targets not calibrated
assignment-case-v1:84cd06ec58b90cb6d62e69d4b020d8bd0e6bf83a81c01c049d1ce7d8113de7e9,mwaskom__seaborn-3407,4,30,31,7876.3561279974965,17395.683194987214,19033.337498999997,39301.942279,26909.693626997494,172018.815598,124919.82762699999,False,False,False,False,unsupported: historical tool/proxy targets; repaired atomic/native/lifecycle targets not calibrated
assignment-case-v1:853bb880ec5d64cf0ef48943bfba758a6655331b7c64a00dff4f14d58b2c6fd5,matplotlib__matplotlib-13989,3,30,31,10126.198927042424,17494.589538990112,19062.72243000001,39699.946842,29188.921357042433,109400.428499,124252.1253105,False,False,True,False,unsupported: historical tool/proxy targets; repaired atomic/native/lifecycle targets not calibrated
assignment-case-v1:85a80e46cd63390877eec84a78f638483c9eb421090a709d0309d7ce56b29aed,astropy__astropy-7166,4,30,31,12575.92138801192,17619.70674699478,19033.337498999997,55049.910564,31609.258887011918,134380.961956,124919.82762699999,False,False,True,False,unsupported: historical tool/proxy targets; repaired atomic/native/lifecycle targets not calibrated
assignment-case-v1:85e2abd9362f6c2da45926a8c246aadd68f7bf7be5685cdac677974956c83a17,scikit-learn__scikit-learn-9288,0,25,25,7720.182378447134,62958.86942691868,15433.502275,46640.75145300001,23153.684653447133,169725.899741,125970.234473,False,False,False,False,unsupported: historical tool/proxy targets; repaired atomic/native/lifecycle targets not calibrated
assignment-case-v1:8615d49b6a879e9e445e6c6ec1d2dcc3cc3c960f6eb01453946b74e2c48ce22c,matplotlib__matplotlib-13989,3,10,11,1874.5384140056558,1954.9364989507012,6764.191829999998,6082.999851000001,8638.730244005654,46552.263749,124252.1253105,False,False,False,False,unsupported: historical tool/proxy targets; repaired atomic/native/lifecycle targets not calibrated
assignment-case-v1:86484410dbfedd5cab716cfd64c0f91e85a5841d96f2415a47d6f204f202d07b,scikit-learn__scikit-learn-13241,4,22,22,8920.089536000887,36668.73695999675,13507.529837999995,68468.62276,22427.619374000882,149353.670416,124919.82762699999,False,False,True,False,unsupported: historical tool/proxy targets; repaired atomic/native/lifecycle targets not calibrated
assignment-case-v1:864a256a48a264622da95f6ca73d18f64cbd452d1c4d4a6ce4980c8fd2e22191,django__django-15375,0,30,31,7507.923581939394,9398.07629401912,19137.542820999995,39063.772383,26645.46640293939,130572.987066,125970.234473,False,False,True,False,unsupported: historical tool/proxy targets; repaired atomic/native/lifecycle targets not calibrated
assignment-case-v1:8677ab341c3f62770459dabacbe96e5f22e910d7d0b1ba3344f17bc3df13ae2b,pallets__flask-4045,1,21,21,5289.039692397637,8727.645913986635,12922.865822999998,21065.579034000002,18211.905515397637,130138.912887,124452.596539,False,False,True,False,unsupported: historical tool/proxy targets; repaired atomic/native/lifecycle targets not calibrated
assignment-case-v1:8682b33e2a49a0927941e5b392c6102477695401f4edf383176a2e34e77be0c3,django__django-11119,1,30,31,11607.186658860883,77410.18457002065,19076.611453,61203.900112999996,30683.798111860884,194044.918137,124452.596539,False,False,False,False,unsupported: historical tool/proxy targets; repaired atomic/native/lifecycle targets not calibrated
assignment-case-v1:86d0f5c624bbc9511f2eac52f3343b06dd6dccc2fda42897fc0d3aadc9f2cb46,sphinx-doc__sphinx-8801,2,24,24,5701.624829081993,7788.1226030003745,14835.782508000002,37362.497147,20537.407337081997,121964.371015,125168.74167399999,False,False,True,False,unsupported: historical tool/proxy targets; repaired atomic/native/lifecycle targets not calibrated
assignment-case-v1:86fee15cbdfe22953b45508be8bd5b64d4c68c924eceac21ac6bc04a9f5807d5,sympy__sympy-22456,2,30,31,9670.706878030614,8461.757161887363,19162.8857395,48231.665239,28833.592617530616,97030.049381,125168.74167399999,False,False,False,False,unsupported: historical tool/proxy targets; repaired atomic/native/lifecycle targets not calibrated
assignment-case-v1:877b9c0d403fc2964fe818e2e715ecd07d3d00d285ecbdbad5f51004a64d66e9,sphinx-doc__sphinx-7738,0,30,31,6560.560698488189,8497.23122499563,19137.542820999995,32255.735392,25698.103519488184,100918.365894,125970.234473,False,False,True,False,unsupported: historical tool/proxy targets; repaired atomic/native/lifecycle targets not calibrated
assignment-case-v1:879033569cedd72ef09ebba4397ead58e7a2064500a8013155d2d1f6196f1f70,matplotlib__matplotlib-20488,4,30,31,7778.634745965974,77044.73032196984,19033.337498999997,47204.899111000006,26811.97224496597,169059.014656,124919.82762699999,False,False,False,False,unsupported: historical tool/proxy targets; repaired atomic/native/lifecycle targets not calibrated
assignment-case-v1:8795925182f26f46eb1dad480fe870f8bc5db7118257d817937edf84e1c66192,sphinx-doc__sphinx-10673,1,30,31,7868.077557312063,8258.920599007979,19076.611453,44025.13059500001,26944.689010312064,118011.297018,124452.596539,False,False,True,False,unsupported: historical tool/proxy targets; repaired atomic/native/lifecycle targets not calibrated
assignment-case-v1:87f3da37bf8635fb168a2a7796e58f47c874633d132175d01f41d2ca89da3e56,django__django-12741,3,30,31,8834.766064510404,21689.18238399783,19062.72243000001,38810.15688800001,27897.488494510413,138641.913062,124252.1253105,False,False,True,False,unsupported: historical tool/proxy targets; repaired atomic/native/lifecycle targets not calibrated
assignment-case-v1:87fd12b63af31c6868e10f5c4ae6cdbdc3183ba5c46e63683b2b8c4822df9d90,scikit-learn__scikit-learn-13584,4,30,31,9438.695508481032,19778.667484002654,19033.337498999997,36182.728303,28472.03300748103,99978.445087,124919.82762699999,False,False,True,False,unsupported: historical tool/proxy targets; repaired atomic/native/lifecycle targets not calibrated
assignment-case-v1:88429770977a9d0e314d166e228a5e2021abb28f5c80f68470f11bbf0826c77b,sympy__sympy-12096,3,30,31,11624.064789530166,15894.26838507643,19062.72243000001,45658.291348,30686.787219530175,119969.275227,124252.1253105,False,False,True,False,unsupported: historical tool/proxy targets; repaired atomic/native/lifecycle targets not calibrated
assignment-case-v1:884a53bcdccb8a4b1ef007c168aeca5f79a51ed365a92421b6b3cb814882d8b4,sympy__sympy-18698,4,21,21,4611.806473958495,5191.012875002343,12893.551208999996,32119.025996999997,17505.357682958493,75554.561079,124919.82762699999,False,False,False,False,unsupported: historical tool/proxy targets; repaired atomic/native/lifecycle targets not calibrated
assignment-case-v1:884ee9e19fd2ebb7b5f7036d7a84e84ffe87de9723106cb630cccdf4c10622ee,sympy__sympy-15875,3,30,31,9945.103747539179,17542.606681061443,19062.72243000001,49897.174934,29007.826177539187,106758.999174,124252.1253105,False,False,True,False,unsupported: historical tool/proxy targets; repaired atomic/native/lifecycle targets not calibrated
assignment-case-v1:889922001e480be910f19319983931574f3984c1fab8488135a1ebbd44a80827,psf__requests-2317,1,30,31,9458.843185890146,37504.108205015655,19076.611453,43550.79977400002,28535.454638890147,146951.135372,124452.596539,False,False,True,False,unsupported: historical tool/proxy targets; repaired atomic/native/lifecycle targets not calibrated
assignment-case-v1:88c6826fc97f803a02c904c273c6c2b92cda59b9c91d30e4e17d4a30cf2f097a,django__django-15987,4,30,31,10399.76118597042,16303.68739199912,19033.337498999997,73273.74040699999,29433.098684970417,151040.901979,124919.82762699999,False,False,True,False,unsupported: historical tool/proxy targets; repaired atomic/native/lifecycle targets not calibrated
assignment-case-v1:8967b82c445541d914667dacafe1c91d1090a53022ac228f6b8f53f4f0edb5f4,django__django-13158,4,15,15,2789.7265114661423,3286.2997630727477,9209.679435,8256.13402,11999.405946466142,1309406.510747,124919.82762699999,False,False,False,False,unsupported: historical tool/proxy targets; repaired atomic/native/lifecycle targets not calibrated
assignment-case-v1:89a20c09c6ed98b28496a248b9ca695836290b44f3d793d0b4771e924767554f,psf__requests-1963,3,13,13,3014.8096395296307,2258.5007769521326,7994.044889999997,12844.349144,11008.854529529628,1246309.240232,124252.1253105,False,False,False,False,unsupported: historical tool/proxy targets; repaired atomic/native/lifecycle targets not calibrated
assignment-case-v1:8a34f41965ad59319dd89bc1a3bf424a95a7a2bdf1bdf5b30feffd61eefde93f,psf__requests-2317,1,30,31,9458.843185890146,37396.643592990586,19076.611453,42700.622162,28535.454638890147,135356.743454,124452.596539,False,False,True,False,unsupported: historical tool/proxy targets; repaired atomic/native/lifecycle targets not calibrated
assignment-case-v1:8a5b0db8601a14cc7e165935841477a5bfb957b111e082edd0bfa4a567073fda,django__django-15104,3,29,29,12067.425452009047,13187.567983040935,17832.869370000008,45666.212609999995,29900.294822009055,121256.167495,124252.1253105,False,False,True,False,unsupported: historical tool/proxy targets; repaired atomic/native/lifecycle targets not calibrated
assignment-case-v1:8aa37389cd107ab359726576ded9f32bd6ec163ac842ffa050c08c0d2ad5d7dc,sympy__sympy-20590,1,30,31,7328.130841404345,7602.599691002979,19076.611453,36152.673423,26404.742294404346,88646.776687,124452.596539,False,False,False,False,unsupported: historical tool/proxy targets; repaired atomic/native/lifecycle targets not calibrated
assignment-case-v1:8b064238a30e4ed9b5236fe44f1fd2f1c4c80e2758d4fbfdc6f13bb164714674,astropy__astropy-6938,2,10,11,1846.0336520147393,1744.1533590172185,6799.733649500001,29582.423741,8645.767301514741,83489.931364,125168.74167399999,True,False,False,False,unsupported: historical tool/proxy targets; repaired atomic/native/lifecycle targets not calibrated
assignment-case-v1:8bab5da177e4115cfdf9633451578ad7689ff0ebba204dabf79e1f9150fae7c1,scikit-learn__scikit-learn-13779,0,20,20,8164.202947453305,16820.302369993442,12346.80182,29024.438152000006,20511.004767453305,105584.421375,125970.234473,False,False,True,False,unsupported: historical tool/proxy targets; repaired atomic/native/lifecycle targets not calibrated
assignment-case-v1:8baced33b66ab4f395268370adebfd1b7769cf40ff1006e5c20b137fec15726d,sympy__sympy-14248,4,30,31,7355.683324440179,9181.655621010577,19033.337498999997,38168.62693700001,26389.020823440176,87385.658458,124919.82762699999,False,False,False,False,unsupported: historical tool/proxy targets; repaired atomic/native/lifecycle targets not calibrated
assignment-case-v1:8bc01be0419434eb60219fb9022a6bfbb7b0fbe894db0948ac6fe248cdbbf427,django__django-16560,2,30,31,6826.079967499027,11580.518525013758,19162.8857395,64762.529873,25988.965706999028,135567.898989,125168.74167399999,False,False,True,False,unsupported: historical tool/proxy targets; repaired atomic/native/lifecycle targets not calibrated
assignment-case-v1:8bcbbfce984308131b6f425bbb4e8ceb09fc37a50194b48e54147475b337b76b,sphinx-doc__sphinx-8593,0,30,31,6726.993963473433,6976.332332851598,19137.542820999995,25428.680343,25864.53678447343,80701.329714,125970.234473,False,False,False,False,unsupported: historical tool/proxy targets; repaired atomic/native/lifecycle targets not calibrated
assignment-case-v1:8c24993b52f456fe79319e43e6466c8e777ecdd8fdd6818d3306279bc8226a9d,sympy__sympy-24102,4,30,31,11365.034006023052,13680.48813592759,19033.337498999997,40598.10089399999,30398.37150502305,118792.409323,124919.82762699999,False,False,True,False,unsupported: historical tool/proxy targets; repaired atomic/native/lifecycle targets not calibrated
assignment-case-v1:8c53121222e13e925ac7ce1ed626f1da06c9a2f8a7570c4c7c464fa8215b0135,scikit-learn__scikit-learn-14087,3,30,31,7413.1457845160185,10661.44214099404,19062.72243000001,44996.660921999995,26475.868214516027,121440.522302,124252.1253105,False,False,True,False,unsupported: historical tool/proxy targets; repaired atomic/native/lifecycle targets not calibrated
assignment-case-v1:8d515eb02f2a4b1dbc3370f84eee71a2c1c140e082c5b3eed1363ae9f7d6f54f,sympy__sympy-13878,3,30,31,7035.426617097983,46241.33614404127,19062.72243000001,31642.74452599999,26098.14904709799,190929.455811,124252.1253105,False,False,False,False,unsupported: historical tool/proxy targets; repaired atomic/native/lifecycle targets not calibrated
assignment-case-v1:8dc98cdcf4da736a8827dffd35166546feaf8120659e9f2291a1532833fc75e1,sympy__sympy-19783,3,30,31,10216.02929099754,10861.116412997944,19062.72243000001,40235.673806,29278.75172099755,90377.031458,124252.1253105,False,False,False,False,unsupported: historical tool/proxy targets; repaired atomic/native/lifecycle targets not calibrated
assignment-case-v1:8e153d7385ffcd40fe36c420c932998b71e2875a9969d55abc94c3b683c394d6,sympy__sympy-23191,4,30,31,6191.518890425868,14954.655779001769,19033.337498999997,31025.621937,25224.856389425866,98838.75605,124919.82762699999,False,False,False,False,unsupported: historical tool/proxy targets; repaired atomic/native/lifecycle targets not calibrated
assignment-case-v1:8e156cd9adfb31f4fcc81761c427c1ff5fa471ea94ec6ca56fd297e6c82389fa,sympy__sympy-18199,2,28,28,10973.552789566384,15649.225722001574,17308.412926,57480.793801999986,28281.965715566384,131815.844301,125168.74167399999,False,False,True,False,unsupported: historical tool/proxy targets; repaired atomic/native/lifecycle targets not calibrated
assignment-case-v1:8e17f9189457d2cfe45938a765ddbbebf873eaeaa84f5c642658cf9beab97518,sympy__sympy-21596,3,30,31,8460.029825526362,23640.244528913172,19062.72243000001,42434.624969000004,27522.75225552637,130081.068992,124252.1253105,False,False,True,False,unsupported: historical tool/proxy targets; repaired atomic/native/lifecycle targets not calibrated
assignment-case-v1:8e7e4a75b338b3d50cf7a5da39c95b546e320418830755faa26136672b4220d1,django__django-11815,4,30,31,8778.735881443936,16390.9473520107,19033.337498999997,72205.98629199999,27812.073380443933,143485.992548,124919.82762699999,False,False,True,False,unsupported: historical tool/proxy targets; repaired atomic/native/lifecycle targets not calibrated
assignment-case-v1:8ed4e126a7d0ded35790423a1c037c4c60b8a50d9c97888a2057e73f0c3a9d6a,sympy__sympy-15017,3,30,31,9992.54029597796,9650.847397992038,19062.72243000001,44808.76292200001,29055.26272597797,99663.390102,124252.1253105,False,False,True,False,unsupported: historical tool/proxy targets; repaired atomic/native/lifecycle targets not calibrated
assignment-case-v1:8ee166bfc94dc7702f9fa3ca825115981a10165d4459f0240706f890962bbd54,astropy__astropy-6938,2,30,31,8706.51803308283,24638.5165998945,19162.8857395,47329.32578800002,27869.40377258283,229163.367982,125168.74167399999,False,False,False,False,unsupported: historical tool/proxy targets; repaired atomic/native/lifecycle targets not calibrated
assignment-case-v1:8f19fdec99611f442997b50f8ea2cdf17f0f9dc1915106f63290fbdd8ad77bdd,scikit-learn__scikit-learn-13584,4,30,31,9186.148215983849,16540.780700015603,19033.337498999997,36069.391605000004,28219.485714983846,112535.665225,124919.82762699999,False,False,True,False,unsupported: historical tool/proxy targets; repaired atomic/native/lifecycle targets not calibrated
assignment-case-v1:8fb715bf53ad2417890ed23e6b92567af7ae4da13f08000bc4f62c98d8c64115,django__django-17029,0,20,21,6684.146555964617,22960.15359300509,12964.141911,33924.045796000006,19648.288466964616,110574.172861,125970.234473,False,False,True,False,unsupported: historical tool/proxy targets; repaired atomic/native/lifecycle targets not calibrated
assignment-case-v1:8fec2908bac366037b24d1fea33db30df82b626a9c4be0ad860c07499fd3e22e,django__django-11964,0,30,31,7156.450270478672,12739.465717029816,19137.542820999995,35833.432009000004,26293.993091478667,113388.641505,125970.234473,False,False,True,False,unsupported: historical tool/proxy targets; repaired atomic/native/lifecycle targets not calibrated
assignment-case-v1:8fefad0a6e9b7a7e38e5b34e5434fbd4063a44f04c2fdaf070f09e7348efbb81,django__django-12470,3,30,31,6908.781832566092,6106.528083982994,19062.72243000001,29739.413050000006,25971.5042625661,83338.870042,124252.1253105,False,False,False,False,unsupported: historical tool/proxy targets; repaired atomic/native/lifecycle targets not calibrated
assignment-case-v1:903a7872e3ddd3b4f0fc8bbe22983b4ea6c75ddef2766815dfc122064559adb7,django__django-13658,3,30,31,8134.62578508188,7182.320954008901,19062.72243000001,29930.951497999995,27197.34821508189,98913.711801,124252.1253105,False,False,False,False,unsupported: historical tool/proxy targets; repaired atomic/native/lifecycle targets not calibrated
assignment-case-v1:90a42d2fdfe010943a1c5fb5f05e9b7ee8625ddd60a0832a08fa7b874d76bf2b,django__django-13568,2,30,31,8741.387802589088,7319.062237998878,19162.8857395,80856.33304,27904.27354208909,137225.437125,125168.74167399999,False,False,True,False,unsupported: historical tool/proxy targets; repaired atomic/native/lifecycle targets not calibrated
assignment-case-v1:90f9a21752ccfb61c4cfb131c4ec79bf542dcfaaf469028b0038bed408bbcf7c,scikit-learn__scikit-learn-13439,0,29,29,9513.514695941922,15627.739145984378,17902.862639,32223.387564,27416.37733494192,102956.768485,125970.234473,False,False,True,False,unsupported: historical tool/proxy targets; repaired atomic/native/lifecycle targets not calibrated
assignment-case-v1:919e94f2198b7fb6367f5140cc8a1250da8fe409a16f07096cdc0eec2f91c413,scikit-learn__scikit-learn-13439,0,10,11,1841.4913119850098,4396.872057004657,6790.741001,12387.126637000001,8632.23231298501,79447.602541,125970.234473,False,False,False,False,unsupported: historical tool/proxy targets; repaired atomic/native/lifecycle targets not calibrated
assignment-case-v1:91d84155cb8709f4e7d417f19ddf10e019a93cc382befec72b0f67557c2bb60a,scikit-learn__scikit-learn-13584,4,10,11,1853.4977624804014,1770.435708021978,6753.764919000001,7196.6902850000015,8607.262681480403,63309.372018,124919.82762699999,False,False,False,False,unsupported: historical tool/proxy targets; repaired atomic/native/lifecycle targets not calibrated
assignment-case-v1:91f20cfbff27367fb5fcea5480ca07c595ea8c5ebfc96b18e439a0bc751307d5,scikit-learn__scikit-learn-15512,4,25,25,9717.881096525161,15272.313585985103,15349.465724999993,67085.465365,25067.346821525156,148189.299413,124919.82762699999,False,False,True,False,unsupported: historical tool/proxy targets; repaired atomic/native/lifecycle targets not calibrated
assignment-case-v1:927205c696a7dff3f7fc8449cb0554333ac0e6f92dc2cf49227227ede37d0bff,pytest-dev__pytest-7220,1,30,31,12761.506170674693,5555.279288033489,19076.611453,26385.115172,31838.117623674694,116041.575642,124452.596539,False,False,True,False,unsupported: historical tool/proxy targets; repaired atomic/native/lifecycle targets not calibrated
assignment-case-v1:92bebca7e752d78da8a261acf3f14fe173711132b86e4b8a1ed9ecba333a49d8,matplotlib__matplotlib-13989,3,30,31,9736.426305518762,12331.25344801374,19062.72243000001,50688.63009599999,28799.14873551877,112308.177125,124252.1253105,False,False,True,False,unsupported: historical tool/proxy targets; repaired atomic/native/lifecycle targets not calibrated
assignment-case-v1:93e28d35fd515f141f548c45309ce169a2925e6e5c340e1c359e9f2a789ec2bc,sympy__sympy-13146,3,30,31,8599.30678249475,15091.478674010432,19062.72243000001,47242.716503,27662.02921249476,123995.878778,124252.1253105,False,False,True,False,unsupported: historical tool/proxy targets; repaired atomic/native/lifecycle targets not calibrated
assignment-case-v1:942d4b9b3137a84272f46d1f62b9f7749fb7bf082461a2efc3dd3b161788c69f,django__django-16032,4,30,31,8181.266133917234,10570.45649898646,19033.337498999997,33436.87789499999,27214.60363291723,94599.252673,124919.82762699999,False,False,False,False,unsupported: historical tool/proxy targets; repaired atomic/native/lifecycle targets not calibrated
assignment-case-v1:943901d0921d248aff8e6f052ba2f84bc3108f01a25309f1b29341d9b6d8d678,sympy__sympy-12171,0,30,31,10147.45997047794,43819.92731300488,19137.542820999995,37430.23148200001,29285.002791477935,165738.150747,125970.234473,False,False,True,False,unsupported: historical tool/proxy targets; repaired atomic/native/lifecycle targets not calibrated
assignment-case-v1:9466cb2ae9a1d185a7a08a879fdb001125dc72394abdccc1072226446f822575,django__django-14089,3,27,27,11946.478156512967,6911.253939986636,16603.016310000006,33965.263127,28549.494466512973,84971.659807,124252.1253105,False,False,False,False,unsupported: historical tool/proxy targets; repaired atomic/native/lifecycle targets not calibrated
assignment-case-v1:94adaef9a32a10cd326645754322d1ff61604eac2d504dadc623af028d75a73b,sympy__sympy-14711,3,30,31,10226.149425037875,17048.893528990448,19062.72243000001,40752.64156799999,29288.871855037884,121095.835137,124252.1253105,False,False,True,False,unsupported: historical tool/proxy targets; repaired atomic/native/lifecycle targets not calibrated
assignment-case-v1:94c4627af89c1e44c029c232e56b9831b88f1c8d890d0c211fbeebbbceb9e7fc,django__django-16493,2,30,31,8502.054868606137,29106.353338996996,19162.8857395,99839.114657,27664.94060810614,233528.441052,125168.74167399999,False,False,False,False,unsupported: historical tool/proxy targets; repaired atomic/native/lifecycle targets not calibrated
assignment-case-v1:95252b3a0a8abeb81dba981984c0a4aec2931f77ce9a9009dccb2c7b55eabcdc,sympy__sympy-16281,1,30,31,9113.435113296873,13526.845995002077,19076.611453,35673.00781499999,28190.046566296875,98698.044491,124452.596539,False,False,False,False,unsupported: historical tool/proxy targets; repaired atomic/native/lifecycle targets not calibrated
assignment-case-v1:968a067984affe261c165e0f57c41ce99ce5c2930db9e21b670b9362f643ef0a,pydata__xarray-3677,2,30,31,7671.0197895063175,23971.07517800032,19162.8857395,32014.852001999996,26833.90552900632,101692.623204,125168.74167399999,False,False,True,False,unsupported: historical tool/proxy targets; repaired atomic/native/lifecycle targets not calibrated
assignment-case-v1:96ad0544b677349b8fd5e5ff92f67725381c890f3be010514a1d636d7e7ee630,pylint-dev__pylint-4970,3,30,31,8977.320029554903,12680.433239118429,19062.72243000001,46394.012044,28040.042459554912,131080.139449,124252.1253105,False,False,True,False,unsupported: historical tool/proxy targets; repaired atomic/native/lifecycle targets not calibrated
assignment-case-v1:96cb64497bd94b199c656fcca8d1513f6da055e944871c3aa802a4313c415ead,django__django-17029,0,27,27,10366.777051451209,25693.833413999528,16668.182457000003,74617.55398399997,27034.95950845121,160517.344359,125970.234473,False,False,True,False,unsupported: historical tool/proxy targets; repaired atomic/native/lifecycle targets not calibrated
assignment-case-v1:96fb5ee7c787b49d5572c8b0332c3cc83b2f280c8ff99aeb094a5dca7a5536cf,django__django-13590,1,30,31,8714.33149884615,40231.173989002855,19076.611453,49344.035416000006,27790.94295184615,147211.920993,124452.596539,False,False,True,False,unsupported: historical tool/proxy targets; repaired atomic/native/lifecycle targets not calibrated
assignment-case-v1:97414efb5f5c55ca0a3d649d7c11511d9a6d69bdfc7add80f0cb066166b83b7c,django__django-13128,4,30,31,7268.860447935367,13225.695825996809,19033.337498999997,70637.917827,26302.197946935365,130779.137179,124919.82762699999,False,False,True,False,unsupported: historical tool/proxy targets; repaired atomic/native/lifecycle targets not calibrated
assignment-case-v1:974b50b95bf3c463f64e07953fd787bd5439ed580fe9d2300e63103520b10d92,django__django-14351,4,30,31,5298.2413869267475,20005.890907996218,19033.337498999997,51345.84765199998,24331.578885926745,113144.564399,124919.82762699999,False,False,True,False,unsupported: historical tool/proxy targets; repaired atomic/native/lifecycle targets not calibrated
assignment-case-v1:980a79243f61944c999d709aa980c804cfad20ddb9005b9a6cf4bd191b8fa34a,astropy__astropy-7746,2,30,31,9053.263610065187,17598.802866999904,19162.8857395,42787.91174,28216.14934956519,141603.317674,125168.74167399999,False,False,True,False,unsupported: historical tool/proxy targets; repaired atomic/native/lifecycle targets not calibrated
assignment-case-v1:986ef507e2864ce5e743aaf3cc342a35ff667392bcdf7dc8b2971140bf50d3ba,matplotlib__matplotlib-23562,1,30,31,5864.31167884075,17358.923722022155,19076.611453,36374.951469,24940.92313184075,133820.680873,124452.596539,False,False,True,False,unsupported: historical tool/proxy targets; repaired atomic/native/lifecycle targets not calibrated
assignment-case-v1:9878ff73064041c21bfa6d2cd06f5edce8ec6d671c438f642a597fef45fdef49,django__django-12184,1,30,31,9176.154261294869,11748.259084124584,19076.611453,84271.24690399999,28252.76571429487,207344.23321,124452.596539,False,False,False,False,unsupported: historical tool/proxy targets; repaired atomic/native/lifecycle targets not calibrated
assignment-case-v1:98d47b1902560a216dc54a07fe4faf9e0704a59149c16fc7522dbae0bd84ff4a,sphinx-doc__sphinx-7686,0,30,31,9028.236095951797,7745.5549470141705,19137.542820999995,52285.089569,28165.778916951793,123479.783083,125970.234473,False,False,True,False,unsupported: historical tool/proxy targets; repaired atomic/native/lifecycle targets not calibrated
assignment-case-v1:98f98d734750ba63efbb3d623df12b1a173b3e3ee85f62a3de01327b8c22405a,django__django-11087,3,30,31,8109.793314508352,7800.108057002944,19062.72243000001,46850.38434,27172.51574450836,115682.09692,124252.1253105,False,False,True,False,unsupported: historical tool/proxy targets; repaired atomic/native/lifecycle targets not calibrated
assignment-case-v1:9911f9f61d30c5f7793110b177e39f72b879750695dd527502eb8a8ec4d7fe52,django__django-11815,4,30,31,10208.65588644483,7724.247409030795,19033.337498999997,48934.561728999994,29241.993385444828,105464.7227,124919.82762699999,False,False,True,False,unsupported: historical tool/proxy targets; repaired atomic/native/lifecycle targets not calibrated
assignment-case-v1:99412d1cc01684be4f4f9a08ed2a89d68498daa5f56dc08b95794690487bfeab,scikit-learn__scikit-learn-10844,1,28,28,10851.024766343471,21668.34667598596,17230.487763999998,54875.732815,28081.51253034347,186168.993175,124452.596539,False,False,False,False,unsupported: historical tool/proxy targets; repaired atomic/native/lifecycle targets not calibrated
assignment-case-v1:99435b896d3b81b583e405eac609fce6050a29ba713dbd88a6afb15d2b8c872d,django__django-11099,4,30,31,11076.832768476379,19080.39675807231,19033.337498999997,49873.475883,30110.170267476376,172382.48062,124919.82762699999,False,False,False,False,unsupported: historical tool/proxy targets; repaired atomic/native/lifecycle targets not calibrated
assignment-case-v1:99b45277091c717395c9258e5fb12aadd835fc48707b981ba368f8bcc3e4cec1,sympy__sympy-13798,0,30,31,10422.324415449111,40470.2806550049,19137.542820999995,36244.04211700001,29559.867236449107,133636.690312,125970.234473,False,False,True,False,unsupported: historical tool/proxy targets; repaired atomic/native/lifecycle targets not calibrated
assignment-case-v1:9a9727379935b065dc8bf627ac949de1156463de8b946916f6f374a9fb3e643d,scikit-learn__scikit-learn-13497,4,30,31,10220.934836504966,14892.163734995847,19033.337498999997,51570.443355999996,29254.272335504964,119666.565642,124919.82762699999,False,False,True,False,unsupported: historical tool/proxy targets; repaired atomic/native/lifecycle targets not calibrated
assignment-case-v1:9ab2cf3818992c9a375ae4472b7ddbe8feab01983f6fa66b96ba76127ce5c3ba,scikit-learn__scikit-learn-13439,0,23,23,8179.393391468693,13796.212664008635,14198.822093,28101.053999,22378.215484468696,84065.821291,125970.234473,False,False,False,False,unsupported: historical tool/proxy targets; repaired atomic/native/lifecycle targets not calibrated
assignment-case-v1:9af15000c41058d2863d42753b43d4419f8f83fdeff84281808f1605f0562d43,sympy__sympy-15345,4,30,31,8567.718194948611,21684.132895912626,19033.337498999997,32945.399439999994,27601.05569394861,129582.664789,124919.82762699999,False,False,True,False,unsupported: historical tool/proxy targets; repaired atomic/native/lifecycle targets not calibrated
assignment-case-v1:9b49b65290ff3088ad443e95c06c286b186fdf7c5308f47abd318814d658256f,matplotlib__matplotlib-26020,0,30,31,8097.868409451621,46814.06175202574,19137.542820999995,44211.843345,27235.411230451617,206404.173732,125970.234473,False,False,False,False,unsupported: historical tool/proxy targets; repaired atomic/native/lifecycle targets not calibrated
assignment-case-v1:9be7092907ca6e3c6223f485ecc665b4f91fdfa09db816f363ff9f62d3d79dc1,django__django-11133,1,30,31,11394.415169314016,11425.636972977372,19076.611453,43351.039516,30471.026622314017,124499.549,124452.596539,False,False,True,False,unsupported: historical tool/proxy targets; repaired atomic/native/lifecycle targets not calibrated
assignment-case-v1:9bfa70e7a217bce61ead7a31baee9b35063c54c4a6673569864407596aeb0eb4,django__django-12754,2,30,31,7180.9849416004,22063.158240067423,19162.8857395,36895.924521,26343.8706811004,131252.675033,125168.74167399999,False,False,True,False,unsupported: historical tool/proxy targets; repaired atomic/native/lifecycle targets not calibrated
assignment-case-v1:9c03cb82e06db14fd2c4d388d49d54907f2c9700760476bace6c73e5376ce036,scikit-learn__scikit-learn-14629,2,30,31,8800.148563004768,17352.618454024196,19162.8857395,66568.60734999999,27963.03430250477,132467.925934,125168.74167399999,False,False,True,False,unsupported: historical tool/proxy targets; repaired atomic/native/lifecycle targets not calibrated
assignment-case-v1:9c054ca34e933f5d85124a872c79ef3818d115508b3fb8e305da8d5347549b1e,astropy__astropy-6938,2,30,31,11186.6043645623,18136.51643699268,19162.8857395,54932.158462,30349.4901040623,133099.89095,125168.74167399999,False,False,True,False,unsupported: historical tool/proxy targets; repaired atomic/native/lifecycle targets not calibrated
assignment-case-v1:9c0c2ff42af108a91ed9d0f388f95e4b69981abff39dacce7a19f4b058c529d5,scikit-learn__scikit-learn-14894,3,30,31,11669.899767510287,24157.04055099195,19062.72243000001,53816.048362999994,30732.622197510296,137013.29542,124252.1253105,False,False,True,False,unsupported: historical tool/proxy targets; repaired atomic/native/lifecycle targets not calibrated
assignment-case-v1:9c2319368488fb22e134ad56bf4251db4833874652e10c33830290de56114c7c,sphinx-doc__sphinx-11445,1,30,31,8656.151709797996,15807.984055863926,19076.611453,47234.270962999995,27732.763162797997,119809.349432,124452.596539,False,False,True,False,unsupported: historical tool/proxy targets; repaired atomic/native/lifecycle targets not calibrated
assignment-case-v1:9c52e80d1293b2f33b6b8e21e3ce977fdf188b55561ed3ad0bf0897d21f75219,astropy__astropy-14096,4,30,31,9974.05880299084,12194.567870988976,19033.337498999997,59631.338609000006,29007.396301990837,129996.911572,124919.82762699999,False,False,True,False,unsupported: historical tool/proxy targets; repaired atomic/native/lifecycle targets not calibrated
assignment-case-v1:9c85825fc09251aa965f336b23b574d3c8a56b5e549ffe52ba492a5da88b0168,sympy__sympy-13852,0,30,31,10304.370912946979,11877.97554700228,19137.542820999995,40574.169754999995,29441.913733946974,95204.119151,125970.234473,False,False,False,False,unsupported: historical tool/proxy targets; repaired atomic/native/lifecycle targets not calibrated
assignment-case-v1:9ca43b20eec547c60809174653b450522b71800b62e3bf9710ef51b203ffe79e,django__django-13658,3,30,31,12459.588629555583,7840.726665999682,19062.72243000001,43853.419446000014,31522.31105955559,120441.597203,124252.1253105,False,False,True,False,unsupported: historical tool/proxy targets; repaired atomic/native/lifecycle targets not calibrated
assignment-case-v1:9ceea0f6adec6bf5a517ea33faad3c0ec209408f4a9a265142d4a608388a5996,django__django-12308,2,30,31,6893.21127607036,13726.277986999776,19162.8857395,38518.35926300001,26056.09701557036,109644.348794,125168.74167399999,False,False,True,False,unsupported: historical tool/proxy targets; repaired atomic/native/lifecycle targets not calibrated
assignment-case-v1:9d1cd9b0a5daaf7970d618a360ca4f565e333dcb08f0dc37283efab8406736ba,django__django-14787,2,30,31,13136.261918079981,39343.73906199471,19162.8857395,53943.344461999994,32299.147657579982,142200.476769,125168.74167399999,False,False,True,False,unsupported: historical tool/proxy targets; repaired atomic/native/lifecycle targets not calibrated
assignment-case-v1:9d4ac70960361969e863aecac5c626ee4a1427e4ce51a9a091dc400dae778a6e,django__django-14016,1,30,31,10087.40690832201,18235.942194995005,19076.611453,62015.25532200001,29164.01836132201,132743.235585,124452.596539,False,False,True,False,unsupported: historical tool/proxy targets; repaired atomic/native/lifecycle targets not calibrated
assignment-case-v1:9d51eb8dfc66177982c17a33704167817bc54ffe22f484b35c014d0b9cf9524b,django__django-13658,3,30,31,12459.588629555583,7924.252074008109,19062.72243000001,71096.81795100002,31522.31105955559,128507.874643,124252.1253105,False,False,True,False,unsupported: historical tool/proxy targets; repaired atomic/native/lifecycle targets not calibrated
assignment-case-v1:9d57ad035401c3efa47531ff497573dbefd3187f318f55a1557c8dbe5f53473e,scikit-learn__scikit-learn-13584,4,30,31,8117.994452977655,20163.66459298297,19033.337498999997,35027.061179000004,27151.331951977652,113866.145224,124919.82762699999,False,False,True,False,unsupported: historical tool/proxy targets; repaired atomic/native/lifecycle targets not calibrated
assignment-case-v1:9d83f27820d374684d50cd56bb063c95d6a55f808c076aced0b4213fb00b073e,sympy__sympy-16106,0,30,31,7976.566238447049,15626.887885002361,19137.542820999995,40854.894321,27114.109059447044,122312.208187,125970.234473,False,False,True,False,unsupported: historical tool/proxy targets; repaired atomic/native/lifecycle targets not calibrated
assignment-case-v1:9d87fb8e72a9c48321e5bc67910012e9a491929859681ca18ee65613802d82e6,sympy__sympy-17630,0,30,31,8902.297839451421,22063.659020004707,19137.542820999995,37344.75796899999,28039.840660451417,140723.439731,125970.234473,False,False,True,False,unsupported: historical tool/proxy targets; repaired atomic/native/lifecycle targets not calibrated
assignment-case-v1:9dcbb952742546e33ff60dc46ee9816b0d6c4ddbe5f3ac27baf76fb909e0ceb4,django__django-11283,1,30,31,7740.639375282626,9043.613610003376,19076.611453,69923.59727,26817.250828282627,146012.98323,124452.596539,False,False,True,False,unsupported: historical tool/proxy targets; repaired atomic/native/lifecycle targets not calibrated
assignment-case-v1:9dfb8db91844cdbba3dfa89d04cf9553e9462d4e452f4ffa076f4d22a37ff077,sympy__sympy-22456,2,10,11,1828.252153009089,2119.583248946583,6799.733649500001,6801.579242999999,8627.98580250909,57957.74152,125168.74167399999,False,False,False,False,unsupported: historical tool/proxy targets; repaired atomic/native/lifecycle targets not calibrated
assignment-case-v1:9e30d6a9093a4aca04e4b977834fc9fcdb41efa04e746202a51d0298cdd78211,matplotlib__matplotlib-23314,4,30,31,8330.283831943234,40504.295635000744,19033.337498999997,33202.763705,27363.62133094323,202098.943727,124919.82762699999,False,False,False,False,unsupported: historical tool/proxy targets; repaired atomic/native/lifecycle targets not calibrated
assignment-case-v1:9e62c38a0e27efa8eadb9a6b45c1e6108ac704db003249f949be19698c2a73f1,django__django-13658,3,30,31,12459.588629555583,10565.141460072482,19062.72243000001,44090.583150000006,31522.31105955559,129713.780729,124252.1253105,False,False,True,False,unsupported: historical tool/proxy targets; repaired atomic/native/lifecycle targets not calibrated
assignment-case-v1:9ea7a9721cccb4ac848928171e7757ad2fc0f508078dd4d1ed01cd179de6786c,pytest-dev__pytest-10051,2,30,31,9939.9569541456,12551.623768027639,19162.8857395,36992.096843,29102.8426936456,136091.714759,125168.74167399999,False,False,True,False,unsupported: historical tool/proxy targets; repaired atomic/native/lifecycle targets not calibrated
assignment-case-v1:9f50a188b7b415401eb7538eb7ecf139d8f57a6f3cd77c80cb96b91bb2dcd86a,django__django-14053,2,30,31,10407.490651090484,15021.003596964874,19162.8857395,55683.545601,29570.376390590485,120825.274753,125168.74167399999,False,False,True,False,unsupported: historical tool/proxy targets; repaired atomic/native/lifecycle targets not calibrated
assignment-case-v1:9fa5df67c5048c03cb3a6e5f8cb5dfae71c86f78c47ba81c005fcda90b92b109,django__django-13447,0,30,31,9927.023000454938,12008.569858000556,19137.542820999995,64319.027786,29064.565821454933,125670.120809,125970.234473,False,False,True,False,unsupported: historical tool/proxy targets; repaired atomic/native/lifecycle targets not calibrated
assignment-case-v1:a01c88daa0a55d2f609ee894435cb3da6b4970f7319d15f9dd0b50c4a29b1ccb,django__django-13028,3,30,31,8950.705554070737,16236.758142003964,19062.72243000001,44769.787971000005,28013.427984070746,145450.436926,124252.1253105,False,False,True,False,unsupported: historical tool/proxy targets; repaired atomic/native/lifecycle targets not calibrated
assignment-case-v1:a04fd5354ba61d5fe8640fd1a1b3d2020e593166aa819c64910e24b85269f846,django__django-16256,4,29,29,6393.492044451705,26011.462574009784,17805.380240999995,85871.27895600001,24198.8722854517,172175.631504,124919.82762699999,False,False,False,False,unsupported: historical tool/proxy targets; repaired atomic/native/lifecycle targets not calibrated
assignment-case-v1:a05b9f9f17024d04797c094c4f124d99e21099750d663b8e4dfb1ca28d9e9331,django__django-11910,0,30,31,7375.434696961747,14667.80551589909,19137.542820999995,47608.801799,26512.977517961743,115279.562791,125970.234473,False,False,True,False,unsupported: historical tool/proxy targets; repaired atomic/native/lifecycle targets not calibrated
assignment-case-v1:a0d2d4e56a234c2f876ae503dc37927f1bb24ef46732d27c8a0e673eccb3a47f,matplotlib__matplotlib-23913,3,30,31,6421.692849517058,9020.484477921855,19062.72243000001,42711.233717999996,25484.415279517067,248720.584158,124252.1253105,False,False,False,False,unsupported: historical tool/proxy targets; repaired atomic/native/lifecycle targets not calibrated
assignment-case-v1:a0d9511e507485d6bbcc800638381a860e4c4697d25ea5f0df6df71c9bd1deeb,sphinx-doc__sphinx-8265,1,30,31,7677.721313764778,43028.5193620075,19076.611453,33275.81286500001,26754.33276676478,135803.321323,124452.596539,False,False,True,False,unsupported: historical tool/proxy targets; repaired atomic/native/lifecycle targets not calibrated
assignment-case-v1:a1770852483b353a1541fcc1a452bcc65f9dddfaf44e1f12ee50efb750654830,django__django-12915,2,30,31,9712.548093084479,20975.797358001728,19162.8857395,36187.143359,28875.43383258448,125495.317506,125168.74167399999,False,False,True,False,unsupported: historical tool/proxy targets; repaired atomic/native/lifecycle targets not calibrated
assignment-case-v1:a1d00bbc4240f49ed5b150eb900e9d2800c14d8e0744d6129af7f5268b13a2b4,django__django-15695,4,30,31,8589.021603984293,24882.224992994452,19033.337498999997,76458.537461,27622.35910298429,163991.255602,124919.82762699999,False,False,True,False,unsupported: historical tool/proxy targets; repaired atomic/native/lifecycle targets not calibrated
assignment-case-v1:a1ea7409094d8641be55f5319cd3fc0b0a32d145f121edad36ba66e0f69945c8,django__django-13964,4,30,15,8315.723666954,11558.095113025047,9209.679435,11404.410820000001,17525.403101953998,992417.263218,124919.82762699999,False,False,False,False,unsupported: historical tool/proxy targets; repaired atomic/native/lifecycle targets not calibrated
assignment-case-v1:a1ed9f5d6de77ffd4083d61c45e8ec1fd17aab4fae782b401e62eb6c03424649,pytest-dev__pytest-7324,4,30,31,13637.102750513804,5644.856091967085,19033.337498999997,50417.105562,32670.440249513802,114353.298829,124919.82762699999,False,False,True,False,unsupported: historical tool/proxy targets; repaired atomic/native/lifecycle targets not calibrated
assignment-case-v1:a24371707a489af293a0d4e27c47e62b9badf56adeceaa595bbc118680830f17,pydata__xarray-7229,3,30,31,8903.694398524749,77087.95719397312,19062.72243000001,61741.017160999996,27966.416828524758,258924.063394,124252.1253105,False,False,False,False,unsupported: historical tool/proxy targets; repaired atomic/native/lifecycle targets not calibrated
assignment-case-v1:a2a131459131ce063fdc3e26737d03df81ebc65fe6426121f407d9a2ca7bc068,django__django-15902,3,30,31,7949.953428033041,6382.251564122271,19062.72243000001,44431.619732,27012.67585803305,95410.288516,124252.1253105,False,False,False,False,unsupported: historical tool/proxy targets; repaired atomic/native/lifecycle targets not calibrated
assignment-case-v1:a2a61a112b1f4ff9a418224fcfbc89d377940562d7d106edc33c65a35a1a9bc2,django__django-16139,2,18,18,3845.358857577594,10724.751451005432,11126.836881000001,16979.951433,14972.195738577595,85853.694173,125168.74167399999,False,False,False,False,unsupported: historical tool/proxy targets; repaired atomic/native/lifecycle targets not calibrated
assignment-case-v1:a2de6ae5a4781043473cf670edad5b218c070b1f0add3db79f0c43783f59b63f,sympy__sympy-13372,0,30,31,10379.671120454077,16446.44219597103,19137.542820999995,50956.75326699999,29517.213941454072,132077.916083,125970.234473,False,False,True,False,unsupported: historical tool/proxy targets; repaired atomic/native/lifecycle targets not calibrated
assignment-case-v1:a359b7cda2fdc71edb4dc955730c791ebcbb9067309899e6e36b0d64a686a0db,sympy__sympy-20428,3,29,31,7133.0242290350725,47530.88164100336,19062.72243000001,51698.18350499999,26195.74665903508,166522.530137,124252.1253105,False,False,False,False,unsupported: historical tool/proxy targets; repaired atomic/native/lifecycle targets not calibrated
assignment-case-v1:a379fb19094654d48166eca93b10479ba8d0508d9fcdb0f45b7242fbf7044867,django__django-13809,1,30,31,10331.795906800835,11343.577394000022,19076.611453,39166.092995,29408.407359800836,107993.447652,124452.596539,False,False,True,False,unsupported: historical tool/proxy targets; repaired atomic/native/lifecycle targets not calibrated
assignment-case-v1:a385cd29da6fc2f2a339f4edd4e88296cc26bf33091828dc692b3b574b9bdd53,django__django-16082,1,16,16,3079.559384852473,10809.592044970486,9845.993008000001,39103.198142999994,12925.552392852474,106922.307464,124452.596539,False,False,True,False,unsupported: historical tool/proxy targets; repaired atomic/native/lifecycle targets not calibrated
assignment-case-v1:a3b2ebe2ac83cb4e542d08129085ce4b48ef3e9cf51649fbbbed3bdd1529dfbf,django__django-12155,2,26,26,10544.677919067908,13103.740006990847,16072.097717000002,57995.440129999995,26616.775636067912,124562.84106,125168.74167399999,False,False,True,False,unsupported: historical tool/proxy targets; repaired atomic/native/lifecycle targets not calibrated
assignment-case-v1:a4124ef264cc8e5a10bf7cc7864876e4cbdefc7eb8c4db03a1b36cb5a03e473e,django__django-11179,3,11,11,2162.7311279880814,9339.623298030347,6764.191829999998,8324.14545,8926.92295798808,1011728.134794,124252.1253105,False,False,False,False,unsupported: historical tool/proxy targets; repaired atomic/native/lifecycle targets not calibrated
assignment-case-v1:a455f84b8a8a98922d0f0d878b5e9a547a4ded1a67d36d797be882c1ab45bf0c,pytest-dev__pytest-7490,4,30,31,10972.14421294666,6823.961937981949,19033.337498999997,42761.787144,30005.481711946657,113616.172684,124919.82762699999,False,False,True,False,unsupported: historical tool/proxy targets; repaired atomic/native/lifecycle targets not calibrated
assignment-case-v1:a46bc8849c4ae3fa6fc87c3973785d2684a0e53bdd7a37b00f3862acc5d1b795,django__django-13658,3,30,31,10728.999359987938,7962.738256988814,19062.72243000001,47426.347526,29791.721789987947,144225.803819,124252.1253105,False,False,True,False,unsupported: historical tool/proxy targets; repaired atomic/native/lifecycle targets not calibrated
assignment-case-v1:a5062d2d2cc54541effa1dc9d5a79005fe003b4c6f686f517d6143afa6e68ba7,matplotlib__matplotlib-23562,1,30,31,7991.215894293418,20831.638234987622,19076.611453,40516.315724000015,27067.82734729342,224702.276184,124452.596539,False,False,False,False,unsupported: historical tool/proxy targets; repaired atomic/native/lifecycle targets not calibrated
assignment-case-v1:a51bf3b48c5db61db9fd6b169ecf79d12e3c375dd252013ba8d90e104a6d7ea3,sympy__sympy-19040,3,30,31,7379.294017538996,19280.28587400331,19062.72243000001,28682.495719,26442.016447539005,117542.104762,124252.1253105,False,False,True,False,unsupported: historical tool/proxy targets; repaired atomic/native/lifecycle targets not calibrated
assignment-case-v1:a62b58b9fbf2939a7a209efba496abdb9a94d5afe5a3c341f3897dae440c3b8e,astropy__astropy-14369,0,26,22,8192.380708949713,10716.714556940133,13581.482002,49682.869851999996,21773.862710949714,108947.058949,125970.234473,False,False,True,False,unsupported: historical tool/proxy targets; repaired atomic/native/lifecycle targets not calibrated
assignment-case-v1:a652750211d5059b2cf0e5d1233078aa5ba868c90f0c7ae0ac9c10af1efa86b3,sympy__sympy-17318,2,30,31,9882.517284540882,10049.19020694797,19162.8857395,39214.423983,29045.403024040883,92625.540182,125168.74167399999,False,False,False,False,unsupported: historical tool/proxy targets; repaired atomic/native/lifecycle targets not calibrated
assignment-case-v1:a76d6bd000b0deabdb1a0b2efd3c4b7387605abd517c4f27f3745cd57a3febd7,django__django-13297,2,26,26,7310.001937097695,10967.631368985167,16072.097717000002,63031.38842799999,23382.0996540977,197239.660945,125168.74167399999,False,False,False,False,unsupported: historical tool/proxy targets; repaired atomic/native/lifecycle targets not calibrated
assignment-case-v1:a7abbeac43a1cc7573a7f9b6bbe8c42a85d154cb4e6f56a576c031472c4b50c3,sympy__sympy-13480,0,22,22,8499.568337952951,9617.304321058327,13581.482002,21063.963658999997,22081.05033995295,78337.440806,125970.234473,False,False,False,False,unsupported: historical tool/proxy targets; repaired atomic/native/lifecycle targets not calibrated
assignment-case-v1:a7d226a48a98da2425f80cb37942238f1d60e79b062397ff43584e4819510e4a,django__django-13401,4,30,31,9258.945595958721,11876.681771012954,19033.337498999997,43889.04799499999,28292.28309495872,129141.892462,124919.82762699999,False,False,True,False,unsupported: historical tool/proxy targets; repaired atomic/native/lifecycle targets not calibrated
assignment-case-v1:a85f6d7a8adfc13febdeb452d86a6a656c7c8728a0ad68520cfb84525d54d8fc,django__django-17029,0,29,29,11702.970369438845,26312.633525980345,17902.862639,51519.208232,29605.833008438844,134147.16576,125970.234473,False,False,True,False,unsupported: historical tool/proxy targets; repaired atomic/native/lifecycle targets not calibrated
assignment-case-v1:a87892ac9bfc164287c991e61a3d3aee34973fe2ea1fd9563e7102dfd72e4404,sympy__sympy-11870,3,30,31,7208.799430063664,9300.75124198629,19062.72243000001,26022.003262,26271.521860063673,117646.143256,124252.1253105,False,False,True,False,unsupported: historical tool/proxy targets; repaired atomic/native/lifecycle targets not calibrated
assignment-case-v1:a8ef5c1d6888807d84235d8f1bacbae74c6af6d55c165526955ddb048f727fca,astropy__astropy-7606,4,30,31,11263.803722524244,15911.850968997896,19033.337498999997,33515.50128899999,30297.14122152424,126456.911351,124919.82762699999,False,False,True,False,unsupported: historical tool/proxy targets; repaired atomic/native/lifecycle targets not calibrated
assignment-case-v1:a95cf812eae38a37497197f2cd962aee93990f3acf9f327df5bf87f50e2b8237,pydata__xarray-4493,2,10,11,1683.7057560114772,1473.6653460131492,6799.733649500001,7149.222641,8483.439405511479,57865.04266,125168.74167399999,False,False,False,False,unsupported: historical tool/proxy targets; repaired atomic/native/lifecycle targets not calibrated
assignment-case-v1:a960991b5d822c8f10030c6cd73435c3cba461fb0d0241588412d8ea6b7d8328,sphinx-doc__sphinx-9367,0,30,30,11049.015010445146,9713.966597031686,18520.202729999997,33278.22828399999,29569.217740445143,92542.266065,125970.234473,False,False,False,False,unsupported: historical tool/proxy targets; repaired atomic/native/lifecycle targets not calibrated
assignment-case-v1:aac5fa1abca0bdcceec065624aae423fc3ae7a03a2dda8efeaf0240f38ce8737,astropy__astropy-14508,3,30,31,7112.513663072605,13214.623011983349,19062.72243000001,35440.890573,26175.236093072614,114623.751521,124252.1253105,False,False,True,False,unsupported: historical tool/proxy targets; repaired atomic/native/lifecycle targets not calibrated
assignment-case-v1:ab4cc527a1c8e5293bc636527c6125a06ab2772a614ceb7669ef33ec40576238,sympy__sympy-15345,4,30,31,8567.718194948611,16830.898581996735,19033.337498999997,32757.710891,27601.05569394861,102975.935283,124919.82762699999,False,False,True,False,unsupported: historical tool/proxy targets; repaired atomic/native/lifecycle targets not calibrated
assignment-case-v1:ab6cf0a4ffc72a0c2b38d34c74386005452058fa7660e14d88ca57c25178f463,sphinx-doc__sphinx-8548,1,30,31,6443.11433835901,7003.854576905724,19076.611453,33340.840331,25519.72579135901,92444.507509,124452.596539,False,False,False,False,unsupported: historical tool/proxy targets; repaired atomic/native/lifecycle targets not calibrated
assignment-case-v1:abeaba8669176c0e47d183bf15e7cc23d7079d41d51e58501138af3158120e02,django__django-12325,1,30,31,7859.874056368426,11380.871262968867,19076.611453,44694.0845,26936.485509368427,117801.319253,124452.596539,False,False,True,False,unsupported: historical tool/proxy targets; repaired atomic/native/lifecycle targets not calibrated
assignment-case-v1:ac314ef636e6c5e55c788aa62b05246473b29bf1a471164924d2a73d06476d65,matplotlib__matplotlib-13989,3,30,31,9230.523199032177,16114.160069999343,19062.72243000001,37317.42756699999,28293.245629032186,113918.07485,124252.1253105,False,False,True,False,unsupported: historical tool/proxy targets; repaired atomic/native/lifecycle targets not calibrated
assignment-case-v1:ac59eb416a74d31782dbb3b8ac06abbfcb59dd81ea5733f7e16c0420bead3fdf,matplotlib__matplotlib-25122,3,22,22,7660.623726531412,24521.60252698377,13528.383660000003,34071.308209,21189.007386531415,314899.280774,124252.1253105,False,False,False,False,unsupported: historical tool/proxy targets; repaired atomic/native/lifecycle targets not calibrated
assignment-case-v1:ac9a920a818af1f18016f58b01e951d9db0b8974791106a6ccd70cfda6758af9,matplotlib__matplotlib-20826,0,30,31,5912.119964999874,11448.916766006732,19137.542820999995,26592.775900999997,25049.66278599987,83955.700574,125970.234473,False,False,False,False,unsupported: historical tool/proxy targets; repaired atomic/native/lifecycle targets not calibrated
assignment-case-v1:ad27003e1ed7db3a2bfec12eadd4232604039b18762f3193aa5f1705f4f7eb36,sympy__sympy-20639,2,30,31,8625.819958548163,9509.821817006014,19162.8857395,45073.720776,27788.705698048165,100131.412922,125168.74167399999,False,False,False,False,unsupported: historical tool/proxy targets; repaired atomic/native/lifecycle targets not calibrated
assignment-case-v1:ae1b4357b048d4562d7b1abdd3ce3719c65141f76cb459918aab66f3d2510769,django__django-17029,0,27,27,10366.777051451209,18521.456046997628,16668.182457000003,47516.285217000004,27034.95950845121,116153.767875,125970.234473,False,False,True,False,unsupported: historical tool/proxy targets; repaired atomic/native/lifecycle targets not calibrated
assignment-case-v1:ae549aff6c0094d1775816e1a13e009769fdb515c4cde2932543a0d2ca687984,django__django-15695,4,30,31,8589.021603984293,25943.967058010458,19033.337498999997,72068.193567,27622.35910298429,159279.72513,124919.82762699999,False,False,True,False,unsupported: historical tool/proxy targets; repaired atomic/native/lifecycle targets not calibrated
assignment-case-v1:ae6ac27aeb8f3691dbef6ab5f2023cb36529c0a76dcaba0940a86ba4bee58540,sphinx-doc__sphinx-7590,1,30,31,5044.4057198219525,4550.007384939818,19076.611453,20803.194356,24121.017172821954,73772.061345,124452.596539,False,False,False,False,unsupported: historical tool/proxy targets; repaired atomic/native/lifecycle targets not calibrated
assignment-case-v1:ae97d4de9d3623b73a18468434b76e17f407282c49a97fd90a704142eaf6a12c,django__django-15525,0,30,31,9271.267035939672,8284.629629008123,19137.542820999995,57963.84153799999,28408.809856939668,118981.418472,125970.234473,False,False,True,False,unsupported: historical tool/proxy targets; repaired atomic/native/lifecycle targets not calibrated
assignment-case-v1:ae9aa67d1defdc6a8e2b9e3a2e82dd1d187647c0fbad89e89d73d05494cbf8d9,pallets__flask-5063,0,30,31,11534.797745429387,7334.568292997574,19137.542820999995,40052.746334,30672.340566429382,136652.022342,125970.234473,False,False,True,False,unsupported: historical tool/proxy targets; repaired atomic/native/lifecycle targets not calibrated
assignment-case-v1:af0504e6122e45b5694ecead62a7b9ca8216208f3a7b6a1e602ac4daddd07e04,django__django-12273,4,28,28,7007.0852139469935,6826.879297979758,17191.401611999994,140609.332441,24198.486825946988,191864.179431,124919.82762699999,False,False,False,False,unsupported: historical tool/proxy targets; repaired atomic/native/lifecycle targets not calibrated
assignment-case-v1:b00a2507ec22972ead4c01a0d482f597c5b4d18d921bf357ae2fbdb93d026188,mwaskom__seaborn-2848,1,30,31,6091.1978438307415,10465.039250997506,19076.611453,25104.232868,25167.809296830743,110963.043702,124452.596539,False,False,True,False,unsupported: historical tool/proxy targets; repaired atomic/native/lifecycle targets not calibrated
assignment-case-v1:b0523f6890f7b6727f43187fbae6f0bab651723d7572cbaaef49266a02ae8b7a,django__django-14017,0,30,31,8886.93785796022,9196.400823944714,19137.542820999995,60251.196429999996,28024.480678960215,196468.312032,125970.234473,False,False,False,False,unsupported: historical tool/proxy targets; repaired atomic/native/lifecycle targets not calibrated
assignment-case-v1:b1587275431d9c1e493c311f012e0a502bd71a84e52f37173ace94fa9ba0a488,matplotlib__matplotlib-23314,4,30,31,8804.747320451497,52835.23046792834,19033.337498999997,41068.820353,27838.084819451495,320175.371485,124919.82762699999,False,False,False,False,unsupported: historical tool/proxy targets; repaired atomic/native/lifecycle targets not calibrated
assignment-case-v1:b179feb16e4c889012c4f3a3150d14e4421d5fb33a441b766d4b3e3cb0536a6b,sympy__sympy-22080,1,30,31,11740.518631337181,11082.246433972614,19076.611453,89484.95287600002,30817.130084337183,143085.318986,124452.596539,False,False,True,False,unsupported: historical tool/proxy targets; repaired atomic/native/lifecycle targets not calibrated
assignment-case-v1:b1d7e51d565cbafa01b2fbf93ab8ab6435654ae1913001730370353ffa7bd48b,pytest-dev__pytest-5787,3,30,30,13391.895532975468,6615.587625070475,18447.79590000001,58305.394417999996,31839.691432975476,135086.287545,124252.1253105,False,False,True,False,unsupported: historical tool/proxy targets; repaired atomic/native/lifecycle targets not calibrated
assignment-case-v1:b21ee240bedbe1be67c9ce9ee822bc1350466fffe6817bea6f2e5e3d29c29a82,pytest-dev__pytest-11148,3,30,31,13547.968239503462,8482.379818986374,19062.72243000001,49358.90179899999,32610.69066950347,181605.885444,124252.1253105,False,False,False,False,unsupported: historical tool/proxy targets; repaired atomic/native/lifecycle targets not calibrated
assignment-case-v1:b24653892aa86410249961aa5f8fed2aa0f556668d4ee1940a29320b17c4cdaa,sphinx-doc__sphinx-8120,3,30,30,7722.094414481035,7296.213461930165,18447.79590000001,80752.04864400002,26169.890314481043,140786.476012,124252.1253105,False,False,True,False,unsupported: historical tool/proxy targets; repaired atomic/native/lifecycle targets not calibrated
assignment-case-v1:b26f45446c4cc28c57fe02e45bf8e2f6876f2e64919c850bc25a8af8e7c6f330,matplotlib__matplotlib-24970,3,30,31,9830.392290516102,20562.086795005598,19062.72243000001,57141.575607,28893.11472051611,157103.941989,124252.1253105,False,False,True,False,unsupported: historical tool/proxy targets; repaired atomic/native/lifecycle targets not calibrated
assignment-case-v1:b4cc6b40c69ce89ef4ba4c92f81865fbc537b96bbea2d0798daf110062eb5027,django__django-14170,1,12,12,2255.447177878523,2924.2693149717525,7384.494756000003,11144.121305,9639.941933878526,1197995.998757,124452.596539,False,False,False,False,unsupported: historical tool/proxy targets; repaired atomic/native/lifecycle targets not calibrated
assignment-case-v1:b4d42d0ff481720777fac78d45e7cd1d6ba82aea8d6e048b87e468b31c52be49,sympy__sympy-15809,4,29,29,10759.330081500593,9449.471182044363,17805.380240999995,39908.23680699999,28564.71032250059,89230.778023,124919.82762699999,False,False,False,False,unsupported: historical tool/proxy targets; repaired atomic/native/lifecycle targets not calibrated
assignment-case-v1:b53269e4a45706f0ffc80c40f6f423a032eb522ef2829425335a3ca26f655302,django__django-12708,4,30,31,5739.98614735865,25047.431047991267,19033.337498999997,33227.229856000005,24773.323646358647,115794.753839,124919.82762699999,False,False,True,False,unsupported: historical tool/proxy targets; repaired atomic/native/lifecycle targets not calibrated
assignment-case-v1:b5aeb83096246570537a1c4ec1124f8400e973cb8e61c6bd0bcbc5cc608b0cb4,sympy__sympy-22456,2,30,31,8576.527498536962,11844.663230906008,19162.8857395,41052.127641999985,27739.413238036963,118994.413824,125168.74167399999,False,False,True,False,unsupported: historical tool/proxy targets; repaired atomic/native/lifecycle targets not calibrated
assignment-case-v1:b5cc486ac2a296da3b1c7ee978532d1e476b93ee0b35bf0c15ce682349257fd5,scikit-learn__scikit-learn-13584,4,30,31,9691.242800978216,14059.919345017988,19033.337498999997,35512.014872,28724.580299978214,98862.778097,124919.82762699999,False,False,False,False,unsupported: historical tool/proxy targets; repaired atomic/native/lifecycle targets not calibrated
assignment-case-v1:b67fa6aafa63ccdd9f1bdda069beb32f68949bb906851f999580221483462549,django__django-15347,4,30,31,11539.7724229897,11151.411517974338,19033.337498999997,58507.641625000004,30573.109921989697,137819.555598,124919.82762699999,False,False,True,False,unsupported: historical tool/proxy targets; repaired atomic/native/lifecycle targets not calibrated
assignment-case-v1:b707616474edeb5d174670ecc3a9464d48e7e0b303c0cb0a3d9cab9a3a830119,sympy__sympy-20590,1,30,31,7328.130841404345,6847.0704129722435,19076.611453,37704.91032199999,26404.742294404346,87183.626607,124452.596539,False,False,False,False,unsupported: historical tool/proxy targets; repaired atomic/native/lifecycle targets not calibrated
assignment-case-v1:b777d74a80a10389320b35f438b5aa85bc5088faed1efa32fb44aad1e1fe15d9,django__django-15280,4,30,31,6915.656556433532,8370.93782100419,19033.337498999997,38153.305503999996,25948.99405543353,109847.892892,124919.82762699999,False,False,True,False,unsupported: historical tool/proxy targets; repaired atomic/native/lifecycle targets not calibrated
assignment-case-v1:b778dbeae28aec1d5963469ceda48b4655c05d10f52a9e6f4a4efd5e8d856e28,django__django-17029,0,29,29,10112.24245446283,31889.27661301568,17902.862639,41060.194535,28015.10509346283,142746.967389,125970.234473,False,False,True,False,unsupported: historical tool/proxy targets; repaired atomic/native/lifecycle targets not calibrated
assignment-case-v1:b80dbf74c498d2b38f16c92bd03b0dc3f44c8bcb0de4824a8e229ae6265a5e1a,scikit-learn__scikit-learn-13439,0,30,31,9755.649293940223,16895.620249015337,19137.542820999995,33175.25644,28893.19211494022,100025.861958,125970.234473,False,False,False,False,unsupported: historical tool/proxy targets; repaired atomic/native/lifecycle targets not calibrated
assignment-case-v1:b80f9149e8a56b0632acd741f8f86e48ca77d551e82a79f472cf069e2129279b,astropy__astropy-6938,2,30,31,7446.762375082471,16762.855435994425,19162.8857395,38447.791360999996,26609.648114582473,210457.674794,125168.74167399999,False,False,False,False,unsupported: historical tool/proxy targets; repaired atomic/native/lifecycle targets not calibrated
assignment-case-v1:b86837ec5283894c5f3202b1e337b00f62b1564dadaf439f8701fb31b2f70957,django__django-13230,0,30,31,9003.491880446745,37154.88787799404,19137.542820999995,42250.56821600001,28141.03470144674,239709.321165,125970.234473,False,False,False,False,unsupported: historical tool/proxy targets; repaired atomic/native/lifecycle targets not calibrated
assignment-case-v1:b87f3af1c7b25145a4f06e4603f855d45d1b72ff828f7346c6834b9bb0b96661,django__django-14580,1,30,31,8365.547634821269,8621.98052299209,19076.611453,67797.453663,27442.15908782127,142615.372833,124452.596539,False,False,True,False,unsupported: historical tool/proxy targets; repaired atomic/native/lifecycle targets not calibrated
assignment-case-v1:b920a784dfb64206ec0d95a1ba69b55e9b3eec5845140ab24a1660937c95bf4c,pylint-dev__pylint-6528,0,30,31,6241.304476967343,10543.19312399457,19137.542820999995,33984.348932999994,25378.84729796734,125588.163507,125970.234473,False,False,True,False,unsupported: historical tool/proxy targets; repaired atomic/native/lifecycle targets not calibrated
assignment-case-v1:b95b7efecd90c374619b4f01ceb1f0b2a8bc8fae204edf40668dd8c8e9277a2f,django__django-13658,3,30,31,12459.588629555583,12118.391954049002,19062.72243000001,44969.113779,31522.31105955559,121684.283351,124252.1253105,False,False,True,False,unsupported: historical tool/proxy targets; repaired atomic/native/lifecycle targets not calibrated
assignment-case-v1:b96490a974c4858e476ef9c2c97d424c98b8bec3c194615d628d5815d567945c,sympy__sympy-15011,1,30,31,8505.604326805042,19894.188414000382,19076.611453,37062.16684500001,27582.215779805043,118916.390513,124452.596539,False,False,True,False,unsupported: historical tool/proxy targets; repaired atomic/native/lifecycle targets not calibrated
assignment-case-v1:b9d2f5245465b4aabed908acea4fb9fa38a7cd8ec3255fc73bc1ccc2487c0d1a,scikit-learn__scikit-learn-11310,3,24,24,9062.650614028826,19014.2745829653,14758.236720000004,35038.22321,23820.88733402883,178940.534821,124252.1253105,False,False,False,False,unsupported: historical tool/proxy targets; repaired atomic/native/lifecycle targets not calibrated
assignment-case-v1:b9d6d4b0face4be8f4d574cfd6f1bd68539357dc33fd81e40aac0704cd6d13c0,django__django-12747,0,30,31,9172.458975928748,12836.171528004343,19137.542820999995,43579.552906,28310.001796928744,127779.836093,125970.234473,False,False,True,False,unsupported: historical tool/proxy targets; repaired atomic/native/lifecycle targets not calibrated
assignment-case-v1:ba0803f7b8803f5fcb18d88711e23703337a403612fd7022ae82f7e27054546c,sympy__sympy-20438,3,30,31,7557.981861589724,9158.744937973097,19062.72243000001,34494.670830999996,26620.704291589733,99385.984043,124252.1253105,False,False,False,False,unsupported: historical tool/proxy targets; repaired atomic/native/lifecycle targets not calibrated
assignment-case-v1:ba2f3eb01a65806f6af23acc172c9a2280d5ab9ad68eae4a4471e01bab9898d6,django__django-11885,4,24,24,5644.037128946366,6256.424802035326,14735.487095999993,95860.089815,20379.52422494636,153136.355608,124919.82762699999,False,False,True,False,unsupported: historical tool/proxy targets; repaired atomic/native/lifecycle targets not calibrated
assignment-case-v1:ba81d45d1a97326f4c4ea2df2ee62061c316e649943da6007f12f79b0af4a946,matplotlib__matplotlib-26113,3,30,31,10376.602835014637,26107.707217001007,19062.72243000001,45088.057731,29439.325265014646,152298.674544,124252.1253105,False,False,True,False,unsupported: historical tool/proxy targets; repaired atomic/native/lifecycle targets not calibrated
assignment-case-v1:ba9c98a683bef5f122e183293a74c8b53a58c921d9b4bb94b3718003ac93bdfa,django__django-14997,3,30,31,5572.989346088434,26267.2384219768,19062.72243000001,26013.673931000005,24635.711776088443,122421.323492,124252.1253105,False,False,True,False,unsupported: historical tool/proxy targets; repaired atomic/native/lifecycle targets not calibrated
assignment-case-v1:baf26e1b38c4a20abd5d66803105c80ad960cd3144a19ac0aba8445c0f0376d4,scikit-learn__scikit-learn-14983,0,24,24,8330.555403465041,11687.882586986234,14816.162184,42667.841588999996,23146.717587465042,101535.610046,125970.234473,False,False,True,False,unsupported: historical tool/proxy targets; repaired atomic/native/lifecycle targets not calibrated
assignment-case-v1:baf7b93fbc0e16cffafd26cb1f78f0b97ca6990d2b5790c61ca92f82bbf17c38,pydata__xarray-6721,3,30,31,8217.414324069978,27686.24830898625,19062.72243000001,47838.36268900001,27280.136754069987,220837.344788,124252.1253105,False,False,False,False,unsupported: historical tool/proxy targets; repaired atomic/native/lifecycle targets not calibrated
assignment-case-v1:bb1bef986dc55d547d8b57702c66369afda621973e86c1020eab4068546e1416,django__django-14351,4,30,30,5486.28931593521,16415.832929000317,18419.358869999996,75089.587547,23905.648185935206,132262.802794,124919.82762699999,False,False,True,False,unsupported: historical tool/proxy targets; repaired atomic/native/lifecycle targets not calibrated
assignment-case-v1:bb92fe709b9c5038de54895100bc11f897b5aa00a94f517e86a0c1f440422520,django__django-10914,4,27,27,10418.961767494693,37818.33382599871,16577.422982999993,40234.78230600001,26996.384750494686,150288.703458,124919.82762699999,False,False,True,False,unsupported: historical tool/proxy targets; repaired atomic/native/lifecycle targets not calibrated
assignment-case-v1:bc4b05d5f13625e58de7d418823c9db2e7bf50f6cc17f599bf180382502803ca,django__django-11815,4,33,33,11458.57173346485,23251.405392977176,20261.294757,72003.416767,31719.86649046485,259309.75076,124919.82762699999,False,False,False,False,unsupported: historical tool/proxy targets; repaired atomic/native/lifecycle targets not calibrated
assignment-case-v1:bc97ad7e5b5db385221ae96009a2b8498805bd50c5fba07c3acd5d3ef8cf4d08,sympy__sympy-18189,3,23,23,9287.961274996633,10688.88444401091,14143.310190000004,32362.052122999998,23431.271464996636,90319.090441,124252.1253105,False,False,False,False,unsupported: historical tool/proxy targets; repaired atomic/native/lifecycle targets not calibrated
assignment-case-v1:bcbf671804fb0acf43fbc17ee7ee3bb928866525ef05ec5e34d78a8cfab89d45,sphinx-doc__sphinx-8475,0,20,20,6148.4285469705355,12536.599690123694,12346.80182,35400.493783,18495.230366970536,90462.730478,125970.234473,False,False,False,False,unsupported: historical tool/proxy targets; repaired atomic/native/lifecycle targets not calibrated
assignment-case-v1:bd163ea6b8b68798a450445067c538fa8c946bb74c55fd263f9006194d21db30,sympy__sympy-24066,4,30,31,9983.415048474853,16773.41758801049,19033.337498999997,44777.569376,29016.75254747485,178801.53862,124919.82762699999,False,False,False,False,unsupported: historical tool/proxy targets; repaired atomic/native/lifecycle targets not calibrated
assignment-case-v1:bd9a5f86f225b75a329ec80978e730b5f7a0c8c8db143b425d5d1a84cec7ccc7,astropy__astropy-14995,4,22,22,7721.999964003771,56142.63448299607,13507.529837999995,31323.977382,21229.529802003766,241798.517391,124919.82762699999,False,False,False,False,unsupported: historical tool/proxy targets; repaired atomic/native/lifecycle targets not calibrated
assignment-case-v1:bdbe97367c993bdbaf95b332392f40f13ca429210942062dc8cc83c9a781120d,django__django-13568,2,30,31,9529.85351758798,12404.768348031212,19162.8857395,51930.93409,28692.739257087982,124618.020749,125168.74167399999,False,False,True,False,unsupported: historical tool/proxy targets; repaired atomic/native/lifecycle targets not calibrated
assignment-case-v1:be10f4da5548d591ebd2434af03d116e6fe2954025afa13bd17894da5f37080c,pylint-dev__pylint-4604,2,30,31,7318.859594533933,15492.965317971539,19162.8857395,32377.014047999997,26481.745334033934,160945.573823,125168.74167399999,False,False,True,False,unsupported: historical tool/proxy targets; repaired atomic/native/lifecycle targets not calibrated
assignment-case-v1:beb77e7a886be626c6f02c531bfcf123165cd4dd2879ea98aef0a826c79a871a,pydata__xarray-4493,2,30,31,6115.0971404767915,16273.443168996891,19162.8857395,34491.156899,25277.982879976793,116152.347543,125168.74167399999,False,False,True,False,unsupported: historical tool/proxy targets; repaired atomic/native/lifecycle targets not calibrated
assignment-case-v1:bed30dac43776650dd4b8d4b7f993650a5aab3b4f8bb50ac89c420510b889cb3,django__django-16256,4,15,15,2645.3338214450923,12110.59474007925,9209.679435,95314.00577399999,11855.013256445092,148807.636886,124919.82762699999,False,False,True,False,unsupported: historical tool/proxy targets; repaired atomic/native/lifecycle targets not calibrated
assignment-case-v1:bed99fcfda30418ee500bcc1031f45768610c99eb3a7e1de4eda43b4665126b9,scikit-learn__scikit-learn-11281,1,30,31,6949.3589563026035,9410.616795998067,19076.611453,33976.967006,26025.970409302605,131240.388755,124452.596539,False,False,True,False,unsupported: historical tool/proxy targets; repaired atomic/native/lifecycle targets not calibrated
assignment-case-v1:bfa37214312270e14e35612b4da3211c90acd3d84feb7cbe42b3ba7b6941e464,django__django-13658,3,20,21,6814.456359536052,5339.684711998416,12913.457130000003,35019.494985,19727.913489536055,93952.205851,124252.1253105,False,False,False,False,unsupported: historical tool/proxy targets; repaired atomic/native/lifecycle targets not calibrated
assignment-case-v1:bfc6a79e32941b43d55b55fe4b5f141a88a6a9898d6d209d5a10e6ed00e9a1f5,sphinx-doc__sphinx-10325,0,30,31,7361.222902976806,10459.824280027533,19137.542820999995,56012.645233999996,26498.7657239768,141985.552299,125970.234473,False,False,True,False,unsupported: historical tool/proxy targets; repaired atomic/native/lifecycle targets not calibrated
assignment-case-v1:bfdaf4b0b48fe179cde4ca9c34d5a6b282094c0705afa55befda6bbebf441006,mwaskom__seaborn-3187,4,30,31,10112.735990987858,33372.27003305452,19033.337498999997,50224.901765999995,29146.073489987855,201139.028644,124919.82762699999,False,False,False,False,unsupported: historical tool/proxy targets; repaired atomic/native/lifecycle targets not calibrated
assignment-case-v1:c03311349bf68a3f046f5fff924dfbba57d9e97f1739fd1433fb971838474d17,matplotlib__matplotlib-26011,0,30,31,7147.926855479454,13105.22497900456,19137.542820999995,74491.54210400002,26285.46967647945,148315.535394,125970.234473,False,False,True,False,unsupported: historical tool/proxy targets; repaired atomic/native/lifecycle targets not calibrated
assignment-case-v1:c0efde6fdb3a807f1ca03033b18689273e237a22a6709af4a9e3054d89432f2b,sympy__sympy-22714,4,30,31,10399.76118597042,15005.03333893721,19033.337498999997,43832.529319999994,29433.098684970417,101934.370543,124919.82762699999,False,False,True,False,unsupported: historical tool/proxy targets; repaired atomic/native/lifecycle targets not calibrated
assignment-case-v1:c0f04fd6ba3c31e3d1ee0f0cc23bb6cdacb5d791ac8e47a44bf59f4d3f29231f,django__django-14730,2,30,31,8502.924721577074,13960.86137999373,19162.8857395,49759.912972999984,27665.810461077075,130701.809192,125168.74167399999,False,False,True,False,unsupported: historical tool/proxy targets; repaired atomic/native/lifecycle targets not calibrated
assignment-case-v1:c1b87e551e1479e21e51e5b61818489f67538246fb1066fb65d1133b384a7a4e,django__django-13220,2,30,30,10309.430009618154,14184.161766985198,18544.728135,43220.289812,28854.158144618155,134781.019092,125168.74167399999,False,False,True,False,unsupported: historical tool/proxy targets; repaired atomic/native/lifecycle targets not calibrated
assignment-case-v1:c255f4cfc6de416d8560f03c891bc1990a4a66bd705e1f700dd1efb23dbce25f,scikit-learn__scikit-learn-13439,0,30,31,10025.920666437742,52075.4618380015,19137.542820999995,32225.29879900001,29163.463487437737,144003.035063,125970.234473,False,False,True,False,unsupported: historical tool/proxy targets; repaired atomic/native/lifecycle targets not calibrated
assignment-case-v1:c28adc478a94e4edf952ec1c15404e64bc44842b23df3996ac4eb695a20dc7f1,scikit-learn__scikit-learn-25973,0,30,31,7447.202166455099,13692.778404947603,19137.542820999995,30295.758793,26584.744987455095,96510.103202,125970.234473,False,False,False,False,unsupported: historical tool/proxy targets; repaired atomic/native/lifecycle targets not calibrated
assignment-case-v1:c3025c2ef4adea178414707d7a35c1eab3632cb5651189308089daaece2d14cc,sympy__sympy-18087,4,6,6,1130.6166619888245,1344.84325296944,3683.871774,4177.392777999999,4814.488435988825,47735.227222,124919.82762699999,False,False,False,False,unsupported: historical tool/proxy targets; repaired atomic/native/lifecycle targets not calibrated
assignment-case-v1:c36a612a784baff8f799467c54fe3574b7bca5778339d7a9b00f00bd4a927a71,sympy__sympy-15609,4,30,31,6401.4258169208915,8945.147654994798,19033.337498999997,39402.47635999999,25434.76331592089,112641.484147,124919.82762699999,False,False,True,False,unsupported: historical tool/proxy targets; repaired atomic/native/lifecycle targets not calibrated
assignment-case-v1:c393a31cc50e3e528716ae6f2e065b78030cfc9cb7aefdfa713ea9238e246a1c,django__django-12284,3,30,31,7383.664036071423,18481.108610954834,19062.72243000001,35460.29548300002,26446.38646607143,224503.679229,124252.1253105,False,False,False,False,unsupported: historical tool/proxy targets; repaired atomic/native/lifecycle targets not calibrated
assignment-case-v1:c3e0f55100584bb4789ab14db27b9a4f7a0bf6ea28bbc79072cc83e0d4c7836d,pydata__xarray-3151,3,22,22,9713.563865007018,49234.6422059054,13528.383660000003,34663.07404399999,23241.94752500702,244331.985969,124252.1253105,False,False,False,False,unsupported: historical tool/proxy targets; repaired atomic/native/lifecycle targets not calibrated
assignment-case-v1:c42969813ab98d3788e643d3f47d59a358fed008b074d4c882347e7e5f9d0ffb,astropy__astropy-14598,4,28,31,9113.646190495274,11936.874228998931,19033.337498999997,90984.41847000002,28146.98368949527,160007.40483,124919.82762699999,False,False,True,False,unsupported: historical tool/proxy targets; repaired atomic/native/lifecycle targets not calibrated
assignment-case-v1:c509a1eebfc1188626f02badb6a7014d8193b715fe27f1234c15c59784b92f98,astropy__astropy-6938,2,30,31,9951.470899586639,21258.18565100053,19162.8857395,51623.77297800001,29114.35663908664,131143.9324,125168.74167399999,False,False,True,False,unsupported: historical tool/proxy targets; repaired atomic/native/lifecycle targets not calibrated
assignment-case-v1:c51912d3527c45567c4c459c6372da125a58255767c558f576f1a5b8e9f5abeb,django__django-11211,1,23,23,4322.231348807691,35320.40793503984,14153.614948999997,55870.839083000006,18475.846297807686,171538.650364,124452.596539,False,False,False,False,unsupported: historical tool/proxy targets; repaired atomic/native/lifecycle targets not calibrated
assignment-case-v1:c57487d8ceaacb854f490aa1f1df98e1659866b0d29a90047472c7180ff05354,django__django-13012,3,29,31,7061.461758550649,9342.925853008637,19062.72243000001,93293.99820600002,26124.18418855066,173584.583217,124252.1253105,False,False,False,False,unsupported: historical tool/proxy targets; repaired atomic/native/lifecycle targets not calibrated
assignment-case-v1:c59287bcc16ec7ccf5e995cc7bfeaf2947315493b82489438a6f7f42d9df8d86,sphinx-doc__sphinx-9673,3,30,31,7735.566896526507,7971.127555014391,19062.72243000001,59353.895991,26798.289326526516,107391.096542,124252.1253105,False,False,True,False,unsupported: historical tool/proxy targets; repaired atomic/native/lifecycle targets not calibrated
assignment-case-v1:c5c6fe07715b8fdf65cbbd2b13316a247743826363b76bfee0459a40f5a893c5,sympy__sympy-21847,0,30,31,10767.162073454529,26862.746165992576,19137.542820999995,40051.512072000005,29904.704894454524,132653.224167,125970.234473,False,False,True,False,unsupported: historical tool/proxy targets; repaired atomic/native/lifecycle targets not calibrated
assignment-case-v1:c5cfdf49c592c960596fd00c660cc635b860f1a3d7d4e977f775b11133f270e1,scikit-learn__scikit-learn-14894,3,30,31,11324.34636850121,14908.089878015744,19062.72243000001,53570.555816,30387.06879850122,110302.341421,124252.1253105,False,False,True,False,unsupported: historical tool/proxy targets; repaired atomic/native/lifecycle targets not calibrated
assignment-case-v1:c5d195a10f4675e8014bd4bfee68612532a2e69d4099a3ca5c47092c82a25343,django__django-13658,3,30,31,9556.64671201157,9056.661174014152,19062.72243000001,44593.817934000006,28619.36914201158,114475.57731,124252.1253105,False,False,True,False,unsupported: historical tool/proxy targets; repaired atomic/native/lifecycle targets not calibrated
assignment-case-v1:c5f79a37fb9eac8014ea79e28e10668a2d26053dd243e89332abdebd3e478776,django__django-15278,0,30,31,7170.670105433601,8629.815022017283,19137.542820999995,43142.53834,26308.212926433596,109546.759198,125970.234473,False,False,True,False,unsupported: historical tool/proxy targets; repaired atomic/native/lifecycle targets not calibrated
assignment-case-v1:c6347a20a6716a55a8f0a24868122ab12498bed6933725f9e8218e17a98ed8c5,sphinx-doc__sphinx-10325,0,23,23,5076.671065979099,16403.59051100677,14198.822093,27891.938379000007,19275.4931589791,138624.581639,125970.234473,False,False,True,False,unsupported: historical tool/proxy targets; repaired atomic/native/lifecycle targets not calibrated
assignment-case-v1:c65fe18ade7200073c516210d6bc53167d9d15632cefa4988c9acff2a8ecec4e,sympy__sympy-18763,4,30,31,9971.333218982181,13568.089837062871,19033.337498999997,33445.419012000006,29004.67071798218,91846.968179,124919.82762699999,False,False,False,False,unsupported: historical tool/proxy targets; repaired atomic/native/lifecycle targets not calibrated
assignment-case-v1:c67fa97aefbaff8cf87ec8c1b534a7baa3eeb5824ab4f450e15c0392aac7b485,matplotlib__matplotlib-22711,1,30,31,7419.739816821675,52038.547492004,19076.611453,38040.41411400001,26496.351269821676,297999.41505,124452.596539,False,False,False,False,unsupported: historical tool/proxy targets; repaired atomic/native/lifecycle targets not calibrated
assignment-case-v1:c6848279d80395a33f16471afe905fe85ae756c28651cee34271bd373e0f899e,django__django-16612,1,30,31,9871.550995372672,12108.344017993659,19076.611453,54817.523066999995,28948.162448372674,119032.537201,124452.596539,False,False,True,False,unsupported: historical tool/proxy targets; repaired atomic/native/lifecycle targets not calibrated
assignment-case-v1:c76f5ee40306ae84980c5ec7efd683852ae8a7331976386925d5adb3f710248c,matplotlib__matplotlib-13989,3,30,31,9026.528869020694,19539.6856429943,19062.72243000001,48353.34568899999,28089.251299020703,141890.390726,124252.1253105,False,False,True,False,unsupported: historical tool/proxy targets; repaired atomic/native/lifecycle targets not calibrated
assignment-case-v1:c7e8f90a8c86ea0a1430edcfe8882e8cbb2dcfc009ef137bd1fa9598bef7276f,matplotlib__matplotlib-24970,3,30,31,9830.392290516102,22761.521369022375,19062.72243000001,58175.583754,28893.11472051611,128386.393297,124252.1253105,False,False,True,False,unsupported: historical tool/proxy targets; repaired atomic/native/lifecycle targets not calibrated
assignment-case-v1:c811b340015683b13e7fd044e86e1ac266c2156cbca6d6c701a7f4338e125e4f,scikit-learn__scikit-learn-13496,2,30,31,7786.667258045782,19812.887091044104,19162.8857395,43145.319069,26949.552997545783,109971.597163,125168.74167399999,False,False,True,False,unsupported: historical tool/proxy targets; repaired atomic/native/lifecycle targets not calibrated
assignment-case-v1:c879e38063fc4ce5013d5d8cff90778b200b77b824dbb3784c7951c8ae08f357,django__django-11749,1,30,31,7826.154574351676,18421.404850989347,19076.611453,42905.256202,26902.766027351678,140412.52057,124452.596539,False,False,True,False,unsupported: historical tool/proxy targets; repaired atomic/native/lifecycle targets not calibrated
assignment-case-v1:c89374fe5b731e655753f9ba494ddb7e5d7d5982c9c1d1fff4be0093b436b1c0,django__django-11400,3,30,31,10281.657131978136,11085.29242000077,19062.72243000001,63198.706655,29344.379561978145,133389.831382,124252.1253105,False,False,True,False,unsupported: historical tool/proxy targets; repaired atomic/native/lifecycle targets not calibrated
assignment-case-v1:c95028f358ef7137529f30f3be64a3bdb94169ba83a9504fdc214507c90de951,django__django-17029,0,28,28,10590.316059446195,17150.932718941476,17285.522548,36687.039841,27875.838607446196,91909.500201,125970.234473,False,False,False,False,unsupported: historical tool/proxy targets; repaired atomic/native/lifecycle targets not calibrated
assignment-case-v1:c9c2edce8c29b093645d024452652c05e015adc1b5b5de651683b7a13e5993f5,sympy__sympy-15308,0,30,31,6558.02686799143,9446.266309008934,19137.542820999995,29360.099291999995,25695.569688991425,97094.085871,125970.234473,False,False,False,False,unsupported: historical tool/proxy targets; repaired atomic/native/lifecycle targets not calibrated
assignment-case-v1:c9e54fca578a9257a6bd12b84c0712ab836d459b6130ce740fbcc9cec3be3d72,sympy__sympy-20442,3,30,31,11050.339283492576,18757.91753391968,19062.72243000001,50201.01601,30113.061713492585,129649.179386,124252.1253105,False,False,True,False,unsupported: historical tool/proxy targets; repaired atomic/native/lifecycle targets not calibrated
assignment-case-v1:c9e8f96f666081cde813b7c1b561b601d24c98a63a7ae1a667cc590453a1bc17,django__django-11265,4,30,31,7351.237340959415,7617.027093991055,19033.337498999997,25010.487497,26384.574839959412,92004.931586,124919.82762699999,False,False,False,False,unsupported: historical tool/proxy targets; repaired atomic/native/lifecycle targets not calibrated
assignment-case-v1:ca1ced7e53167e69ae839e8afce6fb63c26c67f0292bb3ee14f5c46a169d2586,sympy__sympy-18189,3,23,23,9287.961274996633,13239.57636598061,14143.310190000004,34957.89296700001,23431.271464996636,107688.448864,124252.1253105,False,False,True,False,unsupported: historical tool/proxy targets; repaired atomic/native/lifecycle targets not calibrated
assignment-case-v1:ca20c0420e9543b1a9b97da17fb4552eaaa287d7182e84da0ef86db418a8d895,matplotlib__matplotlib-13989,3,30,31,9680.447708540669,16727.569981943816,19062.72243000001,38182.659003999994,28743.170138540678,165176.128334,124252.1253105,False,False,True,False,unsupported: historical tool/proxy targets; repaired atomic/native/lifecycle targets not calibrated
assignment-case-v1:ca47bb49ab55c52b54ce3e8aad75e3a5bcd64626315612b7c304e814e4f1636d,sympy__sympy-22456,2,20,21,4986.905134010158,5098.632093002379,12981.309694500002,27685.206299999998,17968.214828510158,69715.141587,125168.74167399999,False,False,False,False,unsupported: historical tool/proxy targets; repaired atomic/native/lifecycle targets not calibrated
assignment-case-v1:ca962c903c73c3aebd22741174cfc57c046b044d5552eaae305321ce72fe44e0,sphinx-doc__sphinx-10323,2,30,31,8372.998740091134,13801.457543973811,19162.8857395,59932.35681900001,27535.884479591135,119053.383213,125168.74167399999,False,False,True,False,unsupported: historical tool/proxy targets; repaired atomic/native/lifecycle targets not calibrated
assignment-case-v1:cb376575c658644e91d55b5e702641704027686f1fef91366964d0fb4cd08f23,django__django-13212,4,30,31,6693.032013976335,18871.860359955463,19033.337498999997,40117.19344100001,25726.369512976333,130149.191572,124919.82762699999,False,False,True,False,unsupported: historical tool/proxy targets; repaired atomic/native/lifecycle targets not calibrated
assignment-case-v1:cb7048bd6f9c166ce005ace1033d5e7d5187e913be84cd0820b57a58cd0bbc7b,django__django-11049,4,30,31,6286.418801433683,6468.177081005706,19033.337498999997,68420.615208,25319.75630043368,124143.292567,124919.82762699999,False,False,True,False,unsupported: historical tool/proxy targets; repaired atomic/native/lifecycle targets not calibrated
assignment-case-v1:cbbb5f692fca99b2710f9b10385b838c5b2bea5d3a0df3173c79a0d74f8448ce,django__django-13195,4,30,31,10066.233129989996,10946.151347045088,19033.337498999997,94378.89951200003,29099.570628989994,152737.985885,124919.82762699999,False,False,True,False,unsupported: historical tool/proxy targets; repaired atomic/native/lifecycle targets not calibrated
assignment-case-v1:cbce4409c98203fa614c98bdfc5fd1ce49f3d3cb1d63bada6878e950b7868405,sphinx-doc__sphinx-8551,3,30,31,7812.253295565824,8367.723543953616,19062.72243000001,38306.776364,26874.975725565833,140133.456862,124252.1253105,False,False,True,False,unsupported: historical tool/proxy targets; repaired atomic/native/lifecycle targets not calibrated
assignment-case-v1:cbe618aaa3f7a2ed49f10197c5133e584299820febb8240d8a8835cb5c0dffca,sympy__sympy-22456,2,29,29,11862.815587550358,9195.479293965036,17926.5705305,50515.744679,29789.38611805036,97327.475024,125168.74167399999,False,False,False,False,unsupported: historical tool/proxy targets; repaired atomic/native/lifecycle targets not calibrated
assignment-case-v1:cc96d5bf59cf8ba7d1a70d170ee1a1d17c557f23f741a39d855dd4b8882d0b02,django__django-13658,3,30,31,9417.160103510469,7934.026842020103,19062.72243000001,38007.160282000004,28479.882533510478,94121.471552,124252.1253105,False,False,False,False,unsupported: historical tool/proxy targets; repaired atomic/native/lifecycle targets not calibrated
assignment-case-v1:cdaa91098480edd5c3f9a1976f75a8e9af8a82a651ba659eba1c6c54a6bdd89b,pylint-dev__pylint-6386,1,26,26,8053.293092394597,17852.29024392902,15999.738637999995,45400.635725,24053.031730394592,120685.254678,124452.596539,False,False,True,False,unsupported: historical tool/proxy targets; repaired atomic/native/lifecycle targets not calibrated
assignment-case-v1:ce9e78ecc92997532b4f5f2a075faf3f6d5e5c68088ab1af0162cae7e99cd9d6,django__django-11276,1,26,26,9309.954884396575,8169.156315008877,15999.738637999995,36256.28710599999,25309.69352239657,107734.393653,124452.596539,False,False,True,False,unsupported: historical tool/proxy targets; repaired atomic/native/lifecycle targets not calibrated
assignment-case-v1:cec015d633bdc65341abf2b8a74f74c5ce146ad7b6ac9bac04572e50219c357a,scikit-learn__scikit-learn-13439,0,30,31,9815.26736194246,21385.298595996574,19137.542820999995,37023.622161,28952.810182942456,110567.402515,125970.234473,False,False,True,False,unsupported: historical tool/proxy targets; repaired atomic/native/lifecycle targets not calibrated
assignment-case-v1:cfb94c6f6062221eb6ec5936b27188481159f883ecec7ac2abc449b2f1aa9919,pallets__flask-5014,1,30,30,10862.471606364124,8162.85362499184,18461.23689,44174.787269,29323.708496364125,122780.391945,124452.596539,False,False,True,False,unsupported: historical tool/proxy targets; repaired atomic/native/lifecycle targets not calibrated
assignment-case-v1:d01080a3e570f12e4c4bdb7f3050e24161003d3fd7ac9a820746c3e169a6be07,sympy__sympy-14308,1,30,31,8876.232397338754,11709.765780949965,19076.611453,43396.466615000005,27952.843850338755,108266.133172,124452.596539,False,False,True,False,unsupported: historical tool/proxy targets; repaired atomic/native/lifecycle targets not calibrated
assignment-case-v1:d0227f9d0260f2dfc9ff81c8fef49d98e23458f70ed61bfc7eb44ff86ce2a9dc,sphinx-doc__sphinx-10325,0,30,31,7884.004524956254,13851.198037002177,19137.542820999995,36519.708661,27021.54734595625,91517.16481,125970.234473,False,False,False,False,unsupported: historical tool/proxy targets; repaired atomic/native/lifecycle targets not calibrated
assignment-case-v1:d0ed39d553cff9c5d3376f0c927705c167ab495fd0582234a002c69785f62355,scikit-learn__scikit-learn-14087,3,30,31,7413.1457845160185,8481.783155992161,19062.72243000001,46242.772112999985,26475.868214516027,150912.217025,124252.1253105,False,False,True,False,unsupported: historical tool/proxy targets; repaired atomic/native/lifecycle targets not calibrated
assignment-case-v1:d0fc01cf5a6b2e341027625ce777a99e6c0fafc9b55d2e31257cca8aec041ab3,sphinx-doc__sphinx-8269,0,25,25,6889.782130951062,17501.94995792117,15433.502275,75151.05972,22323.28440595106,146858.015947,125970.234473,False,False,True,False,unsupported: historical tool/proxy targets; repaired atomic/native/lifecycle targets not calibrated
assignment-case-v1:d1111f01c84c4256a578f7077998abc0f68cf0470bf8a91e81a28ea10855e167,sympy__sympy-21627,0,30,31,6504.937045492625,34468.35308500158,19137.542820999995,28696.697215000004,25642.47986649262,125272.959259,125970.234473,False,False,True,False,unsupported: historical tool/proxy targets; repaired atomic/native/lifecycle targets not calibrated
assignment-case-v1:d1333ae2b4a0d3b9add70bf83f887259a1d738801d629a457cc420834555bd50,django__django-13658,3,30,31,12459.588629555583,10455.690315022366,19062.72243000001,45906.319262000005,31522.31105955559,121485.269911,124252.1253105,False,False,True,False,unsupported: historical tool/proxy targets; repaired atomic/native/lifecycle targets not calibrated
assignment-case-v1:d1d358803e1ab33d62fba7576b26054da0940ac1512abedd2196b85b5002ca8f,matplotlib__matplotlib-25332,2,30,31,7276.199653539152,22284.008707993053,19162.8857395,49670.589449,26439.085393039153,276839.698622,125168.74167399999,False,False,False,False,unsupported: historical tool/proxy targets; repaired atomic/native/lifecycle targets not calibrated
assignment-case-v1:d25586467f9f2149a0cd5bea6433342706aa79348fb0c6f5e2ff7b5efb13872d,django__django-16642,4,30,31,11193.609773014032,8791.637294001703,19033.337498999997,50438.051853,30226.94727201403,107181.107937,124919.82762699999,False,False,True,False,unsupported: historical tool/proxy targets; repaired atomic/native/lifecycle targets not calibrated
assignment-case-v1:d26036a17afaae24eefc19afe2aab2b348c03ac13e3f896f87c1f7e73626216b,django__django-16595,3,30,31,10729.49499598326,16165.341201009142,19062.72243000001,68422.44659900002,29792.21742598327,150114.971495,124252.1253105,False,False,True,False,unsupported: historical tool/proxy targets; repaired atomic/native/lifecycle targets not calibrated
assignment-case-v1:d2d613ef7ca39298b36f1f593756777ef426ca23f5bea42067fce786ada56f70,sympy__sympy-17630,0,30,31,8902.297839451421,19945.96044102218,19137.542820999995,36866.6465,28039.840660451417,113626.619504,125970.234473,False,False,True,False,unsupported: historical tool/proxy targets; repaired atomic/native/lifecycle targets not calibrated
assignment-case-v1:d2ff38234f0d41ec773cfe9c5a020c9affd412a0cfb3cbbb4a5c97592beed492,django__django-11742,2,30,31,8193.53912106817,13184.840354999324,19162.8857395,54913.373100000004,27356.42486056817,137418.188586,125168.74167399999,False,False,True,False,unsupported: historical tool/proxy targets; repaired atomic/native/lifecycle targets not calibrated
assignment-case-v1:d3171c886b7e4dee907fd1299bf28a89f15af982571fdbf1834b3fbb97246c5d,scikit-learn__scikit-learn-13584,4,30,31,10310.145392486447,15808.96697899152,19033.337498999997,40232.387866,29343.482891486445,102266.184608,124919.82762699999,False,False,True,False,unsupported: historical tool/proxy targets; repaired atomic/native/lifecycle targets not calibrated
assignment-case-v1:d33ab5b8059ba0e05579ed6877732139fcfb52c3a8be97ecf631e437575932ff,sympy__sympy-22456,2,38,38,14739.86886205239,42497.190322959796,23489.988971000002,53879.85034300001,38229.85783305239,144525.267574,125168.74167399999,False,False,True,False,unsupported: historical tool/proxy targets; repaired atomic/native/lifecycle targets not calibrated
assignment-case-v1:d3fa0b32aa4979b256b2320aaf006d557d7539ba1087aa9aa1783f37b15f0958,django__django-14855,1,30,31,8073.430010303127,6585.897536009725,19076.611453,33303.342305000006,27150.04146330313,91195.560918,124452.596539,False,False,False,False,unsupported: historical tool/proxy targets; repaired atomic/native/lifecycle targets not calibrated
assignment-case-v1:d48be37f003352ae157ef57072dcd04b4e731a90f44b7eb39f04925862d7186a,sympy__sympy-20154,2,27,27,11047.215456537742,9893.562637007562,16690.2553215,36284.20325599999,27737.470778037743,85293.226694,125168.74167399999,False,False,False,False,unsupported: historical tool/proxy targets; repaired atomic/native/lifecycle targets not calibrated
assignment-case-v1:d4d00a4ef8d89a94f59d4998a10716fedd130181f60623339653ca8b5c7ee29f,scikit-learn__scikit-learn-14141,2,26,26,9089.542674561017,16881.423876970075,16072.097717000002,28143.304264999995,25161.64039156102,98670.716763,125168.74167399999,False,False,False,False,unsupported: historical tool/proxy targets; repaired atomic/native/lifecycle targets not calibrated
assignment-case-v1:d5018453b95870adeedc0aadc055ff31dbcbbc3787ab2f1cd17ad243f00593d7,django__django-16400,3,30,31,7195.217773951299,20501.0256400019,19062.72243000001,44311.68825300001,26257.940203951308,222654.676985,124252.1253105,False,False,False,False,unsupported: historical tool/proxy targets; repaired atomic/native/lifecycle targets not calibrated
assignment-case-v1:d5ef9c776ef1daaef65b7bb4c36b71db6891fe65c64c92a8bea444ee0443fa34,django__django-13568,2,30,31,8741.387802589088,10557.297996987472,19162.8857395,51107.067965999995,27904.27354208909,124288.06904,125168.74167399999,False,False,True,False,unsupported: historical tool/proxy targets; repaired atomic/native/lifecycle targets not calibrated
assignment-case-v1:d617c76cf868692569552cd88f489f73dc645b0d6e80d5a1fe61ea3a42015a34,sphinx-doc__sphinx-10325,0,30,31,8262.29531345416,15146.422626028652,19137.542820999995,45826.48851100001,27399.838134454156,112767.620129,125970.234473,False,False,True,False,unsupported: historical tool/proxy targets; repaired atomic/native/lifecycle targets not calibrated
assignment-case-v1:d677281efdd800053f511f8f4858f2e48648784a111bb64634e5bc982583fd16,pydata__xarray-4493,2,30,31,6141.15731151287,11362.183172004734,19162.8857395,25658.349273,25304.04305101287,109111.783635,125168.74167399999,False,False,True,False,unsupported: historical tool/proxy targets; repaired atomic/native/lifecycle targets not calibrated
assignment-case-v1:d6dbb28add057cce397c91bc997b70f4e6849a374dc58248efaa6b21c3802a2a,django__django-15252,2,30,31,7618.914294056594,11941.292396048084,19162.8857395,62910.885378000006,26781.800033556596,127610.589773,125168.74167399999,False,False,True,False,unsupported: historical tool/proxy targets; repaired atomic/native/lifecycle targets not calibrated
assignment-case-v1:d6f9778cbcecdc5fd742e8e4b07100fd6a9ae160ce64b7166562cd59e9ef1c6f,pydata__xarray-6744,0,30,31,11415.46471844049,83802.73147599655,19137.542820999995,70766.33296199997,30553.007539440485,235506.764045,125970.234473,False,False,False,False,unsupported: historical tool/proxy targets; repaired atomic/native/lifecycle targets not calibrated
assignment-case-v1:d783020466b09626643253a60317612cba4d2a09170a3c615f1d5b2f6981d572,django__django-15022,0,30,31,8366.049210426354,13194.640968969907,19137.542820999995,49526.679555999996,27503.59203142635,115111.838553,125970.234473,False,False,True,False,unsupported: historical tool/proxy targets; repaired atomic/native/lifecycle targets not calibrated
assignment-case-v1:d7cce24c718deaf5c5325120fb37feed1651e0b61fc7f4416cddfc155860d274,matplotlib__matplotlib-13989,3,7,8,2828.2339695051633,62835.47542098677,4919.412239999999,4105.613694000001,7747.646209505162,147936.733424,124252.1253105,False,False,True,False,unsupported: historical tool/proxy targets; repaired atomic/native/lifecycle targets not calibrated
assignment-case-v1:d89777024654b230d623eca4dd4ecc002dab80eba3278f47f42be0175ce16e89,scikit-learn__scikit-learn-13584,4,20,21,5126.0223709723505,5803.269595024176,12893.551208999996,35272.233061,18019.573579972348,95409.501581,124919.82762699999,False,False,False,False,unsupported: historical tool/proxy targets; repaired atomic/native/lifecycle targets not calibrated
assignment-case-v1:d8978b66bf9973869e33a80c38024e7aaeb9b01f6a1c4e6fb976eaf3bec28efb,django__django-13768,0,30,31,7028.977090998524,16182.246836997365,19137.542820999995,31490.121564999994,26166.51991199852,99550.511362,125970.234473,False,False,False,False,unsupported: historical tool/proxy targets; repaired atomic/native/lifecycle targets not calibrated
assignment-case-v1:d8e10a845fbfd2df676abe7db22672755b861df5ee68941298deef1b9b4a99d1,sphinx-doc__sphinx-8638,3,30,31,5698.964541579699,6707.296938955551,19062.72243000001,28847.479439000006,24761.686971579707,86195.670136,124252.1253105,False,False,False,False,unsupported: historical tool/proxy targets; repaired atomic/native/lifecycle targets not calibrated
assignment-case-v1:d91d50406fbca37e462087bbbc9eba7e8959f19627d3b858c168b8fa0ab411bb,sympy__sympy-16886,2,23,23,9489.678297060891,8801.163369964343,14217.624903500002,29948.050028999995,23707.30320056089,101052.928121,125168.74167399999,False,False,True,False,unsupported: historical tool/proxy targets; repaired atomic/native/lifecycle targets not calibrated
assignment-case-v1:d9dc66bb71f10ba27774abd221d15e35fc0c8fef30de58ef54af831ae79ec695,sphinx-doc__sphinx-9367,0,26,26,10205.46080745953,38364.68581602094,16050.842366,32261.113407000004,26256.30317345953,120999.23504,125970.234473,False,False,True,False,unsupported: historical tool/proxy targets; repaired atomic/native/lifecycle targets not calibrated
assignment-case-v1:da2f85a5ecd7cd657462af1891209bcf24d261bc868d02017065e44a867e0f19,pydata__xarray-4493,2,30,31,6115.0971404767915,12435.521424064063,19162.8857395,36955.590593999994,25277.982879976793,102849.05529,125168.74167399999,False,False,True,False,unsupported: historical tool/proxy targets; repaired atomic/native/lifecycle targets not calibrated
assignment-case-v1:dafdc96407cc637299157ea59d93e09e4097f4e5a4d9a7a196beb47722a0b422,matplotlib__matplotlib-23562,1,10,11,2014.3221898761112,1866.0189140064176,6769.1201930000025,10635.826841,8783.442382876114,60194.540819,124452.596539,False,False,False,False,unsupported: historical tool/proxy targets; repaired atomic/native/lifecycle targets not calibrated
assignment-case-v1:db05a7145305e9bcca80dc574a54b5a5254ad96972602b291050a8c3f69b9b90,matplotlib__matplotlib-20859,1,30,31,9293.503266868356,54988.47343210946,19076.611453,33987.180847,28370.114719868357,297689.966078,124452.596539,False,False,False,False,unsupported: historical tool/proxy targets; repaired atomic/native/lifecycle targets not calibrated
assignment-case-v1:db6ca197fb5edb1eafeebd43693f62d9a79744e7366859280b68f33404396a38,django__django-15061,4,30,31,10882.397595996736,11595.777000009548,19033.337498999997,54287.523979,29915.735094996733,153788.274934,124919.82762699999,False,False,True,False,unsupported: historical tool/proxy targets; repaired atomic/native/lifecycle targets not calibrated
assignment-case-v1:db9bb5b00f9b3e40f504e29f5c2d63166216918214ef84328b5e929cfd7fdad8,matplotlib__matplotlib-26208,4,30,31,5649.135389923686,8333.866407985624,19033.337498999997,27130.981486,24682.472888923683,162626.969553,124919.82762699999,False,False,True,False,unsupported: historical tool/proxy targets; repaired atomic/native/lifecycle targets not calibrated
assignment-case-v1:dbfdd9deb89b2a5f2ead554f0fa1598f6b752219f3ac9642fc15f1895ca674b1,django__django-13513,2,30,31,10732.796219082957,52223.884186008945,19162.8857395,97125.07095799998,29895.681958582958,214994.623815,125168.74167399999,False,False,False,False,unsupported: historical tool/proxy targets; repaired atomic/native/lifecycle targets not calibrated
assignment-case-v1:dc7643b985b42eba48c8c8bc666565b40ca2ed7694a2b789305458d657ed448f,django__django-12406,3,30,31,7758.9088350578095,10778.24685399537,19062.72243000001,39175.72377299999,26821.63126505782,97754.871313,124252.1253105,False,False,False,False,unsupported: historical tool/proxy targets; repaired atomic/native/lifecycle targets not calibrated
assignment-case-v1:dcb72a6797080ae7e58ba82d9719ebb377d89e064d86435d574bf4c63f088a5a,django__django-11490,4,26,26,5566.979269438889,5963.653585000429,15963.444353999992,74710.79044199998,21530.42362343888,143091.162145,124919.82762699999,False,False,True,False,unsupported: historical tool/proxy targets; repaired atomic/native/lifecycle targets not calibrated
assignment-case-v1:dd907f99a8cf73339d001a0d9a632dba07c80bb42f03d51e3a618548ff882dfb,django__django-13590,1,30,31,8714.33149884615,61656.28030296648,19076.611453,46653.276453,27790.94295184615,189574.220707,124452.596539,False,False,False,False,unsupported: historical tool/proxy targets; repaired atomic/native/lifecycle targets not calibrated
assignment-case-v1:dd96b2c2b72c1299244452c02a9d144d94dd9209b7de33a445641424be00114e,matplotlib__matplotlib-24627,2,30,31,5991.120899498128,11465.8258180134,19162.8857395,30003.963422999994,25154.00663899813,153200.394228,125168.74167399999,False,False,True,False,unsupported: historical tool/proxy targets; repaired atomic/native/lifecycle targets not calibrated
assignment-case-v1:dde138aec895c494f00a48afe443f5d1efc12fd364f24340a674c042213bc943,django__django-14493,4,30,31,10340.566859997125,10298.44916001457,19033.337498999997,45009.941040999984,29373.904358997122,124216.181581,124919.82762699999,False,False,True,False,unsupported: historical tool/proxy targets; repaired atomic/native/lifecycle targets not calibrated
assignment-case-v1:ddeeb3d8eb88f8804597271f77bccfc883fe3f6d3fd1cb0919b0ce097dd66959,sphinx-doc__sphinx-8282,4,30,31,7856.3783389327,11273.623387991393,19033.337498999997,50054.72024600001,26889.715837932697,109566.417205,124919.82762699999,False,False,True,False,unsupported: historical tool/proxy targets; repaired atomic/native/lifecycle targets not calibrated
assignment-case-v1:df43b76d7f33997abe354fbbb1dec07c76fb6cd55bd35c12e834225e0fe40e87,django__django-17029,0,27,27,10366.777051451209,19885.08394498058,16668.182457000003,46528.438536,27034.95950845121,117146.917648,125970.234473,False,False,True,False,unsupported: historical tool/proxy targets; repaired atomic/native/lifecycle targets not calibrated
assignment-case-v1:df8d5a24fac71018874c5d56fb6ec2179530104e1a9df292364accd30cb44b06,pydata__xarray-4493,2,30,31,6115.0971404767915,13702.135279003414,19162.8857395,33661.21928700001,25277.982879976793,103082.298806,125168.74167399999,False,False,True,False,unsupported: historical tool/proxy targets; repaired atomic/native/lifecycle targets not calibrated
assignment-case-v1:dfb3cc098307acacc57089da49193dcfe17d6ad9866ed690a4343f2ac25bb084,scikit-learn__scikit-learn-10297,4,30,31,8871.585126489663,16334.618158984085,19033.337498999997,65080.935234000004,27904.92262548966,130000.838056,124919.82762699999,False,False,True,False,unsupported: historical tool/proxy targets; repaired atomic/native/lifecycle targets not calibrated
assignment-case-v1:dfdc5aa67519637d08f6c219233606201cb257512fbbf0e91973776f7a932e0b,django__django-11815,4,30,31,9972.92177646159,14682.833131970256,19033.337498999997,70811.11245800002,29006.259275461587,150348.17373,124919.82762699999,False,False,True,False,unsupported: historical tool/proxy targets; repaired atomic/native/lifecycle targets not calibrated
assignment-case-v1:e0348645ebd18c7ba776f789d9b1600fc70bc077cd82fae7fc27bbbbd68c2b7b,sphinx-doc__sphinx-9698,3,30,31,8714.27974602193,14631.792121006583,19062.72243000001,42163.17156799999,27777.00217602194,100616.730928,124252.1253105,False,False,True,False,unsupported: historical tool/proxy targets; repaired atomic/native/lifecycle targets not calibrated
assignment-case-v1:e03bb5e78d4faa5f2dd6323f3dfc1ac6de0cfee0fe09a99cd7754c100eaa406f,django__django-11039,3,30,31,8338.758262523697,25506.222795971553,19062.72243000001,31124.12653399999,27401.480692523706,136236.821697,124252.1253105,False,False,True,False,unsupported: historical tool/proxy targets; repaired atomic/native/lifecycle targets not calibrated
assignment-case-v1:e112ec09774c7765de4bde455c4f695b81afedaf61afaf7a2367e1d666480c5d,django__django-16256,4,30,31,9631.885259008413,7927.131098993414,19033.337498999997,72592.31206700002,28665.22275800841,123215.345352,124919.82762699999,False,False,True,False,unsupported: historical tool/proxy targets; repaired atomic/native/lifecycle targets not calibrated
assignment-case-v1:e1205a1c3f2d57520402a0e50d5a62e4c6822e2620ded5c6da4c980abf43501d,matplotlib__matplotlib-22865,0,19,19,3876.6944899780356,8323.016865033424,11729.461729,65719.014,15606.156218978036,124414.044018,125970.234473,False,False,True,False,unsupported: historical tool/proxy targets; repaired atomic/native/lifecycle targets not calibrated
assignment-case-v1:e12cdc83c2eae1fee8a30982507f05aeaa3356e4767d991786fcb7fecc5fcaff,django__django-13568,2,10,11,1966.2878565704887,1838.5926529590506,6799.733649500001,5803.882848,8766.02150607049,46608.904902,125168.74167399999,False,False,False,False,unsupported: historical tool/proxy targets; repaired atomic/native/lifecycle targets not calibrated
assignment-case-v1:e13e06b1c1d028806d16e18d906ebc68efeb07d855312ff91b33fe526d2031c4,pydata__xarray-4493,2,30,31,5438.395806966582,7291.0923050148995,19162.8857395,27834.558996,24601.281546466584,77648.54479,125168.74167399999,False,False,False,False,unsupported: historical tool/proxy targets; repaired atomic/native/lifecycle targets not calibrated
assignment-case-v1:e1656caa14ec355c8d0581a5384d8b33541a9cd90272fa60fd22c749c02ad163,sphinx-doc__sphinx-10325,0,30,31,7420.0539854555245,20776.484877998882,19137.542820999995,36211.43044899999,26557.59680645552,115495.503956,125970.234473,False,False,True,False,unsupported: historical tool/proxy targets; repaired atomic/native/lifecycle targets not calibrated
assignment-case-v1:e193689e1276ad40ece91611deddff57efb2f182aea41e4234a6028c1efb1fcf,sympy__sympy-15349,2,29,31,11105.58348405175,24459.619398010545,19162.8857395,82560.72003899999,30268.46922355175,165237.327051,125168.74167399999,False,False,True,False,unsupported: historical tool/proxy targets; repaired atomic/native/lifecycle targets not calibrated
assignment-case-v1:e19d0cd61641bbac4fa0fb4aab76233df0c49ad0a47e77ca1bcb49e4390a1c47,scikit-learn__scikit-learn-13584,4,30,31,8210.031710978,11273.14896198368,19033.337498999997,36050.188276,27243.369209978,119853.985997,124919.82762699999,False,False,True,False,unsupported: historical tool/proxy targets; repaired atomic/native/lifecycle targets not calibrated
assignment-case-v1:e1fccfb4b9b830a81ba6a6c5cd4658dc0e8d28a34307191651d32d01fdbd1736,matplotlib__matplotlib-23562,1,30,31,7991.215894293418,14393.98717800941,19076.611453,40774.74204,27067.82734729342,103246.5903,124452.596539,False,False,True,False,unsupported: historical tool/proxy targets; repaired atomic/native/lifecycle targets not calibrated
assignment-case-v1:e24c9b60fa819f46e7fa04b15ee46a41184e7852fce39fa705df63e2853b69fb,django__django-16116,4,30,31,8689.800237001691,6981.90071699355,19033.337498999997,39269.749188,27723.13773600169,94385.955392,124919.82762699999,False,False,False,False,unsupported: historical tool/proxy targets; repaired atomic/native/lifecycle targets not calibrated
assignment-case-v1:e26b953b8a6af52439219422938a0a24c367f2a76769cbfb57d94abdac4adb93,scikit-learn__scikit-learn-13584,4,30,31,8468.90414497102,18262.570632014103,19033.337498999997,34799.13618499999,27502.241643971018,111591.466145,124919.82762699999,False,False,True,False,unsupported: historical tool/proxy targets; repaired atomic/native/lifecycle targets not calibrated
assignment-case-v1:e3141317086e0fea67faa9aa4c06315bebddfc0ca49f5655927cfee638f19f57,django__django-14155,4,30,31,11553.717721501016,13675.610778009286,19033.337498999997,45839.31997499999,30587.055220501014,114589.417339,124919.82762699999,False,False,True,False,unsupported: historical tool/proxy targets; repaired atomic/native/lifecycle targets not calibrated
assignment-case-v1:e3a1748a3f69fa915da9d60d4ec89c8dd54dfe3ae6ca68ad38e2c08150119266,django__django-13568,2,30,31,8358.209374624494,10440.847380988998,19162.8857395,76947.66256,27521.095114124495,145825.061295,125168.74167399999,False,False,True,False,unsupported: historical tool/proxy targets; repaired atomic/native/lifecycle targets not calibrated
assignment-case-v1:e3b0167992e5f5d9e4eb42a20241f768c36b7347ae2a10c1ca54aacb25bf746f,django__django-13710,0,30,31,8524.478488956447,6556.3441069934925,19137.542820999995,48851.17969700001,27662.021309956443,110731.756968,125970.234473,False,False,True,False,unsupported: historical tool/proxy targets; repaired atomic/native/lifecycle targets not calibrated
assignment-case-v1:e3ed706fed697cce1b7352bf7e01103d12da4d0527cf108304ecdc37e2fb855f,django__django-11815,4,30,31,9886.65166445935,16447.15327801532,19033.337498999997,54587.03999799999,28919.989163459348,129466.305436,124919.82762699999,False,False,True,False,unsupported: historical tool/proxy targets; repaired atomic/native/lifecycle targets not calibrated
assignment-case-v1:e3f8d5c8d945837b3cdb498493a2bd9ff249471d8d19bd21c1ff562ac833d918,django__django-12143,2,30,31,9752.900203096942,21671.716236014618,19162.8857395,48453.941251,28915.785942596944,124746.435591,125168.74167399999,False,False,True,False,unsupported: historical tool/proxy targets; repaired atomic/native/lifecycle targets not calibrated
assignment-case-v1:e42d731af13d089206387006408d224b38ad2b14d5c7875f24f870fe9dd8c19a,sympy__sympy-21171,0,30,30,11457.096722944698,18754.084740005055,18520.202729999997,35073.80330700001,29977.299452944695,99187.091852,125970.234473,False,False,False,False,unsupported: historical tool/proxy targets; repaired atomic/native/lifecycle targets not calibrated
assignment-case-v1:e4798686196b4e0a621f3d4e8e7e5fd53ab7e323538cb1b18f70333b74f3b9a5,django__django-14765,2,30,31,8671.604811057477,12286.221878021024,19162.8857395,42694.312687,27834.49055055748,102454.401804,125168.74167399999,False,False,True,False,unsupported: historical tool/proxy targets; repaired atomic/native/lifecycle targets not calibrated
assignment-case-v1:e4a9167152c2b68620324d2df439ca46d6d4b60f6625fa0dedab555c8fbd53bc,matplotlib__matplotlib-26466,0,30,31,7753.168839948557,37393.45434298593,19137.542820999995,34990.33558200001,26890.711660948553,189506.881748,125970.234473,False,False,False,False,unsupported: historical tool/proxy targets; repaired atomic/native/lifecycle targets not calibrated
assignment-case-v1:e4ddb13bd8f26c7ed61367a0844761301b43b9d7458f0903cd3657005274a5d4,astropy__astropy-14182,2,30,31,6190.158995988895,7728.668009985995,19162.8857395,27812.293636999995,25353.044735488897,96425.271024,125168.74167399999,False,False,False,False,unsupported: historical tool/proxy targets; repaired atomic/native/lifecycle targets not calibrated
assignment-case-v1:e52c33cdd2fc7d9437665fbd3be037109f246c47519e9cd1c34b953adb4feee7,matplotlib__matplotlib-23964,1,24,24,8505.714075854485,49845.74005000832,14768.989511999996,34390.568548999996,23274.70358785448,204148.664258,124452.596539,False,False,False,False,unsupported: historical tool/proxy targets; repaired atomic/native/lifecycle targets not calibrated
assignment-case-v1:e55921dd6a9280a7c83fe90742330deaf3694f706563f3bde736f92978caf8b1,sympy__sympy-24539,4,29,29,11885.642377503245,11188.010077050421,17805.380240999995,38981.41722000001,29691.02261850324,96742.665986,124919.82762699999,False,False,False,False,unsupported: historical tool/proxy targets; repaired atomic/native/lifecycle targets not calibrated
assignment-case-v1:e5dc247216f3407564e65c96bac2411ce57c70b4da13210359b1d21be9225ed0,django__django-13033,3,23,23,4271.082635033963,6563.485009042779,14143.310190000004,124517.67433600001,18414.392825033967,210959.01774,124252.1253105,False,False,False,False,unsupported: historical tool/proxy targets; repaired atomic/native/lifecycle targets not calibrated
assignment-case-v1:e6cbd6e25fbb8593a31b77dae2bcfa6866664ed1f610d084c6642104a6b1e056,sympy__sympy-13773,1,30,31,8263.786253850412,19749.34658195707,19076.611453,36033.987815,27340.397706850414,121268.4527,124452.596539,False,False,True,False,unsupported: historical tool/proxy targets; repaired atomic/native/lifecycle targets not calibrated
assignment-case-v1:e7e22fdd4d738e72a4d372dde587d8a0a45bd855e0454107c9f8e4edd12a6e4e,pytest-dev__pytest-5809,2,30,31,9449.452155569816,94875.92364894226,19162.8857395,30074.440323000003,28612.337895069817,229725.611617,125168.74167399999,False,False,False,False,unsupported: historical tool/proxy targets; repaired atomic/native/lifecycle targets not calibrated
assignment-case-v1:e84c42f58d87814515712cd4175938a1777e453bccc313bedc2cd8d81c54aa2d,sympy__sympy-23191,4,30,31,10417.638715505745,12784.862683001847,19033.337498999997,49283.550086,29450.976214505743,104242.761155,124919.82762699999,False,False,True,False,unsupported: historical tool/proxy targets; repaired atomic/native/lifecycle targets not calibrated
assignment-case-v1:e871e37eb54f88abe2eb5283d3fa42efb75d18d2319df9861c57ec46634a8b20,sympy__sympy-24909,3,30,31,7669.901385581397,11436.56390603428,19062.72243000001,40820.944729,26732.623815581406,145413.604893,124252.1253105,False,False,True,False,unsupported: historical tool/proxy targets; repaired atomic/native/lifecycle targets not calibrated
assignment-case-v1:e99e9eb435602e0bcfbccd1d1ff5f73496bdb04e6709114dcb6cccc0e7d4bb72,sympy__sympy-14396,2,30,31,8824.85805503893,14859.618298007263,19162.8857395,32707.897287,27987.743794538932,110966.872896,125168.74167399999,False,False,True,False,unsupported: historical tool/proxy targets; repaired atomic/native/lifecycle targets not calibrated
assignment-case-v1:ea499ee155b4c4ae333d3f5ec30d04822af0f5790869fd7a4f3e948738dd5e3c,django__django-15819,2,30,31,6722.713107586969,6841.156134018092,19162.8857395,43418.16854400001,25885.59884708697,106678.537211,125168.74167399999,False,False,True,False,unsupported: historical tool/proxy targets; repaired atomic/native/lifecycle targets not calibrated
assignment-case-v1:ea8c504259bb654aaee75bff500d44aa5d2b2edf42ca5d7204644a628d97ba41,astropy__astropy-8707,0,30,31,8541.937082940422,11428.200903028483,19137.542820999995,43839.534264999995,27679.479903940417,118753.138639,125970.234473,False,False,True,False,unsupported: historical tool/proxy targets; repaired atomic/native/lifecycle targets not calibrated
assignment-case-v1:eab1b5ed04a17add724481b72ffb5b185a97be4271d9f7db2e11c19f9683cfd6,django__django-16816,3,10,10,1901.8958469823701,2095.909833034966,6149.265299999998,6699.150172000001,8051.161146982368,1179394.532684,124252.1253105,False,False,False,False,unsupported: historical tool/proxy targets; repaired atomic/native/lifecycle targets not calibrated
assignment-case-v1:eb8a6cd9dc0d53d1539e37cb3554de218694949693c6be59f2cb6b57e513f067,django__django-16255,2,30,31,10985.985139122931,9550.964704991202,19162.8857395,90895.85904999998,30148.870878622933,172264.240604,125168.74167399999,False,False,False,False,unsupported: historical tool/proxy targets; repaired atomic/native/lifecycle targets not calibrated
assignment-case-v1:ebbe0c2bfa75cefd8afda1e98d0637f92d5a59c5eddaadaf1d3aed3c6c0e5e5a,django__django-14667,4,30,31,7213.169792434201,7349.428000004991,19033.337498999997,47338.547967,26246.507291434198,127952.762305,124919.82762699999,False,False,True,False,unsupported: historical tool/proxy targets; repaired atomic/native/lifecycle targets not calibrated
assignment-case-v1:ec1a1f5ec2579ead434cbd990ccae69f5a68e30272a361e0593ce991d14b2395,django__django-14631,2,30,31,8372.297837075166,18727.968628008966,19162.8857395,46603.925545000006,27535.183576575168,112618.515918,125168.74167399999,False,False,True,False,unsupported: historical tool/proxy targets; repaired atomic/native/lifecycle targets not calibrated
assignment-case-v1:ec458d38b66349ed8d810747c332b66d68c74054a9487c9a8f51b650fe9279ae,sympy__sympy-22456,2,29,31,7337.275362509899,6501.233418981428,19162.8857395,41622.681021000004,26500.1611020099,88273.353803,125168.74167399999,False,False,False,False,unsupported: historical tool/proxy targets; repaired atomic/native/lifecycle targets not calibrated
assignment-case-v1:ed2d265372ed9f6f4713b853f00671e6e9f3732c5ae24c73bda9787f84f2f274,django__django-16256,4,20,21,3635.6751264538616,12721.435378989554,12893.551208999996,62276.095458,16529.22633545386,127736.820716,124919.82762699999,False,False,True,False,unsupported: historical tool/proxy targets; repaired atomic/native/lifecycle targets not calibrated
assignment-case-v1:edae4b02811c237a62fbfe5a87208e9b4e6dba1164c675a4579806792aac3547,matplotlib__matplotlib-13989,3,30,31,9168.102123025164,14768.968917021994,19062.72243000001,34076.721880000005,28230.824553025173,88504.224394,124252.1253105,False,False,False,False,unsupported: historical tool/proxy targets; repaired atomic/native/lifecycle targets not calibrated
assignment-case-v1:ee3b762c3f310d8c26ba1c4137762fdc596da5a103684811cd02568a86bebc1d,matplotlib__matplotlib-13989,3,30,31,8753.554350023478,16061.629128002096,19062.72243000001,35098.266926,27816.276780023487,109245.457593,124252.1253105,False,False,True,False,unsupported: historical tool/proxy targets; repaired atomic/native/lifecycle targets not calibrated
assignment-case-v1:ee469232595b108e12fa6d709b7e3dccf367b44655ea7b834b80f84806c659bb,django__django-14351,4,20,21,3747.22488444786,10054.376119951485,12893.551208999996,73829.675119,16640.776093447857,142070.778195,124919.82762699999,False,False,True,False,unsupported: historical tool/proxy targets; repaired atomic/native/lifecycle targets not calibrated
assignment-case-v1:eec913bb1fcee2034f9b8f41e51ae2f978c327250e5c912ecc1497e2bc874a71,django__django-14351,4,10,11,1779.8674754685635,1904.8085068934597,6753.764919000001,8425.983939,8533.632394468565,55529.480144,124919.82762699999,True,False,False,False,unsupported: historical tool/proxy targets; repaired atomic/native/lifecycle targets not calibrated
assignment-case-v1:ef9671f9f112f4cfb742c2f8f51dd46c892c1887b1fcd00e090282ac873db0ae,sympy__sympy-22456,2,30,31,9670.706878030614,10295.907258012448,19162.8857395,44078.06536899999,28833.592617530616,98398.764565,125168.74167399999,False,False,False,False,unsupported: historical tool/proxy targets; repaired atomic/native/lifecycle targets not calibrated
assignment-case-v1:efc5abf77617ac555f376e03a2b97eb1bb3a2eaf9efbe0be15ddefc93dad913a,django__django-11532,1,30,31,8166.131129808491,15552.183868996508,19076.611453,39510.171761,27242.742582808492,121962.44297,124452.596539,False,False,True,False,unsupported: historical tool/proxy targets; repaired atomic/native/lifecycle targets not calibrated
assignment-case-v1:f00ccb5d293f81f52229cf10b6036ee73903cb4bbc1540ae5afe95bc960d04af,django__django-10914,4,25,28,8434.546747501372,7960.042446007719,17191.401611999994,131132.36653200001,25625.948359501366,205747.323644,124919.82762699999,False,False,False,False,unsupported: historical tool/proxy targets; repaired atomic/native/lifecycle targets not calibrated
assignment-case-v1:f0c78f0a748bdbb2074f7301a89208ebb7b54c119f6ed4280de5d2fb305b6799,django__django-13448,1,30,31,8499.557105798885,9123.872637002933,19076.611453,50880.53606400001,27576.168558798887,147697.44727,124452.596539,False,False,True,False,unsupported: historical tool/proxy targets; repaired atomic/native/lifecycle targets not calibrated
assignment-case-v1:f11e018669284ec8ee050991d068c46b443af70590e9abd4afe77a6a1063c068,django__django-16938,4,30,31,8605.586021956697,71151.88936900086,19033.337498999997,31834.565676000002,27638.923520956694,164073.378115,124919.82762699999,False,False,True,False,unsupported: historical tool/proxy targets; repaired atomic/native/lifecycle targets not calibrated
assignment-case-v1:f137ca8b39ec593fe336f918e13999337d76b68bd2b4fb9298f4fefa3725e02e,django__django-15128,3,30,31,9180.842208528702,10990.530008020869,19062.72243000001,38246.603311000006,28243.56463852871,95600.655839,124252.1253105,False,False,False,False,unsupported: historical tool/proxy targets; repaired atomic/native/lifecycle targets not calibrated
assignment-case-v1:f1593780e4e9aff2d5772b52f016f15ed4d9facd15a692bc3f1d0a783b9e5d87,django__django-16256,4,30,30,9632.443254506143,14074.789011036046,18419.358869999996,58790.954624,28051.80212450614,124403.178193,124919.82762699999,False,False,True,False,unsupported: historical tool/proxy targets; repaired atomic/native/lifecycle targets not calibrated
assignment-case-v1:f1f08fb8c2a1c39e2d417507f98b71b523b2b38a978c2ead08ad950dbfd06286,matplotlib__matplotlib-24570,2,19,19,5542.793927526873,14531.328411016148,11744.994485500001,47920.24623,17287.788413026872,103584.702907,125168.74167399999,False,False,True,False,unsupported: historical tool/proxy targets; repaired atomic/native/lifecycle targets not calibrated
assignment-case-v1:f1f7abbd07d92360ad329b832f209e9e9a6901162dbb61e6bc20263382bb5750,django__django-14155,4,30,31,11445.6095320038,10271.540519006521,19033.337498999997,48183.35287099999,30478.947031003798,141411.108725,124919.82762699999,False,False,True,False,unsupported: historical tool/proxy targets; repaired atomic/native/lifecycle targets not calibrated
assignment-case-v1:f2768b0f63fca2b496f26769a82d8de98833fa73998848fea3d3e448b98b4015,django__django-17029,0,27,27,10366.777051451209,32747.57245305227,16668.182457000003,50149.651529999996,27034.95950845121,236100.070365,125970.234473,False,False,False,False,unsupported: historical tool/proxy targets; repaired atomic/native/lifecycle targets not calibrated
assignment-case-v1:f2963397443789c0c59955ff14804ecf287dd38e0c1a1bb0ba9c71ac2f408251,django__django-15996,3,30,31,11240.239011040103,7132.789333005348,19062.72243000001,57291.65767800001,30302.961441040112,219747.322449,124252.1253105,False,False,False,False,unsupported: historical tool/proxy targets; repaired atomic/native/lifecycle targets not calibrated
assignment-case-v1:f2ed310c9357fad0215861f78bf3e1cb483eac9c6b47a39f40663ef5acb52617,django__django-16256,4,30,31,8272.037049973733,16826.788098005636,19033.337498999997,59979.00767099999,27305.37454897373,132490.367243,124919.82762699999,False,False,True,False,unsupported: historical tool/proxy targets; repaired atomic/native/lifecycle targets not calibrated
assignment-case-v1:f31b735961db4646a1738d97a56c19b8cd3082462a87154701451cae02683eff,matplotlib__matplotlib-22871,0,30,31,8597.932806957033,22861.037725982897,19137.542820999995,47036.23089499999,27735.47562795703,260713.411607,125970.234473,False,False,False,False,unsupported: historical tool/proxy targets; repaired atomic/native/lifecycle targets not calibrated
assignment-case-v1:f3dcd1b7a96ab8c479ea68643b36d5348f8210e87879abdc295e9e79cfc27010,django__django-17029,0,29,29,11782.101874938235,9914.85976799595,17902.862639,46424.556316999995,29684.964513938234,107791.673594,125970.234473,False,False,True,False,unsupported: historical tool/proxy targets; repaired atomic/native/lifecycle targets not calibrated
assignment-case-v1:f4dccde98a473cea828373eb0ef5d39d5e8768e1861f6166b5f113a090e916ee,astropy__astropy-6938,2,30,31,8882.744341040961,17184.254954001517,19162.8857395,36716.68876,28045.630080540963,113627.953335,125168.74167399999,False,False,True,False,unsupported: historical tool/proxy targets; repaired atomic/native/lifecycle targets not calibrated
assignment-case-v1:f54c472786c38f53968efdddeeafa00c11fead732d118257053f33d42b913b11,django__django-11815,4,30,31,9535.19443895857,14207.044995986507,19033.337498999997,51239.15696899999,28568.531937958567,114041.599959,124919.82762699999,False,False,True,False,unsupported: historical tool/proxy targets; repaired atomic/native/lifecycle targets not calibrated
assignment-case-v1:f5f1eff2ad27391ef4cdf20fa2a903f5574b4af426d52ba9f940fead575a08f4,django__django-16256,4,10,11,1834.5380269893212,8782.620383950416,6753.764919000001,12204.162419999999,8588.302945989322,54287.267415,124919.82762699999,False,False,False,False,unsupported: historical tool/proxy targets; repaired atomic/native/lifecycle targets not calibrated
assignment-case-v1:f61f392239c79a4da8e54e9fb813ac74e41b7ae264093db82f105f79aad980c2,django__django-11815,4,30,31,9972.92177646159,13861.436850995233,19033.337498999997,86533.34956100001,29006.259275461587,145269.579217,124919.82762699999,False,False,True,False,unsupported: historical tool/proxy targets; repaired atomic/native/lifecycle targets not calibrated
assignment-case-v1:f6823c9d6e998acb9d32732a907a882d092b046b39fdf7ced2de2dd56d1d2a46,scikit-learn__scikit-learn-13779,0,21,21,8370.695125449856,13284.161204952397,12964.141911,35016.84360200001,21334.837036449855,92567.117468,125970.234473,False,False,False,False,unsupported: historical tool/proxy targets; repaired atomic/native/lifecycle targets not calibrated
assignment-case-v1:f6982513b6d62485fdf626518a5f021e33fc58c4d54be1f4bd0de1758ee58fec,django__django-15790,4,30,31,9089.39529395866,9357.343781994132,19033.337498999997,44355.04170699999,28122.732792958657,118269.054514,124919.82762699999,False,False,True,False,unsupported: historical tool/proxy targets; repaired atomic/native/lifecycle targets not calibrated
assignment-case-v1:f6adeed8516729b5df24a97623f6a09c3d2b656b0bcfd51b379e7436d75bfb71,sphinx-doc__sphinx-7440,0,30,31,7431.980273466252,44145.08667800692,19137.542820999995,35390.248183,26569.523094466247,128139.870163,125970.234473,False,False,True,False,unsupported: historical tool/proxy targets; repaired atomic/native/lifecycle targets not calibrated
assignment-case-v1:f6cd4c89889727fdcb8d7cda2ec7f4c6107a02c29481ea3092562944089b0583,django__django-13964,4,19,19,3973.9196929567697,4222.8215559443925,11665.593950999997,70629.526271,15639.513643956767,134493.359641,124919.82762699999,False,False,True,False,unsupported: historical tool/proxy targets; repaired atomic/native/lifecycle targets not calibrated
assignment-case-v1:f6d860570ddf721bde33f6b2bfe64f47c05139e10062b63aec9f202ccd63168d,django__django-16100,0,30,31,9056.043041944577,7104.756250992068,19137.542820999995,56445.91474200001,28193.585862944572,109606.93819,125970.234473,False,False,True,False,unsupported: historical tool/proxy targets; repaired atomic/native/lifecycle targets not calibrated
assignment-case-v1:f6ee9bf57419826e5843b7bca7ff7582d5cca9dc0d9e4096c1c7dc8d8fbb2156,matplotlib__matplotlib-22719,0,30,31,8957.628005451625,15220.851758989738,19137.542820999995,37017.009572999996,28095.17082645162,119130.514921,125970.234473,False,False,True,False,unsupported: historical tool/proxy targets; repaired atomic/native/lifecycle targets not calibrated
assignment-case-v1:f70b7000c10162a79673810483df303a1f6d5c22f3494c63f7b9d8de54690fe9,django__django-15277,2,30,31,9882.176408596933,9493.639562017052,19162.8857395,42524.23591,29045.062148096935,99924.107787,125168.74167399999,False,False,False,False,unsupported: historical tool/proxy targets; repaired atomic/native/lifecycle targets not calibrated
assignment-case-v1:f7447e96bd5eebb60e03289f09af9495344bc3ea782937656479f12599495e6a,sympy__sympy-20154,2,23,23,9802.021504538061,14442.425099026877,14217.624903500002,38964.197838,24019.64640803806,117541.742945,125168.74167399999,False,False,True,False,unsupported: historical tool/proxy targets; repaired atomic/native/lifecycle targets not calibrated
assignment-case-v1:f757e348a595dcc7856bafec8b79784cbef0452bfb507301619b273a4991d3a0,pydata__xarray-4493,2,50,51,13459.799298490907,35781.76219500892,31526.037829500005,73635.99151099999,44985.83712799091,181999.58906,125168.74167399999,False,False,False,False,unsupported: historical tool/proxy targets; repaired atomic/native/lifecycle targets not calibrated
assignment-case-v1:f80866fb98b2655d4c79a897f7c940abde4e6d49895cd26973a4e718b6d35ecb,django__django-13121,3,30,31,7015.508423546635,77253.169891992,19062.72243000001,31974.886240000003,26078.230853546644,183872.348997,124252.1253105,False,False,False,False,unsupported: historical tool/proxy targets; repaired atomic/native/lifecycle targets not calibrated
assignment-case-v1:f8183d10ae5d16bc05c1c223ea4d189f0078b5ca8560e98ef03d8c9b9c273734,sphinx-doc__sphinx-9367,0,25,25,9108.340787459383,6484.551581990672,15433.502275,32944.33257100001,24541.843062459382,113918.055579,125970.234473,False,False,True,False,unsupported: historical tool/proxy targets; repaired atomic/native/lifecycle targets not calibrated
assignment-case-v1:f837cda02d31873b8c38f8c325be44e08e931f6beea36b5b597a1b3996aa0dc0,sympy__sympy-18835,2,27,27,10557.464212055493,19031.171778042335,16690.2553215,44837.337240999994,27247.719533555493,127454.734258,125168.74167399999,False,False,True,False,unsupported: historical tool/proxy targets; repaired atomic/native/lifecycle targets not calibrated
assignment-case-v1:f88056bf8c3cd4ebb7d9b01b938b85f9b6143f7ce03837a34a4b34b3740afe39,sympy__sympy-15976,0,30,31,11500.232647429584,18314.894743962213,19137.542820999995,64908.17659399999,30637.77546842958,141894.368077,125970.234473,False,False,True,False,unsupported: historical tool/proxy targets; repaired atomic/native/lifecycle targets not calibrated
assignment-case-v1:f88edde848fdc4ad5f80a1f715e36ad44fc174096f2502fcf132848311cf0666,django__django-13821,2,30,31,10391.05983108675,43373.86583194893,19162.8857395,40311.500717999996,29553.94557058675,161291.859692,125168.74167399999,False,False,True,False,unsupported: historical tool/proxy targets; repaired atomic/native/lifecycle targets not calibrated
assignment-case-v1:f8bfe9483ddbaf970043a4544bcf5a5175b5e06af30be6393205076c2e6aae3b,sympy__sympy-13480,0,23,23,9155.63614445091,11940.653220954118,14198.822093,25069.024865000003,23354.458237450912,99310.081616,125970.234473,False,False,False,False,unsupported: historical tool/proxy targets; repaired atomic/native/lifecycle targets not calibrated
assignment-case-v1:f8d6893ed1f2292868d6194f9960bb24d46cb21079d89f9caf1cff03dfa2e2e7,scikit-learn__scikit-learn-13584,4,35,35,12612.537034001434,25390.955894981744,21489.252015000002,40397.167917,34101.78904900144,122508.50897,124919.82762699999,False,False,True,False,unsupported: historical tool/proxy targets; repaired atomic/native/lifecycle targets not calibrated
assignment-case-v1:fa3360db043ff790cee30536476b79de84d0b2c18c65ff46dc550e8efcce6b3f,sympy__sympy-24213,3,30,31,11198.86357652831,19621.00579998514,19062.72243000001,50549.39808,30261.58600652832,121497.820942,124252.1253105,False,False,True,False,unsupported: historical tool/proxy targets; repaired atomic/native/lifecycle targets not calibrated
assignment-case-v1:fa6bfdfe3a9b40846d03845371e7efa2d7708661d643a6ec49c4b39cafc87a21,django__django-16667,2,30,31,9997.873977545169,13062.067502985883,19162.8857395,57617.079322,29160.75971704517,117802.324243,125168.74167399999,False,False,True,False,unsupported: historical tool/proxy targets; repaired atomic/native/lifecycle targets not calibrated
assignment-case-v1:fae1bb6595c1ccd152f8e86163d95674ce38307496629a293e7c4c54be2aa98c,django__django-16315,0,30,31,5111.465801481245,5578.662229963811,19137.542820999995,22717.742819000003,24249.00862248124,76876.229941,125970.234473,False,False,False,False,unsupported: historical tool/proxy targets; repaired atomic/native/lifecycle targets not calibrated
assignment-case-v1:fb2a65d94c82bd1030bd62ace02004b7d82d9f75de9e040c7b75a508f521aef1,django__django-12858,3,30,31,6824.9736515736,7931.894888999523,19062.72243000001,33764.223607,25887.69608157361,88576.216515,124252.1253105,False,False,False,False,unsupported: historical tool/proxy targets; repaired atomic/native/lifecycle targets not calibrated
assignment-case-v1:fb5b58d2065f9cb7fa3584b0954e9e2e99193569513cf46506606b8f6745648d,django__django-14351,4,30,31,5818.792036940067,23345.832754013827,19033.337498999997,31270.028210000004,24852.129535940065,100786.736783,124919.82762699999,False,False,True,False,unsupported: historical tool/proxy targets; repaired atomic/native/lifecycle targets not calibrated
assignment-case-v1:fbf1c73638ad7e8757c3d81dbd49b6d7ad27db1a6f55ae52c70f3a7db111cadd,scikit-learn__scikit-learn-13439,0,30,31,8877.765545939837,19185.784425993916,19137.542820999995,38976.74876899999,28015.308366939833,109044.744846,125970.234473,False,False,True,False,unsupported: historical tool/proxy targets; repaired atomic/native/lifecycle targets not calibrated
assignment-case-v1:fcc7c11647d5296d8748d52c7fea5c956b0b0f6b71a5bf362901ee328c528bf2,django__django-14315,1,30,31,12737.053361313883,10830.43654600624,19076.611453,94457.00426499998,31813.664814313885,169537.793997,124452.596539,False,False,False,False,unsupported: historical tool/proxy targets; repaired atomic/native/lifecycle targets not calibrated
assignment-case-v1:fce63cf4fd1c36f01cf62c19b7105e9a6f732e92dea73a8319aae114bc2966eb,django__django-15851,4,30,31,9214.238874998046,25765.97503904486,19033.337498999997,40670.161142000004,28247.576373998043,174508.663968,124919.82762699999,False,False,False,False,unsupported: historical tool/proxy targets; repaired atomic/native/lifecycle targets not calibrated
assignment-case-v1:fd32c73bbb957e5dbae3b9de9840b479a0536eb38565fde74d462b971a976ebe,scikit-learn__scikit-learn-13439,0,30,31,9333.192670441349,31354.32154398586,19137.542820999995,35632.778131,28470.735491441344,126836.884335,125970.234473,False,False,True,False,unsupported: historical tool/proxy targets; repaired atomic/native/lifecycle targets not calibrated
assignment-case-v1:fd46d6fd552c4019c70d5ea1aa0103558926807856dadc12d713b81b24326378,django__django-13658,3,28,28,10193.504291490171,22840.55119199911,17217.942840000007,45382.711631,27411.44713149018,133427.218109,124252.1253105,False,False,True,False,unsupported: historical tool/proxy targets; repaired atomic/native/lifecycle targets not calibrated
assignment-case-v1:fd586d6bbf8de140ea87fac3132c4ab889fc28b460b6792a4d9b673be4b7b6bc,pytest-dev__pytest-7490,4,30,31,12062.068724466371,69046.13142897142,19033.337498999997,40380.656867,31095.40622346637,168594.208044,124919.82762699999,False,False,False,False,unsupported: historical tool/proxy targets; repaired atomic/native/lifecycle targets not calibrated
assignment-case-v1:fd9d0abb251e65cf87cf808c41400c18147c6e7c07ddc7c59b3e0a87ed1afd99,django__django-14034,0,30,31,8656.473552957323,8798.700949009799,19137.542820999995,53978.929454,27794.016373957318,122741.798465,125970.234473,False,False,True,False,unsupported: historical tool/proxy targets; repaired atomic/native/lifecycle targets not calibrated
assignment-case-v1:fd9e97538667718ec28cda5bfd4f7266d72a4502f81d29ce50e2f6754dbff0ab,django__django-12856,4,30,31,7481.178380945494,9101.873207982862,19033.337498999997,36788.87811599999,26514.51587994549,118246.171594,124919.82762699999,False,False,True,False,unsupported: historical tool/proxy targets; repaired atomic/native/lifecycle targets not calibrated
assignment-case-v1:fde41015acc8ec0b55ec7a5ab9911b6439df2d92eae6e9e2c863e4f489751abb,matplotlib__matplotlib-13989,3,30,31,9232.609844535546,12560.060843097745,19062.72243000001,40728.864355000005,28295.332274535554,135239.437351,124252.1253105,False,False,True,False,unsupported: historical tool/proxy targets; repaired atomic/native/lifecycle targets not calibrated
assignment-case-v1:fe1bd54652a88ad57afa06fa3d580bf73826b8c624f409ab0a90f0175a12c41a,sphinx-doc__sphinx-7889,2,29,28,9889.202096092049,17290.866862953408,17308.412926,41720.30068099999,27197.61502209205,128605.138973,125168.74167399999,False,False,True,False,unsupported: historical tool/proxy targets; repaired atomic/native/lifecycle targets not calibrated
assignment-case-v1:fe1e4f66674ef17205e8f9884658775788e59b7342e4c5cfd5f7f26ead2daac1,django__django-12663,3,30,31,8808.427012538232,37897.98871199309,19062.72243000001,40667.128799000006,27871.14944253824,131938.135728,124252.1253105,False,False,True,False,unsupported: historical tool/proxy targets; repaired atomic/native/lifecycle targets not calibrated
assignment-case-v1:fe3768d266d884bf15dca24859e82ac70c1d0a3024f68c18718b7b74009a21c7,matplotlib__matplotlib-13989,3,34,34,11766.780210033176,31817.6086001331,20907.50202000001,43120.39504699998,32674.282230033186,178714.757102,124252.1253105,False,False,False,False,unsupported: historical tool/proxy targets; repaired atomic/native/lifecycle targets not calibrated
assignment-case-v1:fe69c872b5ce7d0f7c18e7c7fc53e9eabad5a242039f2a82c08b7a2f25694d2b,django__django-15957,2,30,31,6212.07983100976,15758.036516002903,19162.8857395,25367.413566,25374.96557050976,114824.746476,125168.74167399999,False,False,True,False,unsupported: historical tool/proxy targets; repaired atomic/native/lifecycle targets not calibrated
assignment-case-v1:fe92a02d48834881ffb40f81b0fa74cda68c6deeec0ee7823af9c89e5540f709,django__django-14122,3,30,31,6744.111990050442,7107.93592898699,19062.72243000001,69831.572858,25806.83442005045,138861.730405,124252.1253105,False,False,True,False,unsupported: historical tool/proxy targets; repaired atomic/native/lifecycle targets not calibrated
assignment-case-v1:febdb8130566a31a20f81f4255e3f2319201a54f3e67a08a68eb5caccd52fb9b,sympy__sympy-18532,3,30,31,8327.247202558283,21319.660493012634,19062.72243000001,49748.829175,27389.96963255829,137365.551149,124252.1253105,False,False,True,False,unsupported: historical tool/proxy targets; repaired atomic/native/lifecycle targets not calibrated
assignment-case-v1:fee081408ee253778c163f45168759c2da9a584ae0b0b544e4d5cd9e1f5de837,scikit-learn__scikit-learn-13142,2,30,31,9098.593358527069,19170.50405801274,19162.8857395,53694.337022,28261.47909802707,138484.392669,125168.74167399999,False,False,True,False,unsupported: historical tool/proxy targets; repaired atomic/native/lifecycle targets not calibrated
assignment-case-v1:ff159be01be197ef644d99a50422ac6f6b0554a61f492f9a8a878aa5c59cc448,matplotlib__matplotlib-18869,3,28,28,10342.080439497295,21056.551144007244,17217.942840000007,29084.169435,27560.0232794973,182422.903033,124252.1253105,False,False,False,False,unsupported: historical tool/proxy targets; repaired atomic/native/lifecycle targets not calibrated
assignment-case-v1:ff20778cfb95ac112b512c1867758ace649f2edf608920f96d6c2e14f272c660,sphinx-doc__sphinx-7748,0,30,30,8026.572377961202,13140.006321889814,18520.202729999997,67254.066803,26546.7751079612,127930.142553,125970.234473,False,False,True,False,unsupported: historical tool/proxy targets; repaired atomic/native/lifecycle targets not calibrated
assignment-case-v1:ff5d259f232b48f4c3548aa4e287d17d910ee8106ad411ae5b202243041a20ad,sphinx-doc__sphinx-9367,0,21,21,7574.777918962354,13541.407482000068,12964.141911,23364.575126000003,20538.919829962353,121290.313857,125970.234473,False,False,True,False,unsupported: historical tool/proxy targets; repaired atomic/native/lifecycle targets not calibrated
assignment-case-v1:ffa565feeba1ec11fe70c438671b4c1947620d8f318d3a57b18fee640c1f379f,sympy__sympy-13974,3,30,31,12538.008411011106,14597.59959197254,19062.72243000001,75735.90914399998,31600.730841011115,131847.105255,124252.1253105,False,False,True,False,unsupported: historical tool/proxy targets; repaired atomic/native/lifecycle targets not calibrated
assignment-case-v1:ffe8a2c3613c3da7b443b805dac5838da048ede22b197542531638fedf2e527c,django__django-16256,4,30,15,6858.761660963864,22098.54299109429,9209.679435,13250.627765,16068.441095963864,1347129.159161,124919.82762699999,False,False,False,False,unsupported: historical tool/proxy targets; repaired atomic/native/lifecycle targets not calibrated
