path,role,bytes,sha256
project/GCP_H100_ADDITIONAL_LITE_20260823.json,gcp_h100_compact_evidence,1119,13053b60f6c4061c10245c7ca66bc4976a842784f5539008f56719cdda8a7d83
project/GCP_H100_ADDITIONAL_VERIFIED_20260823.json,gcp_h100_compact_evidence,1327,9a17a23bfd83a74e5651a9a148c24ff4159990ce77b4d772d12d193d76cf5d69
project/GCP_H100_ALIGNED_REQUEST_GPU_20260823.json,gcp_h100_compact_evidence,3993,a91bd59d6728eb868edbf5be260301156c1323d20cd07b7063e50f0946d2f9dd
project/GCP_H100_CALLS20_LITE_20260823.json,gcp_h100_compact_evidence,2386,d10843e33bbac80d22820b47cb299e8543ea7a2677d761be3d447c8fabe1d189
project/GCP_H100_CONCURRENCY_20260823.json,gcp_h100_compact_evidence,2419,e963e7c3bbd2a070ef8506a3bb66db682ff7f4843c97b0bdc01d0dd82d802f88
project/GCP_H100_CONTAINER_NCU_CAPABILITY_20260823.json,gcp_h100_compact_evidence,1328,657dcd05843dda94953726ae0b2365a29736d81ab2a81bcade11ec6db05c1fd0
project/GCP_H100_CPU_GPU_CASE_STUDY_20260823.json,gcp_h100_compact_evidence,3269,62c935b1a8203b42bf1be53f76fba5b8708d5009deafa65bde07e26e6465cd3c
project/GCP_H100_CPU_GPU_CASE_STUDY_HIRES_20260823.json,gcp_h100_compact_evidence,3003,e52d86bda15f9de61661a7a4b1415ef9422c6385fdd5575f000bc5e39bc4ce3d
project/GCP_H100_CPU_TOOL_STRACE_PROFILE_20260823.json,gcp_h100_compact_evidence,4411,69b3c35063691ac94d3eeafc3714025e081d8f24a76761d7f4e7279938e851c1
project/GCP_H100_CUDA_CALIBRATION_20260823.json,gcp_h100_compact_evidence,1445,dce0b688f8f05a596a9088eefe3230a557adf96152df598113dbf94a9e50e416
project/GCP_H100_DIVERSITY_FLASK_5063_20260823.json,gcp_h100_compact_evidence,3075,b64f759e3a4e7e0889107627249ecba2865607e339bdec61d07ca23a26c5562f
project/GCP_H100_DIVERSITY_REQUESTS_2317_20260823.json,gcp_h100_compact_evidence,4012,81852dc6e67d8a989eea531b98dff7256d2382ef86b6737123991773aa8d2bac
project/GCP_H100_GAP_AUDIT_20260823.md,gcp_h100_compact_evidence,13178,fb0e0e8aa2ee0c1a2df446618f5a9f7090bb62a4c5b6b01bef26a5f235bb33ca
project/GCP_H100_GPU_UTIL_CUDA_EVENT_CALIBRATION_20260823.json,gcp_h100_compact_evidence,1941,efaf4f03639841d94f0cf70991fb95fc42e87cbc95d0e14cab0fecccbfe83191
project/GCP_H100_KINETO_SIMULATOR_20260824.json,gcp_h100_compact_evidence,4679,d77e530dcff52ccfbb174f76e00aace37efe5d83847898189e74467274bce72c
project/GCP_H100_KINETO_TRAJECTORY_20260824.json,gcp_h100_compact_evidence,3826,f7e1aaf301d235973f5248a6cd042be58c6cec5134ba258243d53a3875e3bd29
project/GCP_H100_MEASUREMENTS.json,gcp_h100_compact_evidence,4775,35ccb13ad386fa06f6a60d493d0f6a07c29c3f80cf3c1b5b6529dc46db933ce1
project/GCP_H100_PROCESS_ATTRIBUTION_20260823.json,gcp_h100_compact_evidence,1343,30914a57954aa26670fe0f9cb909342ef41670814e4c49446a6f07a6591f9025
project/GCP_H100_PROCESS_ATTRIBUTION_20260823.md,gcp_h100_compact_evidence,1839,ec41101803e8e1e6c1c24964ed9587416592725bbbac441a6e8da22971f03f67
project/GCP_H100_PROCESS_ATTRIBUTION_20260823F2.json,gcp_h100_compact_evidence,15014,3b298d485cadf6e6562e9f84962d86220f89e6720291f176e22834cf7d9942fd
project/GCP_H100_PROFILE_REQUESTS_2317_20260823.json,gcp_h100_compact_evidence,5582,d12bab1e1eeb0b457e46f6b2204bb3aa89dd285fbef3bbf509f2fdc08edda6b6
project/GCP_H100_PROGRESS.json,gcp_h100_compact_evidence,2122,1db9b8bb310b290903c799de89da976d5fc37beedfbcf31d76182f459fbcbfb1
project/GCP_H100_PROGRESS.md,gcp_h100_compact_evidence,20470,7f75b969fc0ac5ffa595d4ff22af19fcb70a2c0d8649d4a22c405698eb5a4a38
project/GCP_H100_REQUEST_PROFILE_20260823.json,gcp_h100_compact_evidence,3468,e7f63c9a206afbcd3ca0e2abe1c88336144443bf3d91e797a7714c63c11d4c32
project/GCP_H100_REQUEST_PROFILE_20260823B.json,gcp_h100_compact_evidence,17669,24893eebf5b0e2adfca9ec274ef182be437d35b075e76d71f896dd167b43a07d
project/GCP_H100_REQUEST_PROFILE_20260823B.md,gcp_h100_compact_evidence,2046,2b2af87b6072a9ab67a92a6158c0cc27f12393433a93a90e21c25f29f7a7ceec
project/GCP_H100_REQUEST_PROFILE_20260823C.json,gcp_h100_compact_evidence,12495,273707bc05c52dfc11519ed2c691389aa9e0335cde7dbc10912715e75a4f6e83
project/GCP_H100_REQUEST_PROFILE_20260823C.md,gcp_h100_compact_evidence,1239,235157a706b0f63b2707f9041d84871ca95d43fb68241dfe38bb88fecde7b942
project/GCP_H100_REQUEST_PROFILE_20260823D.json,gcp_h100_compact_evidence,12497,e315cda7b1214079031e3e4d438b76c7e1e415666a9f4aebaf8e21a221313f02
project/GCP_H100_REQUEST_PROFILE_20260823D.md,gcp_h100_compact_evidence,1239,4fb8d643b803f51273c13ecbdc6dddae0dc2d66e1a22bc8c1fb0f897f572a3ff
project/GCP_H100_REQUEST_PROFILE_20260823E.json,gcp_h100_compact_evidence,13036,5a3737cca4956868d6cf3c49cc0d00dc207e22c34503d27ca466705ccb71f9f5
project/GCP_H100_REQUEST_PROFILE_20260823E.md,gcp_h100_compact_evidence,1005,812eb4599022ac7403ce35b38e543e865db6f5745a7a319301f9e1fd483150d5
project/GCP_H100_REQUEST_PROFILE_20260823G.json,gcp_h100_compact_evidence,27323,437e9a2396019d46f6c2303cbf5822324591854ca69756fa836ca351291385fd
project/GCP_H100_REQUEST_PROFILE_20260823G.md,gcp_h100_compact_evidence,4035,a62343d70493b6159c7af98e433eb7708eed5d9af388e3341cdd075a0d7a2b97
project/GCP_H100_SERVICE_CALIBRATION_REQUEST_METRICS_20260823.json,gcp_h100_compact_evidence,4506,fc3c5b5b251e1a679e1b67b03c7e921d173c820c1b23b433826a31e54195a80c
project/GCP_H100_SIMULATOR_HOLDOUT_STATUS_20260823.json,gcp_h100_compact_evidence,1449,15d19bb286c061d1949f1b851bbe47b79c7c694c7eb29dca1c131742eae7e055
project/GCP_H100_TEMP02_LITE_20260823.json,gcp_h100_compact_evidence,1353,c07a413aa674c634535d071793df8c227dd4040ff95f69769f5cef47edb37873
project/GCP_H100_THIN_20260823.json,gcp_h100_compact_evidence,1349,58d101b2803bf7bc17acbb5655a8a64b8e4d3951923a43d175b0546ebcdcbf50
project/GCP_H100_VLLM_CALIBRATION_20260823E.json,gcp_h100_compact_evidence,5494,95c51cbe800adbfe1957993f1d0b079b99f6e03cfb04edb0fb3a36bf06bab3c6
project/GCP_H100_VLLM_CALIBRATION_20260823E.md,gcp_h100_compact_evidence,1283,b8c7614986aef09c69a3c736cf2963cd78155daf149162bf92540b32069a50fc
project/MODAL_LITE_CONTROL_CLEAN_MEASURED.json,modal_measurement_manifest,1806,7b8b93a683f217fa80db859e73e3269c54757c53cbf6af5a596f45986cfda60f
project/MODAL_LITE_CONTROL_FULL_PROMPT_MEASURED.json,modal_measurement_manifest,2485,3fe8c482a58fe71ef560ac1d5979dd28181ca6bc6d94ad277f7cc81bc8de7baf
project/MODAL_LITE_CONTROL_MEASURED.json,modal_measurement_manifest,2340,7148ffcfeae516e2fcbf26b5405816238d274da0e272f331bfa8fec3a1a441f5
project/MODAL_LITE_DEEP_PROFILE_MEASURED.json,modal_measurement_manifest,3991,b98b5e8923455efd45f27e459dd89dd0bff03281c68b3c4fcf28007ad726f412
project/MODAL_LITE_DEEP_PROFILE_PARALLEL_MEASURED.json,modal_measurement_manifest,4021,87122a23f53776093c1f979bd4efadbf4f1ed2f06a5b267f7046964d239a6ccd
project/MODAL_LITE_FIFTH_INSTANCE_MEASURED.json,modal_measurement_manifest,2428,11fbbbf4d22d10eadac50c51d0283ef17fc26448e4a84dffc931d2300c2c148e
project/MODAL_LITE_FIFTH_INSTANCE_REFERENCE_COMPLETION_MEASURED.json,modal_measurement_manifest,1790,9ad4e755e90d120ade4ccca0051999056b251a28edac1cce902574c2b5533fd7
project/MODAL_LITE_FOURTH_INSTANCE_CLEAN_MEASURED.json,modal_measurement_manifest,1782,7a9f31b43671735e012a37391f4a9f671fabde1a19336e0efab8f479ed08477c
project/MODAL_LITE_FOURTH_INSTANCE_MEASURED.json,modal_measurement_manifest,2357,b4fb5f4c17afb2a8dbcdf2f4101c9d3aab68086735eedc6fa66543ff8018edad
project/MODAL_LITE_PROFILE_MEASURED.json,modal_measurement_manifest,2685,93fa07632604c750b386e5109b64938828e7d090df55067126649257119acf80
project/MODAL_LITE_SECOND_INSTANCE_MEASURED.json,modal_measurement_manifest,2556,5575e72d1a634b49e8aeeb31c53e60d4ff712edd3c6161d54bd00de70cee4a67
project/MODAL_LITE_SECOND_INSTANCE_REFERENCE_COMPLETION_MEASURED.json,modal_measurement_manifest,1933,f4676f03841a00999c26a91f1771358fb1f27c5eddc52a416dbfa2b2c40ab742
project/MODAL_LITE_SECOND_INSTANCE_TARGETED_MEASURED.json,modal_measurement_manifest,2371,8ac8d117c7f72be429e17a69efb67d450848a0585804c6b8df588cbb04e9e3ec
project/MODAL_LITE_SWEEP_MEASURED.json,modal_measurement_manifest,14801,d0ebfd128d7ffdbf160fd758ea1e47c603d177dc2f4f5b7346bf1c53b8c0a499
project/MODAL_LITE_THIRD_INSTANCE_CLEAN_MEASURED.json,modal_measurement_manifest,1853,943811b13d41e18b54348b5a70b27a033d32b8067436903b712232c958eae2a2
project/MODAL_LITE_THIRD_INSTANCE_MEASURED.json,modal_measurement_manifest,2392,8f27c357a67b9cab1b8f7d07eed3279199a4ae0f2e2d92c10a0cd47b9d05795c
project/MODAL_VERIFIED_CONTROL_CALLS50_MEASURED.json,modal_measurement_manifest,2680,f4e2a96f282e6c3dc11bdb4644ea9010939a5ab337e260b553e5e968c6dc1782
project/MODAL_VERIFIED_CONTROL_FULL_PROMPT_MEASURED.json,modal_measurement_manifest,2702,3df85d4fd42f3d1b92507c2d7c01861dc30412e5a855b7d406448774c85a142f
project/MODAL_VERIFIED_CONTROL_TOKENS4096_MEASURED.json,modal_measurement_manifest,2651,4c0537f2a9c2d1075d8703a5ddfdfe9be4b45d2683461f561b23a7d7f47b86f8
project/MODAL_VERIFIED_DEEP_PROFILE_MEASURED.json,modal_measurement_manifest,3781,920b2ea8e15a25eb541b66c950babccb7b27ccc2d88bfe5617f2176c3fd00359
project/MODAL_VERIFIED_EXACT_FIX_MEASURED.json,modal_measurement_manifest,2433,38f4f8c9788a0dacab87a7101a734c518936acbf827250aa9c5bbfe3500641a4
project/MODAL_VERIFIED_REFERENCE_COMPLETION_MEASURED.json,modal_measurement_manifest,1911,a3c9ce679cb2b36819d45c70904d6ec6c7fdbbf8e0ca16165a23d61b8e3aa241
project/MODAL_VERIFIED_REFINED_PROMPT_MEASURED.json,modal_measurement_manifest,2852,b2de6d2b4b15d6321a3f2ca16567ee41afa4698446fe36d6a77ffb5eefbfa1f3
project/MODAL_VLLM_HEALTH_MEASURED.json,modal_measurement_manifest,1130,fe86adc63fe444846eba7bb22c7ff3163aff2d2ce7b5138da76ed9eb9a9c1b74
project/modal-lite-control/agent_result.json,tracked_raw_or_intermediate_modal_evidence,1008,2c2e2cde70cf62336458bca585cc0d8269ceecad665793345fc41187e42558e2
project/modal-lite-control/evaluator.stdout.log,tracked_raw_or_intermediate_modal_evidence,5771,d92671da8d9a9afaf83bcac248a3179a0160b8aa9a30f33cd1c39f5d5ca3f40b
project/modal-lite-control/preds.json,tracked_raw_or_intermediate_modal_evidence,10764,ffd404b1694aee51ff7e6e93b7b9e1b6c494c605e9a413a347d3975fee991e1d
project/modal-lite-control/trajectory.traj,tracked_raw_or_intermediate_modal_evidence,2624660,3983aa2c4fa7e5d388acc2987a1dfb01043c23ce3912a3da91c4a23767217021
project/modal-lite-deep-profile-parallel/lite-deep-profile-parallel/agent.log,tracked_raw_or_intermediate_modal_evidence,421329,a54183b2443453f007170c050c430b829c32e44fe5ee941368e0e380ba096c5e
project/modal-lite-deep-profile-parallel/lite-deep-profile-parallel/agent_result.json,tracked_raw_or_intermediate_modal_evidence,1238,f9415a51cbe044125fb14f01e0ff6dbe793e10c869e38015e9d8c3b5f59cf396
project/modal-lite-deep-profile-parallel/lite-deep-profile-parallel/command.txt,tracked_raw_or_intermediate_modal_evidence,934,a9fbd029023ff94c4fad6236c8ae4d60c4e38315e883cc7d5d33bea7fd04c3df
project/modal-lite-deep-profile-parallel/lite-deep-profile-parallel/cpu_file_events.strace,tracked_raw_or_intermediate_modal_evidence,51053560,420b3099752800b073e8f5cbbf83464d2fda4eeabfa14379ba08e1664e61dcf4
project/modal-lite-deep-profile-parallel/lite-deep-profile-parallel/cpu_file_events.summary.json,tracked_raw_or_intermediate_modal_evidence,740,4c5eeaf86647748c7d1e7cd0c928291fad136046ef27dfb629e49297981395c5
project/modal-lite-deep-profile-parallel/lite-deep-profile-parallel/evaluation/logs/run_evaluation/modal-lite-deep-profile-parallel/sweagent-output/astropy__astropy-12907/eval.sh,tracked_raw_or_intermediate_modal_evidence,2123,229f462fcbdcae232228507f9491b8538c5aeaeede709c5fc822b586245d9460
project/modal-lite-deep-profile-parallel/lite-deep-profile-parallel/evaluation/logs/run_evaluation/modal-lite-deep-profile-parallel/sweagent-output/astropy__astropy-12907/patch.diff,tracked_raw_or_intermediate_modal_evidence,14851,046a7d82340175d4cd1429cf40f28273dc39c63389780a775d311ecfbc26cab8
project/modal-lite-deep-profile-parallel/lite-deep-profile-parallel/evaluation/logs/run_evaluation/modal-lite-deep-profile-parallel/sweagent-output/astropy__astropy-12907/report.json,tracked_raw_or_intermediate_modal_evidence,2140,be1561e680ef57d667474dd2ea32f1feccfb84b50933fc5ddd9c932f47f4d76b
project/modal-lite-deep-profile-parallel/lite-deep-profile-parallel/evaluation/logs/run_evaluation/modal-lite-deep-profile-parallel/sweagent-output/astropy__astropy-12907/run_instance.log,tracked_raw_or_intermediate_modal_evidence,4940,19fff5ef9b0aef6c7e48ab4e1fb1692d58a23d004569b384b05d95846f9083d9
project/modal-lite-deep-profile-parallel/lite-deep-profile-parallel/evaluation/logs/run_evaluation/modal-lite-deep-profile-parallel/sweagent-output/astropy__astropy-12907/test_output.txt,tracked_raw_or_intermediate_modal_evidence,768606,9febd5ad299643447698fcd765c81efec0ab28c8fb182f9a1dbb9b73a4978081
project/modal-lite-deep-profile-parallel/lite-deep-profile-parallel/evaluation/sweagent-output.modal-lite-deep-profile-parallel.json,tracked_raw_or_intermediate_modal_evidence,520,8e2797f86a574333dba5893a7ad1f49f68c87080438c1a6b8b91571f0a4723ad
project/modal-lite-deep-profile-parallel/lite-deep-profile-parallel/evaluator.stdout.log,tracked_raw_or_intermediate_modal_evidence,5785,9b0904da835069c5c51c7888601f7ff38ed40f388cbf1ec4bbaa8cadf3418138
project/modal-lite-deep-profile-parallel/lite-deep-profile-parallel/events.jsonl,tracked_raw_or_intermediate_modal_evidence,1963,f3948fbee9134719bb95ca87c392ffd6f6223005e7f0811a97ce788a875ba203
project/modal-lite-deep-profile-parallel/lite-deep-profile-parallel/hardware.txt,tracked_raw_or_intermediate_modal_evidence,44,16913f2d065a126d6ffb9eeff53a594b714883befd852e56514334df9906e1c4
project/modal-lite-deep-profile-parallel/lite-deep-profile-parallel/instance.json,tracked_raw_or_intermediate_modal_evidence,586,39b97650cb842b3a04c494c0e3f1557ad4dadabca9942e6dd09ee8560f884038
project/modal-lite-deep-profile-parallel/lite-deep-profile-parallel/preds.json,tracked_raw_or_intermediate_modal_evidence,15691,e097ce9e892ea720ad34961496af69c8e0b8f84cf733eb63fada7ab3e8faad14
project/modal-lite-deep-profile-parallel/lite-deep-profile-parallel/sweagent-output/astropy__astropy-12907/astropy__astropy-12907.config.yaml,tracked_raw_or_intermediate_modal_evidence,11017,e80cec9065b112a2f53fc79588c6bac73558da5b6c155bd7f2ccadd3dc606b93
project/modal-lite-deep-profile-parallel/lite-deep-profile-parallel/sweagent-output/astropy__astropy-12907/astropy__astropy-12907.debug.log,tracked_raw_or_intermediate_modal_evidence,218374,72b7a192d5ab8c71ebd3f51e15e27bfaa327040ab70cc9c6081600a1521b9fe7
project/modal-lite-deep-profile-parallel/lite-deep-profile-parallel/sweagent-output/astropy__astropy-12907/astropy__astropy-12907.info.log,tracked_raw_or_intermediate_modal_evidence,185317,0a026d7f7125cd7cfa1b0d182fdf63f87a1ad5fc2cb6e83f6f3db75723c3d628
project/modal-lite-deep-profile-parallel/lite-deep-profile-parallel/sweagent-output/astropy__astropy-12907/astropy__astropy-12907.patch,tracked_raw_or_intermediate_modal_evidence,14851,046a7d82340175d4cd1429cf40f28273dc39c63389780a775d311ecfbc26cab8
project/modal-lite-deep-profile-parallel/lite-deep-profile-parallel/sweagent-output/astropy__astropy-12907/astropy__astropy-12907.pred,tracked_raw_or_intermediate_modal_evidence,15627,1e985c6f3a4328a4d230de0c1bde3834b20a8e719f8d876cf7e00161f9629a11
project/modal-lite-deep-profile-parallel/lite-deep-profile-parallel/sweagent-output/astropy__astropy-12907/astropy__astropy-12907.trace.log,tracked_raw_or_intermediate_modal_evidence,317464,07fe941ed4d584809df741d00f7618dde9e575aa64775270567a295f2b567e36
project/modal-lite-deep-profile-parallel/lite-deep-profile-parallel/sweagent-output/astropy__astropy-12907/astropy__astropy-12907.traj,tracked_raw_or_intermediate_modal_evidence,3278742,d70ca7308704244c3419a2d0b6f978718134291149c25365b72714b8b9409b85
project/modal-lite-deep-profile-parallel/lite-deep-profile-parallel/sweagent-output/preds.json,tracked_raw_or_intermediate_modal_evidence,15691,e097ce9e892ea720ad34961496af69c8e0b8f84cf733eb63fada7ab3e8faad14
project/modal-lite-deep-profile-parallel/lite-deep-profile-parallel/sweagent-output/run_batch.config.yaml,tracked_raw_or_intermediate_modal_evidence,10508,3f4455696f4d4e53603950ed9e55ca3f7a684b0c6109def3a8d396c5870348ff
project/modal-lite-deep-profile-parallel/lite-deep-profile-parallel/sweagent-output/run_batch.log,tracked_raw_or_intermediate_modal_evidence,4082,4cca0f133392d23548ac0852d8a5d8efa9f54bfee25271a354dfe926f39b19d7
project/modal-lite-deep-profile-parallel/lite-deep-profile-parallel/sweagent-output/run_batch_exit_statuses.yaml,tracked_raw_or_intermediate_modal_evidence,99,2e2920c55fc9015c455a6545587a130a4e0d041b5e84dfb256f76706c9b2c5dc
project/modal-lite-deep-profile-parallel/lite-deep-profile-parallel/sweagent_request.yaml,tracked_raw_or_intermediate_modal_evidence,76,f4532497d23c214e343cb9fafb51d8a7d26b553c1a3fcf1f4efe32807ee91335
project/modal-lite-deep-profile-parallel/lite-deep-profile-parallel/trajectory.traj,tracked_raw_or_intermediate_modal_evidence,3278742,d70ca7308704244c3419a2d0b6f978718134291149c25365b72714b8b9409b85
project/modal-lite-deep-profile-parallel/lite-deep-profile-parallel/vllm.log,tracked_raw_or_intermediate_modal_evidence,2288360,41a64b5e274bc79cd705af94406bf73795b82ade2ab35a1f54d2c43fe82dc291
project/modal-lite-deep-profile-parallel/lite-deep-profile-parallel/vllm_delta.json,tracked_raw_or_intermediate_modal_evidence,125066,f7fd518e9b0a3f4b2ee8430d8c06cbc2f300fb85127c68ba441014cb9891ebbc
project/modal-lite-deep-profile-parallel/lite-deep-profile-parallel/vllm_metrics_after.json,tracked_raw_or_intermediate_modal_evidence,183225,da250a6e24450c749f8796986062aabe4575e67e4b9b59807a6c76e16506a8ab
project/modal-lite-deep-profile-parallel/lite-deep-profile-parallel/vllm_metrics_after.prom,tracked_raw_or_intermediate_modal_evidence,48453,0bb8b34c05d1c9081d6e0b7596913b01490a49546f9bdb1df094a3bab2e3b9fe
project/modal-lite-deep-profile-parallel/lite-deep-profile-parallel/vllm_metrics_before.json,tracked_raw_or_intermediate_modal_evidence,175185,7f8f2890ea551c05a0417cd787e2d3eb160008e34b1759bfb8f6b9c1f6772bfb
project/modal-lite-deep-profile-parallel/lite-deep-profile-parallel/vllm_metrics_before.prom,tracked_raw_or_intermediate_modal_evidence,46452,8e5c0e12818218d4223bd19ca38b3846648429d868ab5c8f9736c73e9232b12d
project/modal-lite-deep-profile-retry/lite-deep-profile-retry/agent.log,tracked_raw_or_intermediate_modal_evidence,238720,99d77ad00e7b04a3de1e0f115676e7a601b702610db09c753941ee1efc2c22cc
project/modal-lite-deep-profile-retry/lite-deep-profile-retry/agent_result.json,tracked_raw_or_intermediate_modal_evidence,1229,8b3be8499300a671d004e316e483e6410874a49c4bbb62afc6d56f5c4b47da92
project/modal-lite-deep-profile-retry/lite-deep-profile-retry/command.txt,tracked_raw_or_intermediate_modal_evidence,922,d8a47974a808c4ae118bfc2524f1995cfb75e492cd66e5a60c92eb4ca704e556
project/modal-lite-deep-profile-retry/lite-deep-profile-retry/cpu_file_events.strace,tracked_raw_or_intermediate_modal_evidence,34594244,dad1c34b2114bcacb612085dac41bd46b292c376b7dff462bf8bb6dd539d9d2b
project/modal-lite-deep-profile-retry/lite-deep-profile-retry/cpu_file_events.summary.json,tracked_raw_or_intermediate_modal_evidence,1378,4354a0840e7680182248cfe8aa60af4be03e34eb84e63887523cc42329b6c294
project/modal-lite-deep-profile-retry/lite-deep-profile-retry/evaluation/logs/run_evaluation/modal-lite-deep-profile-retry/sweagent-output/astropy__astropy-12907/eval.sh,tracked_raw_or_intermediate_modal_evidence,2123,229f462fcbdcae232228507f9491b8538c5aeaeede709c5fc822b586245d9460
project/modal-lite-deep-profile-retry/lite-deep-profile-retry/evaluation/logs/run_evaluation/modal-lite-deep-profile-retry/sweagent-output/astropy__astropy-12907/patch.diff,tracked_raw_or_intermediate_modal_evidence,3206,7598f24ee2535e41caf345bc1cc08cc337232902decaee343e4fcdee0b57f604
project/modal-lite-deep-profile-retry/lite-deep-profile-retry/evaluation/logs/run_evaluation/modal-lite-deep-profile-retry/sweagent-output/astropy__astropy-12907/report.json,tracked_raw_or_intermediate_modal_evidence,2124,694d47ab10f881fae49f54c1d0d1776143e5d268ca6f0c3bc5dee7ebbb705361
project/modal-lite-deep-profile-retry/lite-deep-profile-retry/evaluation/logs/run_evaluation/modal-lite-deep-profile-retry/sweagent-output/astropy__astropy-12907/run_instance.log,tracked_raw_or_intermediate_modal_evidence,5997,370e218263088e643e6330423acdc1f449f2ae4dabe54ce5db8216f4f9f8de84
project/modal-lite-deep-profile-retry/lite-deep-profile-retry/evaluation/logs/run_evaluation/modal-lite-deep-profile-retry/sweagent-output/astropy__astropy-12907/test_output.txt,tracked_raw_or_intermediate_modal_evidence,749891,757adc1930e78a42cc0dd94a4abeede9cb74741cec8cd2a66ff616e9e60aa14c
project/modal-lite-deep-profile-retry/lite-deep-profile-retry/evaluation/sweagent-output.modal-lite-deep-profile-retry.json,tracked_raw_or_intermediate_modal_evidence,520,8e2797f86a574333dba5893a7ad1f49f68c87080438c1a6b8b91571f0a4723ad
project/modal-lite-deep-profile-retry/lite-deep-profile-retry/evaluator.stdout.log,tracked_raw_or_intermediate_modal_evidence,5782,10b14d87eba340b51adc758afd7cd5932f95390e275c231b5fc2e1aef623e22c
project/modal-lite-deep-profile-retry/lite-deep-profile-retry/events.jsonl,tracked_raw_or_intermediate_modal_evidence,1939,f6fcb9887d0583ad8667a277f493602ad450bd61c5e5173f36d910b7f15c49a7
project/modal-lite-deep-profile-retry/lite-deep-profile-retry/hardware.txt,tracked_raw_or_intermediate_modal_evidence,44,16913f2d065a126d6ffb9eeff53a594b714883befd852e56514334df9906e1c4
project/modal-lite-deep-profile-retry/lite-deep-profile-retry/instance.json,tracked_raw_or_intermediate_modal_evidence,959,3a1243068a77534c6fafc4555bca6ea2110f44d5b5c61f0f94ef846df9d62c5a
project/modal-lite-deep-profile-retry/lite-deep-profile-retry/preds.json,tracked_raw_or_intermediate_modal_evidence,3497,18acde09f24e154f46cb907f9dd83bcb097385108c4a2ef110870d7b4e546491
project/modal-lite-deep-profile-retry/lite-deep-profile-retry/sweagent-output/astropy__astropy-12907/astropy__astropy-12907.config.yaml,tracked_raw_or_intermediate_modal_evidence,11397,521453d1246a6e9a59057350e01c2d891907b096b82fff3c3c3d0ff3a43ac51b
project/modal-lite-deep-profile-retry/lite-deep-profile-retry/sweagent-output/astropy__astropy-12907/astropy__astropy-12907.debug.log,tracked_raw_or_intermediate_modal_evidence,134035,8c736f7ae27a078b25c357f527ddc46ecb721f6c2f35d0d92354f7caf6b6d7e0
project/modal-lite-deep-profile-retry/lite-deep-profile-retry/sweagent-output/astropy__astropy-12907/astropy__astropy-12907.info.log,tracked_raw_or_intermediate_modal_evidence,109202,537993f795ee060ed26e7645546fcfc105eac7adf44fdf82700c5efe4d26dfee
project/modal-lite-deep-profile-retry/lite-deep-profile-retry/sweagent-output/astropy__astropy-12907/astropy__astropy-12907.patch,tracked_raw_or_intermediate_modal_evidence,3206,7598f24ee2535e41caf345bc1cc08cc337232902decaee343e4fcdee0b57f604
project/modal-lite-deep-profile-retry/lite-deep-profile-retry/sweagent-output/astropy__astropy-12907/astropy__astropy-12907.pred,tracked_raw_or_intermediate_modal_evidence,3433,a7d9917a66197a9399c81f474aa889feba2707ddc6c3f1a91fe2aeb5fcc49bbb
project/modal-lite-deep-profile-retry/lite-deep-profile-retry/sweagent-output/astropy__astropy-12907/astropy__astropy-12907.trace.log,tracked_raw_or_intermediate_modal_evidence,193362,789e6004b21af959720370c1fb6384d1bd7ad129336a1b07e5201212f459ca98
project/modal-lite-deep-profile-retry/lite-deep-profile-retry/sweagent-output/astropy__astropy-12907/astropy__astropy-12907.traj,tracked_raw_or_intermediate_modal_evidence,1607442,cfee1bc198b37c424d42c276d58dad4bb420f1ae41db7baf7c8e498b36173984
project/modal-lite-deep-profile-retry/lite-deep-profile-retry/sweagent-output/preds.json,tracked_raw_or_intermediate_modal_evidence,3497,18acde09f24e154f46cb907f9dd83bcb097385108c4a2ef110870d7b4e546491
project/modal-lite-deep-profile-retry/lite-deep-profile-retry/sweagent-output/run_batch.config.yaml,tracked_raw_or_intermediate_modal_evidence,10502,00829d5b49d3d6b80640c3d5c460a54874c3be0e2141f8088d602b848392a64b
project/modal-lite-deep-profile-retry/lite-deep-profile-retry/sweagent-output/run_batch.log,tracked_raw_or_intermediate_modal_evidence,3067,5237e48bdbf3a400fcf9a1672c178d5edfbb54f1c42c3e3e7e5d8fd4d782a588
project/modal-lite-deep-profile-retry/lite-deep-profile-retry/sweagent-output/run_batch_exit_statuses.yaml,tracked_raw_or_intermediate_modal_evidence,96,50eb3a1c589a367fad0901b71e4a920c7761c0467f4708d36a0c77330d6a1fe5
project/modal-lite-deep-profile-retry/lite-deep-profile-retry/sweagent_request.yaml,tracked_raw_or_intermediate_modal_evidence,76,3a3f023fd396addefedde866490998defa310e432595089b2644e41d8177b4e7
project/modal-lite-deep-profile-retry/lite-deep-profile-retry/trajectory.traj,tracked_raw_or_intermediate_modal_evidence,1607442,cfee1bc198b37c424d42c276d58dad4bb420f1ae41db7baf7c8e498b36173984
project/modal-lite-deep-profile-retry/lite-deep-profile-retry/vllm.log,tracked_raw_or_intermediate_modal_evidence,1298940,f4f4c5362f30762734aa8a6b14bf44d18e3097b13da46eb240da75322c108d90
project/modal-lite-deep-profile-retry/lite-deep-profile-retry/vllm_delta.json,tracked_raw_or_intermediate_modal_evidence,125059,927ed11db0db983a927c9042e3b3bb4292b18907ae594345fbe47e1ee1aa33ef
project/modal-lite-deep-profile-retry/lite-deep-profile-retry/vllm_metrics_after.json,tracked_raw_or_intermediate_modal_evidence,182325,1c17f88d667427a56d06558f4aef8b306b47d8ada4fbdb0e4312e093aec27a4e
project/modal-lite-deep-profile-retry/lite-deep-profile-retry/vllm_metrics_after.prom,tracked_raw_or_intermediate_modal_evidence,48274,9cdc20131d4513bb80e982fa20d1a1efcc15a679410e33847285eb3ed8b36ce1
project/modal-lite-deep-profile-retry/lite-deep-profile-retry/vllm_metrics_before.json,tracked_raw_or_intermediate_modal_evidence,175181,678820553e15797c4cb2f2548337404c19103b1cce1fe15e3c38b55fe277031b
project/modal-lite-deep-profile-retry/lite-deep-profile-retry/vllm_metrics_before.prom,tracked_raw_or_intermediate_modal_evidence,46452,be76ad374dd30d3db4ea72b9b4960cde465bc6458aa89f140b0cc2a0a901b5da
project/modal-lite-fifth-instance/lite-fifth-instance/agent.log,tracked_raw_or_intermediate_modal_evidence,191439,7ef32e0b7ecdca69997276a20f09525a495028035417a7bed9134a14b826bed9
project/modal-lite-fifth-instance/lite-fifth-instance/agent_result.json,tracked_raw_or_intermediate_modal_evidence,1217,7305c8139f9553ef3866ee9350c546235cdf37be8a447e791c1f261980e63de6
project/modal-lite-fifth-instance/lite-fifth-instance/command.txt,tracked_raw_or_intermediate_modal_evidence,798,4309fe37d06d8577b6e9a98ae8932d6e03ff110f256730dec0c5ae9dc9a8a393
project/modal-lite-fifth-instance/lite-fifth-instance/evaluation/logs/run_evaluation/modal-lite-fifth-instance/sweagent-output/astropy__astropy-7746/eval.sh,tracked_raw_or_intermediate_modal_evidence,1571,2234ad427630093edc972aee76521048e6224d403e23f7303171655db5b4025c
project/modal-lite-fifth-instance/lite-fifth-instance/evaluation/logs/run_evaluation/modal-lite-fifth-instance/sweagent-output/astropy__astropy-7746/patch.diff,tracked_raw_or_intermediate_modal_evidence,5020,69934863d626f73135f2ee4650c8938e6b49779aed75a420662533cbb8c19e1d
project/modal-lite-fifth-instance/lite-fifth-instance/evaluation/logs/run_evaluation/modal-lite-fifth-instance/sweagent-output/astropy__astropy-7746/report.json,tracked_raw_or_intermediate_modal_evidence,4932,fa98ea39a05d0d736f4df3e2acebd8551f108bb0be2f79ee2751e9334e470d14
project/modal-lite-fifth-instance/lite-fifth-instance/evaluation/logs/run_evaluation/modal-lite-fifth-instance/sweagent-output/astropy__astropy-7746/run_instance.log,tracked_raw_or_intermediate_modal_evidence,6826,a2dc12c111d85a283a40cb7e0bfa9b79196b6abeda60427aa04fd6ffa5f93717
project/modal-lite-fifth-instance/lite-fifth-instance/evaluation/logs/run_evaluation/modal-lite-fifth-instance/sweagent-output/astropy__astropy-7746/test_output.txt,tracked_raw_or_intermediate_modal_evidence,415489,86623b40dba7b55df544d7c9b2ef5bc13445a3d2612bd46757848f5a1e3bc17a
project/modal-lite-fifth-instance/lite-fifth-instance/evaluation/sweagent-output.modal-lite-fifth-instance.json,tracked_raw_or_intermediate_modal_evidence,517,be8da26b0f2c4a207b968504c69e6a8ddf985ebb2ff7d94feeecf29bf6ccf77c
project/modal-lite-fifth-instance/lite-fifth-instance/evaluator.stdout.log,tracked_raw_or_intermediate_modal_evidence,5778,1256c6ab5c46d7a5d4775af553b4081ae5e68c6699e47810e0bb319aa3999aa6
project/modal-lite-fifth-instance/lite-fifth-instance/instance.json,tracked_raw_or_intermediate_modal_evidence,538,a73881f546013603b80a67675fd5b72b5f01113b219b811b585d99a026d119a4
project/modal-lite-fifth-instance/lite-fifth-instance/preds.json,tracked_raw_or_intermediate_modal_evidence,5428,6a2d77faf85df3bbedbca5d740faba30a3a2ddc38fffae6338e38683d5dcbb37
project/modal-lite-fifth-instance/lite-fifth-instance/sweagent-output/astropy__astropy-7746/astropy__astropy-7746.config.yaml,tracked_raw_or_intermediate_modal_evidence,10965,e597f144f63ed0ab9069f0c4d790d5e25b7cc852384d081105b751f0003a8862
project/modal-lite-fifth-instance/lite-fifth-instance/sweagent-output/astropy__astropy-7746/astropy__astropy-7746.debug.log,tracked_raw_or_intermediate_modal_evidence,97231,971397af2728f5a263607c42b8de5b864562589a09cc4cf45900607977934123
project/modal-lite-fifth-instance/lite-fifth-instance/sweagent-output/astropy__astropy-7746/astropy__astropy-7746.info.log,tracked_raw_or_intermediate_modal_evidence,84287,1a5172e5e12e293defc07e0d2d0e63aea556d05f80187c44082476a2360c42a2
project/modal-lite-fifth-instance/lite-fifth-instance/sweagent-output/astropy__astropy-7746/astropy__astropy-7746.patch,tracked_raw_or_intermediate_modal_evidence,5020,69934863d626f73135f2ee4650c8938e6b49779aed75a420662533cbb8c19e1d
project/modal-lite-fifth-instance/lite-fifth-instance/sweagent-output/astropy__astropy-7746/astropy__astropy-7746.pred,tracked_raw_or_intermediate_modal_evidence,5365,bdd23a10ceb9105bb5b2c4ecf024364d93f2af145e31acaf0ccfb31fab021faf
project/modal-lite-fifth-instance/lite-fifth-instance/sweagent-output/astropy__astropy-7746/astropy__astropy-7746.trace.log,tracked_raw_or_intermediate_modal_evidence,149115,f424801e88924093dd827e1be5626c8b59170a6008fcb36b0d2911c175d2d0e3
project/modal-lite-fifth-instance/lite-fifth-instance/sweagent-output/astropy__astropy-7746/astropy__astropy-7746.traj,tracked_raw_or_intermediate_modal_evidence,760471,e33d8dff34ae35a9273f9ea9bb8100a4f97bf84bdb59183937888adae66e44f8
project/modal-lite-fifth-instance/lite-fifth-instance/sweagent-output/preds.json,tracked_raw_or_intermediate_modal_evidence,5428,6a2d77faf85df3bbedbca5d740faba30a3a2ddc38fffae6338e38683d5dcbb37
project/modal-lite-fifth-instance/lite-fifth-instance/sweagent-output/run_batch.config.yaml,tracked_raw_or_intermediate_modal_evidence,10492,8096b03c385d15de1735baf9323dd56e7af1aab63926510768aa22ecf18dd428
project/modal-lite-fifth-instance/lite-fifth-instance/sweagent-output/run_batch.log,tracked_raw_or_intermediate_modal_evidence,1682,94dee6ed47c99816ad208588ce21ccff7d002313f0f4c1c1d8a4ae467644eb55
project/modal-lite-fifth-instance/lite-fifth-instance/sweagent-output/run_batch_exit_statuses.yaml,tracked_raw_or_intermediate_modal_evidence,95,e69a690818c5b680d00735d54b952cd88a218c7270700cfbeacb83244f72f85f
project/modal-lite-fifth-instance/lite-fifth-instance/sweagent_request.yaml,tracked_raw_or_intermediate_modal_evidence,76,ae3c4be8d26e5cd7f50d05da7f6a561d666c56f68305e4ca83a786d1f40a558c
project/modal-lite-fifth-instance/lite-fifth-instance/trajectory.traj,tracked_raw_or_intermediate_modal_evidence,760471,e33d8dff34ae35a9273f9ea9bb8100a4f97bf84bdb59183937888adae66e44f8
project/modal-lite-fifth-instance/lite-fifth-instance/vllm.log,tracked_raw_or_intermediate_modal_evidence,629377,78f19c13f8c9af746882ea6daa91b816d7a212577b326ec3f2f1e872abad1133
project/modal-lite-fifth-instance-derived-clean/lite-fifth-instance-derived-clean/clean.patch,tracked_raw_or_intermediate_modal_evidence,861,580bfe4e748d955e4d55268155f81f25bbe1cdc7f641342e9659a7a64b99d329
project/modal-lite-fifth-instance-derived-clean/lite-fifth-instance-derived-clean/evaluation/logs/run_evaluation/modal-lite-fifth-instance-derived-clean/sweagent-output/astropy__astropy-7746/eval.sh,tracked_raw_or_intermediate_modal_evidence,1571,2234ad427630093edc972aee76521048e6224d403e23f7303171655db5b4025c
project/modal-lite-fifth-instance-derived-clean/lite-fifth-instance-derived-clean/evaluation/logs/run_evaluation/modal-lite-fifth-instance-derived-clean/sweagent-output/astropy__astropy-7746/patch.diff,tracked_raw_or_intermediate_modal_evidence,861,580bfe4e748d955e4d55268155f81f25bbe1cdc7f641342e9659a7a64b99d329
project/modal-lite-fifth-instance-derived-clean/lite-fifth-instance-derived-clean/evaluation/logs/run_evaluation/modal-lite-fifth-instance-derived-clean/sweagent-output/astropy__astropy-7746/report.json,tracked_raw_or_intermediate_modal_evidence,4931,a99748a2d770bb148f63cac2cb1bee39d6946c81fa1ab93355c69481b3a8eb53
project/modal-lite-fifth-instance-derived-clean/lite-fifth-instance-derived-clean/evaluation/logs/run_evaluation/modal-lite-fifth-instance-derived-clean/sweagent-output/astropy__astropy-7746/run_instance.log,tracked_raw_or_intermediate_modal_evidence,7430,984e5d97e6d0d4b07ce8a2a9777c06de0678f477a428c0e3580139eaaed4640f
project/modal-lite-fifth-instance-derived-clean/lite-fifth-instance-derived-clean/evaluation/logs/run_evaluation/modal-lite-fifth-instance-derived-clean/sweagent-output/astropy__astropy-7746/test_output.txt,tracked_raw_or_intermediate_modal_evidence,415914,82748b4513b9d5ebc4e8a7427f99ad7ad33e55b1830e404de36b4b2eee5725a8
project/modal-lite-fifth-instance-derived-clean/lite-fifth-instance-derived-clean/evaluation/sweagent-output.modal-lite-fifth-instance-derived-clean.json,tracked_raw_or_intermediate_modal_evidence,517,cd25b8482cbcd8c38cfe8feea1f44bb654e76be0825db29f1e167918125c5f1d
project/modal-lite-fifth-instance-derived-clean/lite-fifth-instance-derived-clean/evaluator.stdout.log,tracked_raw_or_intermediate_modal_evidence,5792,5f5a15bbdc0c7855005929ac9447d6cbd0d1b442fa0594480834de26be8db755
project/modal-lite-fifth-instance-derived-clean/lite-fifth-instance-derived-clean/preds-clean.json,tracked_raw_or_intermediate_modal_evidence,1038,1045ab97f98bcfd0e3f6315ff5169e870d46bd8c3c5a7f9e6e656c895666d307
project/modal-lite-fifth-instance-derived-clean/lite-fifth-instance-derived-clean/prepare_result.json,tracked_raw_or_intermediate_modal_evidence,718,465591af5d5281e9c570f11ed6291617bef33d20f6f81ea4383775aa7cb40867
project/modal-lite-fourth-instance/lite-fourth-instance/agent.log,tracked_raw_or_intermediate_modal_evidence,156113,40c4e9d257cf3b43617d4de46972db324b9b30888c20ec95b02c0c68c03816d0
project/modal-lite-fourth-instance/lite-fourth-instance/agent_result.json,tracked_raw_or_intermediate_modal_evidence,1220,87066e4f75850a4f421f05505ccc8080d1d1526b4d4139c574e6628c23afbcf6
project/modal-lite-fourth-instance/lite-fourth-instance/command.txt,tracked_raw_or_intermediate_modal_evidence,801,169651584cdf5cafa64038c09fc197ddb131ad57eb06fd4709bc7ae1cc5bcce0
project/modal-lite-fourth-instance/lite-fourth-instance/evaluation/logs/run_evaluation/modal-lite-fourth-instance/sweagent-output/astropy__astropy-6938/eval.sh,tracked_raw_or_intermediate_modal_evidence,2616,98414e2da65a8b9644addd489fe95858c4b3ea4a01ff2114ba078322a2bc45ec
project/modal-lite-fourth-instance/lite-fourth-instance/evaluation/logs/run_evaluation/modal-lite-fourth-instance/sweagent-output/astropy__astropy-6938/patch.diff,tracked_raw_or_intermediate_modal_evidence,4323,99ea9460de1ea1a8340677173b4c2d69d2b43ddfbb4cad4b380f9c1227f3042e
project/modal-lite-fourth-instance/lite-fourth-instance/evaluation/logs/run_evaluation/modal-lite-fourth-instance/sweagent-output/astropy__astropy-6938/report.json,tracked_raw_or_intermediate_modal_evidence,2027,4cfd655743d6cc20818d828a6ca470011d6c66fcffbcae2f90a8f71c9d565c91
project/modal-lite-fourth-instance/lite-fourth-instance/evaluation/logs/run_evaluation/modal-lite-fourth-instance/sweagent-output/astropy__astropy-6938/run_instance.log,tracked_raw_or_intermediate_modal_evidence,4770,6edb303eddb8668703da0dff1900b187a621361da4e2ed6c0fcc6342231416f6
project/modal-lite-fourth-instance/lite-fourth-instance/evaluation/logs/run_evaluation/modal-lite-fourth-instance/sweagent-output/astropy__astropy-6938/test_output.txt,tracked_raw_or_intermediate_modal_evidence,405241,10a8525c6644e75f01fdc1fe22ce0bba63ed75837b859ff6933e6e10f5b6c39c
project/modal-lite-fourth-instance/lite-fourth-instance/evaluation/sweagent-output.modal-lite-fourth-instance.json,tracked_raw_or_intermediate_modal_evidence,517,45e649e6aa6ea0f7b405cc2ad7100f271f56c38de3f3ad7b73fabbd432eaaaea
project/modal-lite-fourth-instance/lite-fourth-instance/evaluator.stdout.log,tracked_raw_or_intermediate_modal_evidence,5880,20caef5e2d9234d4e599fc9822d3fe5df4c9ecd2962e27840088b767d58f8159
project/modal-lite-fourth-instance/lite-fourth-instance/instance.json,tracked_raw_or_intermediate_modal_evidence,479,1d3f5efb9de0321a977c570630af088103b49c1f2e46828ef47236ad38546f80
project/modal-lite-fourth-instance/lite-fourth-instance/preds.json,tracked_raw_or_intermediate_modal_evidence,4663,a676f106f77550d7c49e2c1bed41090eef48decd5b970fe62fad1c5a95e028d9
project/modal-lite-fourth-instance/lite-fourth-instance/sweagent-output/astropy__astropy-6938/astropy__astropy-6938.config.yaml,tracked_raw_or_intermediate_modal_evidence,10904,69220bfbb81e43f68eded1876274d74c16e07a3ef950a69fd8a3ce7bd2d52add
project/modal-lite-fourth-instance/lite-fourth-instance/sweagent-output/astropy__astropy-6938/astropy__astropy-6938.debug.log,tracked_raw_or_intermediate_modal_evidence,80481,00be0a69fbce7e9e758a4b65f64a62b059e7eb9c569c63d49812afd943db0bd9
project/modal-lite-fourth-instance/lite-fourth-instance/sweagent-output/astropy__astropy-6938/astropy__astropy-6938.info.log,tracked_raw_or_intermediate_modal_evidence,67548,f90de00d6f6a2831092b4371cd646b83a0bd48974094cd94afa9035f2a0c60db
project/modal-lite-fourth-instance/lite-fourth-instance/sweagent-output/astropy__astropy-6938/astropy__astropy-6938.patch,tracked_raw_or_intermediate_modal_evidence,4323,99ea9460de1ea1a8340677173b4c2d69d2b43ddfbb4cad4b380f9c1227f3042e
project/modal-lite-fourth-instance/lite-fourth-instance/sweagent-output/astropy__astropy-6938/astropy__astropy-6938.pred,tracked_raw_or_intermediate_modal_evidence,4600,e532b18ac705d77d74bed978ad146e1471a1937c412ad391cdfd7bad9180ad9a
project/modal-lite-fourth-instance/lite-fourth-instance/sweagent-output/astropy__astropy-6938/astropy__astropy-6938.trace.log,tracked_raw_or_intermediate_modal_evidence,118197,36f8ae1e26e1341401ce2f3344b9581cfdc26a34f01c329dfe9cfe76e7079b4a
project/modal-lite-fourth-instance/lite-fourth-instance/sweagent-output/astropy__astropy-6938/astropy__astropy-6938.traj,tracked_raw_or_intermediate_modal_evidence,627516,28c8132798578435d078288a5d1436acc6237dcd67bf5b8a2dd7fcf6603a59e1
project/modal-lite-fourth-instance/lite-fourth-instance/sweagent-output/preds.json,tracked_raw_or_intermediate_modal_evidence,4663,a676f106f77550d7c49e2c1bed41090eef48decd5b970fe62fad1c5a95e028d9
project/modal-lite-fourth-instance/lite-fourth-instance/sweagent-output/run_batch.config.yaml,tracked_raw_or_intermediate_modal_evidence,10494,549f02c14132935c06c615d49b53bdd0e3ce06f689bb36939b85c24e0c191b58
project/modal-lite-fourth-instance/lite-fourth-instance/sweagent-output/run_batch.log,tracked_raw_or_intermediate_modal_evidence,1683,d2f8544301888d563ad193ecaae92b3743d4cb3b8de047c548510c69377198ab
project/modal-lite-fourth-instance/lite-fourth-instance/sweagent-output/run_batch_exit_statuses.yaml,tracked_raw_or_intermediate_modal_evidence,95,2d3dafc4f4a36ffda42449379e3eb71e647f8d6e73a5ea964e6e0e9d82deaeac
project/modal-lite-fourth-instance/lite-fourth-instance/sweagent_request.yaml,tracked_raw_or_intermediate_modal_evidence,76,ae3c4be8d26e5cd7f50d05da7f6a561d666c56f68305e4ca83a786d1f40a558c
project/modal-lite-fourth-instance/lite-fourth-instance/trajectory.traj,tracked_raw_or_intermediate_modal_evidence,627516,28c8132798578435d078288a5d1436acc6237dcd67bf5b8a2dd7fcf6603a59e1
project/modal-lite-fourth-instance/lite-fourth-instance/vllm.log,tracked_raw_or_intermediate_modal_evidence,506128,a41a35df2cb099144e172951c33a868fe9554f9d0a2e7fcbcf4780b297a975fe
project/modal-lite-fourth-instance-clean/lite-fourth-instance-clean/clean.patch,tracked_raw_or_intermediate_modal_evidence,491,c6a29d070973692e10373a9485fcef9a8c51dbc0cf2ffd8725278f5f017bc947
project/modal-lite-fourth-instance-clean/lite-fourth-instance-clean/evaluation/logs/run_evaluation/modal-lite-fourth-instance-clean/sweagent-output/astropy__astropy-6938/eval.sh,tracked_raw_or_intermediate_modal_evidence,2616,98414e2da65a8b9644addd489fe95858c4b3ea4a01ff2114ba078322a2bc45ec
project/modal-lite-fourth-instance-clean/lite-fourth-instance-clean/evaluation/logs/run_evaluation/modal-lite-fourth-instance-clean/sweagent-output/astropy__astropy-6938/patch.diff,tracked_raw_or_intermediate_modal_evidence,491,c6a29d070973692e10373a9485fcef9a8c51dbc0cf2ffd8725278f5f017bc947
project/modal-lite-fourth-instance-clean/lite-fourth-instance-clean/evaluation/logs/run_evaluation/modal-lite-fourth-instance-clean/sweagent-output/astropy__astropy-6938/report.json,tracked_raw_or_intermediate_modal_evidence,2027,4cfd655743d6cc20818d828a6ca470011d6c66fcffbcae2f90a8f71c9d565c91
project/modal-lite-fourth-instance-clean/lite-fourth-instance-clean/evaluation/logs/run_evaluation/modal-lite-fourth-instance-clean/sweagent-output/astropy__astropy-6938/run_instance.log,tracked_raw_or_intermediate_modal_evidence,4327,8a9c0361244a2fa6ca1337d2c91366ed7f06a1b72c900ca35c1c45a91590f5da
project/modal-lite-fourth-instance-clean/lite-fourth-instance-clean/evaluation/logs/run_evaluation/modal-lite-fourth-instance-clean/sweagent-output/astropy__astropy-6938/test_output.txt,tracked_raw_or_intermediate_modal_evidence,405125,a08eda6169896e89f35a58fdb5a19095b44d036803d56ef34f35371e719434f9
project/modal-lite-fourth-instance-clean/lite-fourth-instance-clean/evaluation/sweagent-output.modal-lite-fourth-instance-clean.json,tracked_raw_or_intermediate_modal_evidence,517,45e649e6aa6ea0f7b405cc2ad7100f271f56c38de3f3ad7b73fabbd432eaaaea
project/modal-lite-fourth-instance-clean/lite-fourth-instance-clean/evaluator.stdout.log,tracked_raw_or_intermediate_modal_evidence,5785,9d96dbb562e71482c82a67e8f63c33b790c8c7ad2a57132688fa1167e6e8341b
project/modal-lite-fourth-instance-clean/lite-fourth-instance-clean/preds-clean.json,tracked_raw_or_intermediate_modal_evidence,656,6f2ab490be2527e4cce8e1e9bdc3c419bb771a553890afb47595691450a46429
project/modal-lite-fourth-instance-clean/lite-fourth-instance-clean/prepare_result.json,tracked_raw_or_intermediate_modal_evidence,711,702ac305993dd4123a1b527b6ea6953add08ab48b8427a1e813635051027c6ba
project/modal-lite-second-instance/lite-second-instance/agent.log,tracked_raw_or_intermediate_modal_evidence,330470,4329d2b20b7389847647dcfddc5b874b297ac93d034628e02a850698994eb6b0
project/modal-lite-second-instance/lite-second-instance/agent_result.json,tracked_raw_or_intermediate_modal_evidence,1222,2bfd29669c3f517692bbe577921a0c1fbf44c50050d300f5b610140052bb34ca
project/modal-lite-second-instance/lite-second-instance/command.txt,tracked_raw_or_intermediate_modal_evidence,803,f606cbde2f6c900925ee0af9558490801670feada137e491ae31016e15dd08dc
project/modal-lite-second-instance/lite-second-instance/evaluation/logs/run_evaluation/modal-lite-second-instance/sweagent-output/astropy__astropy-14182/eval.sh,tracked_raw_or_intermediate_modal_evidence,2001,db7c84a6b12b0e3eea6659b406d3f79ae85cd9066a75dc3c756f522786d174e2
project/modal-lite-second-instance/lite-second-instance/evaluation/logs/run_evaluation/modal-lite-second-instance/sweagent-output/astropy__astropy-14182/patch.diff,tracked_raw_or_intermediate_modal_evidence,10030,46dd71711624134dd50147a778e2fecbf21bb083ea0c5aadab4f64e69136a3de
project/modal-lite-second-instance/lite-second-instance/evaluation/logs/run_evaluation/modal-lite-second-instance/sweagent-output/astropy__astropy-14182/report.json,tracked_raw_or_intermediate_modal_evidence,1538,c916b93f99f25786c3a8f1c3064546c6df7f2054b7bc75d019209572a18c1530
project/modal-lite-second-instance/lite-second-instance/evaluation/logs/run_evaluation/modal-lite-second-instance/sweagent-output/astropy__astropy-14182/run_instance.log,tracked_raw_or_intermediate_modal_evidence,4707,40a623180c5f6cdd6c6c95fc37b3817f4450899fb35278842b3a9fd14a2e7400
project/modal-lite-second-instance/lite-second-instance/evaluation/logs/run_evaluation/modal-lite-second-instance/sweagent-output/astropy__astropy-14182/test_output.txt,tracked_raw_or_intermediate_modal_evidence,753372,18c7ca1826567b672de7233f91f57133b59f1ac549a06851cc7b56b6ca1717b3
project/modal-lite-second-instance/lite-second-instance/evaluation/sweagent-output.modal-lite-second-instance.json,tracked_raw_or_intermediate_modal_evidence,520,9174b1c0e4efd77b02e6c9baa6ff13d91276cae55fa2b780b39cd6f2f6fcba48
project/modal-lite-second-instance/lite-second-instance/evaluator.stdout.log,tracked_raw_or_intermediate_modal_evidence,5779,96aa15b7dd42cca061dc6c2755c4342bed192cbc019022d1362b9e0cd9186950
project/modal-lite-second-instance/lite-second-instance/instance.json,tracked_raw_or_intermediate_modal_evidence,831,2883301b53514af1b13fc0dfa78441d5b646f05d33d0a11fe2dda59a545451ee
project/modal-lite-second-instance/lite-second-instance/preds.json,tracked_raw_or_intermediate_modal_evidence,10762,007a7f8aa8a4a02d154b5dc4fe69cfccfea560a31d5d036a0305eef35e6a1e7f
project/modal-lite-second-instance/lite-second-instance/sweagent-output/astropy__astropy-14182/astropy__astropy-14182.config.yaml,tracked_raw_or_intermediate_modal_evidence,11266,2b1767ec62b26c41ca0c58ea3cf4ab387621b14fc21c6ce468854d1acdf5e365
project/modal-lite-second-instance/lite-second-instance/sweagent-output/astropy__astropy-14182/astropy__astropy-14182.debug.log,tracked_raw_or_intermediate_modal_evidence,168228,e982886dff2fcd69a645baa726c8f912fd839b6c8d84c939243850b6eb23c73f
project/modal-lite-second-instance/lite-second-instance/sweagent-output/astropy__astropy-14182/astropy__astropy-14182.info.log,tracked_raw_or_intermediate_modal_evidence,143379,d465037bd06857ed3cff78a388ef0cfcf1f1c85dc8e3e3aa4acbb5e16afb98b7
project/modal-lite-second-instance/lite-second-instance/sweagent-output/astropy__astropy-14182/astropy__astropy-14182.patch,tracked_raw_or_intermediate_modal_evidence,10030,46dd71711624134dd50147a778e2fecbf21bb083ea0c5aadab4f64e69136a3de
project/modal-lite-second-instance/lite-second-instance/sweagent-output/astropy__astropy-14182/astropy__astropy-14182.pred,tracked_raw_or_intermediate_modal_evidence,10698,00bf3eb3a0ccc064000b9b603cfaf627e372fccae360a12b417036a4c30286e1
project/modal-lite-second-instance/lite-second-instance/sweagent-output/astropy__astropy-14182/astropy__astropy-14182.trace.log,tracked_raw_or_intermediate_modal_evidence,247213,08f3ea73ddb753be2784768c14cea727b3d8ea755416be7476016e9002753a41
project/modal-lite-second-instance/lite-second-instance/sweagent-output/astropy__astropy-14182/astropy__astropy-14182.traj,tracked_raw_or_intermediate_modal_evidence,1876379,61d76493b6be43b8fa9e27e82e8c2337ba3bcae7055cb4f1a706a9d2cb00618e
project/modal-lite-second-instance/lite-second-instance/sweagent-output/preds.json,tracked_raw_or_intermediate_modal_evidence,10762,007a7f8aa8a4a02d154b5dc4fe69cfccfea560a31d5d036a0305eef35e6a1e7f
project/modal-lite-second-instance/lite-second-instance/sweagent-output/run_batch.config.yaml,tracked_raw_or_intermediate_modal_evidence,10496,0f1263f4ac01babb61a094bcc90cab0aacd0565e93d8779a6b8e5812b2ecd6fa
project/modal-lite-second-instance/lite-second-instance/sweagent-output/run_batch.log,tracked_raw_or_intermediate_modal_evidence,3064,1eeb6f97baaf51f936c160015ee3c8c44b0a269a52478e810df456009fe515a5
project/modal-lite-second-instance/lite-second-instance/sweagent-output/run_batch_exit_statuses.yaml,tracked_raw_or_intermediate_modal_evidence,96,14ffffa20e2bce1bb28a4e0c680b77344c33476c320fade7887dc73e824007a9
project/modal-lite-second-instance/lite-second-instance/sweagent_request.yaml,tracked_raw_or_intermediate_modal_evidence,76,3a3f023fd396addefedde866490998defa310e432595089b2644e41d8177b4e7
project/modal-lite-second-instance/lite-second-instance/trajectory.traj,tracked_raw_or_intermediate_modal_evidence,1876379,61d76493b6be43b8fa9e27e82e8c2337ba3bcae7055cb4f1a706a9d2cb00618e
project/modal-lite-second-instance/lite-second-instance/vllm.log,tracked_raw_or_intermediate_modal_evidence,1418864,8aadd00e7bd2861a95e74c5007f3d69251c5c358f93dcbd5b5cb175b21dc3089
project/modal-lite-second-instance-clean/lite-second-instance-clean/clean.patch,tracked_raw_or_intermediate_modal_evidence,552,7cb76b27667f64a875ed2188122aa244b113e3877194b5ee9292fb3af52ab50f
project/modal-lite-second-instance-clean/lite-second-instance-clean/evaluation/logs/run_evaluation/modal-lite-second-instance-clean/sweagent-output/astropy__astropy-14182/eval.sh,tracked_raw_or_intermediate_modal_evidence,2001,db7c84a6b12b0e3eea6659b406d3f79ae85cd9066a75dc3c756f522786d174e2
project/modal-lite-second-instance-clean/lite-second-instance-clean/evaluation/logs/run_evaluation/modal-lite-second-instance-clean/sweagent-output/astropy__astropy-14182/patch.diff,tracked_raw_or_intermediate_modal_evidence,552,7cb76b27667f64a875ed2188122aa244b113e3877194b5ee9292fb3af52ab50f
project/modal-lite-second-instance-clean/lite-second-instance-clean/evaluation/logs/run_evaluation/modal-lite-second-instance-clean/sweagent-output/astropy__astropy-14182/report.json,tracked_raw_or_intermediate_modal_evidence,1538,c916b93f99f25786c3a8f1c3064546c6df7f2054b7bc75d019209572a18c1530
project/modal-lite-second-instance-clean/lite-second-instance-clean/evaluation/logs/run_evaluation/modal-lite-second-instance-clean/sweagent-output/astropy__astropy-14182/run_instance.log,tracked_raw_or_intermediate_modal_evidence,4027,0419b5b64a8416a2a7261c3c9f5d433c1f0fb3310cb83dc1cb888bf983c6b457
project/modal-lite-second-instance-clean/lite-second-instance-clean/evaluation/logs/run_evaluation/modal-lite-second-instance-clean/sweagent-output/astropy__astropy-14182/test_output.txt,tracked_raw_or_intermediate_modal_evidence,753186,79f26822f71af27a9be9614e1ce70b41c5e8f71aa59d0da12c7d91da29ec9f3f
project/modal-lite-second-instance-clean/lite-second-instance-clean/evaluation/sweagent-output.modal-lite-second-instance-clean.json,tracked_raw_or_intermediate_modal_evidence,520,9174b1c0e4efd77b02e6c9baa6ff13d91276cae55fa2b780b39cd6f2f6fcba48
project/modal-lite-second-instance-clean/lite-second-instance-clean/evaluator.stdout.log,tracked_raw_or_intermediate_modal_evidence,5785,d2b44e1632f2b4f51bf0477a7bf925142f86bcd2018b0ea7bb9e77d4b1431cad
project/modal-lite-second-instance-clean/lite-second-instance-clean/preds-clean.json,tracked_raw_or_intermediate_modal_evidence,717,6fca78bab1299c3610271bac68c2b79f8453ffa65b4018a401b6a6e593d5cbd2
project/modal-lite-second-instance-clean/lite-second-instance-clean/prepare_result.json,tracked_raw_or_intermediate_modal_evidence,709,7bd8c72ed11fb2a0e9c6e35cb7582e3f2a63e867be9d6a3f624a124cc3b27d4b
project/modal-lite-second-instance-derived-clean-v2/lite-second-instance-derived-clean-v2/clean.patch,tracked_raw_or_intermediate_modal_evidence,826,fcac820af306c431f912da31f1c3690fe942f0aecca52b32827c99334169ead8
project/modal-lite-second-instance-derived-clean-v2/lite-second-instance-derived-clean-v2/evaluation/logs/run_evaluation/modal-lite-second-instance-derived-clean-v2/sweagent-output/astropy__astropy-14182/patch.diff,tracked_raw_or_intermediate_modal_evidence,826,fcac820af306c431f912da31f1c3690fe942f0aecca52b32827c99334169ead8
project/modal-lite-second-instance-derived-clean-v2/lite-second-instance-derived-clean-v2/evaluation/logs/run_evaluation/modal-lite-second-instance-derived-clean-v2/sweagent-output/astropy__astropy-14182/run_instance.log,tracked_raw_or_intermediate_modal_evidence,174908,7884b248c511c497223ec9e36ec25139c1dad3ee2bbfdb86a14a408fdb298697
project/modal-lite-second-instance-derived-clean-v2/lite-second-instance-derived-clean-v2/evaluation/sweagent-output.modal-lite-second-instance-derived-clean-v2.json,tracked_raw_or_intermediate_modal_evidence,482,345698f15d0d73b2b3681d2dc2142f05ee39d8d990a99ab3932afafb1a24a606
project/modal-lite-second-instance-derived-clean-v2/lite-second-instance-derived-clean-v2/evaluator.stdout.log,tracked_raw_or_intermediate_modal_evidence,6198,b8f57724aedca30c9095714fd5fffa0caa5d9c87f1c33d58ab233e8db0c910a3
project/modal-lite-second-instance-derived-clean-v2/lite-second-instance-derived-clean-v2/preds-clean.json,tracked_raw_or_intermediate_modal_evidence,998,59d6a5034b1ff5b22fbc38ae2548b3dcdb66fadb61db323998becdb32115f903
project/modal-lite-second-instance-derived-clean-v2/lite-second-instance-derived-clean-v2/prepare_result.json,tracked_raw_or_intermediate_modal_evidence,729,496fd05dc26c595ad9d41c76fd15598a6562c2c3add2381fe770aebc2f043f58
project/modal-lite-second-instance-derived-clean-v3/lite-second-instance-derived-clean-v3/clean.patch,tracked_raw_or_intermediate_modal_evidence,686,86272f55dacd264eda9005e5948fddca522202fa3ad82162d09a521be5227a28
project/modal-lite-second-instance-derived-clean-v3/lite-second-instance-derived-clean-v3/evaluation/logs/run_evaluation/modal-lite-second-instance-derived-clean-v3/sweagent-output/astropy__astropy-14182/eval.sh,tracked_raw_or_intermediate_modal_evidence,2001,db7c84a6b12b0e3eea6659b406d3f79ae85cd9066a75dc3c756f522786d174e2
project/modal-lite-second-instance-derived-clean-v3/lite-second-instance-derived-clean-v3/evaluation/logs/run_evaluation/modal-lite-second-instance-derived-clean-v3/sweagent-output/astropy__astropy-14182/patch.diff,tracked_raw_or_intermediate_modal_evidence,686,86272f55dacd264eda9005e5948fddca522202fa3ad82162d09a521be5227a28
project/modal-lite-second-instance-derived-clean-v3/lite-second-instance-derived-clean-v3/evaluation/logs/run_evaluation/modal-lite-second-instance-derived-clean-v3/sweagent-output/astropy__astropy-14182/report.json,tracked_raw_or_intermediate_modal_evidence,1538,c916b93f99f25786c3a8f1c3064546c6df7f2054b7bc75d019209572a18c1530
project/modal-lite-second-instance-derived-clean-v3/lite-second-instance-derived-clean-v3/evaluation/logs/run_evaluation/modal-lite-second-instance-derived-clean-v3/sweagent-output/astropy__astropy-14182/run_instance.log,tracked_raw_or_intermediate_modal_evidence,4363,788c8277773384089bad4a5977a659188972aa22351dabdfa98a0327de56025a
project/modal-lite-second-instance-derived-clean-v3/lite-second-instance-derived-clean-v3/evaluation/logs/run_evaluation/modal-lite-second-instance-derived-clean-v3/sweagent-output/astropy__astropy-14182/test_output.txt,tracked_raw_or_intermediate_modal_evidence,753354,0b1da2c90a409e0fbdcd14767af11801d1758c219134db2e17c690b0439baf2a
project/modal-lite-second-instance-derived-clean-v3/lite-second-instance-derived-clean-v3/evaluation/sweagent-output.modal-lite-second-instance-derived-clean-v3.json,tracked_raw_or_intermediate_modal_evidence,520,9174b1c0e4efd77b02e6c9baa6ff13d91276cae55fa2b780b39cd6f2f6fcba48
project/modal-lite-second-instance-derived-clean-v3/lite-second-instance-derived-clean-v3/evaluator.stdout.log,tracked_raw_or_intermediate_modal_evidence,5796,5efd16117ffaf2fe6f7ee9960aa50f7f9ec31aa95417f640dcb0af847bb7c5c8
project/modal-lite-second-instance-derived-clean-v3/lite-second-instance-derived-clean-v3/preds-clean.json,tracked_raw_or_intermediate_modal_evidence,854,db3222cc9c5e8473c3236c0cd84086fc32f3cd6d0c26bd1711bc545f5dda5c11
project/modal-lite-second-instance-derived-clean-v3/lite-second-instance-derived-clean-v3/prepare_result.json,tracked_raw_or_intermediate_modal_evidence,729,ce2f48d2074f4deed24eac0dfd7540e724ac1b73467ced8cec6c6c0b759fd68e
project/modal-lite-second-instance-derived-clean-v6/lite-second-instance-derived-clean-v6/clean.patch,tracked_raw_or_intermediate_modal_evidence,965,93e2d7e14b4b8ff11d967591ccfac1a4477cd115a05a0236b594d6d4251cfd9a
project/modal-lite-second-instance-derived-clean-v6/lite-second-instance-derived-clean-v6/evaluation/logs/run_evaluation/modal-lite-second-instance-derived-clean-v6/sweagent-output/astropy__astropy-14182/eval.sh,tracked_raw_or_intermediate_modal_evidence,2001,db7c84a6b12b0e3eea6659b406d3f79ae85cd9066a75dc3c756f522786d174e2
project/modal-lite-second-instance-derived-clean-v6/lite-second-instance-derived-clean-v6/evaluation/logs/run_evaluation/modal-lite-second-instance-derived-clean-v6/sweagent-output/astropy__astropy-14182/patch.diff,tracked_raw_or_intermediate_modal_evidence,965,93e2d7e14b4b8ff11d967591ccfac1a4477cd115a05a0236b594d6d4251cfd9a
project/modal-lite-second-instance-derived-clean-v6/lite-second-instance-derived-clean-v6/evaluation/logs/run_evaluation/modal-lite-second-instance-derived-clean-v6/sweagent-output/astropy__astropy-14182/report.json,tracked_raw_or_intermediate_modal_evidence,1537,2e3888f85867e1b7500dc96379ef072a022a208631fe211bac93958f3ac38de2
project/modal-lite-second-instance-derived-clean-v6/lite-second-instance-derived-clean-v6/evaluation/logs/run_evaluation/modal-lite-second-instance-derived-clean-v6/sweagent-output/astropy__astropy-14182/run_instance.log,tracked_raw_or_intermediate_modal_evidence,5100,227da5f55aae7a0224e3c40098f76b58dfbbca783e5d124049e970b72261baeb
project/modal-lite-second-instance-derived-clean-v6/lite-second-instance-derived-clean-v6/evaluation/logs/run_evaluation/modal-lite-second-instance-derived-clean-v6/sweagent-output/astropy__astropy-14182/test_output.txt,tracked_raw_or_intermediate_modal_evidence,750552,a5b6dafd2d04233cbae61d92f5da59caf70145f88d98360196cf3d8b6364deff
project/modal-lite-second-instance-derived-clean-v6/lite-second-instance-derived-clean-v6/evaluation/sweagent-output.modal-lite-second-instance-derived-clean-v6.json,tracked_raw_or_intermediate_modal_evidence,520,e1815220e49e1e382f3bf292e7c3f7c2adb0825f78e0eccab75aa2265f250559
project/modal-lite-second-instance-derived-clean-v6/lite-second-instance-derived-clean-v6/evaluator.stdout.log,tracked_raw_or_intermediate_modal_evidence,5798,e6d930ca9972619912fbc5f152e7602374ffca9be614cf2325ccc650efb0561b
project/modal-lite-second-instance-derived-clean-v6/lite-second-instance-derived-clean-v6/preds-clean.json,tracked_raw_or_intermediate_modal_evidence,1141,235f36d2733c44d1de48610fd0eb073c4ab2d81111cf7e6912f5e4cd3d5908ae
project/modal-lite-second-instance-derived-clean-v6/lite-second-instance-derived-clean-v6/prepare_result.json,tracked_raw_or_intermediate_modal_evidence,729,4b5753d274e25fff3034ee454f199c7c17ec148edd287cc3677a0efdcf6bcf0c
project/modal-lite-second-instance-targeted/lite-second-instance-targeted/agent.log,tracked_raw_or_intermediate_modal_evidence,212322,3c3126c23d31c73dc974a1ed380e6b669452447ec6e836995e0487cf008f13ed
project/modal-lite-second-instance-targeted/lite-second-instance-targeted/agent_result.json,tracked_raw_or_intermediate_modal_evidence,1249,89e42da3625543821bf04bb1471fe34e4e5b841928b6ffa9cca808e17778483b
project/modal-lite-second-instance-targeted/lite-second-instance-targeted/command.txt,tracked_raw_or_intermediate_modal_evidence,830,b1d6754aff628ca910cb15564dd04612a0e3cd5238aee3240acf314484f616e7
project/modal-lite-second-instance-targeted/lite-second-instance-targeted/evaluation/logs/run_evaluation/modal-lite-second-instance-targeted/sweagent-output/astropy__astropy-14182/eval.sh,tracked_raw_or_intermediate_modal_evidence,2001,db7c84a6b12b0e3eea6659b406d3f79ae85cd9066a75dc3c756f522786d174e2
project/modal-lite-second-instance-targeted/lite-second-instance-targeted/evaluation/logs/run_evaluation/modal-lite-second-instance-targeted/sweagent-output/astropy__astropy-14182/patch.diff,tracked_raw_or_intermediate_modal_evidence,2260,838a865db5783e528ecf9827aeb2c71081f664540e6b553bb4e47d816f559368
project/modal-lite-second-instance-targeted/lite-second-instance-targeted/evaluation/logs/run_evaluation/modal-lite-second-instance-targeted/sweagent-output/astropy__astropy-14182/report.json,tracked_raw_or_intermediate_modal_evidence,1538,c916b93f99f25786c3a8f1c3064546c6df7f2054b7bc75d019209572a18c1530
project/modal-lite-second-instance-targeted/lite-second-instance-targeted/evaluation/logs/run_evaluation/modal-lite-second-instance-targeted/sweagent-output/astropy__astropy-14182/run_instance.log,tracked_raw_or_intermediate_modal_evidence,3093,d4caddcfeb29315c6c27b81ab4108fbf34b3fabbc847476881f6cc862f18ff38
project/modal-lite-second-instance-targeted/lite-second-instance-targeted/evaluation/logs/run_evaluation/modal-lite-second-instance-targeted/sweagent-output/astropy__astropy-14182/test_output.txt,tracked_raw_or_intermediate_modal_evidence,752284,9f6b6f2689d6717f7a0be67b6ab4b3db033456c7ed6a30bed24b7f6e9ed2617d
project/modal-lite-second-instance-targeted/lite-second-instance-targeted/evaluation/sweagent-output.modal-lite-second-instance-targeted.json,tracked_raw_or_intermediate_modal_evidence,520,9174b1c0e4efd77b02e6c9baa6ff13d91276cae55fa2b780b39cd6f2f6fcba48
project/modal-lite-second-instance-targeted/lite-second-instance-targeted/evaluator.stdout.log,tracked_raw_or_intermediate_modal_evidence,5788,c903a6a8a9e1d565400ea6477b03eeff057e78fb8bbbb05c2721a5f1a4b4f517
project/modal-lite-second-instance-targeted/lite-second-instance-targeted/instance.json,tracked_raw_or_intermediate_modal_evidence,837,fb7b8acd305c1846aab07351a92c75b23654a24cd0a6f85a03325cfba00eeef3
project/modal-lite-second-instance-targeted/lite-second-instance-targeted/preds.json,tracked_raw_or_intermediate_modal_evidence,2547,68dc73d685adc85ddbf94683e2ee755f8e430c75a5461bafff0ffeec3c9ef068
project/modal-lite-second-instance-targeted/lite-second-instance-targeted/sweagent-output/astropy__astropy-14182/astropy__astropy-14182.config.yaml,tracked_raw_or_intermediate_modal_evidence,11272,3c69d7c71477b02652ff9cd94060c589b32d47270493621405e2ec1fd9a6045c
project/modal-lite-second-instance-targeted/lite-second-instance-targeted/sweagent-output/astropy__astropy-14182/astropy__astropy-14182.debug.log,tracked_raw_or_intermediate_modal_evidence,113783,66e74905e3303577e882753b7860ca72dc0acafe6e4dde6c471ac66fd045071b
project/modal-lite-second-instance-targeted/lite-second-instance-targeted/sweagent-output/astropy__astropy-14182/astropy__astropy-14182.info.log,tracked_raw_or_intermediate_modal_evidence,88964,41f52936a332d01d7fd84e9cd4bb47b36a1342a6f3348060f46e69512ef9919d
project/modal-lite-second-instance-targeted/lite-second-instance-targeted/sweagent-output/astropy__astropy-14182/astropy__astropy-14182.patch,tracked_raw_or_intermediate_modal_evidence,2260,838a865db5783e528ecf9827aeb2c71081f664540e6b553bb4e47d816f559368
project/modal-lite-second-instance-targeted/lite-second-instance-targeted/sweagent-output/astropy__astropy-14182/astropy__astropy-14182.pred,tracked_raw_or_intermediate_modal_evidence,2483,9520326610148ec977509217587fc318d2fdcd53b57ab7c51f2b30ef3502ce31
project/modal-lite-second-instance-targeted/lite-second-instance-targeted/sweagent-output/astropy__astropy-14182/astropy__astropy-14182.trace.log,tracked_raw_or_intermediate_modal_evidence,166375,a9665c7710829b6b152d73646b6d8e42c948b49e1653914433673c81dffda4d0
project/modal-lite-second-instance-targeted/lite-second-instance-targeted/sweagent-output/astropy__astropy-14182/astropy__astropy-14182.traj,tracked_raw_or_intermediate_modal_evidence,1339872,9ea4d4e5c3d43916b179ee6fdeb7abcac5f9883c77ab01e93d16f4f277c0784d
project/modal-lite-second-instance-targeted/lite-second-instance-targeted/sweagent-output/preds.json,tracked_raw_or_intermediate_modal_evidence,2547,68dc73d685adc85ddbf94683e2ee755f8e430c75a5461bafff0ffeec3c9ef068
project/modal-lite-second-instance-targeted/lite-second-instance-targeted/sweagent-output/run_batch.config.yaml,tracked_raw_or_intermediate_modal_evidence,10514,fd941717617700a7c05d5dc626a0f854d3772267a24f3f8562c2c6adaa87cd5f
project/modal-lite-second-instance-targeted/lite-second-instance-targeted/sweagent-output/run_batch.log,tracked_raw_or_intermediate_modal_evidence,3073,de61e004f68b5fc8c9ee6a7d3719b117364e3f6e041e0de1e45da2e87e561bea
project/modal-lite-second-instance-targeted/lite-second-instance-targeted/sweagent-output/run_batch_exit_statuses.yaml,tracked_raw_or_intermediate_modal_evidence,96,14ffffa20e2bce1bb28a4e0c680b77344c33476c320fade7887dc73e824007a9
project/modal-lite-second-instance-targeted/lite-second-instance-targeted/sweagent_request.yaml,tracked_raw_or_intermediate_modal_evidence,76,3a3f023fd396addefedde866490998defa310e432595089b2644e41d8177b4e7
project/modal-lite-second-instance-targeted/lite-second-instance-targeted/trajectory.traj,tracked_raw_or_intermediate_modal_evidence,1339872,9ea4d4e5c3d43916b179ee6fdeb7abcac5f9883c77ab01e93d16f4f277c0784d
project/modal-lite-second-instance-targeted/lite-second-instance-targeted/vllm.log,tracked_raw_or_intermediate_modal_evidence,1073124,87da2f8cb760767b42c00ece45b6d7c9f77d94e3c68b34afb69d54df728da8b3
project/modal-lite-third-instance/lite-third-instance/agent.log,tracked_raw_or_intermediate_modal_evidence,266932,e0d76953de4dcf264543affc3a4684b3b1821078a5e03138384a8afb9738134b
project/modal-lite-third-instance/lite-third-instance/agent_result.json,tracked_raw_or_intermediate_modal_evidence,1218,f95402b2f5ed16eec0d98dd9d145b9893a9c62d307e3fe4f91f236bd2ec9550c
project/modal-lite-third-instance/lite-third-instance/command.txt,tracked_raw_or_intermediate_modal_evidence,799,6bebf0caaa85aff517dfb31575fc1c4fec924870e16f51bd13a1e343254a2af9
project/modal-lite-third-instance/lite-third-instance/evaluation/logs/run_evaluation/modal-lite-third-instance/sweagent-output/astropy__astropy-14995/eval.sh,tracked_raw_or_intermediate_modal_evidence,2632,531bb27926131716174d0fbe919209477e6cdad72358766c2da4d9ca7d5cd1df
project/modal-lite-third-instance/lite-third-instance/evaluation/logs/run_evaluation/modal-lite-third-instance/sweagent-output/astropy__astropy-14995/patch.diff,tracked_raw_or_intermediate_modal_evidence,6955,03f990bd59a5057f5e8edbe4922da7df7a3c6da7468b1197a9a76d9fd78ee082
project/modal-lite-third-instance/lite-third-instance/evaluation/logs/run_evaluation/modal-lite-third-instance/sweagent-output/astropy__astropy-14995/report.json,tracked_raw_or_intermediate_modal_evidence,25808,408f2193940e31411fa4dc6063fe3d91f5a687f9c5df3f2c5f31a12eb392979b
project/modal-lite-third-instance/lite-third-instance/evaluation/logs/run_evaluation/modal-lite-third-instance/sweagent-output/astropy__astropy-14995/run_instance.log,tracked_raw_or_intermediate_modal_evidence,25787,6f12fb11235f3d446b1af84411e14596d42496a6b761c3f45d3257904788449a
project/modal-lite-third-instance/lite-third-instance/evaluation/logs/run_evaluation/modal-lite-third-instance/sweagent-output/astropy__astropy-14995/test_output.txt,tracked_raw_or_intermediate_modal_evidence,610004,1c8d039ff3a4ef0499c9b6938c4a3928b6379b89e1fd87de4c4f53120b86e3cd
project/modal-lite-third-instance/lite-third-instance/evaluation/sweagent-output.modal-lite-third-instance.json,tracked_raw_or_intermediate_modal_evidence,520,769cc3aa154b3353ed00e8b113927b3ad472a46a579f91c7ead283e7171a3457
project/modal-lite-third-instance/lite-third-instance/evaluator.stdout.log,tracked_raw_or_intermediate_modal_evidence,5778,3a00966ea15d69ecf18f0cfe2ff3981190e0f9de6633aaf9cfed096fee475856
project/modal-lite-third-instance/lite-third-instance/instance.json,tracked_raw_or_intermediate_modal_evidence,488,311a191663545c57fd5dd86a36ceb811b1c5f4fc1a6be16ff25924b7fa8de95d
project/modal-lite-third-instance/lite-third-instance/preds.json,tracked_raw_or_intermediate_modal_evidence,7477,341b2aaf62389fb57e8062c4b5410d7a20062cbf7e1aee0738404702b0cd07cf
project/modal-lite-third-instance/lite-third-instance/sweagent-output/astropy__astropy-14995/astropy__astropy-14995.config.yaml,tracked_raw_or_intermediate_modal_evidence,10914,74b37abf2c7c71b486e07b168cd2f5f5c6af53265708edfdc402722e179fb450
project/modal-lite-third-instance/lite-third-instance/sweagent-output/astropy__astropy-14995/astropy__astropy-14995.debug.log,tracked_raw_or_intermediate_modal_evidence,136139,28639d701a45dac6b453acdd4969e20ad7f3ff3d5e9e039fd857839e40b15e60
project/modal-lite-third-instance/lite-third-instance/sweagent-output/astropy__astropy-14995/astropy__astropy-14995.info.log,tracked_raw_or_intermediate_modal_evidence,119209,906229aef153879d0716e78a0febfeec4276081ca6a44f7698b14507ea33e614
project/modal-lite-third-instance/lite-third-instance/sweagent-output/astropy__astropy-14995/astropy__astropy-14995.patch,tracked_raw_or_intermediate_modal_evidence,6955,03f990bd59a5057f5e8edbe4922da7df7a3c6da7468b1197a9a76d9fd78ee082
project/modal-lite-third-instance/lite-third-instance/sweagent-output/astropy__astropy-14995/astropy__astropy-14995.pred,tracked_raw_or_intermediate_modal_evidence,7413,ec49c7db04cf1eb325dca3d2ddaa6d7741d4ff4f27b6d6e5c3b9e3142712ea07
project/modal-lite-third-instance/lite-third-instance/sweagent-output/astropy__astropy-14995/astropy__astropy-14995.trace.log,tracked_raw_or_intermediate_modal_evidence,206925,3e7c1ccda224191912af7a2e420fb13f08ce8c84a4a51d08f94ce146c0e1868e
project/modal-lite-third-instance/lite-third-instance/sweagent-output/astropy__astropy-14995/astropy__astropy-14995.traj,tracked_raw_or_intermediate_modal_evidence,1320891,55336caf0aa0e5b239528edb1b99e0c8bcc5ac6a52b6756d5f62436ce51c78d5
project/modal-lite-third-instance/lite-third-instance/sweagent-output/preds.json,tracked_raw_or_intermediate_modal_evidence,7477,341b2aaf62389fb57e8062c4b5410d7a20062cbf7e1aee0738404702b0cd07cf
project/modal-lite-third-instance/lite-third-instance/sweagent-output/run_batch.config.yaml,tracked_raw_or_intermediate_modal_evidence,10493,2c1b367c602b816952c5e24c4a6d82d48f28fc65f50a5d1f51b1b4871282a3b9
project/modal-lite-third-instance/lite-third-instance/sweagent-output/run_batch.log,tracked_raw_or_intermediate_modal_evidence,2143,cdf03017289776e9ef6a25dfc280cdacb1211f32cafb254231f9559ef06ffa00
project/modal-lite-third-instance/lite-third-instance/sweagent-output/run_batch_exit_statuses.yaml,tracked_raw_or_intermediate_modal_evidence,96,57d950cb2447e674e4a76176547ba7e0c0c49830dac4d61879cccc2de48a55e2
project/modal-lite-third-instance/lite-third-instance/sweagent_request.yaml,tracked_raw_or_intermediate_modal_evidence,76,3a3f023fd396addefedde866490998defa310e432595089b2644e41d8177b4e7
project/modal-lite-third-instance/lite-third-instance/trajectory.traj,tracked_raw_or_intermediate_modal_evidence,1320891,55336caf0aa0e5b239528edb1b99e0c8bcc5ac6a52b6756d5f62436ce51c78d5
project/modal-lite-third-instance/lite-third-instance/vllm.log,tracked_raw_or_intermediate_modal_evidence,1066128,283bc91f30e802dc13c4ad2ec0ce44e1f5091804ecb67ad00927cd0525275af1
project/modal-lite-third-instance-clean/lite-third-instance-clean/clean.patch,tracked_raw_or_intermediate_modal_evidence,745,b229860a17077044b31c0b10cd5b21082a68c7925f8831f1e0c0328915d94b44
project/modal-lite-third-instance-clean/lite-third-instance-clean/evaluation/logs/run_evaluation/modal-lite-third-instance-clean/sweagent-output/astropy__astropy-14995/eval.sh,tracked_raw_or_intermediate_modal_evidence,2632,531bb27926131716174d0fbe919209477e6cdad72358766c2da4d9ca7d5cd1df
project/modal-lite-third-instance-clean/lite-third-instance-clean/evaluation/logs/run_evaluation/modal-lite-third-instance-clean/sweagent-output/astropy__astropy-14995/patch.diff,tracked_raw_or_intermediate_modal_evidence,745,b229860a17077044b31c0b10cd5b21082a68c7925f8831f1e0c0328915d94b44
project/modal-lite-third-instance-clean/lite-third-instance-clean/evaluation/logs/run_evaluation/modal-lite-third-instance-clean/sweagent-output/astropy__astropy-14995/report.json,tracked_raw_or_intermediate_modal_evidence,25808,408f2193940e31411fa4dc6063fe3d91f5a687f9c5df3f2c5f31a12eb392979b
project/modal-lite-third-instance-clean/lite-third-instance-clean/evaluation/logs/run_evaluation/modal-lite-third-instance-clean/sweagent-output/astropy__astropy-14995/run_instance.log,tracked_raw_or_intermediate_modal_evidence,25318,900420f8f9fa4fee66cae2650d8750e54d090a9b77ce2558c0992dcc5ce13bb6
project/modal-lite-third-instance-clean/lite-third-instance-clean/evaluation/logs/run_evaluation/modal-lite-third-instance-clean/sweagent-output/astropy__astropy-14995/test_output.txt,tracked_raw_or_intermediate_modal_evidence,609888,26d268336d5422191a489bf4152108925f4c9ef78ae966b2c7e83ee9dccc22e2
project/modal-lite-third-instance-clean/lite-third-instance-clean/evaluation/sweagent-output.modal-lite-third-instance-clean.json,tracked_raw_or_intermediate_modal_evidence,520,769cc3aa154b3353ed00e8b113927b3ad472a46a579f91c7ead283e7171a3457
project/modal-lite-third-instance-clean/lite-third-instance-clean/evaluator.stdout.log,tracked_raw_or_intermediate_modal_evidence,5784,f2c46efd4f9417cfd4d02982308998222f0f9739cb1d40d0e6509caa6919c2b8
project/modal-lite-third-instance-clean/lite-third-instance-clean/preds-clean.json,tracked_raw_or_intermediate_modal_evidence,909,a28a5f08ab0fe6ab19e8413f02901cd78f336444e57be674d39ec531e2bc165f
project/modal-lite-third-instance-clean/lite-third-instance-clean/prepare_result.json,tracked_raw_or_intermediate_modal_evidence,721,ff4ed76375b06b1a92a75f75603d4124b04ffb5f398a164e9aa8d5e613faecfa
project/modal-verified-control-calls50/verified-control-calls50/agent.log,tracked_raw_or_intermediate_modal_evidence,414586,4f22d616dd5a31b48af6a00f36673c7f390e8ea09cd804b197086201ba8d6751
project/modal-verified-control-calls50/verified-control-calls50/agent_result.json,tracked_raw_or_intermediate_modal_evidence,1209,5c787ddef28f285edb6ad3ac984357287e2d9565135f7c3eb46c097c5a92871d
project/modal-verified-control-calls50/verified-control-calls50/command.txt,tracked_raw_or_intermediate_modal_evidence,815,a4a15c8190ab91738465fafd1c49da1039c3f7a0caa73b59582b7645abffc225
project/modal-verified-control-calls50/verified-control-calls50/evaluation/logs/run_evaluation/modal-verified-control-calls50/sweagent-output/astropy__astropy-14365/eval.sh,tracked_raw_or_intermediate_modal_evidence,1884,bd7699563c7f58f5cfd1f97f7f0e906f752a3e9a3851f1d84c9179d0499fd3cf
project/modal-verified-control-calls50/verified-control-calls50/evaluation/logs/run_evaluation/modal-verified-control-calls50/sweagent-output/astropy__astropy-14365/patch.diff,tracked_raw_or_intermediate_modal_evidence,18973,3679d3984cd90668be7cd93b296d7f8122b8b8669b99260f06f248f42c26a130
project/modal-verified-control-calls50/verified-control-calls50/evaluation/logs/run_evaluation/modal-verified-control-calls50/sweagent-output/astropy__astropy-14365/report.json,tracked_raw_or_intermediate_modal_evidence,1422,8ed67fd48bf8a95ae8b52d8494f988fdf19cf2e27b37c5d832bf2a4ad75f6136
project/modal-verified-control-calls50/verified-control-calls50/evaluation/logs/run_evaluation/modal-verified-control-calls50/sweagent-output/astropy__astropy-14365/run_instance.log,tracked_raw_or_intermediate_modal_evidence,4901,e888a1793d72e9e273d65ca370fa493f2d7e43611504673e6450a82a7726e878
project/modal-verified-control-calls50/verified-control-calls50/evaluation/logs/run_evaluation/modal-verified-control-calls50/sweagent-output/astropy__astropy-14365/test_output.txt,tracked_raw_or_intermediate_modal_evidence,619812,54cb904b2f82f41edea35a42335b9507e4985a7a60960412ccdb1c388555a80d
project/modal-verified-control-calls50/verified-control-calls50/evaluation/sweagent-output.modal-verified-control-calls50.json,tracked_raw_or_intermediate_modal_evidence,520,bce063f26f9f3fca56f5bb3e9234f5643a035dd0c743cdd6cd55bfc53fb22c68
project/modal-verified-control-calls50/verified-control-calls50/evaluator.stdout.log,tracked_raw_or_intermediate_modal_evidence,5488,26f8140d8a4c7ccb3fa0f9fec6b4b24d65f7384f4a394b957da5397a101d4741
project/modal-verified-control-calls50/verified-control-calls50/instance.json,tracked_raw_or_intermediate_modal_evidence,764,3c81b418171d85e0acba05687a845b5a2f78f0d0901a714f80b564161ecabab5
project/modal-verified-control-calls50/verified-control-calls50/preds.json,tracked_raw_or_intermediate_modal_evidence,20395,00adf57e618ea4c0c7d4499c56ab9e6473b04a0f49edbc1b119eb54673979280
project/modal-verified-control-calls50/verified-control-calls50/sweagent-output/astropy__astropy-14365/astropy__astropy-14365.config.yaml,tracked_raw_or_intermediate_modal_evidence,11199,762143160f479525e64007b5e4a6870b3e97f14a8ce77605ce9c915abdf4c599
project/modal-verified-control-calls50/verified-control-calls50/sweagent-output/astropy__astropy-14365/astropy__astropy-14365.debug.log,tracked_raw_or_intermediate_modal_evidence,211902,44f873ef9496231aa131f86cc27f881e7314e98b7629cdc9e6b0d4d754b32077
project/modal-verified-control-calls50/verified-control-calls50/sweagent-output/astropy__astropy-14365/astropy__astropy-14365.info.log,tracked_raw_or_intermediate_modal_evidence,183610,14675202f961fbab651e215d56103d7dddd09b7471a786663abb06bfd509a320
project/modal-verified-control-calls50/verified-control-calls50/sweagent-output/astropy__astropy-14365/astropy__astropy-14365.patch,tracked_raw_or_intermediate_modal_evidence,18973,3679d3984cd90668be7cd93b296d7f8122b8b8669b99260f06f248f42c26a130
project/modal-verified-control-calls50/verified-control-calls50/sweagent-output/astropy__astropy-14365/astropy__astropy-14365.pred,tracked_raw_or_intermediate_modal_evidence,20331,08c0bc1baed90bf3a0db0cdc7179152d0b0a3ef78de9dcee930d6018f760b95e
project/modal-verified-control-calls50/verified-control-calls50/sweagent-output/astropy__astropy-14365/astropy__astropy-14365.trace.log,tracked_raw_or_intermediate_modal_evidence,308573,0555f069415c38891f10818e6f6664378b2a5b3fd5c62b6477e821405d57b95d
project/modal-verified-control-calls50/verified-control-calls50/sweagent-output/astropy__astropy-14365/astropy__astropy-14365.traj,tracked_raw_or_intermediate_modal_evidence,2968977,e7cabb45f3b222d101d487488f6dc47bf0490d24c5f9540a87a1536a3a6d1825
project/modal-verified-control-calls50/verified-control-calls50/sweagent-output/preds.json,tracked_raw_or_intermediate_modal_evidence,20395,00adf57e618ea4c0c7d4499c56ab9e6473b04a0f49edbc1b119eb54673979280
project/modal-verified-control-calls50/verified-control-calls50/sweagent-output/run_batch.config.yaml,tracked_raw_or_intermediate_modal_evidence,10504,36a1ef220251f449c839514d0ff911ad966d1bc6811d158bfc631bd5b042e459
project/modal-verified-control-calls50/verified-control-calls50/sweagent-output/run_batch.log,tracked_raw_or_intermediate_modal_evidence,3528,43c1a5e19169da4fa625730438564880db2e0fe4469dad938828565cc6d84d78
project/modal-verified-control-calls50/verified-control-calls50/sweagent-output/run_batch_exit_statuses.yaml,tracked_raw_or_intermediate_modal_evidence,99,7a0047579ccc3cc1b9b0c9b1b9730a917692506d6b2288477ba4a33e0b2923d9
project/modal-verified-control-calls50/verified-control-calls50/sweagent_request.yaml,tracked_raw_or_intermediate_modal_evidence,76,f4532497d23c214e343cb9fafb51d8a7d26b553c1a3fcf1f4efe32807ee91335
project/modal-verified-control-calls50/verified-control-calls50/trajectory.traj,tracked_raw_or_intermediate_modal_evidence,2968977,e7cabb45f3b222d101d487488f6dc47bf0490d24c5f9540a87a1536a3a6d1825
project/modal-verified-control-calls50/verified-control-calls50/vllm.log,tracked_raw_or_intermediate_modal_evidence,1918005,5908ffb477b3774333ce8567ae774e60183eb5032258cd3d9a75760d51243e91
project/modal-verified-control-tokens4096/verified-control-tokens4096/agent.log,tracked_raw_or_intermediate_modal_evidence,333837,05de236bb80df8644b1bd4563c37f80c70d2e2adfda1590c57dea79ea268ddd3
project/modal-verified-control-tokens4096/verified-control-tokens4096/agent_result.json,tracked_raw_or_intermediate_modal_evidence,1218,ac8fbc178a1417ddc8f9bb5a845b2ef26e3bb200f357bd4a58fa6079707e2e6e
project/modal-verified-control-tokens4096/verified-control-tokens4096/command.txt,tracked_raw_or_intermediate_modal_evidence,824,0c25879761386d8fe252d9346522f9b726a00e785d83ec7e53989783bd559b16
project/modal-verified-control-tokens4096/verified-control-tokens4096/evaluation/logs/run_evaluation/modal-verified-control-tokens4096/sweagent-output/astropy__astropy-14365/eval.sh,tracked_raw_or_intermediate_modal_evidence,1884,bd7699563c7f58f5cfd1f97f7f0e906f752a3e9a3851f1d84c9179d0499fd3cf
project/modal-verified-control-tokens4096/verified-control-tokens4096/evaluation/logs/run_evaluation/modal-verified-control-tokens4096/sweagent-output/astropy__astropy-14365/patch.diff,tracked_raw_or_intermediate_modal_evidence,18973,3679d3984cd90668be7cd93b296d7f8122b8b8669b99260f06f248f42c26a130
project/modal-verified-control-tokens4096/verified-control-tokens4096/evaluation/logs/run_evaluation/modal-verified-control-tokens4096/sweagent-output/astropy__astropy-14365/report.json,tracked_raw_or_intermediate_modal_evidence,1422,8ed67fd48bf8a95ae8b52d8494f988fdf19cf2e27b37c5d832bf2a4ad75f6136
project/modal-verified-control-tokens4096/verified-control-tokens4096/evaluation/logs/run_evaluation/modal-verified-control-tokens4096/sweagent-output/astropy__astropy-14365/run_instance.log,tracked_raw_or_intermediate_modal_evidence,4919,8f32f86e019bedef6c91277e6625a40f81263e6c35c5011a541a98ae76b07407
project/modal-verified-control-tokens4096/verified-control-tokens4096/evaluation/logs/run_evaluation/modal-verified-control-tokens4096/sweagent-output/astropy__astropy-14365/test_output.txt,tracked_raw_or_intermediate_modal_evidence,619812,4ff3ec7c7db347e2621483c5d44234f75e1b0af42437929d0feb93a1f4fbe0ff
project/modal-verified-control-tokens4096/verified-control-tokens4096/evaluation/sweagent-output.modal-verified-control-tokens4096.json,tracked_raw_or_intermediate_modal_evidence,520,bce063f26f9f3fca56f5bb3e9234f5643a035dd0c743cdd6cd55bfc53fb22c68
project/modal-verified-control-tokens4096/verified-control-tokens4096/evaluator.stdout.log,tracked_raw_or_intermediate_modal_evidence,5491,300c222cb6dedaed23e917f25a3c7e565fcff1d27d4d80eff9190a4a26eae947
project/modal-verified-control-tokens4096/verified-control-tokens4096/instance.json,tracked_raw_or_intermediate_modal_evidence,764,3c81b418171d85e0acba05687a845b5a2f78f0d0901a714f80b564161ecabab5
project/modal-verified-control-tokens4096/verified-control-tokens4096/preds.json,tracked_raw_or_intermediate_modal_evidence,20395,00adf57e618ea4c0c7d4499c56ab9e6473b04a0f49edbc1b119eb54673979280
project/modal-verified-control-tokens4096/verified-control-tokens4096/sweagent-output/astropy__astropy-14365/astropy__astropy-14365.config.yaml,tracked_raw_or_intermediate_modal_evidence,11199,5ae169ba144846df3484380d2f43399bc0a12fe6d217bca8f2fd783f54cccb75
project/modal-verified-control-tokens4096/verified-control-tokens4096/sweagent-output/astropy__astropy-14365/astropy__astropy-14365.debug.log,tracked_raw_or_intermediate_modal_evidence,175094,26e5978df23a9f48c4731f2c3e0999fbc583943c5c6c22226cfde1521b032f81
project/modal-verified-control-tokens4096/verified-control-tokens4096/sweagent-output/astropy__astropy-14365/astropy__astropy-14365.info.log,tracked_raw_or_intermediate_modal_evidence,150251,a2325635d8561cd5bb7a41e5a193240e63a8f1ba5b5957ebdcf580dbcc994d5a
project/modal-verified-control-tokens4096/verified-control-tokens4096/sweagent-output/astropy__astropy-14365/astropy__astropy-14365.patch,tracked_raw_or_intermediate_modal_evidence,18973,3679d3984cd90668be7cd93b296d7f8122b8b8669b99260f06f248f42c26a130
project/modal-verified-control-tokens4096/verified-control-tokens4096/sweagent-output/astropy__astropy-14365/astropy__astropy-14365.pred,tracked_raw_or_intermediate_modal_evidence,20331,08c0bc1baed90bf3a0db0cdc7179152d0b0a3ef78de9dcee930d6018f760b95e
project/modal-verified-control-tokens4096/verified-control-tokens4096/sweagent-output/astropy__astropy-14365/astropy__astropy-14365.trace.log,tracked_raw_or_intermediate_modal_evidence,246994,0ddd569d1babf8da1deed66949a9cb64d1f2a07c04a7d889f1dcb5fbe0d85f12
project/modal-verified-control-tokens4096/verified-control-tokens4096/sweagent-output/astropy__astropy-14365/astropy__astropy-14365.traj,tracked_raw_or_intermediate_modal_evidence,2246061,bd06afb6bb5a2d9fe2c30cd2013d7c3e7d69c4b9f643fb3dbd91a83d5d60d3c5
project/modal-verified-control-tokens4096/verified-control-tokens4096/sweagent-output/preds.json,tracked_raw_or_intermediate_modal_evidence,20395,00adf57e618ea4c0c7d4499c56ab9e6473b04a0f49edbc1b119eb54673979280
project/modal-verified-control-tokens4096/verified-control-tokens4096/sweagent-output/run_batch.config.yaml,tracked_raw_or_intermediate_modal_evidence,10510,b69c6c8af3b0dd8790ef7962381737d09bdaebfaa48a82395e2f0aa682cbfc47
project/modal-verified-control-tokens4096/verified-control-tokens4096/sweagent-output/run_batch.log,tracked_raw_or_intermediate_modal_evidence,3071,bce1347b374ecd8d0bb72fb5bed3adbf405de061fc0cc8bfd3264fab56f60d7c
project/modal-verified-control-tokens4096/verified-control-tokens4096/sweagent-output/run_batch_exit_statuses.yaml,tracked_raw_or_intermediate_modal_evidence,96,15ecea3f9b65251c54cd26df8b25041fa339920bc1468789c28fc5101c324baa
project/modal-verified-control-tokens4096/verified-control-tokens4096/sweagent_request.yaml,tracked_raw_or_intermediate_modal_evidence,76,f4532497d23c214e343cb9fafb51d8a7d26b553c1a3fcf1f4efe32807ee91335
project/modal-verified-control-tokens4096/verified-control-tokens4096/trajectory.traj,tracked_raw_or_intermediate_modal_evidence,2246061,bd06afb6bb5a2d9fe2c30cd2013d7c3e7d69c4b9f643fb3dbd91a83d5d60d3c5
project/modal-verified-control-tokens4096/verified-control-tokens4096/vllm.log,tracked_raw_or_intermediate_modal_evidence,1570077,f7010960b8b470e362d4f75dcfa890f6812fe82c9451b36ab8166ea7b97a6708
project/modal-verified-deep-profile/verified-deep-profile/agent.log,tracked_raw_or_intermediate_modal_evidence,171284,23689ee80a823c7ba3ccd16336fe4130ea946b0a8045bdc2a91714d91efceeb1
project/modal-verified-deep-profile/verified-deep-profile/agent_result.json,tracked_raw_or_intermediate_modal_evidence,1223,933d71c902904b0477d64b4749046e2a4d64b5718e14776ff732142438b55adb
project/modal-verified-deep-profile/verified-deep-profile/command.txt,tracked_raw_or_intermediate_modal_evidence,914,df97ca7fdeff06ac55a2c458c3e2c0124dc27fdb1144d3d0fced35df45b7a3b1
project/modal-verified-deep-profile/verified-deep-profile/cpu_file_events.strace,tracked_raw_or_intermediate_modal_evidence,19949762,0b7ac8b911079ddf729794548bea0c9bc47eb21e51374a973926d4512c0e6b65
project/modal-verified-deep-profile/verified-deep-profile/cpu_file_events.summary.json,tracked_raw_or_intermediate_modal_evidence,735,5ca508f6a73b23cdeef63dba4bf4799f0b24f81a793ba0d296a23378474857a2
project/modal-verified-deep-profile/verified-deep-profile/evaluation/logs/run_evaluation/modal-verified-deep-profile/sweagent-output/astropy__astropy-14365/eval.sh,tracked_raw_or_intermediate_modal_evidence,1884,bd7699563c7f58f5cfd1f97f7f0e906f752a3e9a3851f1d84c9179d0499fd3cf
project/modal-verified-deep-profile/verified-deep-profile/evaluation/logs/run_evaluation/modal-verified-deep-profile/sweagent-output/astropy__astropy-14365/patch.diff,tracked_raw_or_intermediate_modal_evidence,989,9ec595d8e57b2b78dfc07d934cd1ed72f0aaee68883e5ba11a7d59722887d35b
project/modal-verified-deep-profile/verified-deep-profile/evaluation/logs/run_evaluation/modal-verified-deep-profile/sweagent-output/astropy__astropy-14365/report.json,tracked_raw_or_intermediate_modal_evidence,1421,384349816e04aed81c4cb27054fca285b6f2707d23741b1303311206f2d7c777
project/modal-verified-deep-profile/verified-deep-profile/evaluation/logs/run_evaluation/modal-verified-deep-profile/sweagent-output/astropy__astropy-14365/run_instance.log,tracked_raw_or_intermediate_modal_evidence,4773,d017d35ccfaf79a30d59466759bb919651aefa90f8b340601a976466fda462fb
project/modal-verified-deep-profile/verified-deep-profile/evaluation/logs/run_evaluation/modal-verified-deep-profile/sweagent-output/astropy__astropy-14365/test_output.txt,tracked_raw_or_intermediate_modal_evidence,610873,7953644b920c4823d879a7bc6c36a5db65bfe9591675f3d162e7bc14e5b66e6d
project/modal-verified-deep-profile/verified-deep-profile/evaluation/sweagent-output.modal-verified-deep-profile.json,tracked_raw_or_intermediate_modal_evidence,520,1204aecaa65341648a5355de7f90adbc910a5eb9d1f8489fe35834ee4498906d
project/modal-verified-deep-profile/verified-deep-profile/evaluator.stdout.log,tracked_raw_or_intermediate_modal_evidence,5485,d8cb9eb6a16f098138c897356da5a0ad4edf06cb0208bc2872c50b2ace85b84b
project/modal-verified-deep-profile/verified-deep-profile/events.jsonl,tracked_raw_or_intermediate_modal_evidence,1920,0873678b08fe3e58f6a60a821ff179ef18b59d3d535bd91a4d413ffda87cf82e
project/modal-verified-deep-profile/verified-deep-profile/hardware.txt,tracked_raw_or_intermediate_modal_evidence,44,16913f2d065a126d6ffb9eeff53a594b714883befd852e56514334df9906e1c4
project/modal-verified-deep-profile/verified-deep-profile/instance.json,tracked_raw_or_intermediate_modal_evidence,656,115a33a6ea872524bb6428934adfe2d20a7f0114bea55d28a263ab715f936002
project/modal-verified-deep-profile/verified-deep-profile/preds.json,tracked_raw_or_intermediate_modal_evidence,1192,bd2d4234111e78f8ef718b4efd6f8469ef5577b8fd304d3fc6b2f0edbd756892
project/modal-verified-deep-profile/verified-deep-profile/sweagent-output/astropy__astropy-14365/astropy__astropy-14365.config.yaml,tracked_raw_or_intermediate_modal_evidence,11087,294692c197c84c9f1282462e8853d4779c217f36c4660abb5ea627335abee516
project/modal-verified-deep-profile/verified-deep-profile/sweagent-output/astropy__astropy-14365/astropy__astropy-14365.debug.log,tracked_raw_or_intermediate_modal_evidence,90727,be83b6784366b8239f1e8b0cf23d453e070aea439b9fa0ba72d5364424afd07e
project/modal-verified-deep-profile/verified-deep-profile/sweagent-output/astropy__astropy-14365/astropy__astropy-14365.info.log,tracked_raw_or_intermediate_modal_evidence,72921,044519b1dc15de3a7ba8bf5bd4077514107789d197b24996555f845b13e28661
project/modal-verified-deep-profile/verified-deep-profile/sweagent-output/astropy__astropy-14365/astropy__astropy-14365.patch,tracked_raw_or_intermediate_modal_evidence,989,9ec595d8e57b2b78dfc07d934cd1ed72f0aaee68883e5ba11a7d59722887d35b
project/modal-verified-deep-profile/verified-deep-profile/sweagent-output/astropy__astropy-14365/astropy__astropy-14365.pred,tracked_raw_or_intermediate_modal_evidence,1128,71cd67a53e787c335b1d06b5d5ddf9dd1e3b4f68606eee04c629ff6f1dd17924
project/modal-verified-deep-profile/verified-deep-profile/sweagent-output/astropy__astropy-14365/astropy__astropy-14365.trace.log,tracked_raw_or_intermediate_modal_evidence,131639,1ce23a62c4d8df9f9f3bef7811595d4585dcd1342850a5f09c98fb86183952ec
project/modal-verified-deep-profile/verified-deep-profile/sweagent-output/astropy__astropy-14365/astropy__astropy-14365.traj,tracked_raw_or_intermediate_modal_evidence,981155,109bf073ee4106a73a60c8ca4135fa7a993da7c4217f6344c472d4d8450b0f1f
project/modal-verified-deep-profile/verified-deep-profile/sweagent-output/preds.json,tracked_raw_or_intermediate_modal_evidence,1192,bd2d4234111e78f8ef718b4efd6f8469ef5577b8fd304d3fc6b2f0edbd756892
project/modal-verified-deep-profile/verified-deep-profile/sweagent-output/run_batch.config.yaml,tracked_raw_or_intermediate_modal_evidence,10498,67d4c27713a00fd6c9b030522c895b199b247c7856d6ee15cbf913c447c99344
project/modal-verified-deep-profile/verified-deep-profile/sweagent-output/run_batch.log,tracked_raw_or_intermediate_modal_evidence,2237,87fa1310c9bcee38b720883c8613a22b0e128f7e35f68a425f248a45a5877503
project/modal-verified-deep-profile/verified-deep-profile/sweagent-output/run_batch_exit_statuses.yaml,tracked_raw_or_intermediate_modal_evidence,84,43ac823beb6ca0f229eae3a666c1215c63599eb76254463e91eecabf7be7988d
project/modal-verified-deep-profile/verified-deep-profile/sweagent_request.yaml,tracked_raw_or_intermediate_modal_evidence,76,3a3f023fd396addefedde866490998defa310e432595089b2644e41d8177b4e7
project/modal-verified-deep-profile/verified-deep-profile/trajectory.traj,tracked_raw_or_intermediate_modal_evidence,981155,109bf073ee4106a73a60c8ca4135fa7a993da7c4217f6344c472d4d8450b0f1f
project/modal-verified-deep-profile/verified-deep-profile/vllm.log,tracked_raw_or_intermediate_modal_evidence,711627,f37bbc5a1e32d87b602d392716694e941367a06dab651af92903837e3ec7a6b3
project/modal-verified-deep-profile/verified-deep-profile/vllm_delta.json,tracked_raw_or_intermediate_modal_evidence,125050,7a15895e012b0379c0fe489af51b5e431742294f82d2b82dbc25f37f5b69a1e9
project/modal-verified-deep-profile/verified-deep-profile/vllm_metrics_after.json,tracked_raw_or_intermediate_modal_evidence,182297,961530d5dee68b59dd75072e3d251e344b4fc29cdc8dff1638fd1d27ac349270
project/modal-verified-deep-profile/verified-deep-profile/vllm_metrics_after.prom,tracked_raw_or_intermediate_modal_evidence,48247,acc8b23ea84cf81887350c4a93a6fc9481f6738e04556bd7211cbb72cbc8d3ff
project/modal-verified-deep-profile/verified-deep-profile/vllm_metrics_before.json,tracked_raw_or_intermediate_modal_evidence,175179,7db15ea38a9857bb5ff15e7d393ba6fb42b64fc05bbc5b9bf6828865464ad5c6
project/modal-verified-deep-profile/verified-deep-profile/vllm_metrics_before.prom,tracked_raw_or_intermediate_modal_evidence,46455,2a07a28e5135439ced122f6b2b704173c337d42c517074715cbc435ce9980cca
project/modal-verified-exact-fix/verified-exact-fix/agent.log,tracked_raw_or_intermediate_modal_evidence,171203,9b46b55213c5f00c9abbbf9bcfe749035a80247bb450ce0589bf1ff55c307c21
project/modal-verified-exact-fix/verified-exact-fix/agent_result.json,tracked_raw_or_intermediate_modal_evidence,1191,627e5934fd9cef10913bab5b809544bfb0c79650ec37f32e5f247ebb8fb7611b
project/modal-verified-exact-fix/verified-exact-fix/command.txt,tracked_raw_or_intermediate_modal_evidence,797,1dbbb30cd753051819776430126f7f2cc879aa206718f62c2216d01efbf31988
project/modal-verified-exact-fix/verified-exact-fix/evaluation/logs/run_evaluation/modal-verified-exact-fix/sweagent-output/astropy__astropy-14365/eval.sh,tracked_raw_or_intermediate_modal_evidence,1884,bd7699563c7f58f5cfd1f97f7f0e906f752a3e9a3851f1d84c9179d0499fd3cf
project/modal-verified-exact-fix/verified-exact-fix/evaluation/logs/run_evaluation/modal-verified-exact-fix/sweagent-output/astropy__astropy-14365/patch.diff,tracked_raw_or_intermediate_modal_evidence,989,9ec595d8e57b2b78dfc07d934cd1ed72f0aaee68883e5ba11a7d59722887d35b
project/modal-verified-exact-fix/verified-exact-fix/evaluation/logs/run_evaluation/modal-verified-exact-fix/sweagent-output/astropy__astropy-14365/report.json,tracked_raw_or_intermediate_modal_evidence,1421,384349816e04aed81c4cb27054fca285b6f2707d23741b1303311206f2d7c777
project/modal-verified-exact-fix/verified-exact-fix/evaluation/logs/run_evaluation/modal-verified-exact-fix/sweagent-output/astropy__astropy-14365/run_instance.log,tracked_raw_or_intermediate_modal_evidence,4755,4f95c5ab6ba74664b67be4faf1f89f0541fc69868baf2e74871652173cdedcd0
project/modal-verified-exact-fix/verified-exact-fix/evaluation/logs/run_evaluation/modal-verified-exact-fix/sweagent-output/astropy__astropy-14365/test_output.txt,tracked_raw_or_intermediate_modal_evidence,610873,334acdabfb6bd40db8f0e22ea74a9bdb4e785257fb83c2486704622633c78dc8
project/modal-verified-exact-fix/verified-exact-fix/evaluation/sweagent-output.modal-verified-exact-fix.json,tracked_raw_or_intermediate_modal_evidence,520,1204aecaa65341648a5355de7f90adbc910a5eb9d1f8489fe35834ee4498906d
project/modal-verified-exact-fix/verified-exact-fix/evaluator.stdout.log,tracked_raw_or_intermediate_modal_evidence,5482,4a774860565f013d1f46a695c066f7cacb6a70dbe24e919c9dbc6ddbbc2ced5d
project/modal-verified-exact-fix/verified-exact-fix/instance.json,tracked_raw_or_intermediate_modal_evidence,656,115a33a6ea872524bb6428934adfe2d20a7f0114bea55d28a263ab715f936002
project/modal-verified-exact-fix/verified-exact-fix/preds.json,tracked_raw_or_intermediate_modal_evidence,1192,bd2d4234111e78f8ef718b4efd6f8469ef5577b8fd304d3fc6b2f0edbd756892
project/modal-verified-exact-fix/verified-exact-fix/sweagent-output/astropy__astropy-14365/astropy__astropy-14365.config.yaml,tracked_raw_or_intermediate_modal_evidence,11087,294692c197c84c9f1282462e8853d4779c217f36c4660abb5ea627335abee516
project/modal-verified-exact-fix/verified-exact-fix/sweagent-output/astropy__astropy-14365/astropy__astropy-14365.debug.log,tracked_raw_or_intermediate_modal_evidence,90721,6bb951ff81fd2bd6e58defcaef4b8e4d18f86241243a10ddfa931e0d4c31948b
project/modal-verified-exact-fix/verified-exact-fix/sweagent-output/astropy__astropy-14365/astropy__astropy-14365.info.log,tracked_raw_or_intermediate_modal_evidence,72915,d4fca438298dc84ab845bd9cdf9e741e60cad7ef71db7d4e758cd03ca536f639
project/modal-verified-exact-fix/verified-exact-fix/sweagent-output/astropy__astropy-14365/astropy__astropy-14365.patch,tracked_raw_or_intermediate_modal_evidence,989,9ec595d8e57b2b78dfc07d934cd1ed72f0aaee68883e5ba11a7d59722887d35b
project/modal-verified-exact-fix/verified-exact-fix/sweagent-output/astropy__astropy-14365/astropy__astropy-14365.pred,tracked_raw_or_intermediate_modal_evidence,1128,71cd67a53e787c335b1d06b5d5ddf9dd1e3b4f68606eee04c629ff6f1dd17924
project/modal-verified-exact-fix/verified-exact-fix/sweagent-output/astropy__astropy-14365/astropy__astropy-14365.trace.log,tracked_raw_or_intermediate_modal_evidence,131634,e04b27d2181eda475e05864e4afb462eb9531f375e7d0d21e96996ffe63e3eb8
project/modal-verified-exact-fix/verified-exact-fix/sweagent-output/astropy__astropy-14365/astropy__astropy-14365.traj,tracked_raw_or_intermediate_modal_evidence,981171,5de2cb79f9d58b6cfa7502b959619dc579388840d278919cebc63c7dbf8c205a
project/modal-verified-exact-fix/verified-exact-fix/sweagent-output/preds.json,tracked_raw_or_intermediate_modal_evidence,1192,bd2d4234111e78f8ef718b4efd6f8469ef5577b8fd304d3fc6b2f0edbd756892
project/modal-verified-exact-fix/verified-exact-fix/sweagent-output/run_batch.config.yaml,tracked_raw_or_intermediate_modal_evidence,10492,aa0fa263fa743640a23a20935c270a0b3c9ae6d3319c7fee3c656e9ef6bd4e96
project/modal-verified-exact-fix/verified-exact-fix/sweagent-output/run_batch.log,tracked_raw_or_intermediate_modal_evidence,2234,17168fba195e23075faf9fd892d5144300cd88c2a74c9ed97541186ad26665d9
project/modal-verified-exact-fix/verified-exact-fix/sweagent-output/run_batch_exit_statuses.yaml,tracked_raw_or_intermediate_modal_evidence,84,43ac823beb6ca0f229eae3a666c1215c63599eb76254463e91eecabf7be7988d
project/modal-verified-exact-fix/verified-exact-fix/sweagent_request.yaml,tracked_raw_or_intermediate_modal_evidence,76,3a3f023fd396addefedde866490998defa310e432595089b2644e41d8177b4e7
project/modal-verified-exact-fix/verified-exact-fix/trajectory.traj,tracked_raw_or_intermediate_modal_evidence,981171,5de2cb79f9d58b6cfa7502b959619dc579388840d278919cebc63c7dbf8c205a
project/modal-verified-exact-fix/verified-exact-fix/vllm.log,tracked_raw_or_intermediate_modal_evidence,711072,35c1ad4ee8d71f7d733206bb2b0dad2b921ec8558baddf93c582cfb29973949c
project/modal-verified-reference-completion/verified-control-calls50-reference-completion-retry/clean.patch,tracked_raw_or_intermediate_modal_evidence,901,f96c716b8f31bdb4e71c528b87fe0c0144054844ccfc32026bf9a97420a36732
project/modal-verified-reference-completion/verified-control-calls50-reference-completion-retry/evaluation/logs/run_evaluation/modal-verified-reference-completion-retry/sweagent-output/astropy__astropy-14365/eval.sh,tracked_raw_or_intermediate_modal_evidence,1884,bd7699563c7f58f5cfd1f97f7f0e906f752a3e9a3851f1d84c9179d0499fd3cf
project/modal-verified-reference-completion/verified-control-calls50-reference-completion-retry/evaluation/logs/run_evaluation/modal-verified-reference-completion-retry/sweagent-output/astropy__astropy-14365/patch.diff,tracked_raw_or_intermediate_modal_evidence,901,f96c716b8f31bdb4e71c528b87fe0c0144054844ccfc32026bf9a97420a36732
project/modal-verified-reference-completion/verified-control-calls50-reference-completion-retry/evaluation/logs/run_evaluation/modal-verified-reference-completion-retry/sweagent-output/astropy__astropy-14365/report.json,tracked_raw_or_intermediate_modal_evidence,1421,384349816e04aed81c4cb27054fca285b6f2707d23741b1303311206f2d7c777
project/modal-verified-reference-completion/verified-control-calls50-reference-completion-retry/evaluation/logs/run_evaluation/modal-verified-reference-completion-retry/sweagent-output/astropy__astropy-14365/run_instance.log,tracked_raw_or_intermediate_modal_evidence,4965,ab57d5222ea3f24cd9abadc0e7c6b5c3e01e187f9885758ab71441f55aeb543d
project/modal-verified-reference-completion/verified-control-calls50-reference-completion-retry/evaluation/logs/run_evaluation/modal-verified-reference-completion-retry/sweagent-output/astropy__astropy-14365/test_output.txt,tracked_raw_or_intermediate_modal_evidence,610986,bb8bcae182606eae7a4679c9960f1d8626eb64fd4252ac4d1a9682752c3ddcc1
project/modal-verified-reference-completion/verified-control-calls50-reference-completion-retry/evaluation/sweagent-output.modal-verified-reference-completion-retry.json,tracked_raw_or_intermediate_modal_evidence,520,1204aecaa65341648a5355de7f90adbc910a5eb9d1f8489fe35834ee4498906d
project/modal-verified-reference-completion/verified-control-calls50-reference-completion-retry/evaluator.stdout.log,tracked_raw_or_intermediate_modal_evidence,5499,2ece84064932d5d7afde7e29d4dbe167ee990808ed6bff18f995fcdfefcc3444
project/modal-verified-reference-completion/verified-control-calls50-reference-completion-retry/preds-clean.json,tracked_raw_or_intermediate_modal_evidence,1086,288cf8fcc5ac30eec4a33b8e34a70f5fcdb55731aa4d0bdfae310319cbfffa0e
project/modal-verified-reference-completion/verified-control-calls50-reference-completion-retry/prepare_result.json,tracked_raw_or_intermediate_modal_evidence,747,4fa717bfd1c3ea2263333a4d858f50acbf77177e1f4290583d55ffe2bcd08b4b
project/modal-verified-refined-prompt/verified-refined-prompt/agent.log,tracked_raw_or_intermediate_modal_evidence,365817,747bf8b3db18ee712a07d7157310342d086745a83c11a16bebed4b274ac4f64a
project/modal-verified-refined-prompt/verified-refined-prompt/agent_result.json,tracked_raw_or_intermediate_modal_evidence,1206,32b701f25a94e2d614b000d6e041b871aef38c50aee9c2fc0b19c674a24c18f7
project/modal-verified-refined-prompt/verified-refined-prompt/command.txt,tracked_raw_or_intermediate_modal_evidence,812,ef6233f23456bfc9cfa7c20ec59b912a5f472ef24be4375da70c5074a4934837
project/modal-verified-refined-prompt/verified-refined-prompt/evaluation/logs/run_evaluation/modal-verified-refined-prompt/sweagent-output/astropy__astropy-14365/eval.sh,tracked_raw_or_intermediate_modal_evidence,1884,bd7699563c7f58f5cfd1f97f7f0e906f752a3e9a3851f1d84c9179d0499fd3cf
project/modal-verified-refined-prompt/verified-refined-prompt/evaluation/logs/run_evaluation/modal-verified-refined-prompt/sweagent-output/astropy__astropy-14365/patch.diff,tracked_raw_or_intermediate_modal_evidence,14163,6771172bcc21229858bc66049bcbfd24343112d842ac72738e8fed3098b7b78e
project/modal-verified-refined-prompt/verified-refined-prompt/evaluation/logs/run_evaluation/modal-verified-refined-prompt/sweagent-output/astropy__astropy-14365/report.json,tracked_raw_or_intermediate_modal_evidence,1438,ddb027d403c29611a51bdd6f06710469e0681e7990674c5edbc81af5a07bb80b
project/modal-verified-refined-prompt/verified-refined-prompt/evaluation/logs/run_evaluation/modal-verified-refined-prompt/sweagent-output/astropy__astropy-14365/run_instance.log,tracked_raw_or_intermediate_modal_evidence,6628,984102ccc6d3152fc8386d3c972b286915487ebd890af9c3f20c45dd76f45cca
project/modal-verified-refined-prompt/verified-refined-prompt/evaluation/logs/run_evaluation/modal-verified-refined-prompt/sweagent-output/astropy__astropy-14365/test_output.txt,tracked_raw_or_intermediate_modal_evidence,615332,2be08a5fdf06fdae1d281138040a6a7c3517ba55bafdce1897743710194be7f5
project/modal-verified-refined-prompt/verified-refined-prompt/evaluation/sweagent-output.modal-verified-refined-prompt.json,tracked_raw_or_intermediate_modal_evidence,520,bce063f26f9f3fca56f5bb3e9234f5643a035dd0c743cdd6cd55bfc53fb22c68
project/modal-verified-refined-prompt/verified-refined-prompt/evaluator.stdout.log,tracked_raw_or_intermediate_modal_evidence,5487,d61fd3f51c24c55461033b4426226d413b841f57d69300a7def307b50dcfe2b8
project/modal-verified-refined-prompt/verified-refined-prompt/instance.json,tracked_raw_or_intermediate_modal_evidence,755,81ab8a495d711b877f43c13abdf54a7749704613d70159dde98308ca909e9c5d
project/modal-verified-refined-prompt/verified-refined-prompt/preds.json,tracked_raw_or_intermediate_modal_evidence,15313,c94a29d48bbf656b75ed83ad700a7813ca9eb65c12cd4efa57a177adf71b0e15
project/modal-verified-refined-prompt/verified-refined-prompt/sweagent-output/astropy__astropy-14365/astropy__astropy-14365.config.yaml,tracked_raw_or_intermediate_modal_evidence,11188,465027b838228de17e195dd39713c7704f5e6546b2fa7d97818a758d481b0ea8
project/modal-verified-refined-prompt/verified-refined-prompt/sweagent-output/astropy__astropy-14365/astropy__astropy-14365.debug.log,tracked_raw_or_intermediate_modal_evidence,188161,59e043c946a004bce05d2c0de7b5720db8f6ddb42625031daa27168c79ec7017
project/modal-verified-refined-prompt/verified-refined-prompt/sweagent-output/astropy__astropy-14365/astropy__astropy-14365.info.log,tracked_raw_or_intermediate_modal_evidence,161465,cf831f3c8e7b3664b5d2718f3c89d61abff504ad27833a1baaca1567b23af33f
project/modal-verified-refined-prompt/verified-refined-prompt/sweagent-output/astropy__astropy-14365/astropy__astropy-14365.patch,tracked_raw_or_intermediate_modal_evidence,14163,6771172bcc21229858bc66049bcbfd24343112d842ac72738e8fed3098b7b78e
project/modal-verified-refined-prompt/verified-refined-prompt/sweagent-output/astropy__astropy-14365/astropy__astropy-14365.pred,tracked_raw_or_intermediate_modal_evidence,15249,77942db1313e8aec4d14306cb19bd74c7ea3bd00ee4dcc891ab92c7393dbae43
project/modal-verified-refined-prompt/verified-refined-prompt/sweagent-output/astropy__astropy-14365/astropy__astropy-14365.trace.log,tracked_raw_or_intermediate_modal_evidence,278734,941371811f79380e81bd7f52b8e95a547d0c22d43c9a6b2b7f09b4164c003acf
project/modal-verified-refined-prompt/verified-refined-prompt/sweagent-output/astropy__astropy-14365/astropy__astropy-14365.traj,tracked_raw_or_intermediate_modal_evidence,2660172,7ec4031456990492b189120a1e3e739311e93825933f86f57fe23424a64e9e18
project/modal-verified-refined-prompt/verified-refined-prompt/sweagent-output/preds.json,tracked_raw_or_intermediate_modal_evidence,15313,c94a29d48bbf656b75ed83ad700a7813ca9eb65c12cd4efa57a177adf71b0e15
project/modal-verified-refined-prompt/verified-refined-prompt/sweagent-output/run_batch.config.yaml,tracked_raw_or_intermediate_modal_evidence,10502,12705b16b0143b2e49dcb90faedb8fdd5c75f58d3faaada0fe51768807a203e1
project/modal-verified-refined-prompt/verified-refined-prompt/sweagent-output/run_batch.log,tracked_raw_or_intermediate_modal_evidence,3343,4bca73218babfb97b759c9bd9f2a5425393433fa4554686c89bc5f54c4036926
project/modal-verified-refined-prompt/verified-refined-prompt/sweagent-output/run_batch_exit_statuses.yaml,tracked_raw_or_intermediate_modal_evidence,99,7a0047579ccc3cc1b9b0c9b1b9730a917692506d6b2288477ba4a33e0b2923d9
project/modal-verified-refined-prompt/verified-refined-prompt/sweagent_request.yaml,tracked_raw_or_intermediate_modal_evidence,76,f4532497d23c214e343cb9fafb51d8a7d26b553c1a3fcf1f4efe32807ee91335
project/modal-verified-refined-prompt/verified-refined-prompt/trajectory.traj,tracked_raw_or_intermediate_modal_evidence,2660172,7ec4031456990492b189120a1e3e739311e93825933f86f57fe23424a64e9e18
project/modal-verified-refined-prompt/verified-refined-prompt/vllm.log,tracked_raw_or_intermediate_modal_evidence,1850843,90c811ceeb07a37fcacc83cf9bac871e0c94302cc324bebce29df753545332fd
sweagent_output.gcp-h100-additional-lite-20260823-additional-lite-14182-worker-00.json,official_evaluator_summary,520,9174b1c0e4efd77b02e6c9baa6ff13d91276cae55fa2b780b39cd6f2f6fcba48
sweagent_output.gcp-h100-additional-verified-20260823-additional-verified-14365-worker-00.json,official_evaluator_summary,520,bce063f26f9f3fca56f5bb3e9234f5643a035dd0c743cdd6cd55bfc53fb22c68
sweagent_output.gcp-h100-calls20-lite-20260823-calls20-lite-worker-00.json,official_evaluator_summary,592,05c6486d6d2e1ac1d2f3e094940dcc3183c2296b344c5154c5e2874dadeb20de
sweagent_output.gcp-h100-diverse-lite-b03-lite-diverse-batch03-6-worker-00.json,official_evaluator_summary,1013,ffe360e007505ffa50b99cc1d5d7ad089a8e6604bb07b4430b6103544d0b8d70
sweagent_output.gcp-h100-diverse-lite-b04-lite-diverse-batch04-6-worker-00.json,official_evaluator_summary,1013,a97e7013a2e30d5f0ce0a47156dc3f0c1c69c4e0967ce0c1505508b7899d42fb
sweagent_output.gcp-h100-diverse-lite-b05-lite-diverse-batch05-6-worker-00.json,official_evaluator_summary,998,a4f5632acb1e10e91a833ec695c0ff1784b18dec673acc18375df279c471563f
sweagent_output.gcp-h100-diverse-lite-lite-diverse-6-worker-00.json,official_evaluator_summary,1076,0c9172a7f218fd4dd9e07323e49e752bae718e95563efdbff3c226eabc057172
sweagent_output.gcp-h100-diverse-lite-next-lite-diverse-next-6-worker-00.json,official_evaluator_summary,1009,6299f588ff2191786cced345ee588646e284508d1d51400c3fcfddfa7105809e
sweagent_output.gcp-h100-diverse-verified-b03-verified-diverse-batch03-6-worker-00.json,official_evaluator_summary,969,15d76baef379e9481fc62ec49040fe0d755b7853bab98893c025712a80cd52b3
sweagent_output.gcp-h100-diverse-verified-b04-verified-diverse-batch04-6-worker-00.json,official_evaluator_summary,1003,3b17d4bcd74ac947a85cdb681af941d10ea4e5f223280731bc1325377e89cb19
sweagent_output.gcp-h100-diverse-verified-b05-verified-diverse-batch05-6-worker-00.json,official_evaluator_summary,998,cabf67a16106c19c3bfe8bc4d5cd052e6f3c4054e03c0cef11e70657bed8f023
sweagent_output.gcp-h100-diverse-verified-extra-1-verified-extra-1-worker-00.json,official_evaluator_summary,520,8e2797f86a574333dba5893a7ad1f49f68c87080438c1a6b8b91571f0a4723ad
sweagent_output.gcp-h100-diverse-verified-next-verified-diverse-next-6-worker-00.json,official_evaluator_summary,1013,d05e15db864bfec78f3f44071a40a8618c717bc86c773115b16e0582c3ee415d
sweagent_output.gcp-h100-diverse-verified-verified-diverse-6-worker-00.json,official_evaluator_summary,1016,dadf55824c6854b56ce9e7255ba2f76c5e31c8e1028247b8c38892bd35197bc7
sweagent_output.gcp-h100-diversity-flask-20260823-diversity-flask-5063-worker-00.json,official_evaluator_summary,511,6c9472687a6493fc6ba7be23975006d58015e4c7579ec00afe7214a06ba60cb4
sweagent_output.gcp-h100-diversity-requests-2317-20260823-diversity-requests-2317-worker-00.json,official_evaluator_summary,508,d57441deae4a3a57528b237c4ec092d20b7af30db94cc77d3b92f71fbe466613
sweagent_output.gcp-h100-profile-requests-2317-rerun-20260823-profile-requests-2317-rerun-worker-00.json,official_evaluator_summary,508,d57441deae4a3a57528b237c4ec092d20b7af30db94cc77d3b92f71fbe466613
sweagent_output.gcp-h100-temp02-lite-20260823-temp02-lite-worker-00.json,official_evaluator_summary,622,721e7726062997f4e85d6b4fab7e1a5735dfa75dfb9ee46bc51b9aaee8cd2dda
sweagent_output.gcp-lite-production-2-lite-production-2-worker-00.json,official_evaluator_summary,520,ac336c3512d1f0de40d2dda9ea4256217030f7b893f4e81355f4b7eed9810f76
sweagent_output.gcp-lite-production-2-lite-production-2-worker-01.json,official_evaluator_summary,520,9174b1c0e4efd77b02e6c9baa6ff13d91276cae55fa2b780b39cd6f2f6fcba48
