run_id,instance_id,category,official_resolved,match_mode,source_run_id,source_instance_id,source_config_id
assignment-case-v1:003fb85dfbc99179e5ea2986e1ca936c6dfa5dea71d2405a1bdc9ed2cdfb75c9,scikit-learn__scikit-learn-25232,scikit-learn/scikit-learn,True,exact_run_id,assignment-case-v1:003fb85dfbc99179e5ea2986e1ca936c6dfa5dea71d2405a1bdc9ed2cdfb75c9,scikit-learn__scikit-learn-25232,shared-baseline
assignment-case-v1:0050fdfd5f21bfa855b0f03a76b55ed7c6a76b53e26d65eed59a0a698f0712c2,sympy__sympy-12419,sympy/sympy,False,exact_run_id,assignment-case-v1:0050fdfd5f21bfa855b0f03a76b55ed7c6a76b53e26d65eed59a0a698f0712c2,sympy__sympy-12419,shared-baseline
assignment-case-v1:00ba3a406cd67bc21b7a5aa182a6ca15a3df1821ca94ad8d8e2e671e42032c9d,sympy__sympy-19954,sympy/sympy,True,exact_run_id,assignment-case-v1:00ba3a406cd67bc21b7a5aa182a6ca15a3df1821ca94ad8d8e2e671e42032c9d,sympy__sympy-19954,shared-baseline
assignment-case-v1:012b1d6bec9cb005da8283490eb20ce2370ac8ec397a0a0878a9a9c6213c1a01,django__django-13401,django/django,True,exact_run_id,assignment-case-v1:012b1d6bec9cb005da8283490eb20ce2370ac8ec397a0a0878a9a9c6213c1a01,django__django-13401,shared-baseline
assignment-case-v1:01d6ece3299ee960efab99aa2c46d0fecb08905a294eb77c96f110a04b7bb29a,sympy__sympy-19346,sympy/sympy,True,exact_run_id,assignment-case-v1:01d6ece3299ee960efab99aa2c46d0fecb08905a294eb77c96f110a04b7bb29a,sympy__sympy-19346,shared-baseline
assignment-case-v1:02cf3ad4fa8a2e6c60f7292944545b25f005866b0b4316aec1c8b8c86557dd3c,sympy__sympy-13647,sympy/sympy,True,exact_run_id,assignment-case-v1:02cf3ad4fa8a2e6c60f7292944545b25f005866b0b4316aec1c8b8c86557dd3c,sympy__sympy-13647,shared-baseline
assignment-case-v1:03f146f02750595e40d79df3736614566ddc3784d5a583c40762ce12b292f7aa,sphinx-doc__sphinx-9367,sphinx-doc/sphinx,True,exact_run_id,assignment-case-v1:03f146f02750595e40d79df3736614566ddc3784d5a583c40762ce12b292f7aa,sphinx-doc__sphinx-9367,shared-baseline
assignment-case-v1:04201a5dcfa4bdb6e47e9f64be40158628b25facb8c2c45736ef1f1aecfef788,django__django-11740,django/django,False,exact_run_id,assignment-case-v1:04201a5dcfa4bdb6e47e9f64be40158628b25facb8c2c45736ef1f1aecfef788,django__django-11740,shared-baseline
assignment-case-v1:04d239f074d9a6a911c217b89bd882114df70d2d2f2167ec19dec6da087c179f,django__django-16527,django/django,True,exact_run_id,assignment-case-v1:04d239f074d9a6a911c217b89bd882114df70d2d2f2167ec19dec6da087c179f,django__django-16527,shared-baseline
assignment-case-v1:0594f0cf1237c4056e7441e50ade1acd55dc653998725a46eef43acc220f6698,django__django-12276,django/django,True,exact_run_id,assignment-case-v1:0594f0cf1237c4056e7441e50ade1acd55dc653998725a46eef43acc220f6698,django__django-12276,shared-baseline
assignment-case-v1:05ceffc69c44e8fbeeceffda66a28f24d25ecaae234d55bc34e74002a10189b8,django__django-17084,django/django,False,exact_run_id,assignment-case-v1:05ceffc69c44e8fbeeceffda66a28f24d25ecaae234d55bc34e74002a10189b8,django__django-17084,shared-baseline
assignment-case-v1:05f8e4a4ce4ec70f680215feacba3633096259501825e113c12879fa05123206,sympy__sympy-13437,sympy/sympy,False,exact_run_id,assignment-case-v1:05f8e4a4ce4ec70f680215feacba3633096259501825e113c12879fa05123206,sympy__sympy-13437,shared-baseline
assignment-case-v1:0605eeb81491a60be905d83b2e841d6c9e29173935db8b006d810f6fd6f54b1e,django__django-12453,django/django,True,exact_run_id,assignment-case-v1:0605eeb81491a60be905d83b2e841d6c9e29173935db8b006d810f6fd6f54b1e,django__django-12453,shared-baseline
assignment-case-v1:0645b1a474b4d2ddb9f4ca771dd1c29d5550846e02b8c5569eae688b3ffe0898,sympy__sympy-21612,sympy/sympy,False,exact_run_id,assignment-case-v1:0645b1a474b4d2ddb9f4ca771dd1c29d5550846e02b8c5569eae688b3ffe0898,sympy__sympy-21612,shared-baseline
assignment-case-v1:06ad3af76d272f808add1583bee40ef2b52b74d711a917f25aac0163299806ac,django__django-13023,django/django,True,exact_run_id,assignment-case-v1:06ad3af76d272f808add1583bee40ef2b52b74d711a917f25aac0163299806ac,django__django-13023,shared-baseline
assignment-case-v1:06f08a392b6dfcb683338b13de748457832dfeb21655d9b578f204559b451988,django__django-11603,django/django,True,exact_run_id,assignment-case-v1:06f08a392b6dfcb683338b13de748457832dfeb21655d9b578f204559b451988,django__django-11603,shared-baseline
assignment-case-v1:080b2f5fd68e2c8eba6916f5b9eb307f2a4810fefd8eb1f6f6d10dbf2de35691,scikit-learn__scikit-learn-13496,scikit-learn/scikit-learn,True,exact_run_id,assignment-case-v1:080b2f5fd68e2c8eba6916f5b9eb307f2a4810fefd8eb1f6f6d10dbf2de35691,scikit-learn__scikit-learn-13496,shared-baseline
assignment-case-v1:0813248f9b972a14de18f990b279135d112702497a6dba10e015a8b97396e88d,django__django-15814,django/django,False,exact_run_id,assignment-case-v1:0813248f9b972a14de18f990b279135d112702497a6dba10e015a8b97396e88d,django__django-15814,shared-baseline
assignment-case-v1:082180b0384bd99692b93cde8dacfd8073c91d650c18efc51ac0de1c9899fd82,scikit-learn__scikit-learn-14710,scikit-learn/scikit-learn,True,exact_run_id,assignment-case-v1:082180b0384bd99692b93cde8dacfd8073c91d650c18efc51ac0de1c9899fd82,scikit-learn__scikit-learn-14710,shared-baseline
assignment-case-v1:084ba187739866edddb86de57de1fe1cf71ee28f6238919f5174be18601605d7,django__django-11880,django/django,True,exact_run_id,assignment-case-v1:084ba187739866edddb86de57de1fe1cf71ee28f6238919f5174be18601605d7,django__django-11880,shared-baseline
assignment-case-v1:08943d7db31e523a78353a890f8444802b5c3b37d74dcca0f1ab773f47382a14,sphinx-doc__sphinx-10435,sphinx-doc/sphinx,False,exact_run_id,assignment-case-v1:08943d7db31e523a78353a890f8444802b5c3b37d74dcca0f1ab773f47382a14,sphinx-doc__sphinx-10435,shared-baseline
assignment-case-v1:08c0c23e0d7261698b168d4d12d8ca939a628500b3a57765b5dfe05eb9655526,sphinx-doc__sphinx-9258,sphinx-doc/sphinx,False,exact_run_id,assignment-case-v1:08c0c23e0d7261698b168d4d12d8ca939a628500b3a57765b5dfe05eb9655526,sphinx-doc__sphinx-9258,shared-baseline
assignment-case-v1:08e1b7c40292e11be0ab5645832113f4e990b1c86e657b230568706b32348b92,sympy__sympy-24213,sympy/sympy,True,exact_run_id,assignment-case-v1:08e1b7c40292e11be0ab5645832113f4e990b1c86e657b230568706b32348b92,sympy__sympy-24213,shared-baseline
assignment-case-v1:0a7585c97772b74f29f6e028faf9f580b6bd663236af4fd1fff4d761a3f05764,django__django-11999,django/django,True,exact_run_id,assignment-case-v1:0a7585c97772b74f29f6e028faf9f580b6bd663236af4fd1fff4d761a3f05764,django__django-11999,shared-baseline
assignment-case-v1:0aaa78b08576a16853e928f18e8b8b18f89edd7fe4a09404b50f9030ded740e4,django__django-11728,django/django,False,exact_run_id,assignment-case-v1:0aaa78b08576a16853e928f18e8b8b18f89edd7fe4a09404b50f9030ded740e4,django__django-11728,shared-baseline
assignment-case-v1:0b20d4189e6a881cb58e8557db2d02e1481c795bc385289eb32ee2e849cd0c56,django__django-16502,django/django,False,exact_run_id,assignment-case-v1:0b20d4189e6a881cb58e8557db2d02e1481c795bc385289eb32ee2e849cd0c56,django__django-16502,shared-baseline
assignment-case-v1:0b7ea917c359ea877d851343834dd79939ad595ffd3f75b1c567b83594769815,sphinx-doc__sphinx-9229,sphinx-doc/sphinx,False,exact_run_id,assignment-case-v1:0b7ea917c359ea877d851343834dd79939ad595ffd3f75b1c567b83594769815,sphinx-doc__sphinx-9229,shared-baseline
assignment-case-v1:0ba7ea04258a3d59a4027001f1ef69935cacb514a89ec77be726462dab930924,django__django-14672,django/django,True,exact_run_id,assignment-case-v1:0ba7ea04258a3d59a4027001f1ef69935cacb514a89ec77be726462dab930924,django__django-14672,shared-baseline
assignment-case-v1:0bb6dc2cfe5c12973ecf64135c22b5e7c9086df5ad5d0cc1e7e997bb24fdc520,sympy__sympy-18698,sympy/sympy,False,exact_run_id,assignment-case-v1:0bb6dc2cfe5c12973ecf64135c22b5e7c9086df5ad5d0cc1e7e997bb24fdc520,sympy__sympy-18698,shared-baseline
assignment-case-v1:0bea4a7128770a292be6f0ecfbb29e2d2b876fb0898c880e8c136447970f19a3,pylint-dev__pylint-8898,pylint-dev/pylint,False,exact_run_id,assignment-case-v1:0bea4a7128770a292be6f0ecfbb29e2d2b876fb0898c880e8c136447970f19a3,pylint-dev__pylint-8898,shared-baseline
assignment-case-v1:0c05ef52aa1d99d4f0ca4662c3cf9f71423eaad8593032412dd24a9f425f6f7b,sympy__sympy-13647,sympy/sympy,True,exact_run_id,assignment-case-v1:0c05ef52aa1d99d4f0ca4662c3cf9f71423eaad8593032412dd24a9f425f6f7b,sympy__sympy-13647,shared-baseline
assignment-case-v1:0c3e0b7731fbea3964807819ffe060b973179b58debbbd77a546584f1edfba49,django__django-13158,django/django,False,exact_run_id,assignment-case-v1:0c3e0b7731fbea3964807819ffe060b973179b58debbbd77a546584f1edfba49,django__django-13158,shared-baseline
assignment-case-v1:0c5365797dd313bfd6677c45f76faac58f6aa0e40b912b96b05240c297501f6b,matplotlib__matplotlib-20676,matplotlib/matplotlib,False,exact_run_id,assignment-case-v1:0c5365797dd313bfd6677c45f76faac58f6aa0e40b912b96b05240c297501f6b,matplotlib__matplotlib-20676,shared-baseline
assignment-case-v1:0cede4eeb275bffb62d306f95f725fb9316ed3b166f8efaf4fd317a34b5f7f48,django__django-12983,django/django,True,exact_run_id,assignment-case-v1:0cede4eeb275bffb62d306f95f725fb9316ed3b166f8efaf4fd317a34b5f7f48,django__django-12983,shared-baseline
assignment-case-v1:0d46eb654654368ddf2cf987d983e73c07dbf3d10d1131b43a2faeaa1546aec8,psf__requests-2148,psf/requests,True,exact_run_id,assignment-case-v1:0d46eb654654368ddf2cf987d983e73c07dbf3d10d1131b43a2faeaa1546aec8,psf__requests-2148,shared-baseline
assignment-case-v1:0edcf5cb9f170b7ebde2be261cb3bf86b006d2fd0b68e53b493d1ba963943026,django__django-14672,django/django,True,exact_run_id,assignment-case-v1:0edcf5cb9f170b7ebde2be261cb3bf86b006d2fd0b68e53b493d1ba963943026,django__django-14672,shared-baseline
assignment-case-v1:0f065410b308260975654054cb8fadc4b0abca375fec91a0827b863658354980,django__django-11551,django/django,True,exact_run_id,assignment-case-v1:0f065410b308260975654054cb8fadc4b0abca375fec91a0827b863658354980,django__django-11551,shared-baseline
assignment-case-v1:0f44a3916facc25d5c41a397686454e46d2cfdc23449811b29f5d8a105f0a321,django__django-15315,django/django,True,exact_run_id,assignment-case-v1:0f44a3916facc25d5c41a397686454e46d2cfdc23449811b29f5d8a105f0a321,django__django-15315,shared-baseline
assignment-case-v1:1016b2f5f94d93df860c6bbafa497206b5c445e35a9e1392bfa3835c460bfd91,django__django-11179,django/django,True,exact_run_id,assignment-case-v1:1016b2f5f94d93df860c6bbafa497206b5c445e35a9e1392bfa3835c460bfd91,django__django-11179,shared-baseline
assignment-case-v1:1090236262429d752cfec359076d6b93809e09d21637790a646aa14e56307a96,sphinx-doc__sphinx-10614,sphinx-doc/sphinx,False,exact_run_id,assignment-case-v1:1090236262429d752cfec359076d6b93809e09d21637790a646aa14e56307a96,sphinx-doc__sphinx-10614,shared-baseline
assignment-case-v1:10c44b5937fb166aac3b4f3c7329a8e546b879a4f25168d6fc19e9cdbeba8271,django__django-11790,django/django,False,exact_run_id,assignment-case-v1:10c44b5937fb166aac3b4f3c7329a8e546b879a4f25168d6fc19e9cdbeba8271,django__django-11790,shared-baseline
assignment-case-v1:1158d16a5ff444e322596a6ba34f7eab479b812bf9fae364da9b37dcefa25eb5,sympy__sympy-15599,sympy/sympy,False,exact_run_id,assignment-case-v1:1158d16a5ff444e322596a6ba34f7eab479b812bf9fae364da9b37dcefa25eb5,sympy__sympy-15599,shared-baseline
assignment-case-v1:11f6b581b04ade389d18037829918c34b50a9dc119bd254dc9107665fa9ef661,sympy__sympy-20801,sympy/sympy,False,exact_run_id,assignment-case-v1:11f6b581b04ade389d18037829918c34b50a9dc119bd254dc9107665fa9ef661,sympy__sympy-20801,shared-baseline
assignment-case-v1:12f45ce138833a52df57df5df160e2df9f15d663d11c4de6acc58c00754449c0,django__django-13315,django/django,False,exact_run_id,assignment-case-v1:12f45ce138833a52df57df5df160e2df9f15d663d11c4de6acc58c00754449c0,django__django-13315,shared-baseline
assignment-case-v1:13283defa996e245d684fe27322ffe18294f66aabc91a78fce036cbdb5c96d23,django__django-15252,django/django,False,exact_run_id,assignment-case-v1:13283defa996e245d684fe27322ffe18294f66aabc91a78fce036cbdb5c96d23,django__django-15252,shared-baseline
assignment-case-v1:13d1ccc9ab2d5ecc54f5ed78148f741c52fe7afd4a4648e909f3d7426ad09db7,astropy__astropy-13453,astropy/astropy,False,exact_run_id,assignment-case-v1:13d1ccc9ab2d5ecc54f5ed78148f741c52fe7afd4a4648e909f3d7426ad09db7,astropy__astropy-13453,shared-baseline
assignment-case-v1:142cac08530619701eebd9e6b0146062b67c8860a48ebedf0c77a53aeef1fedb,django__django-13265,django/django,False,exact_run_id,assignment-case-v1:142cac08530619701eebd9e6b0146062b67c8860a48ebedf0c77a53aeef1fedb,django__django-13265,shared-baseline
assignment-case-v1:14fd65389b798724dfa7d28ee48ca19db7ad1d818d9a494769e3b7a25199c538,django__django-15161,django/django,False,exact_run_id,assignment-case-v1:14fd65389b798724dfa7d28ee48ca19db7ad1d818d9a494769e3b7a25199c538,django__django-15161,shared-baseline
assignment-case-v1:150d1658fdc8ae2cac015ea565953811b8c8f0dcfed7c34dd309662acc8a487d,pylint-dev__pylint-7277,pylint-dev/pylint,True,exact_run_id,assignment-case-v1:150d1658fdc8ae2cac015ea565953811b8c8f0dcfed7c34dd309662acc8a487d,pylint-dev__pylint-7277,shared-baseline
assignment-case-v1:152f1e13a3b947069da23e8c1e2236adb9a82f0425ab669d0dfe43b8e0f2d1f5,django__django-16661,django/django,False,exact_run_id,assignment-case-v1:152f1e13a3b947069da23e8c1e2236adb9a82f0425ab669d0dfe43b8e0f2d1f5,django__django-16661,shared-baseline
assignment-case-v1:15334bfc89a03314b3ebd304df04f6d05d14f1fd7a6b48f4b7d79e81fa44afab,django__django-13757,django/django,False,exact_run_id,assignment-case-v1:15334bfc89a03314b3ebd304df04f6d05d14f1fd7a6b48f4b7d79e81fa44afab,django__django-13757,shared-baseline
assignment-case-v1:15ebf286f4d547e6b3c6197827ecd887d81eabbc3f6a8e8b583a139c8f9b11c3,sympy__sympy-18057,sympy/sympy,False,exact_run_id,assignment-case-v1:15ebf286f4d547e6b3c6197827ecd887d81eabbc3f6a8e8b583a139c8f9b11c3,sympy__sympy-18057,shared-baseline
assignment-case-v1:163326e2370fa3b7576c2c9deed060009d17922afe8e6d25f084b5f27b0260bd,django__django-15368,django/django,True,exact_run_id,assignment-case-v1:163326e2370fa3b7576c2c9deed060009d17922afe8e6d25f084b5f27b0260bd,django__django-15368,shared-baseline
assignment-case-v1:164bc0089deb9287c43c4a4705f118e8b0201a4c0a950759f3df3f1301d664df,astropy__astropy-14539,astropy/astropy,False,exact_run_id,assignment-case-v1:164bc0089deb9287c43c4a4705f118e8b0201a4c0a950759f3df3f1301d664df,astropy__astropy-14539,shared-baseline
assignment-case-v1:16a45eafe4bbd4e428b57b199d32aa2e28d7b6ff12f59931cf4838231b78ff24,django__django-11451,django/django,True,exact_run_id,assignment-case-v1:16a45eafe4bbd4e428b57b199d32aa2e28d7b6ff12f59931cf4838231b78ff24,django__django-11451,shared-baseline
assignment-case-v1:16ce165dc4361e26ff9fafb1f1f54afbe38792d67d420a1ce182d64e1f4fa837,sympy__sympy-14817,sympy/sympy,True,exact_run_id,assignment-case-v1:16ce165dc4361e26ff9fafb1f1f54afbe38792d67d420a1ce182d64e1f4fa837,sympy__sympy-14817,shared-baseline
assignment-case-v1:16f1ebd6befc7630a235b427aabbbb05766f2d500cef05b02a82afedcb47db04,pylint-dev__pylint-6903,pylint-dev/pylint,True,exact_run_id,assignment-case-v1:16f1ebd6befc7630a235b427aabbbb05766f2d500cef05b02a82afedcb47db04,pylint-dev__pylint-6903,shared-baseline
assignment-case-v1:1798502b82224ea304cda58e27f807d8e1dba139dff23bef3e3d5b5416f70456,django__django-14349,django/django,False,exact_run_id,assignment-case-v1:1798502b82224ea304cda58e27f807d8e1dba139dff23bef3e3d5b5416f70456,django__django-14349,shared-baseline
assignment-case-v1:17caa950d302b1a75e830e1b98fd4340432a7447a23caf5a255785bab5423541,django__django-15781,django/django,False,exact_run_id,assignment-case-v1:17caa950d302b1a75e830e1b98fd4340432a7447a23caf5a255785bab5423541,django__django-15781,shared-baseline
assignment-case-v1:17d40e3e61622392a4d701107cf550578a53a447bcd9b05150c87539eff8b146,matplotlib__matplotlib-25311,matplotlib/matplotlib,False,exact_run_id,assignment-case-v1:17d40e3e61622392a4d701107cf550578a53a447bcd9b05150c87539eff8b146,matplotlib__matplotlib-25311,shared-baseline
assignment-case-v1:17e6cc971acecd406a23c9efb228baad37bd4ab10af24bdd57395821624636d6,pydata__xarray-3364,pydata/xarray,False,exact_run_id,assignment-case-v1:17e6cc971acecd406a23c9efb228baad37bd4ab10af24bdd57395821624636d6,pydata__xarray-3364,shared-baseline
assignment-case-v1:18105acd69f6846ac5a27227fa9b5b33cb2e6ddc2eac91590c4238d88ebe3208,django__django-12700,django/django,True,exact_run_id,assignment-case-v1:18105acd69f6846ac5a27227fa9b5b33cb2e6ddc2eac91590c4238d88ebe3208,django__django-12700,shared-baseline
assignment-case-v1:18310e941156a26dc0c031ece89fd988d1d2128e7a3c68c1d03868a32cb78252,astropy__astropy-14182,astropy/astropy,False,exact_run_id,assignment-case-v1:18310e941156a26dc0c031ece89fd988d1d2128e7a3c68c1d03868a32cb78252,astropy__astropy-14182,shared-baseline
assignment-case-v1:183a6eaa194d8fb9068a11be23e432f34923f449e81e160fe95f246460c7c207,django__django-16595,django/django,True,exact_run_id,assignment-case-v1:183a6eaa194d8fb9068a11be23e432f34923f449e81e160fe95f246460c7c207,django__django-16595,shared-baseline
assignment-case-v1:19847bab93df5ef1337c2852c5dfe193f8750c0ca248c38da1c89e1ee74bc01c,sympy__sympy-15346,sympy/sympy,False,exact_run_id,assignment-case-v1:19847bab93df5ef1337c2852c5dfe193f8750c0ca248c38da1c89e1ee74bc01c,sympy__sympy-15346,shared-baseline
assignment-case-v1:1988d9b0b91cf337f08091282119e2856033a4c8c80d9364d4aa1d5cb52dd5e9,astropy__astropy-7336,astropy/astropy,True,exact_run_id,assignment-case-v1:1988d9b0b91cf337f08091282119e2856033a4c8c80d9364d4aa1d5cb52dd5e9,astropy__astropy-7336,shared-baseline
assignment-case-v1:19d279b0bbfb7a0b2c8c9625ee62215ead7c1ce285fddab53afea72495e9e102,matplotlib__matplotlib-25442,matplotlib/matplotlib,True,exact_run_id,assignment-case-v1:19d279b0bbfb7a0b2c8c9625ee62215ead7c1ce285fddab53afea72495e9e102,matplotlib__matplotlib-25442,shared-baseline
assignment-case-v1:19e2c904ef7dc98416d35e6c4d5cb3a104756896961c0ea99069fbbc8770c7e7,sympy__sympy-12454,sympy/sympy,False,exact_run_id,assignment-case-v1:19e2c904ef7dc98416d35e6c4d5cb3a104756896961c0ea99069fbbc8770c7e7,sympy__sympy-12454,shared-baseline
assignment-case-v1:1b3d2fc487fe7217f6e8752f8021a19aa7319f56dd1105079c0121135a245f60,sympy__sympy-13615,sympy/sympy,False,exact_run_id,assignment-case-v1:1b3d2fc487fe7217f6e8752f8021a19aa7319f56dd1105079c0121135a245f60,sympy__sympy-13615,shared-baseline
assignment-case-v1:1b72a394ddb0a6f18b8ad02027dd72fff19b4b21004df2cb4beb304d92175216,django__django-11333,django/django,False,exact_run_id,assignment-case-v1:1b72a394ddb0a6f18b8ad02027dd72fff19b4b21004df2cb4beb304d92175216,django__django-11333,shared-baseline
assignment-case-v1:1b82df1ede39f6db92d7a4074780a92a51d89223067c28091c3ea1d3f22f0127,sympy__sympy-14531,sympy/sympy,True,exact_run_id,assignment-case-v1:1b82df1ede39f6db92d7a4074780a92a51d89223067c28091c3ea1d3f22f0127,sympy__sympy-14531,shared-baseline
assignment-case-v1:1bd056a857cacaad428b4a4cc1c31541e96e10a5979fec1191d578199102241f,django__django-11815,django/django,True,exact_run_id,assignment-case-v1:1bd056a857cacaad428b4a4cc1c31541e96e10a5979fec1191d578199102241f,django__django-11815,shared-baseline
assignment-case-v1:1bd56536f095b7b4d58ae764b803a7039e77254a1be1611f684a4fbaaa9e3817,sphinx-doc__sphinx-9711,sphinx-doc/sphinx,False,exact_run_id,assignment-case-v1:1bd56536f095b7b4d58ae764b803a7039e77254a1be1611f684a4fbaaa9e3817,sphinx-doc__sphinx-9711,shared-baseline
assignment-case-v1:1bd8457f2c9e9caf2844af7e311320cb0133f710ed6ae7e18db444472778387f,django__django-10999,django/django,False,exact_run_id,assignment-case-v1:1bd8457f2c9e9caf2844af7e311320cb0133f710ed6ae7e18db444472778387f,django__django-10999,shared-baseline
assignment-case-v1:1bf55bac7d433ba579eb3318f4c2bf2163e8240925cdbd41d83d03ed510c6fe9,scikit-learn__scikit-learn-13124,scikit-learn/scikit-learn,False,exact_run_id,assignment-case-v1:1bf55bac7d433ba579eb3318f4c2bf2163e8240925cdbd41d83d03ed510c6fe9,scikit-learn__scikit-learn-13124,shared-baseline
assignment-case-v1:1bf98b1e55043f8a665a6a12b88c2c7f6854388c531e5b191aa887a4b249274f,psf__requests-6028,psf/requests,False,exact_run_id,assignment-case-v1:1bf98b1e55043f8a665a6a12b88c2c7f6854388c531e5b191aa887a4b249274f,psf__requests-6028,shared-baseline
assignment-case-v1:1c5e3fc85a6bca3a0f7b39f001b3513d732efc4f30964e1fb2f4c7f6371263e5,django__django-11797,django/django,False,exact_run_id,assignment-case-v1:1c5e3fc85a6bca3a0f7b39f001b3513d732efc4f30964e1fb2f4c7f6371263e5,django__django-11797,shared-baseline
assignment-case-v1:1d2b866c5d05daa35f42bdc585f5ac46d4941663d5b25ac5db54b1668fe5e33e,pytest-dev__pytest-5227,pytest-dev/pytest,True,exact_run_id,assignment-case-v1:1d2b866c5d05daa35f42bdc585f5ac46d4941663d5b25ac5db54b1668fe5e33e,pytest-dev__pytest-5227,shared-baseline
assignment-case-v1:1d83b4e414d6d1d4b31602ea6a513e2e820b159220d5263f2b32fc697ed21695,scikit-learn__scikit-learn-13328,scikit-learn/scikit-learn,True,exact_run_id,assignment-case-v1:1d83b4e414d6d1d4b31602ea6a513e2e820b159220d5263f2b32fc697ed21695,scikit-learn__scikit-learn-13328,shared-baseline
assignment-case-v1:1e2725448eb687e25fcb0ca4a3535f810d08c6736173f92f26f279d1bfd9c912,django__django-11564,django/django,False,exact_run_id,assignment-case-v1:1e2725448eb687e25fcb0ca4a3535f810d08c6736173f92f26f279d1bfd9c912,django__django-11564,shared-baseline
assignment-case-v1:1e57ed8cbe9c079cc393dc000de30cb7d86203b27290a90676913a094f4ef8b7,sympy__sympy-16766,sympy/sympy,True,exact_run_id,assignment-case-v1:1e57ed8cbe9c079cc393dc000de30cb7d86203b27290a90676913a094f4ef8b7,sympy__sympy-16766,shared-baseline
assignment-case-v1:1e704f3dac66227ff332c1e00e345643f6f71903fc8d4abb80b9e05f5fcdf528,sphinx-doc__sphinx-9320,sphinx-doc/sphinx,True,exact_run_id,assignment-case-v1:1e704f3dac66227ff332c1e00e345643f6f71903fc8d4abb80b9e05f5fcdf528,sphinx-doc__sphinx-9320,shared-baseline
assignment-case-v1:1f0b8f40093557e30913de93fc950d10ed482d52f815c44a3c6d5eafcc71baf3,astropy__astropy-7671,astropy/astropy,True,exact_run_id,assignment-case-v1:1f0b8f40093557e30913de93fc950d10ed482d52f815c44a3c6d5eafcc71baf3,astropy__astropy-7671,shared-baseline
assignment-case-v1:1f47c129aa7c6b4761e37d886c0bcfab3e4d5c656af513e1743c1eaa82f8e133,sympy__sympy-19637,sympy/sympy,True,exact_run_id,assignment-case-v1:1f47c129aa7c6b4761e37d886c0bcfab3e4d5c656af513e1743c1eaa82f8e133,sympy__sympy-19637,shared-baseline
assignment-case-v1:1f590e3bf53108fcf6c9936a45fd5c598975fbb638c89fcc1f6ed08547cea96a,matplotlib__matplotlib-23987,matplotlib/matplotlib,False,exact_run_id,assignment-case-v1:1f590e3bf53108fcf6c9936a45fd5c598975fbb638c89fcc1f6ed08547cea96a,matplotlib__matplotlib-23987,shared-baseline
assignment-case-v1:1fd8a40a954e97a6454657b596ef2f0e939e77f254f0042255bd6f147c45b1f0,sphinx-doc__sphinx-7454,sphinx-doc/sphinx,False,exact_run_id,assignment-case-v1:1fd8a40a954e97a6454657b596ef2f0e939e77f254f0042255bd6f147c45b1f0,sphinx-doc__sphinx-7454,shared-baseline
assignment-case-v1:1fe20105c9e6ff40b755c01bf9bbacd123c2653ff085a894eb9a6aede2ba0b80,scikit-learn__scikit-learn-14496,scikit-learn/scikit-learn,True,exact_run_id,assignment-case-v1:1fe20105c9e6ff40b755c01bf9bbacd123c2653ff085a894eb9a6aede2ba0b80,scikit-learn__scikit-learn-14496,shared-baseline
assignment-case-v1:20caa91d66fe2d4aca12449e7a165200d0a392c65c81f0be0358359cf0ae8b09,django__django-12497,django/django,True,exact_run_id,assignment-case-v1:20caa91d66fe2d4aca12449e7a165200d0a392c65c81f0be0358359cf0ae8b09,django__django-12497,shared-baseline
assignment-case-v1:218a0e9f763396fd4bd446fc71d9a849b3f1443f81a1774981d8ed34af32d34f,django__django-11206,django/django,False,exact_run_id,assignment-case-v1:218a0e9f763396fd4bd446fc71d9a849b3f1443f81a1774981d8ed34af32d34f,django__django-11206,shared-baseline
assignment-case-v1:21b9110eb053494e8b2dea7b697857bae88a34184edc8d69330f4092d9b07a81,sympy__sympy-22005,sympy/sympy,False,exact_run_id,assignment-case-v1:21b9110eb053494e8b2dea7b697857bae88a34184edc8d69330f4092d9b07a81,sympy__sympy-22005,shared-baseline
assignment-case-v1:21cc14f22723970739bd2cd0aaffca854e399ed6919f0869b441f9b6bb9c8f64,django__django-15930,django/django,False,exact_run_id,assignment-case-v1:21cc14f22723970739bd2cd0aaffca854e399ed6919f0869b441f9b6bb9c8f64,django__django-15930,shared-baseline
assignment-case-v1:22ae18f2fbe436543d0916eaad9d9ffa13f7804cf829f1f381cb1b665bb998dd,django__django-13449,django/django,False,exact_run_id,assignment-case-v1:22ae18f2fbe436543d0916eaad9d9ffa13f7804cf829f1f381cb1b665bb998dd,django__django-13449,shared-baseline
assignment-case-v1:231a6911087d5778045b5162e469d9d3cf1713a1a3353b516cf7afa3ed8167fc,django__django-16041,django/django,True,exact_run_id,assignment-case-v1:231a6911087d5778045b5162e469d9d3cf1713a1a3353b516cf7afa3ed8167fc,django__django-16041,shared-baseline
assignment-case-v1:2372969c8194ef2010619926722b6e51db6cee21071e65c3d7d033e953077c32,astropy__astropy-13398,astropy/astropy,False,exact_run_id,assignment-case-v1:2372969c8194ef2010619926722b6e51db6cee21071e65c3d7d033e953077c32,astropy__astropy-13398,shared-baseline
assignment-case-v1:2401919891426c6b8e18b5f25c6123c91e544ba8be5dfd2dbc56b02897c7278b,django__django-11734,django/django,False,exact_run_id,assignment-case-v1:2401919891426c6b8e18b5f25c6123c91e544ba8be5dfd2dbc56b02897c7278b,django__django-11734,shared-baseline
assignment-case-v1:2411c20b2b23486f99ec0d1e5033f9e439fa16cf8b95df70fe20e85bef0a2cad,sympy__sympy-23262,sympy/sympy,True,exact_run_id,assignment-case-v1:2411c20b2b23486f99ec0d1e5033f9e439fa16cf8b95df70fe20e85bef0a2cad,sympy__sympy-23262,shared-baseline
assignment-case-v1:2467dc9f403e46a9be65fe89de8ba2f68d726b7f04b690a112352b1466590dc3,scikit-learn__scikit-learn-10908,scikit-learn/scikit-learn,False,exact_run_id,assignment-case-v1:2467dc9f403e46a9be65fe89de8ba2f68d726b7f04b690a112352b1466590dc3,scikit-learn__scikit-learn-10908,shared-baseline
assignment-case-v1:24816b3cb4057a3f0d5665dbcaca992241d90a1d19b47a74ede3e612da938742,matplotlib__matplotlib-25079,matplotlib/matplotlib,False,exact_run_id,assignment-case-v1:24816b3cb4057a3f0d5665dbcaca992241d90a1d19b47a74ede3e612da938742,matplotlib__matplotlib-25079,shared-baseline
assignment-case-v1:25525711011bec866556c928bd6fb0edd76e940ac8edeca1d2380bf0c97583bf,pydata__xarray-6461,pydata/xarray,True,exact_run_id,assignment-case-v1:25525711011bec866556c928bd6fb0edd76e940ac8edeca1d2380bf0c97583bf,pydata__xarray-6461,shared-baseline
assignment-case-v1:26f9e0c2b3178fd2348934969e7aba249ca1e66dc98c0d5eb0142b772da93b94,sympy__sympy-13471,sympy/sympy,True,exact_run_id,assignment-case-v1:26f9e0c2b3178fd2348934969e7aba249ca1e66dc98c0d5eb0142b772da93b94,sympy__sympy-13471,shared-baseline
assignment-case-v1:270cea183bd3384ad7af01c8103dafb2e5aae9980f0d8e5b159dc40db2228ac8,django__django-16820,django/django,False,exact_run_id,assignment-case-v1:270cea183bd3384ad7af01c8103dafb2e5aae9980f0d8e5b159dc40db2228ac8,django__django-16820,shared-baseline
assignment-case-v1:281b8e4c0c9aeb2e2fdfb7be983bb98840acc83334e08c594d6f7ba5ad411633,mwaskom__seaborn-3069,mwaskom/seaborn,False,exact_run_id,assignment-case-v1:281b8e4c0c9aeb2e2fdfb7be983bb98840acc83334e08c594d6f7ba5ad411633,mwaskom__seaborn-3069,shared-baseline
assignment-case-v1:2894190a3149cad310d395451e2227a4d9761b25740463b8f5b5444656d296ee,django__django-15380,django/django,True,exact_run_id,assignment-case-v1:2894190a3149cad310d395451e2227a4d9761b25740463b8f5b5444656d296ee,django__django-15380,shared-baseline
assignment-case-v1:2950f666cb7a139c16501b19eb91794232dd0a922ee3b780c7a17ed25b3f06d9,pydata__xarray-6599,pydata/xarray,False,exact_run_id,assignment-case-v1:2950f666cb7a139c16501b19eb91794232dd0a922ee3b780c7a17ed25b3f06d9,pydata__xarray-6599,shared-baseline
assignment-case-v1:29cc43d8d494401fa58a074f2072714944451c60a4b4369bad44954aa747907f,sympy__sympy-24152,sympy/sympy,True,exact_run_id,assignment-case-v1:29cc43d8d494401fa58a074f2072714944451c60a4b4369bad44954aa747907f,sympy__sympy-24152,shared-baseline
assignment-case-v1:2a2115c55922e05bdf428596a2c83e2b7666a56636533c7c3e5fd21a8e6fddfa,sphinx-doc__sphinx-7975,sphinx-doc/sphinx,False,exact_run_id,assignment-case-v1:2a2115c55922e05bdf428596a2c83e2b7666a56636533c7c3e5fd21a8e6fddfa,sphinx-doc__sphinx-7975,shared-baseline
assignment-case-v1:2b275df3f6ee55a7e545e6b8b5960fbdd7ea3c050adc1f5da9e2e6ecfa57f8b3,scikit-learn__scikit-learn-15100,scikit-learn/scikit-learn,True,exact_run_id,assignment-case-v1:2b275df3f6ee55a7e545e6b8b5960fbdd7ea3c050adc1f5da9e2e6ecfa57f8b3,scikit-learn__scikit-learn-15100,shared-baseline
assignment-case-v1:2b8d9f2c6d10d80ad037ff5b1e76d6afbf7a38f09c467053e8c0c383a4b0441e,matplotlib__matplotlib-26342,matplotlib/matplotlib,False,exact_run_id,assignment-case-v1:2b8d9f2c6d10d80ad037ff5b1e76d6afbf7a38f09c467053e8c0c383a4b0441e,matplotlib__matplotlib-26342,shared-baseline
assignment-case-v1:2bc1826d52a1255e0d6aa0d93ea5386e98d77830dbaffe300a3cd0da9eccb705,sympy__sympy-22714,sympy/sympy,False,exact_run_id,assignment-case-v1:2bc1826d52a1255e0d6aa0d93ea5386e98d77830dbaffe300a3cd0da9eccb705,sympy__sympy-22714,shared-baseline
assignment-case-v1:2c871eee6b0a67302561bb1ecdb3964e78d649b218d06416f445da253acd0db8,matplotlib__matplotlib-25287,matplotlib/matplotlib,True,exact_run_id,assignment-case-v1:2c871eee6b0a67302561bb1ecdb3964e78d649b218d06416f445da253acd0db8,matplotlib__matplotlib-25287,shared-baseline
assignment-case-v1:2d6d52e374d50e5e39277319e8511919d4b15386ab69635a9209255c0c44088a,sphinx-doc__sphinx-7985,sphinx-doc/sphinx,False,exact_run_id,assignment-case-v1:2d6d52e374d50e5e39277319e8511919d4b15386ab69635a9209255c0c44088a,sphinx-doc__sphinx-7985,shared-baseline
assignment-case-v1:2ddd442ef3e5620d073f06b7f0efec3d4f05216977d0bdf29da6e4ff705bbd98,django__django-15851,django/django,True,exact_run_id,assignment-case-v1:2ddd442ef3e5620d073f06b7f0efec3d4f05216977d0bdf29da6e4ff705bbd98,django__django-15851,shared-baseline
assignment-case-v1:2e36256afeb0e251b000f6723c37d3b910bc6e9fd238b0e1a9836922974e40ee,django__django-13794,django/django,False,exact_run_id,assignment-case-v1:2e36256afeb0e251b000f6723c37d3b910bc6e9fd238b0e1a9836922974e40ee,django__django-13794,shared-baseline
assignment-case-v1:2e59c80b6e80d14a37a34a71e84c44eab0c4dd90e6d3f59743320613bb6d2b61,sphinx-doc__sphinx-8035,sphinx-doc/sphinx,True,exact_run_id,assignment-case-v1:2e59c80b6e80d14a37a34a71e84c44eab0c4dd90e6d3f59743320613bb6d2b61,sphinx-doc__sphinx-8035,shared-baseline
assignment-case-v1:2e6a3248337a8ba540f707e6443c6501cc36c71a233915a4d52d9f8e49326ec6,sympy__sympy-18199,sympy/sympy,False,exact_run_id,assignment-case-v1:2e6a3248337a8ba540f707e6443c6501cc36c71a233915a4d52d9f8e49326ec6,sympy__sympy-18199,shared-baseline
assignment-case-v1:2ecb59b52654c1db28b576fb6ed9560e59e6865b545f13c505bb442a42e4634d,pydata__xarray-2905,pydata/xarray,True,exact_run_id,assignment-case-v1:2ecb59b52654c1db28b576fb6ed9560e59e6865b545f13c505bb442a42e4634d,pydata__xarray-2905,shared-baseline
assignment-case-v1:2f0f57afafb64f250bd8ac18e80c19491d193fa6195299ca5121903de7daa0b4,matplotlib__matplotlib-26291,matplotlib/matplotlib,False,exact_run_id,assignment-case-v1:2f0f57afafb64f250bd8ac18e80c19491d193fa6195299ca5121903de7daa0b4,matplotlib__matplotlib-26291,shared-baseline
assignment-case-v1:2f43a31584da47ec75675b3829ba3ddad44e547ccf1b4fbaa6f390ba7a22edad,django__django-16485,django/django,True,exact_run_id,assignment-case-v1:2f43a31584da47ec75675b3829ba3ddad44e547ccf1b4fbaa6f390ba7a22edad,django__django-16485,shared-baseline
assignment-case-v1:3088f46d42ba9bbc888e6e31d53bb2a893adaa7f9b728b49079197fdf9177a59,sympy__sympy-14024,sympy/sympy,False,exact_run_id,assignment-case-v1:3088f46d42ba9bbc888e6e31d53bb2a893adaa7f9b728b49079197fdf9177a59,sympy__sympy-14024,shared-baseline
assignment-case-v1:30e8fa631c3cb9d7b95636edaa1bbd028533c63f1f74d7b2f62508cbf5f22ef5,django__django-13741,django/django,True,exact_run_id,assignment-case-v1:30e8fa631c3cb9d7b95636edaa1bbd028533c63f1f74d7b2f62508cbf5f22ef5,django__django-13741,shared-baseline
assignment-case-v1:30ea826b7e4e384d18c54c6a5bca18b15b9030ae78926033d8840a8c07218346,astropy__astropy-13033,astropy/astropy,False,exact_run_id,assignment-case-v1:30ea826b7e4e384d18c54c6a5bca18b15b9030ae78926033d8840a8c07218346,astropy__astropy-13033,shared-baseline
assignment-case-v1:317abfaa934ac7d6b14829b2e095fb64a3c6af32fc70e6e7fcbdf427f1ea4fcd,django__django-11133,django/django,True,exact_run_id,assignment-case-v1:317abfaa934ac7d6b14829b2e095fb64a3c6af32fc70e6e7fcbdf427f1ea4fcd,django__django-11133,shared-baseline
assignment-case-v1:31d35f0150d9a567a479771105e030471485a1f467b99d5ac32e78a42b3d3aec,django__django-14373,django/django,True,exact_run_id,assignment-case-v1:31d35f0150d9a567a479771105e030471485a1f467b99d5ac32e78a42b3d3aec,django__django-14373,shared-baseline
assignment-case-v1:322a405574b351f597159d575b4fded09534b21c6c29eeadbd37f4123103edd5,pydata__xarray-3095,pydata/xarray,False,exact_run_id,assignment-case-v1:322a405574b351f597159d575b4fded09534b21c6c29eeadbd37f4123103edd5,pydata__xarray-3095,shared-baseline
assignment-case-v1:3262c265c1ae3987ef526894b9518806e47912c6e8263d0badf6a3db3a8c75d0,django__django-13670,django/django,True,exact_run_id,assignment-case-v1:3262c265c1ae3987ef526894b9518806e47912c6e8263d0badf6a3db3a8c75d0,django__django-13670,shared-baseline
assignment-case-v1:331ea9a8fd205b7c10a4acb4293f6a3d1cfa96fa093b5f91ee83b77ef1b91bca,sympy__sympy-14774,sympy/sympy,True,exact_run_id,assignment-case-v1:331ea9a8fd205b7c10a4acb4293f6a3d1cfa96fa093b5f91ee83b77ef1b91bca,sympy__sympy-14774,shared-baseline
assignment-case-v1:3326271f2aa05bb007d8018244393df955cadb165dc3088833892c3382e0cdb9,sympy__sympy-16503,sympy/sympy,False,exact_run_id,assignment-case-v1:3326271f2aa05bb007d8018244393df955cadb165dc3088833892c3382e0cdb9,sympy__sympy-16503,shared-baseline
assignment-case-v1:33a73ff0444206ba16e57e3383cf384e9ff1fca047fda91817a39ef5e73320c6,django__django-13033,django/django,False,exact_run_id,assignment-case-v1:33a73ff0444206ba16e57e3383cf384e9ff1fca047fda91817a39ef5e73320c6,django__django-13033,shared-baseline
assignment-case-v1:33d371a5d1ab02146b95fcc4d7bc4f4c8177fcd26bf4a5f844f19478afd9f276,pallets__flask-4992,pallets/flask,False,exact_run_id,assignment-case-v1:33d371a5d1ab02146b95fcc4d7bc4f4c8177fcd26bf4a5f844f19478afd9f276,pallets__flask-4992,shared-baseline
assignment-case-v1:3426890a15c829149bd47c08f960adb6693c1f00b4200deafb3e8334bb7fc7ee,astropy__astropy-14309,astropy/astropy,True,exact_run_id,assignment-case-v1:3426890a15c829149bd47c08f960adb6693c1f00b4200deafb3e8334bb7fc7ee,astropy__astropy-14309,shared-baseline
assignment-case-v1:344742f5344c6aa240153500a68c24a4f444aa1a86b5931d211a00bb69bbc49b,scikit-learn__scikit-learn-25570,scikit-learn/scikit-learn,False,exact_run_id,assignment-case-v1:344742f5344c6aa240153500a68c24a4f444aa1a86b5931d211a00bb69bbc49b,scikit-learn__scikit-learn-25570,shared-baseline
assignment-case-v1:3476f64f7bb302eb90cf200409cea095f15809b505cb5ed92a2a71f6d4af99e6,django__django-15382,django/django,False,exact_run_id,assignment-case-v1:3476f64f7bb302eb90cf200409cea095f15809b505cb5ed92a2a71f6d4af99e6,django__django-15382,shared-baseline
assignment-case-v1:34df16ce0905e2471bfe3a41e4c26ebbc02be5ad9448da346bdafcbd18d0322e,django__django-13343,django/django,False,exact_run_id,assignment-case-v1:34df16ce0905e2471bfe3a41e4c26ebbc02be5ad9448da346bdafcbd18d0322e,django__django-13343,shared-baseline
assignment-case-v1:350ba631bcd91d0d9f2825ba7e70ae7138e0732964d0d03ac8bb13fe5c7e377d,django__django-13516,django/django,True,exact_run_id,assignment-case-v1:350ba631bcd91d0d9f2825ba7e70ae7138e0732964d0d03ac8bb13fe5c7e377d,django__django-13516,shared-baseline
assignment-case-v1:355a6cac4bbdfcf61b32239c79b35bffb1f9213030c91b52b11d8102ea53ee5a,pytest-dev__pytest-5103,pytest-dev/pytest,False,exact_run_id,assignment-case-v1:355a6cac4bbdfcf61b32239c79b35bffb1f9213030c91b52b11d8102ea53ee5a,pytest-dev__pytest-5103,shared-baseline
assignment-case-v1:367670b7e7c1e795fdd7c2bf813d8dfa1562aa658e4c9130b18ee3ddc681ac3d,django__django-15731,django/django,True,exact_run_id,assignment-case-v1:367670b7e7c1e795fdd7c2bf813d8dfa1562aa658e4c9130b18ee3ddc681ac3d,django__django-15731,shared-baseline
assignment-case-v1:37b4a5163a9274bcf9ba9bf434094befc5b31be046be3e066d720b49e8374c2b,sphinx-doc__sphinx-7462,sphinx-doc/sphinx,False,exact_run_id,assignment-case-v1:37b4a5163a9274bcf9ba9bf434094befc5b31be046be3e066d720b49e8374c2b,sphinx-doc__sphinx-7462,shared-baseline
assignment-case-v1:37db7d744c10810854d116b112aecb47f9a1585c9f7f467a843075a9443a3a1a,sphinx-doc__sphinx-9602,sphinx-doc/sphinx,False,exact_run_id,assignment-case-v1:37db7d744c10810854d116b112aecb47f9a1585c9f7f467a843075a9443a3a1a,sphinx-doc__sphinx-9602,shared-baseline
assignment-case-v1:382f671003fe29de8bc4cdbd1c6288fc2fc849192222dce1996e9d38f0ecfa37,pytest-dev__pytest-7205,pytest-dev/pytest,True,exact_run_id,assignment-case-v1:382f671003fe29de8bc4cdbd1c6288fc2fc849192222dce1996e9d38f0ecfa37,pytest-dev__pytest-7205,shared-baseline
assignment-case-v1:3916be77a777185f34d8a16866ff7b79a0ac221d3c15e63f74831dfcca6e7f59,django__django-16255,django/django,True,exact_run_id,assignment-case-v1:3916be77a777185f34d8a16866ff7b79a0ac221d3c15e63f74831dfcca6e7f59,django__django-16255,shared-baseline
assignment-case-v1:3980fdd708f3897f5befa98467ac8d19dbfd0a7b9c6e8ff1396c2faeed5d8416,sympy__sympy-18211,sympy/sympy,False,exact_run_id,assignment-case-v1:3980fdd708f3897f5befa98467ac8d19dbfd0a7b9c6e8ff1396c2faeed5d8416,sympy__sympy-18211,shared-baseline
assignment-case-v1:399be48cfa2f15301c6d2e0908305971a3717d87981c8d37938af99958dd17e1,sympy__sympy-13895,sympy/sympy,False,exact_run_id,assignment-case-v1:399be48cfa2f15301c6d2e0908305971a3717d87981c8d37938af99958dd17e1,sympy__sympy-13895,shared-baseline
assignment-case-v1:3a1b480e3a1e566f1fabe56ae4a07354aa7a668e858b32250027e34ffd95730f,sympy__sympy-13877,sympy/sympy,False,exact_run_id,assignment-case-v1:3a1b480e3a1e566f1fabe56ae4a07354aa7a668e858b32250027e34ffd95730f,sympy__sympy-13877,shared-baseline
assignment-case-v1:3aa1d651668853e2cd6c18003ce50c7f465491ff9ba00855a3367924a6f0f6f9,django__django-17087,django/django,True,exact_run_id,assignment-case-v1:3aa1d651668853e2cd6c18003ce50c7f465491ff9ba00855a3367924a6f0f6f9,django__django-17087,shared-baseline
assignment-case-v1:3adc9a7af37426ccea9368b7478fb98c83fc0f1f59be6384f9ef7905164dadea,matplotlib__matplotlib-25960,matplotlib/matplotlib,False,exact_run_id,assignment-case-v1:3adc9a7af37426ccea9368b7478fb98c83fc0f1f59be6384f9ef7905164dadea,matplotlib__matplotlib-25960,shared-baseline
assignment-case-v1:3b138fa30c75f30bcec3e41faa995c93e09b363aa3f5bd6874e841d8116e5860,django__django-11066,django/django,True,exact_run_id,assignment-case-v1:3b138fa30c75f30bcec3e41faa995c93e09b363aa3f5bd6874e841d8116e5860,django__django-11066,shared-baseline
assignment-case-v1:3b69c0d23a13bbf3c7b4d488dffbfd823024f3cea6f294ab8e6b022c27728cd8,scikit-learn__scikit-learn-12585,scikit-learn/scikit-learn,True,exact_run_id,assignment-case-v1:3b69c0d23a13bbf3c7b4d488dffbfd823024f3cea6f294ab8e6b022c27728cd8,scikit-learn__scikit-learn-12585,shared-baseline
assignment-case-v1:3bca505877993d6eb7d8f7859690a37bc588c2095046e5b3b5c21740385866bf,django__django-13568,django/django,False,exact_run_id,assignment-case-v1:3bca505877993d6eb7d8f7859690a37bc588c2095046e5b3b5c21740385866bf,django__django-13568,shared-baseline
assignment-case-v1:3cd63cf010b78d93e18883031e3b0de39b27a76e429df7846c14433abe5fe101,sphinx-doc__sphinx-11445,sphinx-doc/sphinx,True,exact_run_id,assignment-case-v1:3cd63cf010b78d93e18883031e3b0de39b27a76e429df7846c14433abe5fe101,sphinx-doc__sphinx-11445,shared-baseline
assignment-case-v1:3e148cb3ce71d9ea5122d3bab11f5b978239194b81cfb99ea363281ef50601ab,pytest-dev__pytest-5413,pytest-dev/pytest,False,exact_run_id,assignment-case-v1:3e148cb3ce71d9ea5122d3bab11f5b978239194b81cfb99ea363281ef50601ab,pytest-dev__pytest-5413,shared-baseline
assignment-case-v1:3e1ee1be1ece436cab2c17d409c312345401c709d4c20003c4a7faefd5fbe2b8,sphinx-doc__sphinx-8621,sphinx-doc/sphinx,False,exact_run_id,assignment-case-v1:3e1ee1be1ece436cab2c17d409c312345401c709d4c20003c4a7faefd5fbe2b8,sphinx-doc__sphinx-8621,shared-baseline
assignment-case-v1:3e75c1e1ea99d5001474afd9b0752fa8d3c5a79b9879de16c8d8340469d6a7b1,matplotlib__matplotlib-24870,matplotlib/matplotlib,False,exact_run_id,assignment-case-v1:3e75c1e1ea99d5001474afd9b0752fa8d3c5a79b9879de16c8d8340469d6a7b1,matplotlib__matplotlib-24870,shared-baseline
assignment-case-v1:3e7acb7eed45c576210d95e7a2cd118708910ef3546a7993501f379c26acda84,pydata__xarray-4687,pydata/xarray,False,exact_run_id,assignment-case-v1:3e7acb7eed45c576210d95e7a2cd118708910ef3546a7993501f379c26acda84,pydata__xarray-4687,shared-baseline
assignment-case-v1:3e7fbf7f0d875c365a86114e17db035aa9707ee809b41e25075d2c9e7d6def77,django__django-15127,django/django,False,exact_run_id,assignment-case-v1:3e7fbf7f0d875c365a86114e17db035aa9707ee809b41e25075d2c9e7d6def77,django__django-15127,shared-baseline
assignment-case-v1:3ef3cf6cce45836f3724f6fff9fd9dce494163ae145a8bc24aab52d62719b9d2,django__django-15563,django/django,False,exact_run_id,assignment-case-v1:3ef3cf6cce45836f3724f6fff9fd9dce494163ae145a8bc24aab52d62719b9d2,django__django-15563,shared-baseline
assignment-case-v1:3f247c9a5ac442a0f0f435c3a4fe2ec4f637ebba612f1bedf0fccf7fab990982,pylint-dev__pylint-7993,pylint-dev/pylint,True,exact_run_id,assignment-case-v1:3f247c9a5ac442a0f0f435c3a4fe2ec4f637ebba612f1bedf0fccf7fab990982,pylint-dev__pylint-7993,shared-baseline
assignment-case-v1:3f2c1eb55084228765afa92ec4331fd867e4c81c9e9867f8629aa83f027c4d32,sphinx-doc__sphinx-9230,sphinx-doc/sphinx,False,exact_run_id,assignment-case-v1:3f2c1eb55084228765afa92ec4331fd867e4c81c9e9867f8629aa83f027c4d32,sphinx-doc__sphinx-9230,shared-baseline
assignment-case-v1:3faafd664de28fe014a80f6708917a3f0a2fa90b01cf60e01f96466deee81be5,scikit-learn__scikit-learn-10297,scikit-learn/scikit-learn,True,exact_run_id,assignment-case-v1:3faafd664de28fe014a80f6708917a3f0a2fa90b01cf60e01f96466deee81be5,scikit-learn__scikit-learn-10297,shared-baseline
assignment-case-v1:3fd58dc5ec658c8110b31f66ca6ed373ab77e90d070e4195f9b01f70a722a1ab,django__django-16229,django/django,False,exact_run_id,assignment-case-v1:3fd58dc5ec658c8110b31f66ca6ed373ab77e90d070e4195f9b01f70a722a1ab,django__django-16229,shared-baseline
assignment-case-v1:4001e3fe419593f1645938232c1e342a98b1192375b479b8541546d9bef597e5,pydata__xarray-4248,pydata/xarray,False,exact_run_id,assignment-case-v1:4001e3fe419593f1645938232c1e342a98b1192375b479b8541546d9bef597e5,pydata__xarray-4248,shared-baseline
assignment-case-v1:40088aaee02f085091c494f33195a03759510b3b341ae4be97f04b383894a192,sympy__sympy-22914,sympy/sympy,True,exact_run_id,assignment-case-v1:40088aaee02f085091c494f33195a03759510b3b341ae4be97f04b383894a192,sympy__sympy-22914,shared-baseline
assignment-case-v1:404ca64e4e8b4ebcd9019da3221d075a906979c67fe8aea501564330f6bc4d29,django__django-15973,django/django,False,exact_run_id,assignment-case-v1:404ca64e4e8b4ebcd9019da3221d075a906979c67fe8aea501564330f6bc4d29,django__django-15973,shared-baseline
assignment-case-v1:4061d59680e830f46689a4d4c8b9383ab162ddb04a932550edfcd248f454ca2f,pydata__xarray-6992,pydata/xarray,False,exact_run_id,assignment-case-v1:4061d59680e830f46689a4d4c8b9383ab162ddb04a932550edfcd248f454ca2f,pydata__xarray-6992,shared-baseline
assignment-case-v1:40a779b487f435ba2ad56ec566a433f3bc0a56600539293c4cbf8887faf49bbb,sympy__sympy-23262,sympy/sympy,True,exact_run_id,assignment-case-v1:40a779b487f435ba2ad56ec566a433f3bc0a56600539293c4cbf8887faf49bbb,sympy__sympy-23262,shared-baseline
assignment-case-v1:40f9f240c6f348eca50c95fb156df4c88d4ace27cefe7ff9cbfca2977b73a835,pytest-dev__pytest-5495,pytest-dev/pytest,False,exact_run_id,assignment-case-v1:40f9f240c6f348eca50c95fb156df4c88d4ace27cefe7ff9cbfca2977b73a835,pytest-dev__pytest-5495,shared-baseline
assignment-case-v1:414b72f26dfb6ba2bce344d0e84a3ce012d3b9fae9366e139bdbff211d4fe2fb,sympy__sympy-23191,sympy/sympy,False,exact_run_id,assignment-case-v1:414b72f26dfb6ba2bce344d0e84a3ce012d3b9fae9366e139bdbff211d4fe2fb,sympy__sympy-23191,shared-baseline
assignment-case-v1:41d11dfb4e095fa6bb478768c45682cb0e0a0444dcbe1c660fe875a7b769d580,matplotlib__matplotlib-24334,matplotlib/matplotlib,False,exact_run_id,assignment-case-v1:41d11dfb4e095fa6bb478768c45682cb0e0a0444dcbe1c660fe875a7b769d580,matplotlib__matplotlib-24334,shared-baseline
assignment-case-v1:421ae8d48f07be0c1c5cb7ce4e12325a3ea6dcb1fffb861abbfc970839477633,sympy__sympy-21612,sympy/sympy,False,exact_run_id,assignment-case-v1:421ae8d48f07be0c1c5cb7ce4e12325a3ea6dcb1fffb861abbfc970839477633,sympy__sympy-21612,shared-baseline
assignment-case-v1:4260dc8f5a80c7377bc07826a05cbb5fcacc0ada191dc147de9653da82c521d3,sympy__sympy-12489,sympy/sympy,False,exact_run_id,assignment-case-v1:4260dc8f5a80c7377bc07826a05cbb5fcacc0ada191dc147de9653da82c521d3,sympy__sympy-12489,shared-baseline
assignment-case-v1:42c494bd24d801fbb6789c138a0f8583b9611702473c7206166578c9cc470e73,matplotlib__matplotlib-24177,matplotlib/matplotlib,False,exact_run_id,assignment-case-v1:42c494bd24d801fbb6789c138a0f8583b9611702473c7206166578c9cc470e73,matplotlib__matplotlib-24177,shared-baseline
assignment-case-v1:42c9535adc263444e4afb0d12cd4a04d05bba852c3894b1d9cd54ee0628d63fd,sympy__sympy-24066,sympy/sympy,True,exact_run_id,assignment-case-v1:42c9535adc263444e4afb0d12cd4a04d05bba852c3894b1d9cd54ee0628d63fd,sympy__sympy-24066,shared-baseline
assignment-case-v1:433920efe5ab1b4faf1773f64a5e5389c705f0330d55a9ebef0ae7d0679ced22,django__django-11239,django/django,False,exact_run_id,assignment-case-v1:433920efe5ab1b4faf1773f64a5e5389c705f0330d55a9ebef0ae7d0679ced22,django__django-11239,shared-baseline
assignment-case-v1:438747af686f2a9ca93d75b04c2c9ad5ad87c212973fe42552f712f391f49e07,django__django-13410,django/django,True,exact_run_id,assignment-case-v1:438747af686f2a9ca93d75b04c2c9ad5ad87c212973fe42552f712f391f49e07,django__django-13410,shared-baseline
assignment-case-v1:446fd632424ba366d80f2c4d59cd61686e8fa57c762effb355c8545a066754fa,django__django-13925,django/django,False,exact_run_id,assignment-case-v1:446fd632424ba366d80f2c4d59cd61686e8fa57c762effb355c8545a066754fa,django__django-13925,shared-baseline
assignment-case-v1:447ea884f71df4b321b690551d426a98bd64dfa3419bfdefc5ed6993f5ee3067,pydata__xarray-7233,pydata/xarray,True,exact_run_id,assignment-case-v1:447ea884f71df4b321b690551d426a98bd64dfa3419bfdefc5ed6993f5ee3067,pydata__xarray-7233,shared-baseline
assignment-case-v1:4525ad0ad258791bcf8de3b0a8a501327d14554f938fc64778b6ceb1334083ba,django__django-12419,django/django,True,exact_run_id,assignment-case-v1:4525ad0ad258791bcf8de3b0a8a501327d14554f938fc64778b6ceb1334083ba,django__django-12419,shared-baseline
assignment-case-v1:45432e7550e7296d94a38aa5567a4d45eb3699f28dd81bf8dbe36b3068b402e1,sympy__sympy-14976,sympy/sympy,False,exact_run_id,assignment-case-v1:45432e7550e7296d94a38aa5567a4d45eb3699f28dd81bf8dbe36b3068b402e1,sympy__sympy-14976,shared-baseline
assignment-case-v1:454648abe973bab25b771f1e52bf5ba06b0452d0c339ba937ba23dfd56ace999,sympy__sympy-17655,sympy/sympy,False,exact_run_id,assignment-case-v1:454648abe973bab25b771f1e52bf5ba06b0452d0c339ba937ba23dfd56ace999,sympy__sympy-17655,shared-baseline
assignment-case-v1:457ccc6de9ad79bb8012dd029a2e32d595fe4ec1c3f59914ec326c5427da882d,django__django-11630,django/django,False,exact_run_id,assignment-case-v1:457ccc6de9ad79bb8012dd029a2e32d595fe4ec1c3f59914ec326c5427da882d,django__django-11630,shared-baseline
assignment-case-v1:45c793dcc7936ca69668559a83a70b21692058cba15c7df1c5f9d55fcd2856dd,django__django-16046,django/django,True,exact_run_id,assignment-case-v1:45c793dcc7936ca69668559a83a70b21692058cba15c7df1c5f9d55fcd2856dd,django__django-16046,shared-baseline
assignment-case-v1:45d10ac0bc82f763a8ce308170eb2ff2041f2b35d300f738d7236543a9e8e3ed,sympy__sympy-16597,sympy/sympy,False,exact_run_id,assignment-case-v1:45d10ac0bc82f763a8ce308170eb2ff2041f2b35d300f738d7236543a9e8e3ed,sympy__sympy-16597,shared-baseline
assignment-case-v1:465a32a27e23c8faa4ac97544eb53cac761e79b9faeb1852d923a5dd26614d2e,django__django-9296,django/django,True,exact_run_id,assignment-case-v1:465a32a27e23c8faa4ac97544eb53cac761e79b9faeb1852d923a5dd26614d2e,django__django-9296,shared-baseline
assignment-case-v1:465d3558f27172c75f16926d3422e415389cbf9a0ddd94d3976dd7996649a7b9,django__django-14140,django/django,False,exact_run_id,assignment-case-v1:465d3558f27172c75f16926d3422e415389cbf9a0ddd94d3976dd7996649a7b9,django__django-14140,shared-baseline
assignment-case-v1:465de504dee955da0c29ba88b351b0545da6b3472cb344232aaf75c775d058f3,matplotlib__matplotlib-23562,matplotlib/matplotlib,True,exact_run_id,assignment-case-v1:465de504dee955da0c29ba88b351b0545da6b3472cb344232aaf75c775d058f3,matplotlib__matplotlib-23562,shared-baseline
assignment-case-v1:46751ed0ddab05869f8e3ac2411b820dc8fcd08daa1314a2f0cc9d364cbff609,sympy__sympy-13177,sympy/sympy,False,exact_run_id,assignment-case-v1:46751ed0ddab05869f8e3ac2411b820dc8fcd08daa1314a2f0cc9d364cbff609,sympy__sympy-13177,shared-baseline
assignment-case-v1:47ce193e42b3793658c4461bfeb9dad0b89aeee09405fc21ef8ec2c580d00a81,sphinx-doc__sphinx-9461,sphinx-doc/sphinx,False,exact_run_id,assignment-case-v1:47ce193e42b3793658c4461bfeb9dad0b89aeee09405fc21ef8ec2c580d00a81,sphinx-doc__sphinx-9461,shared-baseline
assignment-case-v1:4826bccaf2d7ff7089c5ab655b5e0a6a2e0ec0c3d6e82d4c769cb778fc2039a4,django__django-11001,django/django,True,exact_run_id,assignment-case-v1:4826bccaf2d7ff7089c5ab655b5e0a6a2e0ec0c3d6e82d4c769cb778fc2039a4,django__django-11001,shared-baseline
assignment-case-v1:486cf8ad6adda774d315acdd1dc0c80f54cf60c1ef903ecb371971e4abdefa0c,django__django-11138,django/django,False,exact_run_id,assignment-case-v1:486cf8ad6adda774d315acdd1dc0c80f54cf60c1ef903ecb371971e4abdefa0c,django__django-11138,shared-baseline
assignment-case-v1:48cc94a9e8db1a52f1bb06e522d267491fb34bdbaa7775e2e86036388421d043,sympy__sympy-16792,sympy/sympy,False,exact_run_id,assignment-case-v1:48cc94a9e8db1a52f1bb06e522d267491fb34bdbaa7775e2e86036388421d043,sympy__sympy-16792,shared-baseline
assignment-case-v1:4971f980bc7bd0df4cc4fbd1551e7e5cb1628c3e13b9094c4f41c38487a677be,sympy__sympy-23413,sympy/sympy,False,exact_run_id,assignment-case-v1:4971f980bc7bd0df4cc4fbd1551e7e5cb1628c3e13b9094c4f41c38487a677be,sympy__sympy-23413,shared-baseline
assignment-case-v1:49be8faf079d7bc759d012c238ec63d60d156f2b71c863da4ec2c5b7f710be35,sympy__sympy-22456,sympy/sympy,True,exact_run_id,assignment-case-v1:49be8faf079d7bc759d012c238ec63d60d156f2b71c863da4ec2c5b7f710be35,sympy__sympy-22456,shared-baseline
assignment-case-v1:49d2aa1e13dbff4c7158583825aad0749505c80a0701f39c321bed82680d7f68,django__django-13820,django/django,False,exact_run_id,assignment-case-v1:49d2aa1e13dbff4c7158583825aad0749505c80a0701f39c321bed82680d7f68,django__django-13820,shared-baseline
assignment-case-v1:49eaed15e36d369ba42d5b2da39b2c152a537d7ae6aba1e258ab81201269559a,pylint-dev__pylint-4551,pylint-dev/pylint,False,exact_run_id,assignment-case-v1:49eaed15e36d369ba42d5b2da39b2c152a537d7ae6aba1e258ab81201269559a,pylint-dev__pylint-4551,shared-baseline
assignment-case-v1:4a8f1cec1a4c6cb15ce029139ce15ad838b7e78c35299a5fb752e4e48822a3f3,pytest-dev__pytest-8906,pytest-dev/pytest,False,exact_run_id,assignment-case-v1:4a8f1cec1a4c6cb15ce029139ce15ad838b7e78c35299a5fb752e4e48822a3f3,pytest-dev__pytest-8906,shared-baseline
assignment-case-v1:4b083fba8cd9dd3f75b3d0fbbfdacee8cf2da940d37577f71a024ed81a5e660f,mwaskom__seaborn-3010,mwaskom/seaborn,True,exact_run_id,assignment-case-v1:4b083fba8cd9dd3f75b3d0fbbfdacee8cf2da940d37577f71a024ed81a5e660f,mwaskom__seaborn-3010,shared-baseline
assignment-case-v1:4be32827950e9a1ce44a8ddb6e8bd025bcbf7b79e063308250c413d4ffc1f0d6,sympy__sympy-11618,sympy/sympy,True,exact_run_id,assignment-case-v1:4be32827950e9a1ce44a8ddb6e8bd025bcbf7b79e063308250c413d4ffc1f0d6,sympy__sympy-11618,shared-baseline
assignment-case-v1:4c1c271d383aed660d70edc39064654b95603ce6c4a7b371503cb69561695dd5,django__django-17051,django/django,False,exact_run_id,assignment-case-v1:4c1c271d383aed660d70edc39064654b95603ce6c4a7b371503cb69561695dd5,django__django-17051,shared-baseline
assignment-case-v1:4c2f7906f985ff690e4fc13336ef2d9c6637822b3cf68dcbfa59d68265ff7b15,django__django-15561,django/django,True,exact_run_id,assignment-case-v1:4c2f7906f985ff690e4fc13336ef2d9c6637822b3cf68dcbfa59d68265ff7b15,django__django-15561,shared-baseline
assignment-case-v1:4c4f725a7173e7d5b8c18e6d1c201bd7e44258e199970abbe37b86ecc25c8b2a,django__django-14787,django/django,True,exact_run_id,assignment-case-v1:4c4f725a7173e7d5b8c18e6d1c201bd7e44258e199970abbe37b86ecc25c8b2a,django__django-14787,shared-baseline
assignment-case-v1:4c5b679678a8c7b0e8034272edce3ff2fe0d35026c44de6b1a9d27bf6e2d2c23,sympy__sympy-20322,sympy/sympy,False,exact_run_id,assignment-case-v1:4c5b679678a8c7b0e8034272edce3ff2fe0d35026c44de6b1a9d27bf6e2d2c23,sympy__sympy-20322,shared-baseline
assignment-case-v1:4d47c7bf73d2f97cdf0de934aea1af1e275452222fb34372c146d68403c4a8c1,django__django-12308,django/django,False,exact_run_id,assignment-case-v1:4d47c7bf73d2f97cdf0de934aea1af1e275452222fb34372c146d68403c4a8c1,django__django-12308,shared-baseline
assignment-case-v1:4d7b41ed9ad46bbec64178e4103e68c6fedc245a75996c400808c5d9098f2e99,django__django-11964,django/django,False,exact_run_id,assignment-case-v1:4d7b41ed9ad46bbec64178e4103e68c6fedc245a75996c400808c5d9098f2e99,django__django-11964,shared-baseline
assignment-case-v1:4e42151cf3975c50edaba183aacedbb6d2b662252cc350ded7f531e42c6be978,django__django-15499,django/django,True,exact_run_id,assignment-case-v1:4e42151cf3975c50edaba183aacedbb6d2b662252cc350ded7f531e42c6be978,django__django-15499,shared-baseline
assignment-case-v1:4e562275a3f29039875cff4c13d92969eb90a6e6a81bdebf727513454f1e261d,django__django-13569,django/django,True,exact_run_id,assignment-case-v1:4e562275a3f29039875cff4c13d92969eb90a6e6a81bdebf727513454f1e261d,django__django-13569,shared-baseline
assignment-case-v1:4ea024011360708a8804b0e02bc6a378270bd23885acc0985d9e7124d3958f22,pylint-dev__pylint-4661,pylint-dev/pylint,False,exact_run_id,assignment-case-v1:4ea024011360708a8804b0e02bc6a378270bd23885acc0985d9e7124d3958f22,pylint-dev__pylint-4661,shared-baseline
assignment-case-v1:4efefb0ab50dd274ea71b10d87d7eedb3fbf7ddf68a18bb6ee3d300ad9e30864,django__django-14404,django/django,False,exact_run_id,assignment-case-v1:4efefb0ab50dd274ea71b10d87d7eedb3fbf7ddf68a18bb6ee3d300ad9e30864,django__django-14404,shared-baseline
assignment-case-v1:4f3f9a7772c58155821b55639548c2fa2d98afae67267ee232d3ce43a4f16ff0,pydata__xarray-3993,pydata/xarray,False,exact_run_id,assignment-case-v1:4f3f9a7772c58155821b55639548c2fa2d98afae67267ee232d3ce43a4f16ff0,pydata__xarray-3993,shared-baseline
assignment-case-v1:4f609114f328147e1b5073f344f94fca0716e2434806cbc74795f71a6b53489f,django__django-15400,django/django,True,exact_run_id,assignment-case-v1:4f609114f328147e1b5073f344f94fca0716e2434806cbc74795f71a6b53489f,django__django-15400,shared-baseline
assignment-case-v1:50036fd6c57ba1bf15153dc169762bba7ef2ff1970cb22f4d98506ed020e851e,django__django-13315,django/django,False,exact_run_id,assignment-case-v1:50036fd6c57ba1bf15153dc169762bba7ef2ff1970cb22f4d98506ed020e851e,django__django-13315,shared-baseline
assignment-case-v1:50c45f2de277876caae5287115a5c812d4abde60154e824ed13ee67e000b7550,django__django-14311,django/django,False,exact_run_id,assignment-case-v1:50c45f2de277876caae5287115a5c812d4abde60154e824ed13ee67e000b7550,django__django-14311,shared-baseline
assignment-case-v1:50d30918f569736120aee4f860cc173ae91113ff545ba5e89fec85c200ac8a35,sympy__sympy-17139,sympy/sympy,False,exact_run_id,assignment-case-v1:50d30918f569736120aee4f860cc173ae91113ff545ba5e89fec85c200ac8a35,sympy__sympy-17139,shared-baseline
assignment-case-v1:50d56f01076a72705aab6273a5a0c0756fa6d5f36b02e6a436fefcef15e8bac7,psf__requests-2931,psf/requests,False,exact_run_id,assignment-case-v1:50d56f01076a72705aab6273a5a0c0756fa6d5f36b02e6a436fefcef15e8bac7,psf__requests-2931,shared-baseline
assignment-case-v1:5118d3dbc4fd895ad326c917d2f4d908be5f68f816d2b07774568e4ecf33555c,django__django-14855,django/django,True,exact_run_id,assignment-case-v1:5118d3dbc4fd895ad326c917d2f4d908be5f68f816d2b07774568e4ecf33555c,django__django-14855,shared-baseline
assignment-case-v1:512cb93857a97a7cbf22dbbc844cd4832e08665bccd17325495b900737efcab7,django__django-15202,django/django,False,exact_run_id,assignment-case-v1:512cb93857a97a7cbf22dbbc844cd4832e08665bccd17325495b900737efcab7,django__django-15202,shared-baseline
assignment-case-v1:51407073ae2777a1fa29bb7b457302b1a7faf8809d755e42373d346507571117,sympy__sympy-13551,sympy/sympy,False,exact_run_id,assignment-case-v1:51407073ae2777a1fa29bb7b457302b1a7faf8809d755e42373d346507571117,sympy__sympy-13551,shared-baseline
assignment-case-v1:51c3e846206a6c49ae74c8df1b94866173c4f044cd7b49b770552ef2251f647c,scikit-learn__scikit-learn-14983,scikit-learn/scikit-learn,False,exact_run_id,assignment-case-v1:51c3e846206a6c49ae74c8df1b94866173c4f044cd7b49b770552ef2251f647c,scikit-learn__scikit-learn-14983,shared-baseline
assignment-case-v1:51c3f2cf64d4bde39c0e4aad9c516e89c7d7ea32195d1c86347aa730f58e691b,django__django-11583,django/django,True,exact_run_id,assignment-case-v1:51c3f2cf64d4bde39c0e4aad9c516e89c7d7ea32195d1c86347aa730f58e691b,django__django-11583,shared-baseline
assignment-case-v1:523286408899ca73bf07252f5ee10f7942b89376d7637511b28cdc70a08b4a79,matplotlib__matplotlib-25311,matplotlib/matplotlib,False,exact_run_id,assignment-case-v1:523286408899ca73bf07252f5ee10f7942b89376d7637511b28cdc70a08b4a79,matplotlib__matplotlib-25311,shared-baseline
assignment-case-v1:525f0d1ea300743aa07c656c53dff9ffc4f63491e17c86eaef1d7c91286838e9,psf__requests-1142,psf/requests,True,exact_run_id,assignment-case-v1:525f0d1ea300743aa07c656c53dff9ffc4f63491e17c86eaef1d7c91286838e9,psf__requests-1142,shared-baseline
assignment-case-v1:52a795f368d985eaa1279d7208177c88e95df1ebdb9b28b955c4473cf7e22a9c,pytest-dev__pytest-6116,pytest-dev/pytest,False,exact_run_id,assignment-case-v1:52a795f368d985eaa1279d7208177c88e95df1ebdb9b28b955c4473cf7e22a9c,pytest-dev__pytest-6116,shared-baseline
assignment-case-v1:53bb65871c0b28727bc3a86d235dd77ceea7ccae2e496c4e5ad20e397efb4415,django__django-15738,django/django,False,exact_run_id,assignment-case-v1:53bb65871c0b28727bc3a86d235dd77ceea7ccae2e496c4e5ad20e397efb4415,django__django-15738,shared-baseline
assignment-case-v1:554f81f81d2cd4fda5954ef93833d98e48138ed11af505781fa7d90b31218372,django__django-14351,django/django,True,exact_run_id,assignment-case-v1:554f81f81d2cd4fda5954ef93833d98e48138ed11af505781fa7d90b31218372,django__django-14351,shared-baseline
assignment-case-v1:55c11565d8b9a5ca8e35ec65c8633420a591541a3b45e638ea830259085789b4,django__django-14771,django/django,True,exact_run_id,assignment-case-v1:55c11565d8b9a5ca8e35ec65c8633420a591541a3b45e638ea830259085789b4,django__django-14771,shared-baseline
assignment-case-v1:561fe973d39e206c766c53ae77d850874774b82cd9a7534294526ae1b513d35d,django__django-16819,django/django,False,exact_run_id,assignment-case-v1:561fe973d39e206c766c53ae77d850874774b82cd9a7534294526ae1b513d35d,django__django-16819,shared-baseline
assignment-case-v1:566e748203c6e180d37592b975f5fbadef6958083af245431d25c51f67430bd4,sympy__sympy-21614,sympy/sympy,False,exact_run_id,assignment-case-v1:566e748203c6e180d37592b975f5fbadef6958083af245431d25c51f67430bd4,sympy__sympy-21614,shared-baseline
assignment-case-v1:56aeb6075ff9485d5a4b6a19cf22af6e3c281b303c1267292f2505a0c174dc57,django__django-17087,django/django,True,exact_run_id,assignment-case-v1:56aeb6075ff9485d5a4b6a19cf22af6e3c281b303c1267292f2505a0c174dc57,django__django-17087,shared-baseline
assignment-case-v1:574645239572c61a06084afbe3a8a9be574efafadb305a05078e424ef41c28bc,psf__requests-2674,psf/requests,True,exact_run_id,assignment-case-v1:574645239572c61a06084afbe3a8a9be574efafadb305a05078e424ef41c28bc,psf__requests-2674,shared-baseline
assignment-case-v1:57705f2007f3073c890cc01ff14f4c0df7e69d1d2475237cabbb7bb6d8fcd19c,django__django-16263,django/django,False,exact_run_id,assignment-case-v1:57705f2007f3073c890cc01ff14f4c0df7e69d1d2475237cabbb7bb6d8fcd19c,django__django-16263,shared-baseline
assignment-case-v1:57a081155f0d09f0a3a74df0e68cb1209c2fc76bede090cb9bc34114d237d603,sympy__sympy-21847,sympy/sympy,True,exact_run_id,assignment-case-v1:57a081155f0d09f0a3a74df0e68cb1209c2fc76bede090cb9bc34114d237d603,sympy__sympy-21847,shared-baseline
assignment-case-v1:58977c778da53d9423da3d0d3a07e59965951515309f07522a8c3650435c3207,django__django-16910,django/django,False,exact_run_id,assignment-case-v1:58977c778da53d9423da3d0d3a07e59965951515309f07522a8c3650435c3207,django__django-16910,shared-baseline
assignment-case-v1:58d3714862c61484587bd005ebbfabdcf540efadb42ff1e18f9223a843a9f565,scikit-learn__scikit-learn-15535,scikit-learn/scikit-learn,True,exact_run_id,assignment-case-v1:58d3714862c61484587bd005ebbfabdcf540efadb42ff1e18f9223a843a9f565,scikit-learn__scikit-learn-15535,shared-baseline
assignment-case-v1:59604633a272b14d29fce6c29c559ee397635d2fe45beac5d146f0d8ab79d93a,django__django-11099,django/django,True,exact_run_id,assignment-case-v1:59604633a272b14d29fce6c29c559ee397635d2fe45beac5d146f0d8ab79d93a,django__django-11099,shared-baseline
assignment-case-v1:59d4d56edccf0ae016a97ca680d7b3ec2a226e1cacf2b86ebbc1b7e394cd363a,scikit-learn__scikit-learn-25102,scikit-learn/scikit-learn,False,exact_run_id,assignment-case-v1:59d4d56edccf0ae016a97ca680d7b3ec2a226e1cacf2b86ebbc1b7e394cd363a,scikit-learn__scikit-learn-25102,shared-baseline
assignment-case-v1:5a1a02159fa58b5f4011dc8adf6c88886ba0300f0c23ffa3eb011d04a4d41e2a,django__django-13786,django/django,True,exact_run_id,assignment-case-v1:5a1a02159fa58b5f4011dc8adf6c88886ba0300f0c23ffa3eb011d04a4d41e2a,django__django-13786,shared-baseline
assignment-case-v1:5a9e1703d1f654a894bacbc5182174904d51bba8ad8550a64d92a84aa2fd62e2,scikit-learn__scikit-learn-13142,scikit-learn/scikit-learn,True,exact_run_id,assignment-case-v1:5a9e1703d1f654a894bacbc5182174904d51bba8ad8550a64d92a84aa2fd62e2,scikit-learn__scikit-learn-13142,shared-baseline
assignment-case-v1:5ab50c034a3dde223c9184d0d8c8f540cb9674394ac9b855304b7ecd8420c9d0,django__django-13807,django/django,False,exact_run_id,assignment-case-v1:5ab50c034a3dde223c9184d0d8c8f540cb9674394ac9b855304b7ecd8420c9d0,django__django-13807,shared-baseline
assignment-case-v1:5ae1be7f68d7dc9579a8cbcf285d48e393225969102a72310093227bfa9a834f,django__django-15098,django/django,False,exact_run_id,assignment-case-v1:5ae1be7f68d7dc9579a8cbcf285d48e393225969102a72310093227bfa9a834f,django__django-15098,shared-baseline
assignment-case-v1:5b375dfc5f3cbfae29bc5fb3e3e844681060c7eb9a7cbdb83d28653ee17cee0d,django__django-14580,django/django,False,exact_run_id,assignment-case-v1:5b375dfc5f3cbfae29bc5fb3e3e844681060c7eb9a7cbdb83d28653ee17cee0d,django__django-14580,shared-baseline
assignment-case-v1:5be2c10ef9a810bae9039f2d3582ebd1339f3ef86dc4229f35fc492ae6f75c93,django__django-13346,django/django,False,exact_run_id,assignment-case-v1:5be2c10ef9a810bae9039f2d3582ebd1339f3ef86dc4229f35fc492ae6f75c93,django__django-13346,shared-baseline
assignment-case-v1:5c14219541f8296d1e0671dd86b43d449488925d6f1cf8a9c3f7c1942bb30f05,django__django-16139,django/django,False,exact_run_id,assignment-case-v1:5c14219541f8296d1e0671dd86b43d449488925d6f1cf8a9c3f7c1942bb30f05,django__django-16139,shared-baseline
assignment-case-v1:5c45cf5cfecbffe997ccf7a4e0aa2c154396fad56b3746d71b6affc2f6eb1ae8,django__django-14011,django/django,False,exact_run_id,assignment-case-v1:5c45cf5cfecbffe997ccf7a4e0aa2c154396fad56b3746d71b6affc2f6eb1ae8,django__django-14011,shared-baseline
assignment-case-v1:5d4c0ee2b70e5e5709271a61789f5145f96d89af709f81659e56b03d92d8af12,sympy__sympy-19487,sympy/sympy,False,exact_run_id,assignment-case-v1:5d4c0ee2b70e5e5709271a61789f5145f96d89af709f81659e56b03d92d8af12,sympy__sympy-19487,shared-baseline
assignment-case-v1:5db23e43d36ba267b068c87f7a71bdbff6262e5ed56ea9b4a607cd69e4b40476,sympy__sympy-16450,sympy/sympy,False,exact_run_id,assignment-case-v1:5db23e43d36ba267b068c87f7a71bdbff6262e5ed56ea9b4a607cd69e4b40476,sympy__sympy-16450,shared-baseline
assignment-case-v1:5dbe32d18b0a70f659393b7965497e0c1e3718f38bc8bc72db0841cac3514559,scikit-learn__scikit-learn-11578,scikit-learn/scikit-learn,True,exact_run_id,assignment-case-v1:5dbe32d18b0a70f659393b7965497e0c1e3718f38bc8bc72db0841cac3514559,scikit-learn__scikit-learn-11578,shared-baseline
assignment-case-v1:5de84268e5ec3f4000dcefb3c2b50dd51d8143799568980c1165bfe774bc6ae7,django__django-11422,django/django,False,exact_run_id,assignment-case-v1:5de84268e5ec3f4000dcefb3c2b50dd51d8143799568980c1165bfe774bc6ae7,django__django-11422,shared-baseline
assignment-case-v1:5e2f8a79a101d9605e5f970837b21ddb8c97927d73535cba8708eb8830d7810c,django__django-12774,django/django,False,exact_run_id,assignment-case-v1:5e2f8a79a101d9605e5f970837b21ddb8c97927d73535cba8708eb8830d7810c,django__django-12774,shared-baseline
assignment-case-v1:5e457c11c3bb9a945747cd925b465060768666501a2cde914a46658ade92fd77,django__django-13925,django/django,False,exact_run_id,assignment-case-v1:5e457c11c3bb9a945747cd925b465060768666501a2cde914a46658ade92fd77,django__django-13925,shared-baseline
assignment-case-v1:5e7dcac8f2047b5f3037aee1467a96facdc79350cf84aaa5bca9650288b0bf37,sympy__sympy-17655,sympy/sympy,False,exact_run_id,assignment-case-v1:5e7dcac8f2047b5f3037aee1467a96facdc79350cf84aaa5bca9650288b0bf37,sympy__sympy-17655,shared-baseline
assignment-case-v1:5eaf5e44890b026902d439f2efde3618d4e01485de435b5b245fa400e68a42f1,django__django-10924,django/django,False,exact_run_id,assignment-case-v1:5eaf5e44890b026902d439f2efde3618d4e01485de435b5b245fa400e68a42f1,django__django-10924,shared-baseline
assignment-case-v1:5ed1a38653baedd52eb8c0d0c4e73330c548709a1e59230c5b08e708a671ccfb,sphinx-doc__sphinx-9591,sphinx-doc/sphinx,False,exact_run_id,assignment-case-v1:5ed1a38653baedd52eb8c0d0c4e73330c548709a1e59230c5b08e708a671ccfb,sphinx-doc__sphinx-9591,shared-baseline
assignment-case-v1:5f0c70caa22a3809a59116855fd5d4ca44fba8e33f1f42acf09c24507087cf83,pylint-dev__pylint-7080,pylint-dev/pylint,False,exact_run_id,assignment-case-v1:5f0c70caa22a3809a59116855fd5d4ca44fba8e33f1f42acf09c24507087cf83,pylint-dev__pylint-7080,shared-baseline
assignment-case-v1:5f3d5680e7e706689c1361a07dd3128185a2de4868a627a833922f17a1a2541a,django__django-15569,django/django,True,exact_run_id,assignment-case-v1:5f3d5680e7e706689c1361a07dd3128185a2de4868a627a833922f17a1a2541a,django__django-15569,shared-baseline
assignment-case-v1:5f48890d11aca76b33783bd13fa7296c21159fb29942efad506dfe73a9df7cb3,django__django-11555,django/django,False,exact_run_id,assignment-case-v1:5f48890d11aca76b33783bd13fa7296c21159fb29942efad506dfe73a9df7cb3,django__django-11555,shared-baseline
assignment-case-v1:607e6a8468d56ea61bdcb76ec9e3d7a4ec9b34e4be19318a96804302dea17e23,pydata__xarray-4629,pydata/xarray,True,exact_run_id,assignment-case-v1:607e6a8468d56ea61bdcb76ec9e3d7a4ec9b34e4be19318a96804302dea17e23,pydata__xarray-4629,shared-baseline
assignment-case-v1:60accdfaf6789e4f698fc2fdac46bf58b4c049c46b65a014c20cb7148c24734e,pylint-dev__pylint-5859,pylint-dev/pylint,False,exact_run_id,assignment-case-v1:60accdfaf6789e4f698fc2fdac46bf58b4c049c46b65a014c20cb7148c24734e,pylint-dev__pylint-5859,shared-baseline
assignment-case-v1:60e30fec882ab25dfc48e8bacfe6f3d62d55d224c31cf9bc9eb461d52874f56e,django__django-15037,django/django,False,exact_run_id,assignment-case-v1:60e30fec882ab25dfc48e8bacfe6f3d62d55d224c31cf9bc9eb461d52874f56e,django__django-15037,shared-baseline
assignment-case-v1:6255d68ceb05ea01c28f2300625a25e944b884ae643cfcacfa31be03da96476e,django__django-13028,django/django,True,exact_run_id,assignment-case-v1:6255d68ceb05ea01c28f2300625a25e944b884ae643cfcacfa31be03da96476e,django__django-13028,shared-baseline
assignment-case-v1:628eb43ce57c0cde844e8d3c2cf053f37ff3ec1007c31defa838dc66b7254468,sphinx-doc__sphinx-8474,sphinx-doc/sphinx,False,exact_run_id,assignment-case-v1:628eb43ce57c0cde844e8d3c2cf053f37ff3ec1007c31defa838dc66b7254468,sphinx-doc__sphinx-8474,shared-baseline
assignment-case-v1:62a41b04d0e3c1b15b4c6de77b6e4f97a40f83974d12e8c9b6d80d2da8df8306,sympy__sympy-13915,sympy/sympy,False,exact_run_id,assignment-case-v1:62a41b04d0e3c1b15b4c6de77b6e4f97a40f83974d12e8c9b6d80d2da8df8306,sympy__sympy-13915,shared-baseline
assignment-case-v1:630fbda2df927a38dc93c70eff6e4d5ccc03b3107cb6e14fe3975bea20037206,sympy__sympy-23950,sympy/sympy,False,exact_run_id,assignment-case-v1:630fbda2df927a38dc93c70eff6e4d5ccc03b3107cb6e14fe3975bea20037206,sympy__sympy-23950,shared-baseline
assignment-case-v1:6361c1f472d9eb1f48f253fd7e6968d3a966adbc7ed02df4b29d96b655aad62c,sympy__sympy-14317,sympy/sympy,False,exact_run_id,assignment-case-v1:6361c1f472d9eb1f48f253fd7e6968d3a966adbc7ed02df4b29d96b655aad62c,sympy__sympy-14317,shared-baseline
assignment-case-v1:64829b38be6fa645f92a7d2a1ea27965d7283f8c9918058e7e6d70c915739f9a,sympy__sympy-12236,sympy/sympy,False,exact_run_id,assignment-case-v1:64829b38be6fa645f92a7d2a1ea27965d7283f8c9918058e7e6d70c915739f9a,sympy__sympy-12236,shared-baseline
assignment-case-v1:64929221fd5dfec1713e8b40bd068a43949bd00cc7ce15f53557ac394678fb5c,django__django-12708,django/django,False,exact_run_id,assignment-case-v1:64929221fd5dfec1713e8b40bd068a43949bd00cc7ce15f53557ac394678fb5c,django__django-12708,shared-baseline
assignment-case-v1:655604436d538bff15739674e9a0c01f57d71b6f12e0e1e8013314d49743489b,django__django-15467,django/django,True,exact_run_id,assignment-case-v1:655604436d538bff15739674e9a0c01f57d71b6f12e0e1e8013314d49743489b,django__django-15467,shared-baseline
assignment-case-v1:668150bc46c2f8e2ac4f8a3c53427dc5eaddfc95f377022aa288102cb8c9c6cd,scikit-learn__scikit-learn-25638,scikit-learn/scikit-learn,False,exact_run_id,assignment-case-v1:668150bc46c2f8e2ac4f8a3c53427dc5eaddfc95f377022aa288102cb8c9c6cd,scikit-learn__scikit-learn-25638,shared-baseline
assignment-case-v1:66f1f68cfb0625c9cbfb98d661c9510974eb589de2bfb2a8917ce01a1f609bea,django__django-13512,django/django,True,exact_run_id,assignment-case-v1:66f1f68cfb0625c9cbfb98d661c9510974eb589de2bfb2a8917ce01a1f609bea,django__django-13512,shared-baseline
assignment-case-v1:671f7ab8bee84225af33ed758be788b6f56f02d3b2bdebd3055356139a55d743,django__django-15789,django/django,True,exact_run_id,assignment-case-v1:671f7ab8bee84225af33ed758be788b6f56f02d3b2bdebd3055356139a55d743,django__django-15789,shared-baseline
assignment-case-v1:6731fd6cf04798649ac4d1730a2dd8bc9d4791bd7e576bc34a0cd2eb09ff8866,django__django-15554,django/django,False,exact_run_id,assignment-case-v1:6731fd6cf04798649ac4d1730a2dd8bc9d4791bd7e576bc34a0cd2eb09ff8866,django__django-15554,shared-baseline
assignment-case-v1:67da2a0809a31ffbc2a84f55268a1f9caeb8f01497d6014094b46e7fef1f019f,sympy__sympy-16792,sympy/sympy,False,exact_run_id,assignment-case-v1:67da2a0809a31ffbc2a84f55268a1f9caeb8f01497d6014094b46e7fef1f019f,sympy__sympy-16792,shared-baseline
assignment-case-v1:67eea6c14dd2f70aae50a187410eabb16398036f60c7480d53befbc15abb6abc,django__django-12113,django/django,False,exact_run_id,assignment-case-v1:67eea6c14dd2f70aae50a187410eabb16398036f60c7480d53befbc15abb6abc,django__django-12113,shared-baseline
assignment-case-v1:683ae5e2c0ab785fb2c7f8d83b3bbc4b2b26fdc468ebdcb1e245cce1432a2cd9,django__django-13658,django/django,True,exact_run_id,assignment-case-v1:683ae5e2c0ab785fb2c7f8d83b3bbc4b2b26fdc468ebdcb1e245cce1432a2cd9,django__django-13658,shared-baseline
assignment-case-v1:68442e8f5b5b4b7f0657dca5e0e7d895052d574eb1eac2439388ba801d6ed26d,django__django-16527,django/django,True,exact_run_id,assignment-case-v1:68442e8f5b5b4b7f0657dca5e0e7d895052d574eb1eac2439388ba801d6ed26d,django__django-16527,shared-baseline
assignment-case-v1:688b982a4a6c5848ae1bfdac9a3e5d2ed58a37d74201e4da95a0f3cb76dc2e44,pytest-dev__pytest-7571,pytest-dev/pytest,True,exact_run_id,assignment-case-v1:688b982a4a6c5848ae1bfdac9a3e5d2ed58a37d74201e4da95a0f3cb76dc2e44,pytest-dev__pytest-7571,shared-baseline
assignment-case-v1:68a62dbb984335b3bb6f4f920945d27c5289c14888b83b2cf93ce416e47720df,sphinx-doc__sphinx-8627,sphinx-doc/sphinx,False,exact_run_id,assignment-case-v1:68a62dbb984335b3bb6f4f920945d27c5289c14888b83b2cf93ce416e47720df,sphinx-doc__sphinx-8627,shared-baseline
assignment-case-v1:68c2a0295dd4fd15f2e525afe07428e6fad89dc8ffdd8e85b5cb0c70825dd9e0,pytest-dev__pytest-11143,pytest-dev/pytest,True,exact_run_id,assignment-case-v1:68c2a0295dd4fd15f2e525afe07428e6fad89dc8ffdd8e85b5cb0c70825dd9e0,pytest-dev__pytest-11143,shared-baseline
assignment-case-v1:699ba410e683bee9c424ba0dd0b6fa3ad20f4e72e9f75abec05ace2204309905,django__django-16454,django/django,False,exact_run_id,assignment-case-v1:699ba410e683bee9c424ba0dd0b6fa3ad20f4e72e9f75abec05ace2204309905,django__django-16454,shared-baseline
assignment-case-v1:69aa1902d7a1890ae0642b3c5cc928a359aabf2a4db961c076f712f8e9560c84,pylint-dev__pylint-7080,pylint-dev/pylint,False,exact_run_id,assignment-case-v1:69aa1902d7a1890ae0642b3c5cc928a359aabf2a4db961c076f712f8e9560c84,pylint-dev__pylint-7080,shared-baseline
assignment-case-v1:69e1378ddb0df9eefaa1253dc19a3d7cab4f90c760fbeeadbe66cf35ab641d02,pylint-dev__pylint-7114,pylint-dev/pylint,True,exact_run_id,assignment-case-v1:69e1378ddb0df9eefaa1253dc19a3d7cab4f90c760fbeeadbe66cf35ab641d02,pylint-dev__pylint-7114,shared-baseline
assignment-case-v1:6a31ab633c7322a10bdc867ae475dc09e8df19d6f1e1abe288d89b554cbc1ea0,django__django-12304,django/django,True,exact_run_id,assignment-case-v1:6a31ab633c7322a10bdc867ae475dc09e8df19d6f1e1abe288d89b554cbc1ea0,django__django-12304,shared-baseline
assignment-case-v1:6a9e3d61d94cfd54bee06859dbde5528221601a3c1c156c5a3d6e26fdec0c23d,django__django-13660,django/django,False,exact_run_id,assignment-case-v1:6a9e3d61d94cfd54bee06859dbde5528221601a3c1c156c5a3d6e26fdec0c23d,django__django-13660,shared-baseline
assignment-case-v1:6afc0bc58cefe7c58b07382179dcee4d72235641cd1de82618c7e00b450c07a4,matplotlib__matplotlib-22835,matplotlib/matplotlib,False,exact_run_id,assignment-case-v1:6afc0bc58cefe7c58b07382179dcee4d72235641cd1de82618c7e00b450c07a4,matplotlib__matplotlib-22835,shared-baseline
assignment-case-v1:6ba199ef7dbc43b7d722dcb38e939796ae4f66df0d09cbcc1c9cb501a653df2d,django__django-11163,django/django,True,exact_run_id,assignment-case-v1:6ba199ef7dbc43b7d722dcb38e939796ae4f66df0d09cbcc1c9cb501a653df2d,django__django-11163,shared-baseline
assignment-case-v1:6db55bbde94c6855c56154207749b517dd88d6430f6faa9cf053fa2775dfa36c,django__django-12286,django/django,True,exact_run_id,assignment-case-v1:6db55bbde94c6855c56154207749b517dd88d6430f6faa9cf053fa2775dfa36c,django__django-12286,shared-baseline
assignment-case-v1:6e4e07527475ed0ccce874dd3988449464ab901a4257e858e981f819f76ff48b,django__django-12050,django/django,True,exact_run_id,assignment-case-v1:6e4e07527475ed0ccce874dd3988449464ab901a4257e858e981f819f76ff48b,django__django-12050,shared-baseline
assignment-case-v1:6eaa0843d9869c3a3e4daba0d6f9a507ac21cfacaf47d98dbf9aa740611213e6,django__django-16408,django/django,False,exact_run_id,assignment-case-v1:6eaa0843d9869c3a3e4daba0d6f9a507ac21cfacaf47d98dbf9aa740611213e6,django__django-16408,shared-baseline
assignment-case-v1:6f3e6cbdff25652feb2b502582d2e3182696c8987ab50cadaf6d96ad69ceb76e,django__django-11095,django/django,True,exact_run_id,assignment-case-v1:6f3e6cbdff25652feb2b502582d2e3182696c8987ab50cadaf6d96ad69ceb76e,django__django-11095,shared-baseline
assignment-case-v1:6f47a74048cf7e1ad3969ccbbab7da735e0e157a79d2f33dfbf005cec692e2b7,sympy__sympy-13091,sympy/sympy,False,exact_run_id,assignment-case-v1:6f47a74048cf7e1ad3969ccbbab7da735e0e157a79d2f33dfbf005cec692e2b7,sympy__sympy-13091,shared-baseline
assignment-case-v1:6fca391a1ae20c88afc410322737149a9aaa4b3d5ef665fe20b82cdbd7566e83,sympy__sympy-11400,sympy/sympy,False,exact_run_id,assignment-case-v1:6fca391a1ae20c88afc410322737149a9aaa4b3d5ef665fe20b82cdbd7566e83,sympy__sympy-11400,shared-baseline
assignment-case-v1:708aaa35f709abdf123885446da7f705fbaabc2899256c3b5f8538ce95afaf53,django__django-11820,django/django,False,exact_run_id,assignment-case-v1:708aaa35f709abdf123885446da7f705fbaabc2899256c3b5f8538ce95afaf53,django__django-11820,shared-baseline
assignment-case-v1:71e5dfccdfb62d34bdb61f7b3c43cd50e32e594f5c04b49bfe29ddb0ea093094,pytest-dev__pytest-5221,pytest-dev/pytest,False,exact_run_id,assignment-case-v1:71e5dfccdfb62d34bdb61f7b3c43cd50e32e594f5c04b49bfe29ddb0ea093094,pytest-dev__pytest-5221,shared-baseline
assignment-case-v1:72138f86695117328feb1f648dff72a3b05416c9aa82f508d715af2353e7321f,django__django-16631,django/django,False,exact_run_id,assignment-case-v1:72138f86695117328feb1f648dff72a3b05416c9aa82f508d715af2353e7321f,django__django-16631,shared-baseline
assignment-case-v1:725509c8de715e2420b73c4d48ebcae82c75def6c68b8a40414305406f59d4cf,sphinx-doc__sphinx-8459,sphinx-doc/sphinx,False,exact_run_id,assignment-case-v1:725509c8de715e2420b73c4d48ebcae82c75def6c68b8a40414305406f59d4cf,sphinx-doc__sphinx-8459,shared-baseline
assignment-case-v1:727a6819557867f793a8766a8aa3d649d889d1d02245ada81636cf4f4ace02e8,django__django-15629,django/django,False,exact_run_id,assignment-case-v1:727a6819557867f793a8766a8aa3d649d889d1d02245ada81636cf4f4ace02e8,django__django-15629,shared-baseline
assignment-case-v1:729107455469616282318e67e6e6125408f3cf28964cd048f9c800ce02e69a7e,psf__requests-1766,psf/requests,True,exact_run_id,assignment-case-v1:729107455469616282318e67e6e6125408f3cf28964cd048f9c800ce02e69a7e,psf__requests-1766,shared-baseline
assignment-case-v1:72ddadd96242d4e3e6e6629904266a033fae1eb359410313a26ff3a66dacf13e,sphinx-doc__sphinx-9281,sphinx-doc/sphinx,True,exact_run_id,assignment-case-v1:72ddadd96242d4e3e6e6629904266a033fae1eb359410313a26ff3a66dacf13e,sphinx-doc__sphinx-9281,shared-baseline
assignment-case-v1:73145a632583a980e5f9cf93d03bb838415ec0f10ba57a6750999e41402a78da,pytest-dev__pytest-7521,pytest-dev/pytest,False,exact_run_id,assignment-case-v1:73145a632583a980e5f9cf93d03bb838415ec0f10ba57a6750999e41402a78da,pytest-dev__pytest-7521,shared-baseline
assignment-case-v1:7321df8d4478b55817393a2201fdfbf9dafcfab67d199557ffcaedf847bebe9b,django__django-13658,django/django,True,exact_run_id,assignment-case-v1:7321df8d4478b55817393a2201fdfbf9dafcfab67d199557ffcaedf847bebe9b,django__django-13658,shared-baseline
assignment-case-v1:73709d4c81bf9efa3ad27df6f9c76c7d99e5772d954b143de7002d05b54229d9,psf__requests-863,psf/requests,True,exact_run_id,assignment-case-v1:73709d4c81bf9efa3ad27df6f9c76c7d99e5772d954b143de7002d05b54229d9,psf__requests-863,shared-baseline
assignment-case-v1:7374c7c738edb2381a817a93387f5b08b1883936ab93756097d2ea6bb220870c,django__django-15320,django/django,False,exact_run_id,assignment-case-v1:7374c7c738edb2381a817a93387f5b08b1883936ab93756097d2ea6bb220870c,django__django-15320,shared-baseline
assignment-case-v1:737b71a84a2b91169b9997cb650d5b4e55c8405329342de429c325292d1de50b,sphinx-doc__sphinx-8273,sphinx-doc/sphinx,False,exact_run_id,assignment-case-v1:737b71a84a2b91169b9997cb650d5b4e55c8405329342de429c325292d1de50b,sphinx-doc__sphinx-8273,shared-baseline
assignment-case-v1:7446d884a11b1d745610aefd7cf6c7b615c7fbba2f2474d2ebbf5465b758cd0e,django__django-15814,django/django,False,exact_run_id,assignment-case-v1:7446d884a11b1d745610aefd7cf6c7b615c7fbba2f2474d2ebbf5465b758cd0e,django__django-15814,shared-baseline
assignment-case-v1:751f2ce14ba414d86d57d18dc58c29ad822fe1b48959dbc7ee1d5c731517c389,sympy__sympy-17139,sympy/sympy,False,exact_run_id,assignment-case-v1:751f2ce14ba414d86d57d18dc58c29ad822fe1b48959dbc7ee1d5c731517c389,sympy__sympy-17139,shared-baseline
assignment-case-v1:752cd4703d4100506d1f9a5e65ca63fb2e5c5e150b27b3d6408a530e9d646ade,sphinx-doc__sphinx-7910,sphinx-doc/sphinx,False,exact_run_id,assignment-case-v1:752cd4703d4100506d1f9a5e65ca63fb2e5c5e150b27b3d6408a530e9d646ade,sphinx-doc__sphinx-7910,shared-baseline
assignment-case-v1:752d581b0fe9d74ff1b242296dbba9941f6a9e6859006dfbb8eed0345c14cce4,django__django-14559,django/django,True,exact_run_id,assignment-case-v1:752d581b0fe9d74ff1b242296dbba9941f6a9e6859006dfbb8eed0345c14cce4,django__django-14559,shared-baseline
assignment-case-v1:7593042d206fe77eb7a942424ee401a14a443b6794284bb9ca63eb4cb076eb80,django__django-13810,django/django,True,exact_run_id,assignment-case-v1:7593042d206fe77eb7a942424ee401a14a443b6794284bb9ca63eb4cb076eb80,django__django-13810,shared-baseline
assignment-case-v1:759de6632400ee62e8a781d754bf20a90280c9746b3d7958f478d36ef5ce3820,sympy__sympy-12419,sympy/sympy,False,exact_run_id,assignment-case-v1:759de6632400ee62e8a781d754bf20a90280c9746b3d7958f478d36ef5ce3820,sympy__sympy-12419,shared-baseline
assignment-case-v1:779d23a6be1d6d065d893037b67ce08c7ddbecdee4814a79889ff9a604957104,django__django-11999,django/django,False,exact_run_id,assignment-case-v1:779d23a6be1d6d065d893037b67ce08c7ddbecdee4814a79889ff9a604957104,django__django-11999,shared-baseline
assignment-case-v1:77d428ed98d5a118cd6e81c8693f3a45181e8bd21870a6b0bce11c278a0d9832,astropy__astropy-14995,astropy/astropy,True,exact_run_id,assignment-case-v1:77d428ed98d5a118cd6e81c8693f3a45181e8bd21870a6b0bce11c278a0d9832,astropy__astropy-14995,shared-baseline
assignment-case-v1:7861eccebbc54b8383894a3ddb5f92399afeee80793af8ebd112dbfe884bf480,matplotlib__matplotlib-24265,matplotlib/matplotlib,False,exact_run_id,assignment-case-v1:7861eccebbc54b8383894a3ddb5f92399afeee80793af8ebd112dbfe884bf480,matplotlib__matplotlib-24265,shared-baseline
assignment-case-v1:78dfd845f9ab6df5e4c351011de700c65497afe87d8348370b41bbb1066da066,matplotlib__matplotlib-25332,matplotlib/matplotlib,False,exact_run_id,assignment-case-v1:78dfd845f9ab6df5e4c351011de700c65497afe87d8348370b41bbb1066da066,matplotlib__matplotlib-25332,shared-baseline
assignment-case-v1:78e12fa9ff4067664f162a63af390cc44857f988a954f0abe118661b11bda92c,django__django-15268,django/django,False,exact_run_id,assignment-case-v1:78e12fa9ff4067664f162a63af390cc44857f988a954f0abe118661b11bda92c,django__django-15268,shared-baseline
assignment-case-v1:7a302ad31c3fdc416152a8a7f5dbdd89361c83e0d4ea0d51d87723daa05da37f,astropy__astropy-13977,astropy/astropy,False,exact_run_id,assignment-case-v1:7a302ad31c3fdc416152a8a7f5dbdd89361c83e0d4ea0d51d87723daa05da37f,astropy__astropy-13977,shared-baseline
assignment-case-v1:7b0fd653d6efc58a8a6a41d8572839c8f0d2b7e2eb86b54f97f789fcaefb300f,scikit-learn__scikit-learn-10508,scikit-learn/scikit-learn,False,exact_run_id,assignment-case-v1:7b0fd653d6efc58a8a6a41d8572839c8f0d2b7e2eb86b54f97f789fcaefb300f,scikit-learn__scikit-learn-10508,shared-baseline
assignment-case-v1:7c03ea9d98aab1f10d26faeb80cd5bed0d8cef9d760e52bfd787de72f88d873b,astropy__astropy-13579,astropy/astropy,False,exact_run_id,assignment-case-v1:7c03ea9d98aab1f10d26faeb80cd5bed0d8cef9d760e52bfd787de72f88d873b,astropy__astropy-13579,shared-baseline
assignment-case-v1:7c0b0d0c26f8a879fb4b3dd8b37af6bd84c0c42b49ac4e490638a44fcc52b911,scikit-learn__scikit-learn-13439,scikit-learn/scikit-learn,True,exact_run_id,assignment-case-v1:7c0b0d0c26f8a879fb4b3dd8b37af6bd84c0c42b49ac4e490638a44fcc52b911,scikit-learn__scikit-learn-13439,shared-baseline
assignment-case-v1:7ebb25d7fde0c08f5ba33c0e407cfb9b854992bdb3efa496fd8323e82f9d7874,sphinx-doc__sphinx-10451,sphinx-doc/sphinx,False,exact_run_id,assignment-case-v1:7ebb25d7fde0c08f5ba33c0e407cfb9b854992bdb3efa496fd8323e82f9d7874,sphinx-doc__sphinx-10451,shared-baseline
assignment-case-v1:7ed6a368f99faf10820b9749d59406f88510a2fb9296ef78549f184906729f0f,django__django-14017,django/django,False,exact_run_id,assignment-case-v1:7ed6a368f99faf10820b9749d59406f88510a2fb9296ef78549f184906729f0f,django__django-14017,shared-baseline
assignment-case-v1:7f096b783a76d0a551addb4fc63b32f868139c79804a3871eff43f732995d4c3,pytest-dev__pytest-6202,pytest-dev/pytest,True,exact_run_id,assignment-case-v1:7f096b783a76d0a551addb4fc63b32f868139c79804a3871eff43f732995d4c3,pytest-dev__pytest-6202,shared-baseline
assignment-case-v1:7f8c7e9c4075be3456d433ad283adbd24cae1c6970ac47f5f207a3ab20f94e9e,scikit-learn__scikit-learn-14053,scikit-learn/scikit-learn,True,exact_run_id,assignment-case-v1:7f8c7e9c4075be3456d433ad283adbd24cae1c6970ac47f5f207a3ab20f94e9e,scikit-learn__scikit-learn-14053,shared-baseline
assignment-case-v1:7f91eba309be5c4cad96d8da4e89131503b0a5ffba5863509a23819c115573b5,django__django-10973,django/django,True,exact_run_id,assignment-case-v1:7f91eba309be5c4cad96d8da4e89131503b0a5ffba5863509a23819c115573b5,django__django-10973,shared-baseline
assignment-case-v1:810d4c05bacc24cf10d172fbdc02e5c271273e2ceb5993c13fa2640e839a5164,django__django-15498,django/django,False,exact_run_id,assignment-case-v1:810d4c05bacc24cf10d172fbdc02e5c271273e2ceb5993c13fa2640e839a5164,django__django-15498,shared-baseline
assignment-case-v1:811de7a9c07cfb18d7bd7231b668166f98d5f887be09c7fbc9c8a6a155fc14d7,django__django-13406,django/django,False,exact_run_id,assignment-case-v1:811de7a9c07cfb18d7bd7231b668166f98d5f887be09c7fbc9c8a6a155fc14d7,django__django-13406,shared-baseline
assignment-case-v1:8138f5ea96be022e3455871d828a7e86854214ed72a88e88c5143229eff164fc,django__django-13109,django/django,True,exact_run_id,assignment-case-v1:8138f5ea96be022e3455871d828a7e86854214ed72a88e88c5143229eff164fc,django__django-13109,shared-baseline
assignment-case-v1:817603479dd48aeea5b7295b83588ce5d410d0decd5a2a8206a2ccb656da413b,django__django-11620,django/django,False,exact_run_id,assignment-case-v1:817603479dd48aeea5b7295b83588ce5d410d0decd5a2a8206a2ccb656da413b,django__django-11620,shared-baseline
assignment-case-v1:829dc8f59edb08b21e3941770285f542faadcddd490b228b1b41bd1537501797,sympy__sympy-20916,sympy/sympy,False,exact_run_id,assignment-case-v1:829dc8f59edb08b21e3941770285f542faadcddd490b228b1b41bd1537501797,sympy__sympy-20916,shared-baseline
assignment-case-v1:83e587a9e248708fdb6a70ff1871bfa7da672a9c1d52fe94e4feb07d11866a14,django__django-12193,django/django,False,exact_run_id,assignment-case-v1:83e587a9e248708fdb6a70ff1871bfa7da672a9c1d52fe94e4feb07d11866a14,django__django-12193,shared-baseline
assignment-case-v1:8424aa289ec3060d1bb39eb55b9d375c3eaa1c4b89ad6ff40bd2c1e204af31ff,matplotlib__matplotlib-23563,matplotlib/matplotlib,False,exact_run_id,assignment-case-v1:8424aa289ec3060d1bb39eb55b9d375c3eaa1c4b89ad6ff40bd2c1e204af31ff,matplotlib__matplotlib-23563,shared-baseline
assignment-case-v1:8473ef81f2d455f5d8c5eb5d52c83e3732e83768a0b56395142f9049f41d07ee,django__django-15103,django/django,True,exact_run_id,assignment-case-v1:8473ef81f2d455f5d8c5eb5d52c83e3732e83768a0b56395142f9049f41d07ee,django__django-15103,shared-baseline
assignment-case-v1:84b8daeba802044ab5f53e985859a8323f6a3e5cd57d105ab13a257df1a0ad68,django__django-11299,django/django,False,exact_run_id,assignment-case-v1:84b8daeba802044ab5f53e985859a8323f6a3e5cd57d105ab13a257df1a0ad68,django__django-11299,shared-baseline
assignment-case-v1:84cd06ec58b90cb6d62e69d4b020d8bd0e6bf83a81c01c049d1ce7d8113de7e9,mwaskom__seaborn-3407,mwaskom/seaborn,False,exact_run_id,assignment-case-v1:84cd06ec58b90cb6d62e69d4b020d8bd0e6bf83a81c01c049d1ce7d8113de7e9,mwaskom__seaborn-3407,shared-baseline
assignment-case-v1:85a80e46cd63390877eec84a78f638483c9eb421090a709d0309d7ce56b29aed,astropy__astropy-7166,astropy/astropy,True,exact_run_id,assignment-case-v1:85a80e46cd63390877eec84a78f638483c9eb421090a709d0309d7ce56b29aed,astropy__astropy-7166,shared-baseline
assignment-case-v1:85e2abd9362f6c2da45926a8c246aadd68f7bf7be5685cdac677974956c83a17,scikit-learn__scikit-learn-9288,scikit-learn/scikit-learn,True,exact_run_id,assignment-case-v1:85e2abd9362f6c2da45926a8c246aadd68f7bf7be5685cdac677974956c83a17,scikit-learn__scikit-learn-9288,shared-baseline
assignment-case-v1:86484410dbfedd5cab716cfd64c0f91e85a5841d96f2415a47d6f204f202d07b,scikit-learn__scikit-learn-13241,scikit-learn/scikit-learn,True,exact_run_id,assignment-case-v1:86484410dbfedd5cab716cfd64c0f91e85a5841d96f2415a47d6f204f202d07b,scikit-learn__scikit-learn-13241,shared-baseline
assignment-case-v1:864a256a48a264622da95f6ca73d18f64cbd452d1c4d4a6ce4980c8fd2e22191,django__django-15375,django/django,False,exact_run_id,assignment-case-v1:864a256a48a264622da95f6ca73d18f64cbd452d1c4d4a6ce4980c8fd2e22191,django__django-15375,shared-baseline
assignment-case-v1:8677ab341c3f62770459dabacbe96e5f22e910d7d0b1ba3344f17bc3df13ae2b,pallets__flask-4045,pallets/flask,False,exact_run_id,assignment-case-v1:8677ab341c3f62770459dabacbe96e5f22e910d7d0b1ba3344f17bc3df13ae2b,pallets__flask-4045,shared-baseline
assignment-case-v1:8682b33e2a49a0927941e5b392c6102477695401f4edf383176a2e34e77be0c3,django__django-11119,django/django,True,exact_run_id,assignment-case-v1:8682b33e2a49a0927941e5b392c6102477695401f4edf383176a2e34e77be0c3,django__django-11119,shared-baseline
assignment-case-v1:86d0f5c624bbc9511f2eac52f3343b06dd6dccc2fda42897fc0d3aadc9f2cb46,sphinx-doc__sphinx-8801,sphinx-doc/sphinx,False,exact_run_id,assignment-case-v1:86d0f5c624bbc9511f2eac52f3343b06dd6dccc2fda42897fc0d3aadc9f2cb46,sphinx-doc__sphinx-8801,shared-baseline
assignment-case-v1:877b9c0d403fc2964fe818e2e715ecd07d3d00d285ecbdbad5f51004a64d66e9,sphinx-doc__sphinx-7738,sphinx-doc/sphinx,False,exact_run_id,assignment-case-v1:877b9c0d403fc2964fe818e2e715ecd07d3d00d285ecbdbad5f51004a64d66e9,sphinx-doc__sphinx-7738,shared-baseline
assignment-case-v1:879033569cedd72ef09ebba4397ead58e7a2064500a8013155d2d1f6196f1f70,matplotlib__matplotlib-20488,matplotlib/matplotlib,False,exact_run_id,assignment-case-v1:879033569cedd72ef09ebba4397ead58e7a2064500a8013155d2d1f6196f1f70,matplotlib__matplotlib-20488,shared-baseline
assignment-case-v1:8795925182f26f46eb1dad480fe870f8bc5db7118257d817937edf84e1c66192,sphinx-doc__sphinx-10673,sphinx-doc/sphinx,False,exact_run_id,assignment-case-v1:8795925182f26f46eb1dad480fe870f8bc5db7118257d817937edf84e1c66192,sphinx-doc__sphinx-10673,shared-baseline
assignment-case-v1:87f3da37bf8635fb168a2a7796e58f47c874633d132175d01f41d2ca89da3e56,django__django-12741,django/django,True,exact_run_id,assignment-case-v1:87f3da37bf8635fb168a2a7796e58f47c874633d132175d01f41d2ca89da3e56,django__django-12741,shared-baseline
assignment-case-v1:87fd12b63af31c6868e10f5c4ae6cdbdc3183ba5c46e63683b2b8c4822df9d90,scikit-learn__scikit-learn-13584,scikit-learn/scikit-learn,True,exact_run_id,assignment-case-v1:87fd12b63af31c6868e10f5c4ae6cdbdc3183ba5c46e63683b2b8c4822df9d90,scikit-learn__scikit-learn-13584,shared-baseline
assignment-case-v1:88429770977a9d0e314d166e228a5e2021abb28f5c80f68470f11bbf0826c77b,sympy__sympy-12096,sympy/sympy,True,exact_run_id,assignment-case-v1:88429770977a9d0e314d166e228a5e2021abb28f5c80f68470f11bbf0826c77b,sympy__sympy-12096,shared-baseline
assignment-case-v1:884a53bcdccb8a4b1ef007c168aeca5f79a51ed365a92421b6b3cb814882d8b4,sympy__sympy-18698,sympy/sympy,False,exact_run_id,assignment-case-v1:884a53bcdccb8a4b1ef007c168aeca5f79a51ed365a92421b6b3cb814882d8b4,sympy__sympy-18698,shared-baseline
assignment-case-v1:884ee9e19fd2ebb7b5f7036d7a84e84ffe87de9723106cb630cccdf4c10622ee,sympy__sympy-15875,sympy/sympy,False,exact_run_id,assignment-case-v1:884ee9e19fd2ebb7b5f7036d7a84e84ffe87de9723106cb630cccdf4c10622ee,sympy__sympy-15875,shared-baseline
assignment-case-v1:889922001e480be910f19319983931574f3984c1fab8488135a1ebbd44a80827,psf__requests-2317,psf/requests,True,exact_run_id,assignment-case-v1:889922001e480be910f19319983931574f3984c1fab8488135a1ebbd44a80827,psf__requests-2317,shared-baseline
assignment-case-v1:88c6826fc97f803a02c904c273c6c2b92cda59b9c91d30e4e17d4a30cf2f097a,django__django-15987,django/django,False,exact_run_id,assignment-case-v1:88c6826fc97f803a02c904c273c6c2b92cda59b9c91d30e4e17d4a30cf2f097a,django__django-15987,shared-baseline
assignment-case-v1:8967b82c445541d914667dacafe1c91d1090a53022ac228f6b8f53f4f0edb5f4,django__django-13158,django/django,False,exact_run_id,assignment-case-v1:8967b82c445541d914667dacafe1c91d1090a53022ac228f6b8f53f4f0edb5f4,django__django-13158,shared-baseline
assignment-case-v1:89a20c09c6ed98b28496a248b9ca695836290b44f3d793d0b4771e924767554f,psf__requests-1963,psf/requests,False,exact_run_id,assignment-case-v1:89a20c09c6ed98b28496a248b9ca695836290b44f3d793d0b4771e924767554f,psf__requests-1963,shared-baseline
assignment-case-v1:8a34f41965ad59319dd89bc1a3bf424a95a7a2bdf1bdf5b30feffd61eefde93f,psf__requests-2317,psf/requests,True,exact_run_id,assignment-case-v1:8a34f41965ad59319dd89bc1a3bf424a95a7a2bdf1bdf5b30feffd61eefde93f,psf__requests-2317,shared-baseline
assignment-case-v1:8a5b0db8601a14cc7e165935841477a5bfb957b111e082edd0bfa4a567073fda,django__django-15104,django/django,True,exact_run_id,assignment-case-v1:8a5b0db8601a14cc7e165935841477a5bfb957b111e082edd0bfa4a567073fda,django__django-15104,shared-baseline
assignment-case-v1:8aa37389cd107ab359726576ded9f32bd6ec163ac842ffa050c08c0d2ad5d7dc,sympy__sympy-20590,sympy/sympy,False,exact_run_id,assignment-case-v1:8aa37389cd107ab359726576ded9f32bd6ec163ac842ffa050c08c0d2ad5d7dc,sympy__sympy-20590,shared-baseline
assignment-case-v1:8bab5da177e4115cfdf9633451578ad7689ff0ebba204dabf79e1f9150fae7c1,scikit-learn__scikit-learn-13779,scikit-learn/scikit-learn,True,exact_run_id,assignment-case-v1:8bab5da177e4115cfdf9633451578ad7689ff0ebba204dabf79e1f9150fae7c1,scikit-learn__scikit-learn-13779,shared-baseline
assignment-case-v1:8baced33b66ab4f395268370adebfd1b7769cf40ff1006e5c20b137fec15726d,sympy__sympy-14248,sympy/sympy,False,exact_run_id,assignment-case-v1:8baced33b66ab4f395268370adebfd1b7769cf40ff1006e5c20b137fec15726d,sympy__sympy-14248,shared-baseline
assignment-case-v1:8bc01be0419434eb60219fb9022a6bfbb7b0fbe894db0948ac6fe248cdbbf427,django__django-16560,django/django,False,exact_run_id,assignment-case-v1:8bc01be0419434eb60219fb9022a6bfbb7b0fbe894db0948ac6fe248cdbbf427,django__django-16560,shared-baseline
assignment-case-v1:8bcbbfce984308131b6f425bbb4e8ceb09fc37a50194b48e54147475b337b76b,sphinx-doc__sphinx-8593,sphinx-doc/sphinx,False,exact_run_id,assignment-case-v1:8bcbbfce984308131b6f425bbb4e8ceb09fc37a50194b48e54147475b337b76b,sphinx-doc__sphinx-8593,shared-baseline
assignment-case-v1:8c24993b52f456fe79319e43e6466c8e777ecdd8fdd6818d3306279bc8226a9d,sympy__sympy-24102,sympy/sympy,False,exact_run_id,assignment-case-v1:8c24993b52f456fe79319e43e6466c8e777ecdd8fdd6818d3306279bc8226a9d,sympy__sympy-24102,shared-baseline
assignment-case-v1:8c53121222e13e925ac7ce1ed626f1da06c9a2f8a7570c4c7c464fa8215b0135,scikit-learn__scikit-learn-14087,scikit-learn/scikit-learn,False,exact_run_id,assignment-case-v1:8c53121222e13e925ac7ce1ed626f1da06c9a2f8a7570c4c7c464fa8215b0135,scikit-learn__scikit-learn-14087,shared-baseline
assignment-case-v1:8d515eb02f2a4b1dbc3370f84eee71a2c1c140e082c5b3eed1363ae9f7d6f54f,sympy__sympy-13878,sympy/sympy,False,exact_run_id,assignment-case-v1:8d515eb02f2a4b1dbc3370f84eee71a2c1c140e082c5b3eed1363ae9f7d6f54f,sympy__sympy-13878,shared-baseline
assignment-case-v1:8dc98cdcf4da736a8827dffd35166546feaf8120659e9f2291a1532833fc75e1,sympy__sympy-19783,sympy/sympy,False,exact_run_id,assignment-case-v1:8dc98cdcf4da736a8827dffd35166546feaf8120659e9f2291a1532833fc75e1,sympy__sympy-19783,shared-baseline
assignment-case-v1:8e156cd9adfb31f4fcc81761c427c1ff5fa471ea94ec6ca56fd297e6c82389fa,sympy__sympy-18199,sympy/sympy,False,exact_run_id,assignment-case-v1:8e156cd9adfb31f4fcc81761c427c1ff5fa471ea94ec6ca56fd297e6c82389fa,sympy__sympy-18199,shared-baseline
assignment-case-v1:8e17f9189457d2cfe45938a765ddbbebf873eaeaa84f5c642658cf9beab97518,sympy__sympy-21596,sympy/sympy,False,exact_run_id,assignment-case-v1:8e17f9189457d2cfe45938a765ddbbebf873eaeaa84f5c642658cf9beab97518,sympy__sympy-21596,shared-baseline
assignment-case-v1:8ed4e126a7d0ded35790423a1c037c4c60b8a50d9c97888a2057e73f0c3a9d6a,sympy__sympy-15017,sympy/sympy,True,exact_run_id,assignment-case-v1:8ed4e126a7d0ded35790423a1c037c4c60b8a50d9c97888a2057e73f0c3a9d6a,sympy__sympy-15017,shared-baseline
assignment-case-v1:8fec2908bac366037b24d1fea33db30df82b626a9c4be0ad860c07499fd3e22e,django__django-11964,django/django,False,exact_run_id,assignment-case-v1:8fec2908bac366037b24d1fea33db30df82b626a9c4be0ad860c07499fd3e22e,django__django-11964,shared-baseline
assignment-case-v1:8fefad0a6e9b7a7e38e5b34e5434fbd4063a44f04c2fdaf070f09e7348efbb81,django__django-12470,django/django,False,exact_run_id,assignment-case-v1:8fefad0a6e9b7a7e38e5b34e5434fbd4063a44f04c2fdaf070f09e7348efbb81,django__django-12470,shared-baseline
assignment-case-v1:91f20cfbff27367fb5fcea5480ca07c595ea8c5ebfc96b18e439a0bc751307d5,scikit-learn__scikit-learn-15512,scikit-learn/scikit-learn,True,exact_run_id,assignment-case-v1:91f20cfbff27367fb5fcea5480ca07c595ea8c5ebfc96b18e439a0bc751307d5,scikit-learn__scikit-learn-15512,shared-baseline
assignment-case-v1:927205c696a7dff3f7fc8449cb0554333ac0e6f92dc2cf49227227ede37d0bff,pytest-dev__pytest-7220,pytest-dev/pytest,False,exact_run_id,assignment-case-v1:927205c696a7dff3f7fc8449cb0554333ac0e6f92dc2cf49227227ede37d0bff,pytest-dev__pytest-7220,shared-baseline
assignment-case-v1:93e28d35fd515f141f548c45309ce169a2925e6e5c340e1c359e9f2a789ec2bc,sympy__sympy-13146,sympy/sympy,False,exact_run_id,assignment-case-v1:93e28d35fd515f141f548c45309ce169a2925e6e5c340e1c359e9f2a789ec2bc,sympy__sympy-13146,shared-baseline
assignment-case-v1:942d4b9b3137a84272f46d1f62b9f7749fb7bf082461a2efc3dd3b161788c69f,django__django-16032,django/django,False,exact_run_id,assignment-case-v1:942d4b9b3137a84272f46d1f62b9f7749fb7bf082461a2efc3dd3b161788c69f,django__django-16032,shared-baseline
assignment-case-v1:943901d0921d248aff8e6f052ba2f84bc3108f01a25309f1b29341d9b6d8d678,sympy__sympy-12171,sympy/sympy,False,exact_run_id,assignment-case-v1:943901d0921d248aff8e6f052ba2f84bc3108f01a25309f1b29341d9b6d8d678,sympy__sympy-12171,shared-baseline
assignment-case-v1:9466cb2ae9a1d185a7a08a879fdb001125dc72394abdccc1072226446f822575,django__django-14089,django/django,True,exact_run_id,assignment-case-v1:9466cb2ae9a1d185a7a08a879fdb001125dc72394abdccc1072226446f822575,django__django-14089,shared-baseline
assignment-case-v1:94adaef9a32a10cd326645754322d1ff61604eac2d504dadc623af028d75a73b,sympy__sympy-14711,sympy/sympy,True,exact_run_id,assignment-case-v1:94adaef9a32a10cd326645754322d1ff61604eac2d504dadc623af028d75a73b,sympy__sympy-14711,shared-baseline
assignment-case-v1:94c4627af89c1e44c029c232e56b9831b88f1c8d890d0c211fbeebbbceb9e7fc,django__django-16493,django/django,True,exact_run_id,assignment-case-v1:94c4627af89c1e44c029c232e56b9831b88f1c8d890d0c211fbeebbbceb9e7fc,django__django-16493,shared-baseline
assignment-case-v1:95252b3a0a8abeb81dba981984c0a4aec2931f77ce9a9009dccb2c7b55eabcdc,sympy__sympy-16281,sympy/sympy,False,exact_run_id,assignment-case-v1:95252b3a0a8abeb81dba981984c0a4aec2931f77ce9a9009dccb2c7b55eabcdc,sympy__sympy-16281,shared-baseline
assignment-case-v1:968a067984affe261c165e0f57c41ce99ce5c2930db9e21b670b9362f643ef0a,pydata__xarray-3677,pydata/xarray,True,exact_run_id,assignment-case-v1:968a067984affe261c165e0f57c41ce99ce5c2930db9e21b670b9362f643ef0a,pydata__xarray-3677,shared-baseline
assignment-case-v1:96ad0544b677349b8fd5e5ff92f67725381c890f3be010514a1d636d7e7ee630,pylint-dev__pylint-4970,pylint-dev/pylint,False,exact_run_id,assignment-case-v1:96ad0544b677349b8fd5e5ff92f67725381c890f3be010514a1d636d7e7ee630,pylint-dev__pylint-4970,shared-baseline
assignment-case-v1:96fb5ee7c787b49d5572c8b0332c3cc83b2f280c8ff99aeb094a5dca7a5536cf,django__django-13590,django/django,False,exact_run_id,assignment-case-v1:96fb5ee7c787b49d5572c8b0332c3cc83b2f280c8ff99aeb094a5dca7a5536cf,django__django-13590,shared-baseline
assignment-case-v1:97414efb5f5c55ca0a3d649d7c11511d9a6d69bdfc7add80f0cb066166b83b7c,django__django-13128,django/django,False,exact_run_id,assignment-case-v1:97414efb5f5c55ca0a3d649d7c11511d9a6d69bdfc7add80f0cb066166b83b7c,django__django-13128,shared-baseline
assignment-case-v1:980a79243f61944c999d709aa980c804cfad20ddb9005b9a6cf4bd191b8fa34a,astropy__astropy-7746,astropy/astropy,False,exact_run_id,assignment-case-v1:980a79243f61944c999d709aa980c804cfad20ddb9005b9a6cf4bd191b8fa34a,astropy__astropy-7746,shared-baseline
assignment-case-v1:9878ff73064041c21bfa6d2cd06f5edce8ec6d671c438f642a597fef45fdef49,django__django-12184,django/django,False,exact_run_id,assignment-case-v1:9878ff73064041c21bfa6d2cd06f5edce8ec6d671c438f642a597fef45fdef49,django__django-12184,shared-baseline
assignment-case-v1:98d47b1902560a216dc54a07fe4faf9e0704a59149c16fc7522dbae0bd84ff4a,sphinx-doc__sphinx-7686,sphinx-doc/sphinx,False,exact_run_id,assignment-case-v1:98d47b1902560a216dc54a07fe4faf9e0704a59149c16fc7522dbae0bd84ff4a,sphinx-doc__sphinx-7686,shared-baseline
assignment-case-v1:98f98d734750ba63efbb3d623df12b1a173b3e3ee85f62a3de01327b8c22405a,django__django-11087,django/django,False,exact_run_id,assignment-case-v1:98f98d734750ba63efbb3d623df12b1a173b3e3ee85f62a3de01327b8c22405a,django__django-11087,shared-baseline
assignment-case-v1:99412d1cc01684be4f4f9a08ed2a89d68498daa5f56dc08b95794690487bfeab,scikit-learn__scikit-learn-10844,scikit-learn/scikit-learn,True,exact_run_id,assignment-case-v1:99412d1cc01684be4f4f9a08ed2a89d68498daa5f56dc08b95794690487bfeab,scikit-learn__scikit-learn-10844,shared-baseline
assignment-case-v1:99435b896d3b81b583e405eac609fce6050a29ba713dbd88a6afb15d2b8c872d,django__django-11099,django/django,True,exact_run_id,assignment-case-v1:99435b896d3b81b583e405eac609fce6050a29ba713dbd88a6afb15d2b8c872d,django__django-11099,shared-baseline
assignment-case-v1:99b45277091c717395c9258e5fb12aadd835fc48707b981ba368f8bcc3e4cec1,sympy__sympy-13798,sympy/sympy,False,exact_run_id,assignment-case-v1:99b45277091c717395c9258e5fb12aadd835fc48707b981ba368f8bcc3e4cec1,sympy__sympy-13798,shared-baseline
assignment-case-v1:9a9727379935b065dc8bf627ac949de1156463de8b946916f6f374a9fb3e643d,scikit-learn__scikit-learn-13497,scikit-learn/scikit-learn,False,exact_run_id,assignment-case-v1:9a9727379935b065dc8bf627ac949de1156463de8b946916f6f374a9fb3e643d,scikit-learn__scikit-learn-13497,shared-baseline
assignment-case-v1:9af15000c41058d2863d42753b43d4419f8f83fdeff84281808f1605f0562d43,sympy__sympy-15345,sympy/sympy,False,exact_run_id,assignment-case-v1:9af15000c41058d2863d42753b43d4419f8f83fdeff84281808f1605f0562d43,sympy__sympy-15345,shared-baseline
assignment-case-v1:9b49b65290ff3088ad443e95c06c286b186fdf7c5308f47abd318814d658256f,matplotlib__matplotlib-26020,matplotlib/matplotlib,True,exact_run_id,assignment-case-v1:9b49b65290ff3088ad443e95c06c286b186fdf7c5308f47abd318814d658256f,matplotlib__matplotlib-26020,shared-baseline
assignment-case-v1:9be7092907ca6e3c6223f485ecc665b4f91fdfa09db816f363ff9f62d3d79dc1,django__django-11133,django/django,True,exact_run_id,assignment-case-v1:9be7092907ca6e3c6223f485ecc665b4f91fdfa09db816f363ff9f62d3d79dc1,django__django-11133,shared-baseline
assignment-case-v1:9bfa70e7a217bce61ead7a31baee9b35063c54c4a6673569864407596aeb0eb4,django__django-12754,django/django,False,exact_run_id,assignment-case-v1:9bfa70e7a217bce61ead7a31baee9b35063c54c4a6673569864407596aeb0eb4,django__django-12754,shared-baseline
assignment-case-v1:9c03cb82e06db14fd2c4d388d49d54907f2c9700760476bace6c73e5376ce036,scikit-learn__scikit-learn-14629,scikit-learn/scikit-learn,False,exact_run_id,assignment-case-v1:9c03cb82e06db14fd2c4d388d49d54907f2c9700760476bace6c73e5376ce036,scikit-learn__scikit-learn-14629,shared-baseline
assignment-case-v1:9c0c2ff42af108a91ed9d0f388f95e4b69981abff39dacce7a19f4b058c529d5,scikit-learn__scikit-learn-14894,scikit-learn/scikit-learn,True,exact_run_id,assignment-case-v1:9c0c2ff42af108a91ed9d0f388f95e4b69981abff39dacce7a19f4b058c529d5,scikit-learn__scikit-learn-14894,shared-baseline
assignment-case-v1:9c2319368488fb22e134ad56bf4251db4833874652e10c33830290de56114c7c,sphinx-doc__sphinx-11445,sphinx-doc/sphinx,False,exact_run_id,assignment-case-v1:9c2319368488fb22e134ad56bf4251db4833874652e10c33830290de56114c7c,sphinx-doc__sphinx-11445,shared-baseline
assignment-case-v1:9c52e80d1293b2f33b6b8e21e3ce977fdf188b55561ed3ad0bf0897d21f75219,astropy__astropy-14096,astropy/astropy,False,exact_run_id,assignment-case-v1:9c52e80d1293b2f33b6b8e21e3ce977fdf188b55561ed3ad0bf0897d21f75219,astropy__astropy-14096,shared-baseline
assignment-case-v1:9c85825fc09251aa965f336b23b574d3c8a56b5e549ffe52ba492a5da88b0168,sympy__sympy-13852,sympy/sympy,False,exact_run_id,assignment-case-v1:9c85825fc09251aa965f336b23b574d3c8a56b5e549ffe52ba492a5da88b0168,sympy__sympy-13852,shared-baseline
assignment-case-v1:9ceea0f6adec6bf5a517ea33faad3c0ec209408f4a9a265142d4a608388a5996,django__django-12308,django/django,False,exact_run_id,assignment-case-v1:9ceea0f6adec6bf5a517ea33faad3c0ec209408f4a9a265142d4a608388a5996,django__django-12308,shared-baseline
assignment-case-v1:9d1cd9b0a5daaf7970d618a360ca4f565e333dcb08f0dc37283efab8406736ba,django__django-14787,django/django,True,exact_run_id,assignment-case-v1:9d1cd9b0a5daaf7970d618a360ca4f565e333dcb08f0dc37283efab8406736ba,django__django-14787,shared-baseline
assignment-case-v1:9d4ac70960361969e863aecac5c626ee4a1427e4ce51a9a091dc400dae778a6e,django__django-14016,django/django,False,exact_run_id,assignment-case-v1:9d4ac70960361969e863aecac5c626ee4a1427e4ce51a9a091dc400dae778a6e,django__django-14016,shared-baseline
assignment-case-v1:9d83f27820d374684d50cd56bb063c95d6a55f808c076aced0b4213fb00b073e,sympy__sympy-16106,sympy/sympy,False,exact_run_id,assignment-case-v1:9d83f27820d374684d50cd56bb063c95d6a55f808c076aced0b4213fb00b073e,sympy__sympy-16106,shared-baseline
assignment-case-v1:9d87fb8e72a9c48321e5bc67910012e9a491929859681ca18ee65613802d82e6,sympy__sympy-17630,sympy/sympy,False,exact_run_id,assignment-case-v1:9d87fb8e72a9c48321e5bc67910012e9a491929859681ca18ee65613802d82e6,sympy__sympy-17630,shared-baseline
assignment-case-v1:9dcbb952742546e33ff60dc46ee9816b0d6c4ddbe5f3ac27baf76fb909e0ceb4,django__django-11283,django/django,False,exact_run_id,assignment-case-v1:9dcbb952742546e33ff60dc46ee9816b0d6c4ddbe5f3ac27baf76fb909e0ceb4,django__django-11283,shared-baseline
assignment-case-v1:9e30d6a9093a4aca04e4b977834fc9fcdb41efa04e746202a51d0298cdd78211,matplotlib__matplotlib-23314,matplotlib/matplotlib,True,exact_run_id,assignment-case-v1:9e30d6a9093a4aca04e4b977834fc9fcdb41efa04e746202a51d0298cdd78211,matplotlib__matplotlib-23314,shared-baseline
assignment-case-v1:9ea7a9721cccb4ac848928171e7757ad2fc0f508078dd4d1ed01cd179de6786c,pytest-dev__pytest-10051,pytest-dev/pytest,False,exact_run_id,assignment-case-v1:9ea7a9721cccb4ac848928171e7757ad2fc0f508078dd4d1ed01cd179de6786c,pytest-dev__pytest-10051,shared-baseline
assignment-case-v1:9f50a188b7b415401eb7538eb7ecf139d8f57a6f3cd77c80cb96b91bb2dcd86a,django__django-14053,django/django,True,exact_run_id,assignment-case-v1:9f50a188b7b415401eb7538eb7ecf139d8f57a6f3cd77c80cb96b91bb2dcd86a,django__django-14053,shared-baseline
assignment-case-v1:9fa5df67c5048c03cb3a6e5f8cb5dfae71c86f78c47ba81c005fcda90b92b109,django__django-13447,django/django,True,exact_run_id,assignment-case-v1:9fa5df67c5048c03cb3a6e5f8cb5dfae71c86f78c47ba81c005fcda90b92b109,django__django-13447,shared-baseline
assignment-case-v1:a01c88daa0a55d2f609ee894435cb3da6b4970f7319d15f9dd0b50c4a29b1ccb,django__django-13028,django/django,True,exact_run_id,assignment-case-v1:a01c88daa0a55d2f609ee894435cb3da6b4970f7319d15f9dd0b50c4a29b1ccb,django__django-13028,shared-baseline
assignment-case-v1:a05b9f9f17024d04797c094c4f124d99e21099750d663b8e4dfb1ca28d9e9331,django__django-11910,django/django,False,exact_run_id,assignment-case-v1:a05b9f9f17024d04797c094c4f124d99e21099750d663b8e4dfb1ca28d9e9331,django__django-11910,shared-baseline
assignment-case-v1:a0d2d4e56a234c2f876ae503dc37927f1bb24ef46732d27c8a0e673eccb3a47f,matplotlib__matplotlib-23913,matplotlib/matplotlib,True,exact_run_id,assignment-case-v1:a0d2d4e56a234c2f876ae503dc37927f1bb24ef46732d27c8a0e673eccb3a47f,matplotlib__matplotlib-23913,shared-baseline
assignment-case-v1:a0d9511e507485d6bbcc800638381a860e4c4697d25ea5f0df6df71c9bd1deeb,sphinx-doc__sphinx-8265,sphinx-doc/sphinx,False,exact_run_id,assignment-case-v1:a0d9511e507485d6bbcc800638381a860e4c4697d25ea5f0df6df71c9bd1deeb,sphinx-doc__sphinx-8265,shared-baseline
assignment-case-v1:a1770852483b353a1541fcc1a452bcc65f9dddfaf44e1f12ee50efb750654830,django__django-12915,django/django,True,exact_run_id,assignment-case-v1:a1770852483b353a1541fcc1a452bcc65f9dddfaf44e1f12ee50efb750654830,django__django-12915,shared-baseline
assignment-case-v1:a1d00bbc4240f49ed5b150eb900e9d2800c14d8e0744d6129af7f5268b13a2b4,django__django-15695,django/django,False,exact_run_id,assignment-case-v1:a1d00bbc4240f49ed5b150eb900e9d2800c14d8e0744d6129af7f5268b13a2b4,django__django-15695,shared-baseline
assignment-case-v1:a1ea7409094d8641be55f5319cd3fc0b0a32d145f121edad36ba66e0f69945c8,django__django-13964,django/django,False,exact_run_id,assignment-case-v1:a1ea7409094d8641be55f5319cd3fc0b0a32d145f121edad36ba66e0f69945c8,django__django-13964,shared-baseline
assignment-case-v1:a1ed9f5d6de77ffd4083d61c45e8ec1fd17aab4fae782b401e62eb6c03424649,pytest-dev__pytest-7324,pytest-dev/pytest,False,exact_run_id,assignment-case-v1:a1ed9f5d6de77ffd4083d61c45e8ec1fd17aab4fae782b401e62eb6c03424649,pytest-dev__pytest-7324,shared-baseline
assignment-case-v1:a24371707a489af293a0d4e27c47e62b9badf56adeceaa595bbc118680830f17,pydata__xarray-7229,pydata/xarray,False,exact_run_id,assignment-case-v1:a24371707a489af293a0d4e27c47e62b9badf56adeceaa595bbc118680830f17,pydata__xarray-7229,shared-baseline
assignment-case-v1:a2a131459131ce063fdc3e26737d03df81ebc65fe6426121f407d9a2ca7bc068,django__django-15902,django/django,True,exact_run_id,assignment-case-v1:a2a131459131ce063fdc3e26737d03df81ebc65fe6426121f407d9a2ca7bc068,django__django-15902,shared-baseline
assignment-case-v1:a2a61a112b1f4ff9a418224fcfbc89d377940562d7d106edc33c65a35a1a9bc2,django__django-16139,django/django,False,exact_run_id,assignment-case-v1:a2a61a112b1f4ff9a418224fcfbc89d377940562d7d106edc33c65a35a1a9bc2,django__django-16139,shared-baseline
assignment-case-v1:a2de6ae5a4781043473cf670edad5b218c070b1f0add3db79f0c43783f59b63f,sympy__sympy-13372,sympy/sympy,True,exact_run_id,assignment-case-v1:a2de6ae5a4781043473cf670edad5b218c070b1f0add3db79f0c43783f59b63f,sympy__sympy-13372,shared-baseline
assignment-case-v1:a359b7cda2fdc71edb4dc955730c791ebcbb9067309899e6e36b0d64a686a0db,sympy__sympy-20428,sympy/sympy,False,exact_run_id,assignment-case-v1:a359b7cda2fdc71edb4dc955730c791ebcbb9067309899e6e36b0d64a686a0db,sympy__sympy-20428,shared-baseline
assignment-case-v1:a379fb19094654d48166eca93b10479ba8d0508d9fcdb0f45b7242fbf7044867,django__django-13809,django/django,True,exact_run_id,assignment-case-v1:a379fb19094654d48166eca93b10479ba8d0508d9fcdb0f45b7242fbf7044867,django__django-13809,shared-baseline
assignment-case-v1:a385cd29da6fc2f2a339f4edd4e88296cc26bf33091828dc692b3b574b9bdd53,django__django-16082,django/django,False,exact_run_id,assignment-case-v1:a385cd29da6fc2f2a339f4edd4e88296cc26bf33091828dc692b3b574b9bdd53,django__django-16082,shared-baseline
assignment-case-v1:a3b2ebe2ac83cb4e542d08129085ce4b48ef3e9cf51649fbbbed3bdd1529dfbf,django__django-12155,django/django,True,exact_run_id,assignment-case-v1:a3b2ebe2ac83cb4e542d08129085ce4b48ef3e9cf51649fbbbed3bdd1529dfbf,django__django-12155,shared-baseline
assignment-case-v1:a4124ef264cc8e5a10bf7cc7864876e4cbdefc7eb8c4db03a1b36cb5a03e473e,django__django-11179,django/django,False,exact_run_id,assignment-case-v1:a4124ef264cc8e5a10bf7cc7864876e4cbdefc7eb8c4db03a1b36cb5a03e473e,django__django-11179,shared-baseline
assignment-case-v1:a455f84b8a8a98922d0f0d878b5e9a547a4ded1a67d36d797be882c1ab45bf0c,pytest-dev__pytest-7490,pytest-dev/pytest,False,exact_run_id,assignment-case-v1:a455f84b8a8a98922d0f0d878b5e9a547a4ded1a67d36d797be882c1ab45bf0c,pytest-dev__pytest-7490,shared-baseline
assignment-case-v1:a51bf3b48c5db61db9fd6b169ecf79d12e3c375dd252013ba8d90e104a6d7ea3,sympy__sympy-19040,sympy/sympy,False,exact_run_id,assignment-case-v1:a51bf3b48c5db61db9fd6b169ecf79d12e3c375dd252013ba8d90e104a6d7ea3,sympy__sympy-19040,shared-baseline
assignment-case-v1:a62b58b9fbf2939a7a209efba496abdb9a94d5afe5a3c341f3897dae440c3b8e,astropy__astropy-14369,astropy/astropy,False,exact_run_id,assignment-case-v1:a62b58b9fbf2939a7a209efba496abdb9a94d5afe5a3c341f3897dae440c3b8e,astropy__astropy-14369,shared-baseline
assignment-case-v1:a652750211d5059b2cf0e5d1233078aa5ba868c90f0c7ae0ac9c10af1efa86b3,sympy__sympy-17318,sympy/sympy,False,exact_run_id,assignment-case-v1:a652750211d5059b2cf0e5d1233078aa5ba868c90f0c7ae0ac9c10af1efa86b3,sympy__sympy-17318,shared-baseline
assignment-case-v1:a76d6bd000b0deabdb1a0b2efd3c4b7387605abd517c4f27f3745cd57a3febd7,django__django-13297,django/django,False,exact_run_id,assignment-case-v1:a76d6bd000b0deabdb1a0b2efd3c4b7387605abd517c4f27f3745cd57a3febd7,django__django-13297,shared-baseline
assignment-case-v1:a7abbeac43a1cc7573a7f9b6bbe8c42a85d154cb4e6f56a576c031472c4b50c3,sympy__sympy-13480,sympy/sympy,True,exact_run_id,assignment-case-v1:a7abbeac43a1cc7573a7f9b6bbe8c42a85d154cb4e6f56a576c031472c4b50c3,sympy__sympy-13480,shared-baseline
assignment-case-v1:a7d226a48a98da2425f80cb37942238f1d60e79b062397ff43584e4819510e4a,django__django-13401,django/django,True,exact_run_id,assignment-case-v1:a7d226a48a98da2425f80cb37942238f1d60e79b062397ff43584e4819510e4a,django__django-13401,shared-baseline
assignment-case-v1:a87892ac9bfc164287c991e61a3d3aee34973fe2ea1fd9563e7102dfd72e4404,sympy__sympy-11870,sympy/sympy,False,exact_run_id,assignment-case-v1:a87892ac9bfc164287c991e61a3d3aee34973fe2ea1fd9563e7102dfd72e4404,sympy__sympy-11870,shared-baseline
assignment-case-v1:a8ef5c1d6888807d84235d8f1bacbae74c6af6d55c165526955ddb048f727fca,astropy__astropy-7606,astropy/astropy,False,exact_run_id,assignment-case-v1:a8ef5c1d6888807d84235d8f1bacbae74c6af6d55c165526955ddb048f727fca,astropy__astropy-7606,shared-baseline
assignment-case-v1:aac5fa1abca0bdcceec065624aae423fc3ae7a03a2dda8efeaf0240f38ce8737,astropy__astropy-14508,astropy/astropy,False,exact_run_id,assignment-case-v1:aac5fa1abca0bdcceec065624aae423fc3ae7a03a2dda8efeaf0240f38ce8737,astropy__astropy-14508,shared-baseline
assignment-case-v1:ab4cc527a1c8e5293bc636527c6125a06ab2772a614ceb7669ef33ec40576238,sympy__sympy-15345,sympy/sympy,False,exact_run_id,assignment-case-v1:ab4cc527a1c8e5293bc636527c6125a06ab2772a614ceb7669ef33ec40576238,sympy__sympy-15345,shared-baseline
assignment-case-v1:ab6cf0a4ffc72a0c2b38d34c74386005452058fa7660e14d88ca57c25178f463,sphinx-doc__sphinx-8548,sphinx-doc/sphinx,False,exact_run_id,assignment-case-v1:ab6cf0a4ffc72a0c2b38d34c74386005452058fa7660e14d88ca57c25178f463,sphinx-doc__sphinx-8548,shared-baseline
assignment-case-v1:abeaba8669176c0e47d183bf15e7cc23d7079d41d51e58501138af3158120e02,django__django-12325,django/django,False,exact_run_id,assignment-case-v1:abeaba8669176c0e47d183bf15e7cc23d7079d41d51e58501138af3158120e02,django__django-12325,shared-baseline
assignment-case-v1:ac59eb416a74d31782dbb3b8ac06abbfcb59dd81ea5733f7e16c0420bead3fdf,matplotlib__matplotlib-25122,matplotlib/matplotlib,True,exact_run_id,assignment-case-v1:ac59eb416a74d31782dbb3b8ac06abbfcb59dd81ea5733f7e16c0420bead3fdf,matplotlib__matplotlib-25122,shared-baseline
assignment-case-v1:ac9a920a818af1f18016f58b01e951d9db0b8974791106a6ccd70cfda6758af9,matplotlib__matplotlib-20826,matplotlib/matplotlib,False,exact_run_id,assignment-case-v1:ac9a920a818af1f18016f58b01e951d9db0b8974791106a6ccd70cfda6758af9,matplotlib__matplotlib-20826,shared-baseline
assignment-case-v1:ad27003e1ed7db3a2bfec12eadd4232604039b18762f3193aa5f1705f4f7eb36,sympy__sympy-20639,sympy/sympy,False,exact_run_id,assignment-case-v1:ad27003e1ed7db3a2bfec12eadd4232604039b18762f3193aa5f1705f4f7eb36,sympy__sympy-20639,shared-baseline
assignment-case-v1:ae1b4357b048d4562d7b1abdd3ce3719c65141f76cb459918aab66f3d2510769,django__django-17029,django/django,True,exact_run_id,assignment-case-v1:ae1b4357b048d4562d7b1abdd3ce3719c65141f76cb459918aab66f3d2510769,django__django-17029,shared-baseline
assignment-case-v1:ae549aff6c0094d1775816e1a13e009769fdb515c4cde2932543a0d2ca687984,django__django-15695,django/django,False,exact_run_id,assignment-case-v1:ae549aff6c0094d1775816e1a13e009769fdb515c4cde2932543a0d2ca687984,django__django-15695,shared-baseline
assignment-case-v1:ae6ac27aeb8f3691dbef6ab5f2023cb36529c0a76dcaba0940a86ba4bee58540,sphinx-doc__sphinx-7590,sphinx-doc/sphinx,False,exact_run_id,assignment-case-v1:ae6ac27aeb8f3691dbef6ab5f2023cb36529c0a76dcaba0940a86ba4bee58540,sphinx-doc__sphinx-7590,shared-baseline
assignment-case-v1:ae97d4de9d3623b73a18468434b76e17f407282c49a97fd90a704142eaf6a12c,django__django-15525,django/django,False,exact_run_id,assignment-case-v1:ae97d4de9d3623b73a18468434b76e17f407282c49a97fd90a704142eaf6a12c,django__django-15525,shared-baseline
assignment-case-v1:ae9aa67d1defdc6a8e2b9e3a2e82dd1d187647c0fbad89e89d73d05494cbf8d9,pallets__flask-5063,pallets/flask,False,exact_run_id,assignment-case-v1:ae9aa67d1defdc6a8e2b9e3a2e82dd1d187647c0fbad89e89d73d05494cbf8d9,pallets__flask-5063,shared-baseline
assignment-case-v1:af0504e6122e45b5694ecead62a7b9ca8216208f3a7b6a1e602ac4daddd07e04,django__django-12273,django/django,False,exact_run_id,assignment-case-v1:af0504e6122e45b5694ecead62a7b9ca8216208f3a7b6a1e602ac4daddd07e04,django__django-12273,shared-baseline
assignment-case-v1:b00a2507ec22972ead4c01a0d482f597c5b4d18d921bf357ae2fbdb93d026188,mwaskom__seaborn-2848,mwaskom/seaborn,False,exact_run_id,assignment-case-v1:b00a2507ec22972ead4c01a0d482f597c5b4d18d921bf357ae2fbdb93d026188,mwaskom__seaborn-2848,shared-baseline
assignment-case-v1:b0523f6890f7b6727f43187fbae6f0bab651723d7572cbaaef49266a02ae8b7a,django__django-14017,django/django,False,exact_run_id,assignment-case-v1:b0523f6890f7b6727f43187fbae6f0bab651723d7572cbaaef49266a02ae8b7a,django__django-14017,shared-baseline
assignment-case-v1:b1587275431d9c1e493c311f012e0a502bd71a84e52f37173ace94fa9ba0a488,matplotlib__matplotlib-23314,matplotlib/matplotlib,True,exact_run_id,assignment-case-v1:b1587275431d9c1e493c311f012e0a502bd71a84e52f37173ace94fa9ba0a488,matplotlib__matplotlib-23314,shared-baseline
assignment-case-v1:b179feb16e4c889012c4f3a3150d14e4421d5fb33a441b766d4b3e3cb0536a6b,sympy__sympy-22080,sympy/sympy,False,exact_run_id,assignment-case-v1:b179feb16e4c889012c4f3a3150d14e4421d5fb33a441b766d4b3e3cb0536a6b,sympy__sympy-22080,shared-baseline
assignment-case-v1:b1d7e51d565cbafa01b2fbf93ab8ab6435654ae1913001730370353ffa7bd48b,pytest-dev__pytest-5787,pytest-dev/pytest,False,exact_run_id,assignment-case-v1:b1d7e51d565cbafa01b2fbf93ab8ab6435654ae1913001730370353ffa7bd48b,pytest-dev__pytest-5787,shared-baseline
assignment-case-v1:b21ee240bedbe1be67c9ce9ee822bc1350466fffe6817bea6f2e5e3d29c29a82,pytest-dev__pytest-11148,pytest-dev/pytest,True,exact_run_id,assignment-case-v1:b21ee240bedbe1be67c9ce9ee822bc1350466fffe6817bea6f2e5e3d29c29a82,pytest-dev__pytest-11148,shared-baseline
assignment-case-v1:b24653892aa86410249961aa5f8fed2aa0f556668d4ee1940a29320b17c4cdaa,sphinx-doc__sphinx-8120,sphinx-doc/sphinx,True,exact_run_id,assignment-case-v1:b24653892aa86410249961aa5f8fed2aa0f556668d4ee1940a29320b17c4cdaa,sphinx-doc__sphinx-8120,shared-baseline
assignment-case-v1:b26f45446c4cc28c57fe02e45bf8e2f6876f2e64919c850bc25a8af8e7c6f330,matplotlib__matplotlib-24970,matplotlib/matplotlib,True,exact_run_id,assignment-case-v1:b26f45446c4cc28c57fe02e45bf8e2f6876f2e64919c850bc25a8af8e7c6f330,matplotlib__matplotlib-24970,shared-baseline
assignment-case-v1:b4cc6b40c69ce89ef4ba4c92f81865fbc537b96bbea2d0798daf110062eb5027,django__django-14170,django/django,False,exact_run_id,assignment-case-v1:b4cc6b40c69ce89ef4ba4c92f81865fbc537b96bbea2d0798daf110062eb5027,django__django-14170,shared-baseline
assignment-case-v1:b4d42d0ff481720777fac78d45e7cd1d6ba82aea8d6e048b87e468b31c52be49,sympy__sympy-15809,sympy/sympy,False,exact_run_id,assignment-case-v1:b4d42d0ff481720777fac78d45e7cd1d6ba82aea8d6e048b87e468b31c52be49,sympy__sympy-15809,shared-baseline
assignment-case-v1:b53269e4a45706f0ffc80c40f6f423a032eb522ef2829425335a3ca26f655302,django__django-12708,django/django,False,exact_run_id,assignment-case-v1:b53269e4a45706f0ffc80c40f6f423a032eb522ef2829425335a3ca26f655302,django__django-12708,shared-baseline
assignment-case-v1:b67fa6aafa63ccdd9f1bdda069beb32f68949bb906851f999580221483462549,django__django-15347,django/django,True,exact_run_id,assignment-case-v1:b67fa6aafa63ccdd9f1bdda069beb32f68949bb906851f999580221483462549,django__django-15347,shared-baseline
assignment-case-v1:b707616474edeb5d174670ecc3a9464d48e7e0b303c0cb0a3d9cab9a3a830119,sympy__sympy-20590,sympy/sympy,False,exact_run_id,assignment-case-v1:b707616474edeb5d174670ecc3a9464d48e7e0b303c0cb0a3d9cab9a3a830119,sympy__sympy-20590,shared-baseline
assignment-case-v1:b777d74a80a10389320b35f438b5aa85bc5088faed1efa32fb44aad1e1fe15d9,django__django-15280,django/django,False,exact_run_id,assignment-case-v1:b777d74a80a10389320b35f438b5aa85bc5088faed1efa32fb44aad1e1fe15d9,django__django-15280,shared-baseline
assignment-case-v1:b80f9149e8a56b0632acd741f8f86e48ca77d551e82a79f472cf069e2129279b,astropy__astropy-6938,astropy/astropy,False,exact_run_id,assignment-case-v1:b80f9149e8a56b0632acd741f8f86e48ca77d551e82a79f472cf069e2129279b,astropy__astropy-6938,shared-baseline
assignment-case-v1:b86837ec5283894c5f3202b1e337b00f62b1564dadaf439f8701fb31b2f70957,django__django-13230,django/django,True,exact_run_id,assignment-case-v1:b86837ec5283894c5f3202b1e337b00f62b1564dadaf439f8701fb31b2f70957,django__django-13230,shared-baseline
assignment-case-v1:b87f3af1c7b25145a4f06e4603f855d45d1b72ff828f7346c6834b9bb0b96661,django__django-14580,django/django,False,exact_run_id,assignment-case-v1:b87f3af1c7b25145a4f06e4603f855d45d1b72ff828f7346c6834b9bb0b96661,django__django-14580,shared-baseline
assignment-case-v1:b920a784dfb64206ec0d95a1ba69b55e9b3eec5845140ab24a1660937c95bf4c,pylint-dev__pylint-6528,pylint-dev/pylint,False,exact_run_id,assignment-case-v1:b920a784dfb64206ec0d95a1ba69b55e9b3eec5845140ab24a1660937c95bf4c,pylint-dev__pylint-6528,shared-baseline
assignment-case-v1:b96490a974c4858e476ef9c2c97d424c98b8bec3c194615d628d5815d567945c,sympy__sympy-15011,sympy/sympy,True,exact_run_id,assignment-case-v1:b96490a974c4858e476ef9c2c97d424c98b8bec3c194615d628d5815d567945c,sympy__sympy-15011,shared-baseline
assignment-case-v1:b9d2f5245465b4aabed908acea4fb9fa38a7cd8ec3255fc73bc1ccc2487c0d1a,scikit-learn__scikit-learn-11310,scikit-learn/scikit-learn,True,exact_run_id,assignment-case-v1:b9d2f5245465b4aabed908acea4fb9fa38a7cd8ec3255fc73bc1ccc2487c0d1a,scikit-learn__scikit-learn-11310,shared-baseline
assignment-case-v1:b9d6d4b0face4be8f4d574cfd6f1bd68539357dc33fd81e40aac0704cd6d13c0,django__django-12747,django/django,False,exact_run_id,assignment-case-v1:b9d6d4b0face4be8f4d574cfd6f1bd68539357dc33fd81e40aac0704cd6d13c0,django__django-12747,shared-baseline
assignment-case-v1:ba0803f7b8803f5fcb18d88711e23703337a403612fd7022ae82f7e27054546c,sympy__sympy-20438,sympy/sympy,False,exact_run_id,assignment-case-v1:ba0803f7b8803f5fcb18d88711e23703337a403612fd7022ae82f7e27054546c,sympy__sympy-20438,shared-baseline
assignment-case-v1:ba2f3eb01a65806f6af23acc172c9a2280d5ab9ad68eae4a4471e01bab9898d6,django__django-11885,django/django,False,exact_run_id,assignment-case-v1:ba2f3eb01a65806f6af23acc172c9a2280d5ab9ad68eae4a4471e01bab9898d6,django__django-11885,shared-baseline
assignment-case-v1:ba81d45d1a97326f4c4ea2df2ee62061c316e649943da6007f12f79b0af4a946,matplotlib__matplotlib-26113,matplotlib/matplotlib,True,exact_run_id,assignment-case-v1:ba81d45d1a97326f4c4ea2df2ee62061c316e649943da6007f12f79b0af4a946,matplotlib__matplotlib-26113,shared-baseline
assignment-case-v1:ba9c98a683bef5f122e183293a74c8b53a58c921d9b4bb94b3718003ac93bdfa,django__django-14997,django/django,False,exact_run_id,assignment-case-v1:ba9c98a683bef5f122e183293a74c8b53a58c921d9b4bb94b3718003ac93bdfa,django__django-14997,shared-baseline
assignment-case-v1:baf26e1b38c4a20abd5d66803105c80ad960cd3144a19ac0aba8445c0f0376d4,scikit-learn__scikit-learn-14983,scikit-learn/scikit-learn,True,exact_run_id,assignment-case-v1:baf26e1b38c4a20abd5d66803105c80ad960cd3144a19ac0aba8445c0f0376d4,scikit-learn__scikit-learn-14983,shared-baseline
assignment-case-v1:baf7b93fbc0e16cffafd26cb1f78f0b97ca6990d2b5790c61ca92f82bbf17c38,pydata__xarray-6721,pydata/xarray,False,exact_run_id,assignment-case-v1:baf7b93fbc0e16cffafd26cb1f78f0b97ca6990d2b5790c61ca92f82bbf17c38,pydata__xarray-6721,shared-baseline
assignment-case-v1:bb92fe709b9c5038de54895100bc11f897b5aa00a94f517e86a0c1f440422520,django__django-10914,django/django,True,exact_run_id,assignment-case-v1:bb92fe709b9c5038de54895100bc11f897b5aa00a94f517e86a0c1f440422520,django__django-10914,shared-baseline
assignment-case-v1:bc97ad7e5b5db385221ae96009a2b8498805bd50c5fba07c3acd5d3ef8cf4d08,sympy__sympy-18189,sympy/sympy,True,exact_run_id,assignment-case-v1:bc97ad7e5b5db385221ae96009a2b8498805bd50c5fba07c3acd5d3ef8cf4d08,sympy__sympy-18189,shared-baseline
assignment-case-v1:bcbf671804fb0acf43fbc17ee7ee3bb928866525ef05ec5e34d78a8cfab89d45,sphinx-doc__sphinx-8475,sphinx-doc/sphinx,True,exact_run_id,assignment-case-v1:bcbf671804fb0acf43fbc17ee7ee3bb928866525ef05ec5e34d78a8cfab89d45,sphinx-doc__sphinx-8475,shared-baseline
assignment-case-v1:bd163ea6b8b68798a450445067c538fa8c946bb74c55fd263f9006194d21db30,sympy__sympy-24066,sympy/sympy,False,exact_run_id,assignment-case-v1:bd163ea6b8b68798a450445067c538fa8c946bb74c55fd263f9006194d21db30,sympy__sympy-24066,shared-baseline
assignment-case-v1:bd9a5f86f225b75a329ec80978e730b5f7a0c8c8db143b425d5d1a84cec7ccc7,astropy__astropy-14995,astropy/astropy,True,exact_run_id,assignment-case-v1:bd9a5f86f225b75a329ec80978e730b5f7a0c8c8db143b425d5d1a84cec7ccc7,astropy__astropy-14995,shared-baseline
assignment-case-v1:be10f4da5548d591ebd2434af03d116e6fe2954025afa13bd17894da5f37080c,pylint-dev__pylint-4604,pylint-dev/pylint,False,exact_run_id,assignment-case-v1:be10f4da5548d591ebd2434af03d116e6fe2954025afa13bd17894da5f37080c,pylint-dev__pylint-4604,shared-baseline
assignment-case-v1:bed99fcfda30418ee500bcc1031f45768610c99eb3a7e1de4eda43b4665126b9,scikit-learn__scikit-learn-11281,scikit-learn/scikit-learn,True,exact_run_id,assignment-case-v1:bed99fcfda30418ee500bcc1031f45768610c99eb3a7e1de4eda43b4665126b9,scikit-learn__scikit-learn-11281,shared-baseline
assignment-case-v1:bfdaf4b0b48fe179cde4ca9c34d5a6b282094c0705afa55befda6bbebf441006,mwaskom__seaborn-3187,mwaskom/seaborn,False,exact_run_id,assignment-case-v1:bfdaf4b0b48fe179cde4ca9c34d5a6b282094c0705afa55befda6bbebf441006,mwaskom__seaborn-3187,shared-baseline
assignment-case-v1:c03311349bf68a3f046f5fff924dfbba57d9e97f1739fd1433fb971838474d17,matplotlib__matplotlib-26011,matplotlib/matplotlib,False,exact_run_id,assignment-case-v1:c03311349bf68a3f046f5fff924dfbba57d9e97f1739fd1433fb971838474d17,matplotlib__matplotlib-26011,shared-baseline
assignment-case-v1:c0efde6fdb3a807f1ca03033b18689273e237a22a6709af4a9e3054d89432f2b,sympy__sympy-22714,sympy/sympy,True,exact_run_id,assignment-case-v1:c0efde6fdb3a807f1ca03033b18689273e237a22a6709af4a9e3054d89432f2b,sympy__sympy-22714,shared-baseline
assignment-case-v1:c0f04fd6ba3c31e3d1ee0f0cc23bb6cdacb5d791ac8e47a44bf59f4d3f29231f,django__django-14730,django/django,False,exact_run_id,assignment-case-v1:c0f04fd6ba3c31e3d1ee0f0cc23bb6cdacb5d791ac8e47a44bf59f4d3f29231f,django__django-14730,shared-baseline
assignment-case-v1:c1b87e551e1479e21e51e5b61818489f67538246fb1066fb65d1133b384a7a4e,django__django-13220,django/django,False,exact_run_id,assignment-case-v1:c1b87e551e1479e21e51e5b61818489f67538246fb1066fb65d1133b384a7a4e,django__django-13220,shared-baseline
assignment-case-v1:c28adc478a94e4edf952ec1c15404e64bc44842b23df3996ac4eb695a20dc7f1,scikit-learn__scikit-learn-25973,scikit-learn/scikit-learn,False,exact_run_id,assignment-case-v1:c28adc478a94e4edf952ec1c15404e64bc44842b23df3996ac4eb695a20dc7f1,scikit-learn__scikit-learn-25973,shared-baseline
assignment-case-v1:c3025c2ef4adea178414707d7a35c1eab3632cb5651189308089daaece2d14cc,sympy__sympy-18087,sympy/sympy,False,exact_run_id,assignment-case-v1:c3025c2ef4adea178414707d7a35c1eab3632cb5651189308089daaece2d14cc,sympy__sympy-18087,shared-baseline
assignment-case-v1:c36a612a784baff8f799467c54fe3574b7bca5778339d7a9b00f00bd4a927a71,sympy__sympy-15609,sympy/sympy,False,exact_run_id,assignment-case-v1:c36a612a784baff8f799467c54fe3574b7bca5778339d7a9b00f00bd4a927a71,sympy__sympy-15609,shared-baseline
assignment-case-v1:c393a31cc50e3e528716ae6f2e065b78030cfc9cb7aefdfa713ea9238e246a1c,django__django-12284,django/django,False,exact_run_id,assignment-case-v1:c393a31cc50e3e528716ae6f2e065b78030cfc9cb7aefdfa713ea9238e246a1c,django__django-12284,shared-baseline
assignment-case-v1:c3e0f55100584bb4789ab14db27b9a4f7a0bf6ea28bbc79072cc83e0d4c7836d,pydata__xarray-3151,pydata/xarray,True,exact_run_id,assignment-case-v1:c3e0f55100584bb4789ab14db27b9a4f7a0bf6ea28bbc79072cc83e0d4c7836d,pydata__xarray-3151,shared-baseline
assignment-case-v1:c42969813ab98d3788e643d3f47d59a358fed008b074d4c882347e7e5f9d0ffb,astropy__astropy-14598,astropy/astropy,False,exact_run_id,assignment-case-v1:c42969813ab98d3788e643d3f47d59a358fed008b074d4c882347e7e5f9d0ffb,astropy__astropy-14598,shared-baseline
assignment-case-v1:c51912d3527c45567c4c459c6372da125a58255767c558f576f1a5b8e9f5abeb,django__django-11211,django/django,False,exact_run_id,assignment-case-v1:c51912d3527c45567c4c459c6372da125a58255767c558f576f1a5b8e9f5abeb,django__django-11211,shared-baseline
assignment-case-v1:c57487d8ceaacb854f490aa1f1df98e1659866b0d29a90047472c7180ff05354,django__django-13012,django/django,True,exact_run_id,assignment-case-v1:c57487d8ceaacb854f490aa1f1df98e1659866b0d29a90047472c7180ff05354,django__django-13012,shared-baseline
assignment-case-v1:c59287bcc16ec7ccf5e995cc7bfeaf2947315493b82489438a6f7f42d9df8d86,sphinx-doc__sphinx-9673,sphinx-doc/sphinx,True,exact_run_id,assignment-case-v1:c59287bcc16ec7ccf5e995cc7bfeaf2947315493b82489438a6f7f42d9df8d86,sphinx-doc__sphinx-9673,shared-baseline
assignment-case-v1:c5c6fe07715b8fdf65cbbd2b13316a247743826363b76bfee0459a40f5a893c5,sympy__sympy-21847,sympy/sympy,True,exact_run_id,assignment-case-v1:c5c6fe07715b8fdf65cbbd2b13316a247743826363b76bfee0459a40f5a893c5,sympy__sympy-21847,shared-baseline
assignment-case-v1:c5cfdf49c592c960596fd00c660cc635b860f1a3d7d4e977f775b11133f270e1,scikit-learn__scikit-learn-14894,scikit-learn/scikit-learn,True,exact_run_id,assignment-case-v1:c5cfdf49c592c960596fd00c660cc635b860f1a3d7d4e977f775b11133f270e1,scikit-learn__scikit-learn-14894,shared-baseline
assignment-case-v1:c5f79a37fb9eac8014ea79e28e10668a2d26053dd243e89332abdebd3e478776,django__django-15278,django/django,True,exact_run_id,assignment-case-v1:c5f79a37fb9eac8014ea79e28e10668a2d26053dd243e89332abdebd3e478776,django__django-15278,shared-baseline
assignment-case-v1:c65fe18ade7200073c516210d6bc53167d9d15632cefa4988c9acff2a8ecec4e,sympy__sympy-18763,sympy/sympy,False,exact_run_id,assignment-case-v1:c65fe18ade7200073c516210d6bc53167d9d15632cefa4988c9acff2a8ecec4e,sympy__sympy-18763,shared-baseline
assignment-case-v1:c67fa97aefbaff8cf87ec8c1b534a7baa3eeb5824ab4f450e15c0392aac7b485,matplotlib__matplotlib-22711,matplotlib/matplotlib,False,exact_run_id,assignment-case-v1:c67fa97aefbaff8cf87ec8c1b534a7baa3eeb5824ab4f450e15c0392aac7b485,matplotlib__matplotlib-22711,shared-baseline
assignment-case-v1:c6848279d80395a33f16471afe905fe85ae756c28651cee34271bd373e0f899e,django__django-16612,django/django,True,exact_run_id,assignment-case-v1:c6848279d80395a33f16471afe905fe85ae756c28651cee34271bd373e0f899e,django__django-16612,shared-baseline
assignment-case-v1:c7e8f90a8c86ea0a1430edcfe8882e8cbb2dcfc009ef137bd1fa9598bef7276f,matplotlib__matplotlib-24970,matplotlib/matplotlib,True,exact_run_id,assignment-case-v1:c7e8f90a8c86ea0a1430edcfe8882e8cbb2dcfc009ef137bd1fa9598bef7276f,matplotlib__matplotlib-24970,shared-baseline
assignment-case-v1:c811b340015683b13e7fd044e86e1ac266c2156cbca6d6c701a7f4338e125e4f,scikit-learn__scikit-learn-13496,scikit-learn/scikit-learn,True,exact_run_id,assignment-case-v1:c811b340015683b13e7fd044e86e1ac266c2156cbca6d6c701a7f4338e125e4f,scikit-learn__scikit-learn-13496,shared-baseline
assignment-case-v1:c879e38063fc4ce5013d5d8cff90778b200b77b824dbb3784c7951c8ae08f357,django__django-11749,django/django,False,exact_run_id,assignment-case-v1:c879e38063fc4ce5013d5d8cff90778b200b77b824dbb3784c7951c8ae08f357,django__django-11749,shared-baseline
assignment-case-v1:c89374fe5b731e655753f9ba494ddb7e5d7d5982c9c1d1fff4be0093b436b1c0,django__django-11400,django/django,False,exact_run_id,assignment-case-v1:c89374fe5b731e655753f9ba494ddb7e5d7d5982c9c1d1fff4be0093b436b1c0,django__django-11400,shared-baseline
assignment-case-v1:c9c2edce8c29b093645d024452652c05e015adc1b5b5de651683b7a13e5993f5,sympy__sympy-15308,sympy/sympy,False,exact_run_id,assignment-case-v1:c9c2edce8c29b093645d024452652c05e015adc1b5b5de651683b7a13e5993f5,sympy__sympy-15308,shared-baseline
assignment-case-v1:c9e54fca578a9257a6bd12b84c0712ab836d459b6130ce740fbcc9cec3be3d72,sympy__sympy-20442,sympy/sympy,False,exact_run_id,assignment-case-v1:c9e54fca578a9257a6bd12b84c0712ab836d459b6130ce740fbcc9cec3be3d72,sympy__sympy-20442,shared-baseline
assignment-case-v1:c9e8f96f666081cde813b7c1b561b601d24c98a63a7ae1a667cc590453a1bc17,django__django-11265,django/django,False,exact_run_id,assignment-case-v1:c9e8f96f666081cde813b7c1b561b601d24c98a63a7ae1a667cc590453a1bc17,django__django-11265,shared-baseline
assignment-case-v1:ca1ced7e53167e69ae839e8afce6fb63c26c67f0292bb3ee14f5c46a169d2586,sympy__sympy-18189,sympy/sympy,True,exact_run_id,assignment-case-v1:ca1ced7e53167e69ae839e8afce6fb63c26c67f0292bb3ee14f5c46a169d2586,sympy__sympy-18189,shared-baseline
assignment-case-v1:ca962c903c73c3aebd22741174cfc57c046b044d5552eaae305321ce72fe44e0,sphinx-doc__sphinx-10323,sphinx-doc/sphinx,False,exact_run_id,assignment-case-v1:ca962c903c73c3aebd22741174cfc57c046b044d5552eaae305321ce72fe44e0,sphinx-doc__sphinx-10323,shared-baseline
assignment-case-v1:cb376575c658644e91d55b5e702641704027686f1fef91366964d0fb4cd08f23,django__django-13212,django/django,False,exact_run_id,assignment-case-v1:cb376575c658644e91d55b5e702641704027686f1fef91366964d0fb4cd08f23,django__django-13212,shared-baseline
assignment-case-v1:cb7048bd6f9c166ce005ace1033d5e7d5187e913be84cd0820b57a58cd0bbc7b,django__django-11049,django/django,True,exact_run_id,assignment-case-v1:cb7048bd6f9c166ce005ace1033d5e7d5187e913be84cd0820b57a58cd0bbc7b,django__django-11049,shared-baseline
assignment-case-v1:cbbb5f692fca99b2710f9b10385b838c5b2bea5d3a0df3173c79a0d74f8448ce,django__django-13195,django/django,False,exact_run_id,assignment-case-v1:cbbb5f692fca99b2710f9b10385b838c5b2bea5d3a0df3173c79a0d74f8448ce,django__django-13195,shared-baseline
assignment-case-v1:cbce4409c98203fa614c98bdfc5fd1ce49f3d3cb1d63bada6878e950b7868405,sphinx-doc__sphinx-8551,sphinx-doc/sphinx,False,exact_run_id,assignment-case-v1:cbce4409c98203fa614c98bdfc5fd1ce49f3d3cb1d63bada6878e950b7868405,sphinx-doc__sphinx-8551,shared-baseline
assignment-case-v1:cdaa91098480edd5c3f9a1976f75a8e9af8a82a651ba659eba1c6c54a6bdd89b,pylint-dev__pylint-6386,pylint-dev/pylint,False,exact_run_id,assignment-case-v1:cdaa91098480edd5c3f9a1976f75a8e9af8a82a651ba659eba1c6c54a6bdd89b,pylint-dev__pylint-6386,shared-baseline
assignment-case-v1:ce9e78ecc92997532b4f5f2a075faf3f6d5e5c68088ab1af0162cae7e99cd9d6,django__django-11276,django/django,True,exact_run_id,assignment-case-v1:ce9e78ecc92997532b4f5f2a075faf3f6d5e5c68088ab1af0162cae7e99cd9d6,django__django-11276,shared-baseline
assignment-case-v1:cfb94c6f6062221eb6ec5936b27188481159f883ecec7ac2abc449b2f1aa9919,pallets__flask-5014,pallets/flask,True,exact_run_id,assignment-case-v1:cfb94c6f6062221eb6ec5936b27188481159f883ecec7ac2abc449b2f1aa9919,pallets__flask-5014,shared-baseline
assignment-case-v1:d01080a3e570f12e4c4bdb7f3050e24161003d3fd7ac9a820746c3e169a6be07,sympy__sympy-14308,sympy/sympy,False,exact_run_id,assignment-case-v1:d01080a3e570f12e4c4bdb7f3050e24161003d3fd7ac9a820746c3e169a6be07,sympy__sympy-14308,shared-baseline
assignment-case-v1:d0ed39d553cff9c5d3376f0c927705c167ab495fd0582234a002c69785f62355,scikit-learn__scikit-learn-14087,scikit-learn/scikit-learn,False,exact_run_id,assignment-case-v1:d0ed39d553cff9c5d3376f0c927705c167ab495fd0582234a002c69785f62355,scikit-learn__scikit-learn-14087,shared-baseline
assignment-case-v1:d0fc01cf5a6b2e341027625ce777a99e6c0fafc9b55d2e31257cca8aec041ab3,sphinx-doc__sphinx-8269,sphinx-doc/sphinx,False,exact_run_id,assignment-case-v1:d0fc01cf5a6b2e341027625ce777a99e6c0fafc9b55d2e31257cca8aec041ab3,sphinx-doc__sphinx-8269,shared-baseline
assignment-case-v1:d1111f01c84c4256a578f7077998abc0f68cf0470bf8a91e81a28ea10855e167,sympy__sympy-21627,sympy/sympy,False,exact_run_id,assignment-case-v1:d1111f01c84c4256a578f7077998abc0f68cf0470bf8a91e81a28ea10855e167,sympy__sympy-21627,shared-baseline
assignment-case-v1:d1d358803e1ab33d62fba7576b26054da0940ac1512abedd2196b85b5002ca8f,matplotlib__matplotlib-25332,matplotlib/matplotlib,False,exact_run_id,assignment-case-v1:d1d358803e1ab33d62fba7576b26054da0940ac1512abedd2196b85b5002ca8f,matplotlib__matplotlib-25332,shared-baseline
assignment-case-v1:d25586467f9f2149a0cd5bea6433342706aa79348fb0c6f5e2ff7b5efb13872d,django__django-16642,django/django,False,exact_run_id,assignment-case-v1:d25586467f9f2149a0cd5bea6433342706aa79348fb0c6f5e2ff7b5efb13872d,django__django-16642,shared-baseline
assignment-case-v1:d26036a17afaae24eefc19afe2aab2b348c03ac13e3f896f87c1f7e73626216b,django__django-16595,django/django,True,exact_run_id,assignment-case-v1:d26036a17afaae24eefc19afe2aab2b348c03ac13e3f896f87c1f7e73626216b,django__django-16595,shared-baseline
assignment-case-v1:d2d613ef7ca39298b36f1f593756777ef426ca23f5bea42067fce786ada56f70,sympy__sympy-17630,sympy/sympy,False,exact_run_id,assignment-case-v1:d2d613ef7ca39298b36f1f593756777ef426ca23f5bea42067fce786ada56f70,sympy__sympy-17630,shared-baseline
assignment-case-v1:d2ff38234f0d41ec773cfe9c5a020c9affd412a0cfb3cbbb4a5c97592beed492,django__django-11742,django/django,False,exact_run_id,assignment-case-v1:d2ff38234f0d41ec773cfe9c5a020c9affd412a0cfb3cbbb4a5c97592beed492,django__django-11742,shared-baseline
assignment-case-v1:d3fa0b32aa4979b256b2320aaf006d557d7539ba1087aa9aa1783f37b15f0958,django__django-14855,django/django,True,exact_run_id,assignment-case-v1:d3fa0b32aa4979b256b2320aaf006d557d7539ba1087aa9aa1783f37b15f0958,django__django-14855,shared-baseline
assignment-case-v1:d48be37f003352ae157ef57072dcd04b4e731a90f44b7eb39f04925862d7186a,sympy__sympy-20154,sympy/sympy,True,exact_run_id,assignment-case-v1:d48be37f003352ae157ef57072dcd04b4e731a90f44b7eb39f04925862d7186a,sympy__sympy-20154,shared-baseline
assignment-case-v1:d4d00a4ef8d89a94f59d4998a10716fedd130181f60623339653ca8b5c7ee29f,scikit-learn__scikit-learn-14141,scikit-learn/scikit-learn,True,exact_run_id,assignment-case-v1:d4d00a4ef8d89a94f59d4998a10716fedd130181f60623339653ca8b5c7ee29f,scikit-learn__scikit-learn-14141,shared-baseline
assignment-case-v1:d5018453b95870adeedc0aadc055ff31dbcbbc3787ab2f1cd17ad243f00593d7,django__django-16400,django/django,False,exact_run_id,assignment-case-v1:d5018453b95870adeedc0aadc055ff31dbcbbc3787ab2f1cd17ad243f00593d7,django__django-16400,shared-baseline
assignment-case-v1:d6dbb28add057cce397c91bc997b70f4e6849a374dc58248efaa6b21c3802a2a,django__django-15252,django/django,False,exact_run_id,assignment-case-v1:d6dbb28add057cce397c91bc997b70f4e6849a374dc58248efaa6b21c3802a2a,django__django-15252,shared-baseline
assignment-case-v1:d6f9778cbcecdc5fd742e8e4b07100fd6a9ae160ce64b7166562cd59e9ef1c6f,pydata__xarray-6744,pydata/xarray,False,exact_run_id,assignment-case-v1:d6f9778cbcecdc5fd742e8e4b07100fd6a9ae160ce64b7166562cd59e9ef1c6f,pydata__xarray-6744,shared-baseline
assignment-case-v1:d783020466b09626643253a60317612cba4d2a09170a3c615f1d5b2f6981d572,django__django-15022,django/django,False,exact_run_id,assignment-case-v1:d783020466b09626643253a60317612cba4d2a09170a3c615f1d5b2f6981d572,django__django-15022,shared-baseline
assignment-case-v1:d8978b66bf9973869e33a80c38024e7aaeb9b01f6a1c4e6fb976eaf3bec28efb,django__django-13768,django/django,False,exact_run_id,assignment-case-v1:d8978b66bf9973869e33a80c38024e7aaeb9b01f6a1c4e6fb976eaf3bec28efb,django__django-13768,shared-baseline
assignment-case-v1:d8e10a845fbfd2df676abe7db22672755b861df5ee68941298deef1b9b4a99d1,sphinx-doc__sphinx-8638,sphinx-doc/sphinx,False,exact_run_id,assignment-case-v1:d8e10a845fbfd2df676abe7db22672755b861df5ee68941298deef1b9b4a99d1,sphinx-doc__sphinx-8638,shared-baseline
assignment-case-v1:d91d50406fbca37e462087bbbc9eba7e8959f19627d3b858c168b8fa0ab411bb,sympy__sympy-16886,sympy/sympy,True,exact_run_id,assignment-case-v1:d91d50406fbca37e462087bbbc9eba7e8959f19627d3b858c168b8fa0ab411bb,sympy__sympy-16886,shared-baseline
assignment-case-v1:db05a7145305e9bcca80dc574a54b5a5254ad96972602b291050a8c3f69b9b90,matplotlib__matplotlib-20859,matplotlib/matplotlib,True,exact_run_id,assignment-case-v1:db05a7145305e9bcca80dc574a54b5a5254ad96972602b291050a8c3f69b9b90,matplotlib__matplotlib-20859,shared-baseline
assignment-case-v1:db6ca197fb5edb1eafeebd43693f62d9a79744e7366859280b68f33404396a38,django__django-15061,django/django,False,exact_run_id,assignment-case-v1:db6ca197fb5edb1eafeebd43693f62d9a79744e7366859280b68f33404396a38,django__django-15061,shared-baseline
assignment-case-v1:db9bb5b00f9b3e40f504e29f5c2d63166216918214ef84328b5e929cfd7fdad8,matplotlib__matplotlib-26208,matplotlib/matplotlib,False,exact_run_id,assignment-case-v1:db9bb5b00f9b3e40f504e29f5c2d63166216918214ef84328b5e929cfd7fdad8,matplotlib__matplotlib-26208,shared-baseline
assignment-case-v1:dbfdd9deb89b2a5f2ead554f0fa1598f6b752219f3ac9642fc15f1895ca674b1,django__django-13513,django/django,False,exact_run_id,assignment-case-v1:dbfdd9deb89b2a5f2ead554f0fa1598f6b752219f3ac9642fc15f1895ca674b1,django__django-13513,shared-baseline
assignment-case-v1:dc7643b985b42eba48c8c8bc666565b40ca2ed7694a2b789305458d657ed448f,django__django-12406,django/django,False,exact_run_id,assignment-case-v1:dc7643b985b42eba48c8c8bc666565b40ca2ed7694a2b789305458d657ed448f,django__django-12406,shared-baseline
assignment-case-v1:dcb72a6797080ae7e58ba82d9719ebb377d89e064d86435d574bf4c63f088a5a,django__django-11490,django/django,False,exact_run_id,assignment-case-v1:dcb72a6797080ae7e58ba82d9719ebb377d89e064d86435d574bf4c63f088a5a,django__django-11490,shared-baseline
assignment-case-v1:dd907f99a8cf73339d001a0d9a632dba07c80bb42f03d51e3a618548ff882dfb,django__django-13590,django/django,False,exact_run_id,assignment-case-v1:dd907f99a8cf73339d001a0d9a632dba07c80bb42f03d51e3a618548ff882dfb,django__django-13590,shared-baseline
assignment-case-v1:dd96b2c2b72c1299244452c02a9d144d94dd9209b7de33a445641424be00114e,matplotlib__matplotlib-24627,matplotlib/matplotlib,True,exact_run_id,assignment-case-v1:dd96b2c2b72c1299244452c02a9d144d94dd9209b7de33a445641424be00114e,matplotlib__matplotlib-24627,shared-baseline
assignment-case-v1:dde138aec895c494f00a48afe443f5d1efc12fd364f24340a674c042213bc943,django__django-14493,django/django,True,exact_run_id,assignment-case-v1:dde138aec895c494f00a48afe443f5d1efc12fd364f24340a674c042213bc943,django__django-14493,shared-baseline
assignment-case-v1:ddeeb3d8eb88f8804597271f77bccfc883fe3f6d3fd1cb0919b0ce097dd66959,sphinx-doc__sphinx-8282,sphinx-doc/sphinx,False,exact_run_id,assignment-case-v1:ddeeb3d8eb88f8804597271f77bccfc883fe3f6d3fd1cb0919b0ce097dd66959,sphinx-doc__sphinx-8282,shared-baseline
assignment-case-v1:df8d5a24fac71018874c5d56fb6ec2179530104e1a9df292364accd30cb44b06,pydata__xarray-4493,pydata/xarray,False,exact_run_id,assignment-case-v1:df8d5a24fac71018874c5d56fb6ec2179530104e1a9df292364accd30cb44b06,pydata__xarray-4493,shared-baseline
assignment-case-v1:dfb3cc098307acacc57089da49193dcfe17d6ad9866ed690a4343f2ac25bb084,scikit-learn__scikit-learn-10297,scikit-learn/scikit-learn,True,exact_run_id,assignment-case-v1:dfb3cc098307acacc57089da49193dcfe17d6ad9866ed690a4343f2ac25bb084,scikit-learn__scikit-learn-10297,shared-baseline
assignment-case-v1:e0348645ebd18c7ba776f789d9b1600fc70bc077cd82fae7fc27bbbbd68c2b7b,sphinx-doc__sphinx-9698,sphinx-doc/sphinx,True,exact_run_id,assignment-case-v1:e0348645ebd18c7ba776f789d9b1600fc70bc077cd82fae7fc27bbbbd68c2b7b,sphinx-doc__sphinx-9698,shared-baseline
assignment-case-v1:e03bb5e78d4faa5f2dd6323f3dfc1ac6de0cfee0fe09a99cd7754c100eaa406f,django__django-11039,django/django,False,exact_run_id,assignment-case-v1:e03bb5e78d4faa5f2dd6323f3dfc1ac6de0cfee0fe09a99cd7754c100eaa406f,django__django-11039,shared-baseline
assignment-case-v1:e1205a1c3f2d57520402a0e50d5a62e4c6822e2620ded5c6da4c980abf43501d,matplotlib__matplotlib-22865,matplotlib/matplotlib,False,exact_run_id,assignment-case-v1:e1205a1c3f2d57520402a0e50d5a62e4c6822e2620ded5c6da4c980abf43501d,matplotlib__matplotlib-22865,shared-baseline
assignment-case-v1:e1656caa14ec355c8d0581a5384d8b33541a9cd90272fa60fd22c749c02ad163,sphinx-doc__sphinx-10325,sphinx-doc/sphinx,True,exact_run_id,assignment-case-v1:e1656caa14ec355c8d0581a5384d8b33541a9cd90272fa60fd22c749c02ad163,sphinx-doc__sphinx-10325,shared-baseline
assignment-case-v1:e193689e1276ad40ece91611deddff57efb2f182aea41e4234a6028c1efb1fcf,sympy__sympy-15349,sympy/sympy,False,exact_run_id,assignment-case-v1:e193689e1276ad40ece91611deddff57efb2f182aea41e4234a6028c1efb1fcf,sympy__sympy-15349,shared-baseline
assignment-case-v1:e24c9b60fa819f46e7fa04b15ee46a41184e7852fce39fa705df63e2853b69fb,django__django-16116,django/django,True,exact_run_id,assignment-case-v1:e24c9b60fa819f46e7fa04b15ee46a41184e7852fce39fa705df63e2853b69fb,django__django-16116,shared-baseline
assignment-case-v1:e3141317086e0fea67faa9aa4c06315bebddfc0ca49f5655927cfee638f19f57,django__django-14155,django/django,False,exact_run_id,assignment-case-v1:e3141317086e0fea67faa9aa4c06315bebddfc0ca49f5655927cfee638f19f57,django__django-14155,shared-baseline
assignment-case-v1:e3b0167992e5f5d9e4eb42a20241f768c36b7347ae2a10c1ca54aacb25bf746f,django__django-13710,django/django,True,exact_run_id,assignment-case-v1:e3b0167992e5f5d9e4eb42a20241f768c36b7347ae2a10c1ca54aacb25bf746f,django__django-13710,shared-baseline
assignment-case-v1:e3f8d5c8d945837b3cdb498493a2bd9ff249471d8d19bd21c1ff562ac833d918,django__django-12143,django/django,True,exact_run_id,assignment-case-v1:e3f8d5c8d945837b3cdb498493a2bd9ff249471d8d19bd21c1ff562ac833d918,django__django-12143,shared-baseline
assignment-case-v1:e42d731af13d089206387006408d224b38ad2b14d5c7875f24f870fe9dd8c19a,sympy__sympy-21171,sympy/sympy,False,exact_run_id,assignment-case-v1:e42d731af13d089206387006408d224b38ad2b14d5c7875f24f870fe9dd8c19a,sympy__sympy-21171,shared-baseline
assignment-case-v1:e4798686196b4e0a621f3d4e8e7e5fd53ab7e323538cb1b18f70333b74f3b9a5,django__django-14765,django/django,True,exact_run_id,assignment-case-v1:e4798686196b4e0a621f3d4e8e7e5fd53ab7e323538cb1b18f70333b74f3b9a5,django__django-14765,shared-baseline
assignment-case-v1:e4a9167152c2b68620324d2df439ca46d6d4b60f6625fa0dedab555c8fbd53bc,matplotlib__matplotlib-26466,matplotlib/matplotlib,False,exact_run_id,assignment-case-v1:e4a9167152c2b68620324d2df439ca46d6d4b60f6625fa0dedab555c8fbd53bc,matplotlib__matplotlib-26466,shared-baseline
assignment-case-v1:e4ddb13bd8f26c7ed61367a0844761301b43b9d7458f0903cd3657005274a5d4,astropy__astropy-14182,astropy/astropy,False,exact_run_id,assignment-case-v1:e4ddb13bd8f26c7ed61367a0844761301b43b9d7458f0903cd3657005274a5d4,astropy__astropy-14182,shared-baseline
assignment-case-v1:e52c33cdd2fc7d9437665fbd3be037109f246c47519e9cd1c34b953adb4feee7,matplotlib__matplotlib-23964,matplotlib/matplotlib,True,exact_run_id,assignment-case-v1:e52c33cdd2fc7d9437665fbd3be037109f246c47519e9cd1c34b953adb4feee7,matplotlib__matplotlib-23964,shared-baseline
assignment-case-v1:e55921dd6a9280a7c83fe90742330deaf3694f706563f3bde736f92978caf8b1,sympy__sympy-24539,sympy/sympy,True,exact_run_id,assignment-case-v1:e55921dd6a9280a7c83fe90742330deaf3694f706563f3bde736f92978caf8b1,sympy__sympy-24539,shared-baseline
assignment-case-v1:e5dc247216f3407564e65c96bac2411ce57c70b4da13210359b1d21be9225ed0,django__django-13033,django/django,False,exact_run_id,assignment-case-v1:e5dc247216f3407564e65c96bac2411ce57c70b4da13210359b1d21be9225ed0,django__django-13033,shared-baseline
assignment-case-v1:e6cbd6e25fbb8593a31b77dae2bcfa6866664ed1f610d084c6642104a6b1e056,sympy__sympy-13773,sympy/sympy,False,exact_run_id,assignment-case-v1:e6cbd6e25fbb8593a31b77dae2bcfa6866664ed1f610d084c6642104a6b1e056,sympy__sympy-13773,shared-baseline
assignment-case-v1:e7e22fdd4d738e72a4d372dde587d8a0a45bd855e0454107c9f8e4edd12a6e4e,pytest-dev__pytest-5809,pytest-dev/pytest,True,exact_run_id,assignment-case-v1:e7e22fdd4d738e72a4d372dde587d8a0a45bd855e0454107c9f8e4edd12a6e4e,pytest-dev__pytest-5809,shared-baseline
assignment-case-v1:e871e37eb54f88abe2eb5283d3fa42efb75d18d2319df9861c57ec46634a8b20,sympy__sympy-24909,sympy/sympy,False,exact_run_id,assignment-case-v1:e871e37eb54f88abe2eb5283d3fa42efb75d18d2319df9861c57ec46634a8b20,sympy__sympy-24909,shared-baseline
assignment-case-v1:e99e9eb435602e0bcfbccd1d1ff5f73496bdb04e6709114dcb6cccc0e7d4bb72,sympy__sympy-14396,sympy/sympy,False,exact_run_id,assignment-case-v1:e99e9eb435602e0bcfbccd1d1ff5f73496bdb04e6709114dcb6cccc0e7d4bb72,sympy__sympy-14396,shared-baseline
assignment-case-v1:ea499ee155b4c4ae333d3f5ec30d04822af0f5790869fd7a4f3e948738dd5e3c,django__django-15819,django/django,False,exact_run_id,assignment-case-v1:ea499ee155b4c4ae333d3f5ec30d04822af0f5790869fd7a4f3e948738dd5e3c,django__django-15819,shared-baseline
assignment-case-v1:ea8c504259bb654aaee75bff500d44aa5d2b2edf42ca5d7204644a628d97ba41,astropy__astropy-8707,astropy/astropy,True,exact_run_id,assignment-case-v1:ea8c504259bb654aaee75bff500d44aa5d2b2edf42ca5d7204644a628d97ba41,astropy__astropy-8707,shared-baseline
assignment-case-v1:eab1b5ed04a17add724481b72ffb5b185a97be4271d9f7db2e11c19f9683cfd6,django__django-16816,django/django,False,exact_run_id,assignment-case-v1:eab1b5ed04a17add724481b72ffb5b185a97be4271d9f7db2e11c19f9683cfd6,django__django-16816,shared-baseline
assignment-case-v1:eb8a6cd9dc0d53d1539e37cb3554de218694949693c6be59f2cb6b57e513f067,django__django-16255,django/django,True,exact_run_id,assignment-case-v1:eb8a6cd9dc0d53d1539e37cb3554de218694949693c6be59f2cb6b57e513f067,django__django-16255,shared-baseline
assignment-case-v1:ebbe0c2bfa75cefd8afda1e98d0637f92d5a59c5eddaadaf1d3aed3c6c0e5e5a,django__django-14667,django/django,False,exact_run_id,assignment-case-v1:ebbe0c2bfa75cefd8afda1e98d0637f92d5a59c5eddaadaf1d3aed3c6c0e5e5a,django__django-14667,shared-baseline
assignment-case-v1:ec1a1f5ec2579ead434cbd990ccae69f5a68e30272a361e0593ce991d14b2395,django__django-14631,django/django,False,exact_run_id,assignment-case-v1:ec1a1f5ec2579ead434cbd990ccae69f5a68e30272a361e0593ce991d14b2395,django__django-14631,shared-baseline
assignment-case-v1:ee3b762c3f310d8c26ba1c4137762fdc596da5a103684811cd02568a86bebc1d,matplotlib__matplotlib-13989,matplotlib/matplotlib,True,exact_run_id,assignment-case-v1:ee3b762c3f310d8c26ba1c4137762fdc596da5a103684811cd02568a86bebc1d,matplotlib__matplotlib-13989,shared-baseline
assignment-case-v1:efc5abf77617ac555f376e03a2b97eb1bb3a2eaf9efbe0be15ddefc93dad913a,django__django-11532,django/django,False,exact_run_id,assignment-case-v1:efc5abf77617ac555f376e03a2b97eb1bb3a2eaf9efbe0be15ddefc93dad913a,django__django-11532,shared-baseline
assignment-case-v1:f00ccb5d293f81f52229cf10b6036ee73903cb4bbc1540ae5afe95bc960d04af,django__django-10914,django/django,True,exact_run_id,assignment-case-v1:f00ccb5d293f81f52229cf10b6036ee73903cb4bbc1540ae5afe95bc960d04af,django__django-10914,shared-baseline
assignment-case-v1:f0c78f0a748bdbb2074f7301a89208ebb7b54c119f6ed4280de5d2fb305b6799,django__django-13448,django/django,False,exact_run_id,assignment-case-v1:f0c78f0a748bdbb2074f7301a89208ebb7b54c119f6ed4280de5d2fb305b6799,django__django-13448,shared-baseline
assignment-case-v1:f11e018669284ec8ee050991d068c46b443af70590e9abd4afe77a6a1063c068,django__django-16938,django/django,False,exact_run_id,assignment-case-v1:f11e018669284ec8ee050991d068c46b443af70590e9abd4afe77a6a1063c068,django__django-16938,shared-baseline
assignment-case-v1:f137ca8b39ec593fe336f918e13999337d76b68bd2b4fb9298f4fefa3725e02e,django__django-15128,django/django,False,exact_run_id,assignment-case-v1:f137ca8b39ec593fe336f918e13999337d76b68bd2b4fb9298f4fefa3725e02e,django__django-15128,shared-baseline
assignment-case-v1:f1f08fb8c2a1c39e2d417507f98b71b523b2b38a978c2ead08ad950dbfd06286,matplotlib__matplotlib-24570,matplotlib/matplotlib,False,exact_run_id,assignment-case-v1:f1f08fb8c2a1c39e2d417507f98b71b523b2b38a978c2ead08ad950dbfd06286,matplotlib__matplotlib-24570,shared-baseline
assignment-case-v1:f1f7abbd07d92360ad329b832f209e9e9a6901162dbb61e6bc20263382bb5750,django__django-14155,django/django,False,exact_run_id,assignment-case-v1:f1f7abbd07d92360ad329b832f209e9e9a6901162dbb61e6bc20263382bb5750,django__django-14155,shared-baseline
assignment-case-v1:f2963397443789c0c59955ff14804ecf287dd38e0c1a1bb0ba9c71ac2f408251,django__django-15996,django/django,True,exact_run_id,assignment-case-v1:f2963397443789c0c59955ff14804ecf287dd38e0c1a1bb0ba9c71ac2f408251,django__django-15996,shared-baseline
assignment-case-v1:f31b735961db4646a1738d97a56c19b8cd3082462a87154701451cae02683eff,matplotlib__matplotlib-22871,matplotlib/matplotlib,False,exact_run_id,assignment-case-v1:f31b735961db4646a1738d97a56c19b8cd3082462a87154701451cae02683eff,matplotlib__matplotlib-22871,shared-baseline
assignment-case-v1:f61f392239c79a4da8e54e9fb813ac74e41b7ae264093db82f105f79aad980c2,django__django-11815,django/django,True,exact_run_id,assignment-case-v1:f61f392239c79a4da8e54e9fb813ac74e41b7ae264093db82f105f79aad980c2,django__django-11815,shared-baseline
assignment-case-v1:f6823c9d6e998acb9d32732a907a882d092b046b39fdf7ced2de2dd56d1d2a46,scikit-learn__scikit-learn-13779,scikit-learn/scikit-learn,True,exact_run_id,assignment-case-v1:f6823c9d6e998acb9d32732a907a882d092b046b39fdf7ced2de2dd56d1d2a46,scikit-learn__scikit-learn-13779,shared-baseline
assignment-case-v1:f6982513b6d62485fdf626518a5f021e33fc58c4d54be1f4bd0de1758ee58fec,django__django-15790,django/django,True,exact_run_id,assignment-case-v1:f6982513b6d62485fdf626518a5f021e33fc58c4d54be1f4bd0de1758ee58fec,django__django-15790,shared-baseline
assignment-case-v1:f6adeed8516729b5df24a97623f6a09c3d2b656b0bcfd51b379e7436d75bfb71,sphinx-doc__sphinx-7440,sphinx-doc/sphinx,True,exact_run_id,assignment-case-v1:f6adeed8516729b5df24a97623f6a09c3d2b656b0bcfd51b379e7436d75bfb71,sphinx-doc__sphinx-7440,shared-baseline
assignment-case-v1:f6cd4c89889727fdcb8d7cda2ec7f4c6107a02c29481ea3092562944089b0583,django__django-13964,django/django,False,exact_run_id,assignment-case-v1:f6cd4c89889727fdcb8d7cda2ec7f4c6107a02c29481ea3092562944089b0583,django__django-13964,shared-baseline
assignment-case-v1:f6d860570ddf721bde33f6b2bfe64f47c05139e10062b63aec9f202ccd63168d,django__django-16100,django/django,True,exact_run_id,assignment-case-v1:f6d860570ddf721bde33f6b2bfe64f47c05139e10062b63aec9f202ccd63168d,django__django-16100,shared-baseline
assignment-case-v1:f6ee9bf57419826e5843b7bca7ff7582d5cca9dc0d9e4096c1c7dc8d8fbb2156,matplotlib__matplotlib-22719,matplotlib/matplotlib,True,exact_run_id,assignment-case-v1:f6ee9bf57419826e5843b7bca7ff7582d5cca9dc0d9e4096c1c7dc8d8fbb2156,matplotlib__matplotlib-22719,shared-baseline
assignment-case-v1:f70b7000c10162a79673810483df303a1f6d5c22f3494c63f7b9d8de54690fe9,django__django-15277,django/django,True,exact_run_id,assignment-case-v1:f70b7000c10162a79673810483df303a1f6d5c22f3494c63f7b9d8de54690fe9,django__django-15277,shared-baseline
assignment-case-v1:f7447e96bd5eebb60e03289f09af9495344bc3ea782937656479f12599495e6a,sympy__sympy-20154,sympy/sympy,True,exact_run_id,assignment-case-v1:f7447e96bd5eebb60e03289f09af9495344bc3ea782937656479f12599495e6a,sympy__sympy-20154,shared-baseline
assignment-case-v1:f80866fb98b2655d4c79a897f7c940abde4e6d49895cd26973a4e718b6d35ecb,django__django-13121,django/django,False,exact_run_id,assignment-case-v1:f80866fb98b2655d4c79a897f7c940abde4e6d49895cd26973a4e718b6d35ecb,django__django-13121,shared-baseline
assignment-case-v1:f837cda02d31873b8c38f8c325be44e08e931f6beea36b5b597a1b3996aa0dc0,sympy__sympy-18835,sympy/sympy,True,exact_run_id,assignment-case-v1:f837cda02d31873b8c38f8c325be44e08e931f6beea36b5b597a1b3996aa0dc0,sympy__sympy-18835,shared-baseline
assignment-case-v1:f88056bf8c3cd4ebb7d9b01b938b85f9b6143f7ce03837a34a4b34b3740afe39,sympy__sympy-15976,sympy/sympy,False,exact_run_id,assignment-case-v1:f88056bf8c3cd4ebb7d9b01b938b85f9b6143f7ce03837a34a4b34b3740afe39,sympy__sympy-15976,shared-baseline
assignment-case-v1:f88edde848fdc4ad5f80a1f715e36ad44fc174096f2502fcf132848311cf0666,django__django-13821,django/django,True,exact_run_id,assignment-case-v1:f88edde848fdc4ad5f80a1f715e36ad44fc174096f2502fcf132848311cf0666,django__django-13821,shared-baseline
assignment-case-v1:f8bfe9483ddbaf970043a4544bcf5a5175b5e06af30be6393205076c2e6aae3b,sympy__sympy-13480,sympy/sympy,True,exact_run_id,assignment-case-v1:f8bfe9483ddbaf970043a4544bcf5a5175b5e06af30be6393205076c2e6aae3b,sympy__sympy-13480,shared-baseline
assignment-case-v1:fa3360db043ff790cee30536476b79de84d0b2c18c65ff46dc550e8efcce6b3f,sympy__sympy-24213,sympy/sympy,True,exact_run_id,assignment-case-v1:fa3360db043ff790cee30536476b79de84d0b2c18c65ff46dc550e8efcce6b3f,sympy__sympy-24213,shared-baseline
assignment-case-v1:fa6bfdfe3a9b40846d03845371e7efa2d7708661d643a6ec49c4b39cafc87a21,django__django-16667,django/django,False,exact_run_id,assignment-case-v1:fa6bfdfe3a9b40846d03845371e7efa2d7708661d643a6ec49c4b39cafc87a21,django__django-16667,shared-baseline
assignment-case-v1:fae1bb6595c1ccd152f8e86163d95674ce38307496629a293e7c4c54be2aa98c,django__django-16315,django/django,False,exact_run_id,assignment-case-v1:fae1bb6595c1ccd152f8e86163d95674ce38307496629a293e7c4c54be2aa98c,django__django-16315,shared-baseline
assignment-case-v1:fb2a65d94c82bd1030bd62ace02004b7d82d9f75de9e040c7b75a508f521aef1,django__django-12858,django/django,False,exact_run_id,assignment-case-v1:fb2a65d94c82bd1030bd62ace02004b7d82d9f75de9e040c7b75a508f521aef1,django__django-12858,shared-baseline
assignment-case-v1:fcc7c11647d5296d8748d52c7fea5c956b0b0f6b71a5bf362901ee328c528bf2,django__django-14315,django/django,False,exact_run_id,assignment-case-v1:fcc7c11647d5296d8748d52c7fea5c956b0b0f6b71a5bf362901ee328c528bf2,django__django-14315,shared-baseline
assignment-case-v1:fce63cf4fd1c36f01cf62c19b7105e9a6f732e92dea73a8319aae114bc2966eb,django__django-15851,django/django,True,exact_run_id,assignment-case-v1:fce63cf4fd1c36f01cf62c19b7105e9a6f732e92dea73a8319aae114bc2966eb,django__django-15851,shared-baseline
assignment-case-v1:fd32c73bbb957e5dbae3b9de9840b479a0536eb38565fde74d462b971a976ebe,scikit-learn__scikit-learn-13439,scikit-learn/scikit-learn,True,exact_run_id,assignment-case-v1:fd32c73bbb957e5dbae3b9de9840b479a0536eb38565fde74d462b971a976ebe,scikit-learn__scikit-learn-13439,shared-baseline
assignment-case-v1:fd586d6bbf8de140ea87fac3132c4ab889fc28b460b6792a4d9b673be4b7b6bc,pytest-dev__pytest-7490,pytest-dev/pytest,False,exact_run_id,assignment-case-v1:fd586d6bbf8de140ea87fac3132c4ab889fc28b460b6792a4d9b673be4b7b6bc,pytest-dev__pytest-7490,shared-baseline
assignment-case-v1:fd9d0abb251e65cf87cf808c41400c18147c6e7c07ddc7c59b3e0a87ed1afd99,django__django-14034,django/django,False,exact_run_id,assignment-case-v1:fd9d0abb251e65cf87cf808c41400c18147c6e7c07ddc7c59b3e0a87ed1afd99,django__django-14034,shared-baseline
assignment-case-v1:fd9e97538667718ec28cda5bfd4f7266d72a4502f81d29ce50e2f6754dbff0ab,django__django-12856,django/django,False,exact_run_id,assignment-case-v1:fd9e97538667718ec28cda5bfd4f7266d72a4502f81d29ce50e2f6754dbff0ab,django__django-12856,shared-baseline
assignment-case-v1:fe1bd54652a88ad57afa06fa3d580bf73826b8c624f409ab0a90f0175a12c41a,sphinx-doc__sphinx-7889,sphinx-doc/sphinx,False,exact_run_id,assignment-case-v1:fe1bd54652a88ad57afa06fa3d580bf73826b8c624f409ab0a90f0175a12c41a,sphinx-doc__sphinx-7889,shared-baseline
assignment-case-v1:fe1e4f66674ef17205e8f9884658775788e59b7342e4c5cfd5f7f26ead2daac1,django__django-12663,django/django,False,exact_run_id,assignment-case-v1:fe1e4f66674ef17205e8f9884658775788e59b7342e4c5cfd5f7f26ead2daac1,django__django-12663,shared-baseline
assignment-case-v1:fe69c872b5ce7d0f7c18e7c7fc53e9eabad5a242039f2a82c08b7a2f25694d2b,django__django-15957,django/django,False,exact_run_id,assignment-case-v1:fe69c872b5ce7d0f7c18e7c7fc53e9eabad5a242039f2a82c08b7a2f25694d2b,django__django-15957,shared-baseline
assignment-case-v1:fe92a02d48834881ffb40f81b0fa74cda68c6deeec0ee7823af9c89e5540f709,django__django-14122,django/django,False,exact_run_id,assignment-case-v1:fe92a02d48834881ffb40f81b0fa74cda68c6deeec0ee7823af9c89e5540f709,django__django-14122,shared-baseline
assignment-case-v1:febdb8130566a31a20f81f4255e3f2319201a54f3e67a08a68eb5caccd52fb9b,sympy__sympy-18532,sympy/sympy,True,exact_run_id,assignment-case-v1:febdb8130566a31a20f81f4255e3f2319201a54f3e67a08a68eb5caccd52fb9b,sympy__sympy-18532,shared-baseline
assignment-case-v1:fee081408ee253778c163f45168759c2da9a584ae0b0b544e4d5cd9e1f5de837,scikit-learn__scikit-learn-13142,scikit-learn/scikit-learn,True,exact_run_id,assignment-case-v1:fee081408ee253778c163f45168759c2da9a584ae0b0b544e4d5cd9e1f5de837,scikit-learn__scikit-learn-13142,shared-baseline
assignment-case-v1:ff159be01be197ef644d99a50422ac6f6b0554a61f492f9a8a878aa5c59cc448,matplotlib__matplotlib-18869,matplotlib/matplotlib,False,exact_run_id,assignment-case-v1:ff159be01be197ef644d99a50422ac6f6b0554a61f492f9a8a878aa5c59cc448,matplotlib__matplotlib-18869,shared-baseline
assignment-case-v1:ff20778cfb95ac112b512c1867758ace649f2edf608920f96d6c2e14f272c660,sphinx-doc__sphinx-7748,sphinx-doc/sphinx,False,exact_run_id,assignment-case-v1:ff20778cfb95ac112b512c1867758ace649f2edf608920f96d6c2e14f272c660,sphinx-doc__sphinx-7748,shared-baseline
assignment-case-v1:ffa565feeba1ec11fe70c438671b4c1947620d8f318d3a57b18fee640c1f379f,sympy__sympy-13974,sympy/sympy,False,exact_run_id,assignment-case-v1:ffa565feeba1ec11fe70c438671b4c1947620d8f318d3a57b18fee640c1f379f,sympy__sympy-13974,shared-baseline
assignment-case-v1:ffe8a2c3613c3da7b443b805dac5838da048ede22b197542531638fedf2e527c,django__django-16256,django/django,False,exact_run_id,assignment-case-v1:ffe8a2c3613c3da7b443b805dac5838da048ede22b197542531638fedf2e527c,django__django-16256,shared-baseline
