run_id,instance_id,category,official_resolved,outcome_match_mode,outer_fold,observed_tool_wall_ms,observed_gpu_proxy_wall_ms,observed_e2e_ms,proxy_ratio,e2e_model_within25,predicted_tool_wall_ms,predicted_gpu_proxy_wall_ms,predicted_e2e_ms
assignment-case-v1:003fb85dfbc99179e5ea2986e1ca936c6dfa5dea71d2405a1bdc9ed2cdfb75c9,scikit-learn__scikit-learn-25232,scikit-learn/scikit-learn,True,exact_run_id,2,45554.20019099256,44271.954962,208202.901016,1.0289629231438537,False,9513.87304335367,19162.8857395,125168.74167399999
assignment-case-v1:0050fdfd5f21bfa855b0f03a76b55ed7c6a76b53e26d65eed59a0a698f0712c2,sympy__sympy-12419,sympy/sympy,False,exact_run_id,3,10852.892054012045,30489.949162999997,86831.359052,0.3559498245140464,False,7406.737903984322,19062.72243000001,124252.1253105
assignment-case-v1:00ba3a406cd67bc21b7a5aa182a6ca15a3df1821ca94ad8d8e2e671e42032c9d,sympy__sympy-19954,sympy/sympy,True,exact_run_id,3,11694.90805407986,52850.200279,105395.835818,0.2212840820345354,True,11338.264916012122,19062.72243000001,124252.1253105
assignment-case-v1:012b1d6bec9cb005da8283490eb20ce2370ac8ec397a0a0878a9a9c6213c1a01,django__django-13401,django/django,True,exact_run_id,4,11444.18193004094,37086.65050600001,110565.857865,0.30857955015887617,True,9245.664196167127,19033.337498999997,124919.82762699999
assignment-case-v1:01d6ece3299ee960efab99aa2c46d0fecb08905a294eb77c96f110a04b7bb29a,sympy__sympy-19346,sympy/sympy,True,exact_run_id,3,19428.223882001475,51256.901072,116177.72439,0.3790362561074628,True,14329.473064044578,19062.72243000001,124252.1253105
assignment-case-v1:02cf3ad4fa8a2e6c60f7292944545b25f005866b0b4316aec1c8b8c86557dd3c,sympy__sympy-13647,sympy/sympy,True,exact_run_id,3,8913.610514049651,58975.804862000005,118598.766853,0.15114012491914247,True,9884.030209514094,19062.72243000001,124252.1253105
assignment-case-v1:03f146f02750595e40d79df3736614566ddc3784d5a583c40762ce12b292f7aa,sphinx-doc__sphinx-9367,sphinx-doc/sphinx,True,exact_run_id,0,5442.955667989736,43721.891198,89869.912492,0.12449039871904528,False,8708.586292008476,15433.502275,125970.234473
assignment-case-v1:04201a5dcfa4bdb6e47e9f64be40158628b25facb8c2c45736ef1f1aecfef788,django__django-11740,django/django,False,exact_run_id,2,16390.18941199174,47922.268347,151540.73886,0.3420161435871971,True,7465.344388623635,19162.8857395,125168.74167399999
assignment-case-v1:04d239f074d9a6a911c217b89bd882114df70d2d2f2167ec19dec6da087c179f,django__django-16527,django/django,True,exact_run_id,4,18808.411621990672,60938.343491,143821.577343,0.3086465851302389,True,11353.24927216243,18419.358869999996,124919.82762699999
assignment-case-v1:0594f0cf1237c4056e7441e50ade1acd55dc653998725a46eef43acc220f6698,django__django-12276,django/django,True,exact_run_id,4,15174.463649047539,58500.432399000005,131803.505397,0.25939062374019184,True,8907.787975123938,19033.337498999997,124919.82762699999
assignment-case-v1:05ceffc69c44e8fbeeceffda66a28f24d25ecaae234d55bc34e74002a10189b8,django__django-17084,django/django,False,exact_run_id,0,6398.251155987964,74547.19017500001,140082.16595,0.08582820011013195,True,5032.927644020674,19137.542820999995,125970.234473
assignment-case-v1:05f8e4a4ce4ec70f680215feacba3633096259501825e113c12879fa05123206,sympy__sympy-13437,sympy/sympy,False,exact_run_id,1,26156.02485200361,26003.099385,110749.618115,1.00588104766818,True,6565.721132126782,19076.611453,124452.596539
assignment-case-v1:0605eeb81491a60be905d83b2e841d6c9e29173935db8b006d810f6fd6f54b1e,django__django-12453,django/django,True,exact_run_id,1,29521.349211991037,33432.629352,135846.166633,0.883010094754184,True,8692.377095885604,19076.611453,124452.596539
assignment-case-v1:0645b1a474b4d2ddb9f4ca771dd1c29d5550846e02b8c5569eae688b3ffe0898,sympy__sympy-21612,sympy/sympy,False,exact_run_id,0,14416.146657000354,40453.605820000004,105229.008302,0.35636246422990314,True,10379.701164289145,19137.542820999995,125970.234473
assignment-case-v1:06ad3af76d272f808add1583bee40ef2b52b74d711a917f25aac0163299806ac,django__django-13023,django/django,True,exact_run_id,4,14343.31277898309,50444.004822999996,129373.871885,0.28434127760695244,True,8937.96106233458,19033.337498999997,124919.82762699999
assignment-case-v1:06f08a392b6dfcb683338b13de748457832dfeb21655d9b578f204559b451988,django__django-11603,django/django,True,exact_run_id,0,26391.998692990455,73050.70489700005,149505.44073,0.36128328576983093,True,9966.025318726679,17902.862639,125970.234473
assignment-case-v1:080b2f5fd68e2c8eba6916f5b9eb307f2a4810fefd8eb1f6f6d10dbf2de35691,scikit-learn__scikit-learn-13496,scikit-learn/scikit-learn,True,exact_run_id,2,29562.925125999755,53782.91570100002,151996.762559,0.5496712987884752,True,8116.549842348832,19162.8857395,125168.74167399999
assignment-case-v1:0813248f9b972a14de18f990b279135d112702497a6dba10e015a8b97396e88d,django__django-15814,django/django,False,exact_run_id,3,7342.854376984178,53407.68159499999,106220.055333,0.13748685877560382,True,9540.165071501178,19062.72243000001,124252.1253105
assignment-case-v1:082180b0384bd99692b93cde8dacfd8073c91d650c18efc51ac0de1c9899fd82,scikit-learn__scikit-learn-14710,scikit-learn/scikit-learn,True,exact_run_id,2,136791.17516693077,43155.518487999994,289835.961999,3.1697261430184764,False,10865.096547186113,19162.8857395,125168.74167399999
assignment-case-v1:084ba187739866edddb86de57de1fe1cf71ee28f6238919f5174be18601605d7,django__django-11880,django/django,True,exact_run_id,1,6614.381729974411,29071.713721000007,75970.102274,0.2275194986251017,False,7195.78052768702,12307.491259999999,124452.596539
assignment-case-v1:08943d7db31e523a78353a890f8444802b5c3b37d74dcca0f1ab773f47382a14,sphinx-doc__sphinx-10435,sphinx-doc/sphinx,False,exact_run_id,1,8878.011558001162,51524.816212000005,105094.904243,0.1723055453797717,True,7477.6965704259055,19076.611453,124452.596539
assignment-case-v1:08c0c23e0d7261698b168d4d12d8ca939a628500b3a57765b5dfe05eb9655526,sphinx-doc__sphinx-9258,sphinx-doc/sphinx,False,exact_run_id,0,7042.295559076592,36858.41446199999,105785.09635,0.19106344268652697,True,7315.647670233375,19137.542820999995,125970.234473
assignment-case-v1:08e1b7c40292e11be0ab5645832113f4e990b1c86e657b230568706b32348b92,sympy__sympy-24213,sympy/sympy,True,exact_run_id,3,24701.605731068412,49862.337328,139064.616246,0.49539606554298693,True,11261.640857794191,19062.72243000001,124252.1253105
assignment-case-v1:0a7585c97772b74f29f6e028faf9f580b6bd663236af4fd1fff4d761a3f05764,django__django-11999,django/django,True,exact_run_id,3,8675.465344000258,60350.39112599999,133919.614611,0.1437516009778223,True,9876.60591425447,19062.72243000001,124252.1253105
assignment-case-v1:0aaa78b08576a16853e928f18e8b8b18f89edd7fe4a09404b50f9030ded740e4,django__django-11728,django/django,False,exact_run_id,2,11047.302650011261,65087.02328800001,134620.786253,0.1697312627300323,True,9683.476221674937,19162.8857395,125168.74167399999
assignment-case-v1:0b20d4189e6a881cb58e8557db2d02e1481c795bc385289eb32ee2e849cd0c56,django__django-16502,django/django,False,exact_run_id,1,10827.803467924241,67173.832879,140972.145655,0.1611907941508761,True,11685.380251627066,19076.611453,124452.596539
assignment-case-v1:0b7ea917c359ea877d851343834dd79939ad595ffd3f75b1c567b83594769815,sphinx-doc__sphinx-9229,sphinx-doc/sphinx,False,exact_run_id,4,6461.254481022479,47320.970902999994,109443.279426,0.13654103788924704,True,7207.686177980577,19033.337498999997,124919.82762699999
assignment-case-v1:0ba7ea04258a3d59a4027001f1ef69935cacb514a89ec77be726462dab930924,django__django-14672,django/django,True,exact_run_id,4,7721.859521989245,46282.084190000016,102321.566167,0.16684338350643413,True,10272.384918140233,19033.337498999997,124919.82762699999
assignment-case-v1:0bb6dc2cfe5c12973ecf64135c22b5e7c9086df5ad5d0cc1e7e997bb24fdc520,sympy__sympy-18698,sympy/sympy,False,exact_run_id,4,12581.487472023582,32177.999209,97441.28661,0.3909965747188101,False,7131.844523970358,19033.337498999997,124919.82762699999
assignment-case-v1:0bea4a7128770a292be6f0ecfbb29e2d2b876fb0898c880e8c136447970f19a3,pylint-dev__pylint-8898,pylint-dev/pylint,False,exact_run_id,1,10639.682971930597,36127.812721999995,89929.757873,0.29450116600752785,False,8071.825819835794,15999.738637999995,124452.596539
assignment-case-v1:0c05ef52aa1d99d4f0ca4662c3cf9f71423eaad8593032412dd24a9f425f6f7b,sympy__sympy-13647,sympy/sympy,True,exact_run_id,3,9647.749905991077,58174.935873,148411.488718,0.1658403187079191,True,9884.030209514094,19062.72243000001,124252.1253105
assignment-case-v1:0c3e0b7731fbea3964807819ffe060b973179b58debbbd77a546584f1edfba49,django__django-13158,django/django,False,exact_run_id,4,5909.211154008517,84321.36498000001,142529.101165,0.07007964298739838,True,4681.093663324646,11665.593950999997,124919.82762699999
assignment-case-v1:0c5365797dd313bfd6677c45f76faac58f6aa0e40b912b96b05240c297501f6b,matplotlib__matplotlib-20676,matplotlib/matplotlib,False,exact_run_id,3,18784.871555981226,43272.84409199999,243245.585203,0.43410300270635677,False,7975.4115140003705,19062.72243000001,124252.1253105
assignment-case-v1:0cede4eeb275bffb62d306f95f725fb9316ed3b166f8efaf4fd317a34b5f7f48,django__django-12983,django/django,True,exact_run_id,3,49677.002971995535,105580.44401400001,207978.030055,0.4705132985177477,False,12699.021255286425,19062.72243000001,124252.1253105
assignment-case-v1:0d46eb654654368ddf2cf987d983e73c07dbf3d10d1131b43a2faeaa1546aec8,psf__requests-2148,psf/requests,True,exact_run_id,3,6378.941235023376,42782.55505999999,106052.660616,0.1491014556301579,True,8582.957321481445,19062.72243000001,124252.1253105
assignment-case-v1:0edcf5cb9f170b7ebde2be261cb3bf86b006d2fd0b68e53b493d1ba963943026,django__django-14672,django/django,True,exact_run_id,4,10437.480735010467,50205.952461,136999.511298,0.20789329199796192,True,10444.676638880992,19033.337498999997,124919.82762699999
assignment-case-v1:0f065410b308260975654054cb8fadc4b0abca375fec91a0827b863658354980,django__django-11551,django/django,True,exact_run_id,4,11319.283902994357,62850.059697,140337.671791,0.1800998114809214,True,9232.900117165627,19033.337498999997,124919.82762699999
assignment-case-v1:0f44a3916facc25d5c41a397686454e46d2cfdc23449811b29f5d8a105f0a321,django__django-15315,django/django,True,exact_run_id,4,8975.78747398802,44539.397308,117327.515275,0.20152467290741322,True,11423.90141515898,18419.358869999996,124919.82762699999
assignment-case-v1:1016b2f5f94d93df860c6bbafa497206b5c445e35a9e1392bfa3835c460bfd91,django__django-11179,django/django,True,exact_run_id,3,10974.844862066675,119391.36338499998,172894.421479,0.09192327276367736,False,6325.578701502309,14143.310190000004,124252.1253105
assignment-case-v1:1090236262429d752cfec359076d6b93809e09d21637790a646aa14e56307a96,sphinx-doc__sphinx-10614,sphinx-doc/sphinx,False,exact_run_id,1,16022.433919017203,70802.43450399999,132056.744555,0.22629778243164808,True,8484.598056664254,19076.611453,124452.596539
assignment-case-v1:10c44b5937fb166aac3b4f3c7329a8e546b879a4f25168d6fc19e9cdbeba8271,django__django-11790,django/django,False,exact_run_id,3,50957.97700501862,48658.826846,176075.139633,1.047250423161561,False,10069.279727009416,19062.72243000001,124252.1253105
assignment-case-v1:1158d16a5ff444e322596a6ba34f7eab479b812bf9fae364da9b37dcefa25eb5,sympy__sympy-15599,sympy/sympy,False,exact_run_id,4,5747.529969055904,27583.408734999994,75315.277941,0.20836909695511951,False,4285.828504127494,9823.658064,124919.82762699999
assignment-case-v1:11f6b581b04ade389d18037829918c34b50a9dc119bd254dc9107665fa9ef661,sympy__sympy-20801,sympy/sympy,False,exact_run_id,3,8098.975689092185,28782.110446000002,87293.616689,0.2813892228051589,False,7676.849024495823,19062.72243000001,124252.1253105
assignment-case-v1:12f45ce138833a52df57df5df160e2df9f15d663d11c4de6acc58c00754449c0,django__django-13315,django/django,False,exact_run_id,3,7950.366348981333,78899.45763700001,146905.863284,0.1007657921497929,True,6879.452070477782,19062.72243000001,124252.1253105
assignment-case-v1:13283defa996e245d684fe27322ffe18294f66aabc91a78fce036cbdb5c96d23,django__django-15252,django/django,False,exact_run_id,2,11555.337996018352,64444.80060099999,136802.094523,0.1793059779571891,True,8542.732896592497,19162.8857395,125168.74167399999
assignment-case-v1:13d1ccc9ab2d5ecc54f5ed78148f741c52fe7afd4a4648e909f3d7426ad09db7,astropy__astropy-13453,astropy/astropy,False,exact_run_id,2,8607.37644902838,34559.922966000006,89291.293344,0.24905658665663988,False,6392.321046809229,19162.8857395,125168.74167399999
assignment-case-v1:142cac08530619701eebd9e6b0146062b67c8860a48ebedf0c77a53aeef1fedb,django__django-13265,django/django,False,exact_run_id,2,6958.92906201334,56899.14927900001,122244.817508,0.12230286656643738,True,6795.786076616423,19162.8857395,125168.74167399999
assignment-case-v1:14fd65389b798724dfa7d28ee48ca19db7ad1d818d9a494769e3b7a25199c538,django__django-15161,django/django,False,exact_run_id,0,19636.18503001635,51339.917133,134711.798726,0.38247403047315603,True,7989.374332526495,19137.542820999995,125970.234473
assignment-case-v1:150d1658fdc8ae2cac015ea565953811b8c8f0dcfed7c34dd309662acc8a487d,pylint-dev__pylint-7277,pylint-dev/pylint,True,exact_run_id,3,65700.45455908985,48975.917669,248098.383657,1.3414849110765286,False,11564.897986023425,19062.72243000001,124252.1253105
assignment-case-v1:152f1e13a3b947069da23e8c1e2236adb9a82f0425ab669d0dfe43b8e0f2d1f5,django__django-16661,django/django,False,exact_run_id,1,28598.759141023038,47200.042655,198660.202305,0.6059053664434244,False,8537.85280615557,19076.611453,124452.596539
assignment-case-v1:15334bfc89a03314b3ebd304df04f6d05d14f1fd7a6b48f4b7d79e81fa44afab,django__django-13757,django/django,False,exact_run_id,0,13616.696142002183,55768.89947999999,144414.846995,0.2441628984786663,True,7194.1027760021825,19137.542820999995,125970.234473
assignment-case-v1:15ebf286f4d547e6b3c6197827ecd887d81eabbc3f6a8e8b583a139c8f9b11c3,sympy__sympy-18057,sympy/sympy,False,exact_run_id,2,40681.84599302185,53660.138353,135822.462573,0.7581390440218169,True,10281.110634094148,19162.8857395,125168.74167399999
assignment-case-v1:163326e2370fa3b7576c2c9deed060009d17922afe8e6d25f084b5f27b0260bd,django__django-15368,django/django,True,exact_run_id,0,11661.36460902635,90151.834048,146709.762712,0.1293524944020266,True,7989.525967755981,19137.542820999995,125970.234473
assignment-case-v1:164bc0089deb9287c43c4a4705f118e8b0201a4c0a950759f3df3f1301d664df,astropy__astropy-14539,astropy/astropy,False,exact_run_id,0,12734.568377003598,52463.216906999995,124057.550482,0.2427332734776404,True,8142.753261261532,19137.542820999995,125970.234473
assignment-case-v1:16a45eafe4bbd4e428b57b199d32aa2e28d7b6ff12f59931cf4838231b78ff24,django__django-11451,django/django,True,exact_run_id,4,10170.162193011492,48371.75390299999,116377.517771,0.21025001932751386,True,9941.423874899556,19033.337498999997,124919.82762699999
assignment-case-v1:16ce165dc4361e26ff9fafb1f1f54afbe38792d67d420a1ce182d64e1f4fa837,sympy__sympy-14817,sympy/sympy,True,exact_run_id,2,19811.439558994607,47819.300468999994,116935.827472,0.41429797936583884,True,8774.245657863503,19162.8857395,125168.74167399999
assignment-case-v1:16f1ebd6befc7630a235b427aabbbb05766f2d500cef05b02a82afedcb47db04,pylint-dev__pylint-6903,pylint-dev/pylint,True,exact_run_id,2,32127.45977996383,104263.53087999999,207052.543566,0.3081370783130324,False,9120.338624838041,19162.8857395,125168.74167399999
assignment-case-v1:1798502b82224ea304cda58e27f807d8e1dba139dff23bef3e3d5b5416f70456,django__django-14349,django/django,False,exact_run_id,3,10554.78863704775,45653.35589700001,137563.008303,0.2311941461841435,True,11188.718434026669,19062.72243000001,124252.1253105
assignment-case-v1:17caa950d302b1a75e830e1b98fd4340432a7447a23caf5a255785bab5423541,django__django-15781,django/django,False,exact_run_id,2,33238.92812201666,46122.127619000006,152435.634415,0.7206720469747776,True,10263.955676851765,19162.8857395,125168.74167399999
assignment-case-v1:17d40e3e61622392a4d701107cf550578a53a447bcd9b05150c87539eff8b146,matplotlib__matplotlib-25311,matplotlib/matplotlib,False,exact_run_id,0,26756.734194990713,28748.873900000002,241389.287851,0.9307054699972339,False,8354.90043426762,19137.542820999995,125970.234473
assignment-case-v1:17e6cc971acecd406a23c9efb228baad37bd4ab10af24bdd57395821624636d6,pydata__xarray-3364,pydata/xarray,False,exact_run_id,0,9421.441042009974,46235.294401,111391.930489,0.20377162434173238,True,7000.742550964787,19137.542820999995,125970.234473
assignment-case-v1:18105acd69f6846ac5a27227fa9b5b33cb2e6ddc2eac91590c4238d88ebe3208,django__django-12700,django/django,True,exact_run_id,4,13100.406019999355,60863.306543000006,123428.480859,0.2152430875694192,True,9769.990482145658,19033.337498999997,124919.82762699999
assignment-case-v1:18310e941156a26dc0c031ece89fd988d1d2128e7a3c68c1d03868a32cb78252,astropy__astropy-14182,astropy/astropy,False,exact_run_id,2,10049.975812995399,34273.22796699999,200686.252675,0.29323108470179776,False,7604.094703849114,19162.8857395,125168.74167399999
assignment-case-v1:183a6eaa194d8fb9068a11be23e432f34923f449e81e160fe95f246460c7c207,django__django-16595,django/django,True,exact_run_id,3,15138.408719023573,64036.96734899999,137017.688424,0.2364010874612409,True,10614.777369532021,19062.72243000001,124252.1253105
assignment-case-v1:19847bab93df5ef1337c2852c5dfe193f8750c0ca248c38da1c89e1ee74bc01c,sympy__sympy-15346,sympy/sympy,False,exact_run_id,4,8550.74261498521,43880.691668,102515.686727,0.19486344198217917,True,6862.31075644173,19033.337498999997,124919.82762699999
assignment-case-v1:1988d9b0b91cf337f08091282119e2856033a4c8c80d9364d4aa1d5cb52dd5e9,astropy__astropy-7336,astropy/astropy,True,exact_run_id,2,13239.47701700672,25588.724729,84059.049304,0.5173949525512018,False,7610.855254562921,13599.467299000002,125168.74167399999
assignment-case-v1:19d279b0bbfb7a0b2c8c9625ee62215ead7c1ce285fddab53afea72495e9e102,matplotlib__matplotlib-25442,matplotlib/matplotlib,True,exact_run_id,2,26947.386204992654,35228.03150599999,295502.153224,0.7649415835342094,False,9460.639250881286,19162.8857395,125168.74167399999
assignment-case-v1:19e2c904ef7dc98416d35e6c4d5cb3a104756896961c0ea99069fbbc8770c7e7,sympy__sympy-12454,sympy/sympy,False,exact_run_id,0,16427.98544600373,47436.46273399999,122484.638289,0.34631556611047654,True,10234.111688007033,19137.542820999995,125970.234473
assignment-case-v1:1b3d2fc487fe7217f6e8752f8021a19aa7319f56dd1105079c0121135a245f60,sympy__sympy-13615,sympy/sympy,False,exact_run_id,4,10335.987958213082,57965.206285999986,125520.073012,0.17831365780387942,True,8921.201079025195,19033.337498999997,124919.82762699999
assignment-case-v1:1b72a394ddb0a6f18b8ad02027dd72fff19b4b21004df2cb4beb304d92175216,django__django-11333,django/django,False,exact_run_id,2,16497.80059600016,90987.187243,168375.848725,0.1813200418201674,False,8771.896567805015,19162.8857395,125168.74167399999
assignment-case-v1:1b82df1ede39f6db92d7a4074780a92a51d89223067c28091c3ea1d3f22f0127,sympy__sympy-14531,sympy/sympy,True,exact_run_id,2,18039.223500993103,33796.574824,117486.602667,0.533758926605275,True,7913.028033597584,19162.8857395,125168.74167399999
assignment-case-v1:1bd056a857cacaad428b4a4cc1c31541e96e10a5979fec1191d578199102241f,django__django-11815,django/django,True,exact_run_id,4,18739.251713999693,69765.098347,191193.579052,0.2686049637713369,False,9980.055794658256,19033.337498999997,124919.82762699999
assignment-case-v1:1bd56536f095b7b4d58ae764b803a7039e77254a1be1611f684a4fbaaa9e3817,sphinx-doc__sphinx-9711,sphinx-doc/sphinx,False,exact_run_id,4,15743.460379977478,40382.229704,97816.509253,0.3898610972047944,False,9468.002194360452,19033.337498999997,124919.82762699999
assignment-case-v1:1bd8457f2c9e9caf2844af7e311320cb0133f710ed6ae7e18db444472778387f,django__django-10999,django/django,False,exact_run_id,4,6736.951029917691,70681.21198,138754.992439,0.09531459409360415,True,10712.347337463143,19033.337498999997,124919.82762699999
assignment-case-v1:1bf55bac7d433ba579eb3318f4c2bf2163e8240925cdbd41d83d03ed510c6fe9,scikit-learn__scikit-learn-13124,scikit-learn/scikit-learn,False,exact_run_id,3,11230.793622060446,38139.55181899999,105016.40894,0.29446579958146224,True,5002.865428252335,11683.604070000001,124252.1253105
assignment-case-v1:1bf98b1e55043f8a665a6a12b88c2c7f6854388c531e5b191aa887a4b249274f,psf__requests-6028,psf/requests,False,exact_run_id,3,35777.346721995855,48627.64672100002,160695.572266,0.7357408621327605,True,9954.321324021294,19062.72243000001,124252.1253105
assignment-case-v1:1c5e3fc85a6bca3a0f7b39f001b3513d732efc4f30964e1fb2f4c7f6371263e5,django__django-11797,django/django,False,exact_run_id,0,6835.171068003547,29459.037534,108174.07589,0.23202289145104515,True,6018.090462537657,19137.542820999995,125970.234473
assignment-case-v1:1d2b866c5d05daa35f42bdc585f5ac46d4941663d5b25ac5db54b1668fe5e33e,pytest-dev__pytest-5227,pytest-dev/pytest,True,exact_run_id,3,8655.269534996478,29270.472603000002,101629.926939,0.2956996852216653,True,10676.76528577067,15373.163250000005,124252.1253105
assignment-case-v1:1d83b4e414d6d1d4b31602ea6a513e2e820b159220d5263f2b32fc697ed21695,scikit-learn__scikit-learn-13328,scikit-learn/scikit-learn,True,exact_run_id,2,9639.715257028001,34117.758771,102541.38222,0.2825424530881475,True,7068.293453157821,19162.8857395,125168.74167399999
assignment-case-v1:1e2725448eb687e25fcb0ca4a3535f810d08c6736173f92f26f279d1bfd9c912,django__django-11564,django/django,False,exact_run_id,4,15470.036155020352,30394.49912499999,127838.369044,0.508974867175751,True,7382.705743784754,19033.337498999997,124919.82762699999
assignment-case-v1:1e57ed8cbe9c079cc393dc000de30cb7d86203b27290a90676913a094f4ef8b7,sympy__sympy-16766,sympy/sympy,True,exact_run_id,0,10884.24463600677,34213.722601,85153.815807,0.3181251208159572,False,9886.946425736824,19137.542820999995,125970.234473
assignment-case-v1:1e704f3dac66227ff332c1e00e345643f6f71903fc8d4abb80b9e05f5fcdf528,sphinx-doc__sphinx-9320,sphinx-doc/sphinx,True,exact_run_id,0,72981.74283496337,50617.780987,171060.489958,1.4418202736644468,False,9982.05674950259,19137.542820999995,125970.234473
assignment-case-v1:1f0b8f40093557e30913de93fc950d10ed482d52f815c44a3c6d5eafcc71baf3,astropy__astropy-7671,astropy/astropy,True,exact_run_id,1,18644.509917001415,50082.35926,157520.027264,0.37227698919312885,True,11925.117461905756,18461.23689,124452.596539
assignment-case-v1:1f47c129aa7c6b4761e37d886c0bcfab3e4d5c656af513e1743c1eaa82f8e133,sympy__sympy-19637,sympy/sympy,True,exact_run_id,1,9174.202103051357,41933.44555699999,97478.432574,0.21878006877781828,False,8416.643044187367,19076.611453,124452.596539
assignment-case-v1:1f590e3bf53108fcf6c9936a45fd5c598975fbb638c89fcc1f6ed08547cea96a,matplotlib__matplotlib-23987,matplotlib/matplotlib,False,exact_run_id,2,14619.305399006407,34350.824696,294738.872084,0.4255881926674313,False,6834.3191783842485,19162.8857395,125168.74167399999
assignment-case-v1:1fd8a40a954e97a6454657b596ef2f0e939e77f254f0042255bd6f147c45b1f0,sphinx-doc__sphinx-7454,sphinx-doc/sphinx,False,exact_run_id,1,11223.455072991783,40008.77944099999,93689.108126,0.2805248055503105,False,6978.348351916793,19076.611453,124452.596539
assignment-case-v1:1fe20105c9e6ff40b755c01bf9bbacd123c2653ff085a894eb9a6aede2ba0b80,scikit-learn__scikit-learn-14496,scikit-learn/scikit-learn,True,exact_run_id,2,99867.93148597644,28345.829965000004,245928.106941,3.523196590443402,False,8857.153030579866,13599.467299000002,125168.74167399999
assignment-case-v1:20caa91d66fe2d4aca12449e7a165200d0a392c65c81f0be0358359cf0ae8b09,django__django-12497,django/django,True,exact_run_id,2,6994.534141980694,37288.007953999986,95103.628292,0.18758133045373293,False,8700.513221599977,19162.8857395,125168.74167399999
assignment-case-v1:218a0e9f763396fd4bd446fc71d9a849b3f1443f81a1774981d8ed34af32d34f,django__django-11206,django/django,False,exact_run_id,2,7198.200293962145,74129.928819,131895.738631,0.09710248490238936,True,9080.88539633718,19162.8857395,125168.74167399999
assignment-case-v1:21b9110eb053494e8b2dea7b697857bae88a34184edc8d69330f4092d9b07a81,sympy__sympy-22005,sympy/sympy,False,exact_run_id,1,15861.190125986468,89634.304691,166088.624845,0.17695446158326766,False,10032.923112445133,19076.611453,124452.596539
assignment-case-v1:21cc14f22723970739bd2cd0aaffca854e399ed6919f0869b441f9b6bb9c8f64,django__django-15930,django/django,False,exact_run_id,3,4736.239339079475,89686.516589,134780.867392,0.052808822543347296,True,4491.30067248916,14143.310190000004,124252.1253105
assignment-case-v1:22ae18f2fbe436543d0916eaad9d9ffa13f7804cf829f1f381cb1b665bb998dd,django__django-13449,django/django,False,exact_run_id,0,6961.446403991431,37175.002723,97095.837014,0.18726149008953313,False,7284.640038242287,19137.542820999995,125970.234473
assignment-case-v1:231a6911087d5778045b5162e469d9d3cf1713a1a3353b516cf7afa3ed8167fc,django__django-16041,django/django,True,exact_run_id,1,11970.362158004718,38235.50159500001,207753.075087,0.3130693114686395,False,7984.07615267206,19076.611453,124452.596539
assignment-case-v1:2372969c8194ef2010619926722b6e51db6cee21071e65c3d7d033e953077c32,astropy__astropy-13398,astropy/astropy,False,exact_run_id,0,11576.488732913276,32546.949171,90346.071418,0.3556858331664513,False,5100.105247249303,14198.822093,125970.234473
assignment-case-v1:2401919891426c6b8e18b5f25c6123c91e544ba8be5dfd2dbc56b02897c7278b,django__django-11734,django/django,False,exact_run_id,2,10517.027640984452,37666.244466000004,96306.065899,0.2792162529098913,False,5156.352827090814,19162.8857395,125168.74167399999
assignment-case-v1:2411c20b2b23486f99ec0d1e5033f9e439fa16cf8b95df70fe20e85bef0a2cad,sympy__sympy-23262,sympy/sympy,True,exact_run_id,3,10421.81900399737,47683.59819500001,115604.497252,0.2185619248232441,True,8003.18749348844,19062.72243000001,124252.1253105
assignment-case-v1:2467dc9f403e46a9be65fe89de8ba2f68d726b7f04b690a112352b1466590dc3,scikit-learn__scikit-learn-10908,scikit-learn/scikit-learn,False,exact_run_id,2,12550.441839994164,45162.580384,141533.072712,0.27789470250111037,True,7859.004560332323,19162.8857395,125168.74167399999
assignment-case-v1:24816b3cb4057a3f0d5665dbcaca992241d90a1d19b47a74ede3e612da938742,matplotlib__matplotlib-25079,matplotlib/matplotlib,False,exact_run_id,4,40557.49936700886,26980.048981,240385.386659,1.5032403905408187,False,6557.575369899496,19033.337498999997,124919.82762699999
assignment-case-v1:25525711011bec866556c928bd6fb0edd76e940ac8edeca1d2380bf0c97583bf,pydata__xarray-6461,pydata/xarray,True,exact_run_id,2,59029.41751998878,47421.492613,249765.437654,1.244781938892548,False,9501.013262848574,17308.412926,125168.74167399999
assignment-case-v1:26f9e0c2b3178fd2348934969e7aba249ca1e66dc98c0d5eb0142b772da93b94,sympy__sympy-13471,sympy/sympy,True,exact_run_id,0,46501.6567609855,44278.323734000005,140560.580627,1.050212673820763,True,8587.072994032496,19137.542820999995,125970.234473
assignment-case-v1:270cea183bd3384ad7af01c8103dafb2e5aae9980f0d8e5b159dc40db2228ac8,django__django-16820,django/django,False,exact_run_id,1,12656.233673991665,26359.20562299999,114476.63133,0.4801447302701846,True,6479.812090146879,19076.611453,124452.596539
assignment-case-v1:281b8e4c0c9aeb2e2fdfb7be983bb98840acc83334e08c594d6f7ba5ad411633,mwaskom__seaborn-3069,mwaskom/seaborn,False,exact_run_id,1,11271.234693012957,29718.461722,150862.031492,0.37926709660981817,True,8287.849691914744,19076.611453,124452.596539
assignment-case-v1:2894190a3149cad310d395451e2227a4d9761b25740463b8f5b5444656d296ee,django__django-15380,django/django,True,exact_run_id,3,47115.36043902743,48621.13501699999,146636.466642,0.969030451933175,True,10479.40733150972,19062.72243000001,124252.1253105
assignment-case-v1:2950f666cb7a139c16501b19eb91794232dd0a922ee3b780c7a17ed25b3f06d9,pydata__xarray-6599,pydata/xarray,False,exact_run_id,2,85151.27386897802,51191.602303000014,208773.590624,1.6633836418124355,False,8837.371632109353,19162.8857395,125168.74167399999
assignment-case-v1:29cc43d8d494401fa58a074f2072714944451c60a4b4369bad44954aa747907f,sympy__sympy-24152,sympy/sympy,True,exact_run_id,3,19274.041139033216,70976.16441299999,152265.463015,0.2715565330760954,True,12665.550498535595,17832.869370000008,124252.1253105
assignment-case-v1:2a2115c55922e05bdf428596a2c83e2b7666a56636533c7c3e5fd21a8e6fddfa,sphinx-doc__sphinx-7975,sphinx-doc/sphinx,False,exact_run_id,0,7063.762537007278,73117.683026,131844.371236,0.09660812876818686,True,9387.92107575864,19137.542820999995,125970.234473
assignment-case-v1:2b275df3f6ee55a7e545e6b8b5960fbdd7ea3c050adc1f5da9e2e6ecfa57f8b3,scikit-learn__scikit-learn-15100,scikit-learn/scikit-learn,True,exact_run_id,3,13360.62378087081,48522.809165,125093.219663,0.275347285344476,True,11079.09485325763,19062.72243000001,124252.1253105
assignment-case-v1:2b8d9f2c6d10d80ad037ff5b1e76d6afbf7a38f09c467053e8c0c383a4b0441e,matplotlib__matplotlib-26342,matplotlib/matplotlib,False,exact_run_id,3,10417.130168003496,37469.38007499999,101384.368976,0.27801714752558526,True,7164.831483985836,19062.72243000001,124252.1253105
assignment-case-v1:2bc1826d52a1255e0d6aa0d93ea5386e98d77830dbaffe300a3cd0da9eccb705,sympy__sympy-22714,sympy/sympy,False,exact_run_id,4,9559.35273502837,37625.94560299999,103770.144,0.25406279049811265,True,9847.008459653807,19033.337498999997,124919.82762699999
assignment-case-v1:2c871eee6b0a67302561bb1ecdb3964e78d649b218d06416f445da253acd0db8,matplotlib__matplotlib-25287,matplotlib/matplotlib,True,exact_run_id,0,22667.589907039655,39992.52660400001,232087.162518,0.5667956448836234,False,8636.454960012998,17285.522548,125970.234473
assignment-case-v1:2d6d52e374d50e5e39277319e8511919d4b15386ab69635a9209255c0c44088a,sphinx-doc__sphinx-7985,sphinx-doc/sphinx,False,exact_run_id,2,5654.628128977492,53759.35314700001,117457.950625,0.10518408049880049,True,5927.573231576389,13599.467299000002,125168.74167399999
assignment-case-v1:2ddd442ef3e5620d073f06b7f0efec3d4f05216977d0bdf29da6e4ff705bbd98,django__django-15851,django/django,True,exact_run_id,4,23396.07347297715,53680.177882,178158.727174,0.4358419512768102,False,9246.676206925258,19033.337498999997,124919.82762699999
assignment-case-v1:2e36256afeb0e251b000f6723c37d3b910bc6e9fd238b0e1a9836922974e40ee,django__django-13794,django/django,False,exact_run_id,3,16626.433194964193,34773.505796,91296.716762,0.4781350863069071,False,5692.168445510106,13528.383660000003,124252.1253105
assignment-case-v1:2e59c80b6e80d14a37a34a71e84c44eab0c4dd90e6d3f59743320613bb6d2b61,sphinx-doc__sphinx-8035,sphinx-doc/sphinx,True,exact_run_id,3,15703.631908079842,41277.82058699999,147476.555763,0.3804375251591053,True,8967.200155502724,19062.72243000001,124252.1253105
assignment-case-v1:2e6a3248337a8ba540f707e6443c6501cc36c71a233915a4d52d9f8e49326ec6,sympy__sympy-18199,sympy/sympy,False,exact_run_id,2,13290.783872995235,71379.50348,132592.577243,0.18619888378348293,True,12215.601354377213,19162.8857395,125168.74167399999
assignment-case-v1:2ecb59b52654c1db28b576fb6ed9560e59e6865b545f13c505bb442a42e4634d,pydata__xarray-2905,pydata/xarray,True,exact_run_id,1,66019.97765895794,46962.235988,309764.693321,1.4058099294042912,False,10695.572064414591,19076.611453,124452.596539
assignment-case-v1:2f0f57afafb64f250bd8ac18e80c19491d193fa6195299ca5121903de7daa0b4,matplotlib__matplotlib-26291,matplotlib/matplotlib,False,exact_run_id,4,10658.32763301296,35588.296651000004,141283.691053,0.299489681608953,True,7362.229931208276,19033.337498999997,124919.82762699999
assignment-case-v1:2f43a31584da47ec75675b3829ba3ddad44e547ccf1b4fbaa6f390ba7a22edad,django__django-16485,django/django,True,exact_run_id,0,7433.461109001655,43360.720753999994,93269.324801,0.17143306152990836,False,10625.058194465964,17902.862639,125970.234473
assignment-case-v1:3088f46d42ba9bbc888e6e31d53bb2a893adaa7f9b728b49079197fdf9177a59,sympy__sympy-14024,sympy/sympy,False,exact_run_id,4,7996.698629991442,39739.401327,102228.122865,0.20122846250726667,True,7303.840095477426,19033.337498999997,124919.82762699999
assignment-case-v1:30e8fa631c3cb9d7b95636edaa1bbd028533c63f1f74d7b2f62508cbf5f22ef5,django__django-13741,django/django,True,exact_run_id,2,25563.789276013267,48544.708653,135272.198259,0.5266030013434524,True,8374.822721119926,19162.8857395,125168.74167399999
assignment-case-v1:30ea826b7e4e384d18c54c6a5bca18b15b9030ae78926033d8840a8c07218346,astropy__astropy-13033,astropy/astropy,False,exact_run_id,2,44178.901689007034,33259.09150799999,142895.477679,1.3283255701190888,True,8395.185014296658,19162.8857395,125168.74167399999
assignment-case-v1:317abfaa934ac7d6b14829b2e095fb64a3c6af32fc70e6e7fcbdf427f1ea4fcd,django__django-11133,django/django,True,exact_run_id,1,9067.60759899771,34623.36896199999,96548.425582,0.2618927005326846,False,11165.207743622886,19076.611453,124452.596539
assignment-case-v1:31d35f0150d9a567a479771105e030471485a1f467b99d5ac32e78a42b3d3aec,django__django-14373,django/django,True,exact_run_id,0,13919.282419978117,53655.88633300002,117251.96435,0.2594176216490404,True,10047.84802049653,19137.542820999995,125970.234473
assignment-case-v1:322a405574b351f597159d575b4fded09534b21c6c29eeadbd37f4123103edd5,pydata__xarray-3095,pydata/xarray,False,exact_run_id,1,45615.767965995474,31147.362987000004,119949.419991,1.4645146038537566,True,8186.09081093382,19076.611453,124452.596539
assignment-case-v1:3262c265c1ae3987ef526894b9518806e47912c6e8263d0badf6a3db3a8c75d0,django__django-13670,django/django,True,exact_run_id,1,10545.744272021693,37971.45635400001,110542.705992,0.2777282012495362,True,11264.455088366958,16615.113200999996,124452.596539
assignment-case-v1:331ea9a8fd205b7c10a4acb4293f6a3d1cfa96fa093b5f91ee83b77ef1b91bca,sympy__sympy-14774,sympy/sympy,True,exact_run_id,4,14589.659780991497,32912.105346,114466.058661,0.4432915982618737,True,9159.643663913812,15963.444353999992,124919.82762699999
assignment-case-v1:3326271f2aa05bb007d8018244393df955cadb165dc3088833892c3382e0cdb9,sympy__sympy-16503,sympy/sympy,False,exact_run_id,4,16374.420532985823,51621.611093,129736.306873,0.3172008813031066,True,6717.862304456503,19033.337498999997,124919.82762699999
assignment-case-v1:33a73ff0444206ba16e57e3383cf384e9ff1fca047fda91817a39ef5e73320c6,django__django-13033,django/django,False,exact_run_id,3,6010.346558061428,127807.437508,240861.055743,0.04702657901020209,False,4361.300738488353,14143.310190000004,124252.1253105
assignment-case-v1:33d371a5d1ab02146b95fcc4d7bc4f4c8177fcd26bf4a5f844f19478afd9f276,pallets__flask-4992,pallets/flask,False,exact_run_id,0,10735.179232993687,55296.14491299999,148757.605752,0.1941397406615569,True,9947.389187236695,17285.522548,125970.234473
assignment-case-v1:3426890a15c829149bd47c08f960adb6693c1f00b4200deafb3e8334bb7fc7ee,astropy__astropy-14309,astropy/astropy,True,exact_run_id,4,112865.6219279801,47553.754958,211893.240726,2.373432382525087,False,13138.056765963483,18419.358869999996,124919.82762699999
assignment-case-v1:344742f5344c6aa240153500a68c24a4f444aa1a86b5931d211a00bb69bbc49b,scikit-learn__scikit-learn-25570,scikit-learn/scikit-learn,False,exact_run_id,4,11266.607156998361,43128.02304899999,100949.221781,0.26123634612692037,True,8839.532142796088,19033.337498999997,124919.82762699999
assignment-case-v1:3476f64f7bb302eb90cf200409cea095f15809b505cb5ed92a2a71f6d4af99e6,django__django-15382,django/django,False,exact_run_id,4,19622.829728992656,31790.857587000002,103948.913585,0.6172475742528214,True,7095.4876062533,19033.337498999997,124919.82762699999
assignment-case-v1:34df16ce0905e2471bfe3a41e4c26ebbc02be5ad9448da346bdafcbd18d0322e,django__django-13343,django/django,False,exact_run_id,0,18653.829798022343,93873.457341,159771.980563,0.19871250432655718,True,7154.0653722513525,19137.542820999995,125970.234473
assignment-case-v1:350ba631bcd91d0d9f2825ba7e70ae7138e0732964d0d03ac8bb13fe5c7e377d,django__django-13516,django/django,True,exact_run_id,4,13034.15412495815,50016.408783000006,127196.927571,0.2605975607226784,True,8827.879752852823,19033.337498999997,124919.82762699999
assignment-case-v1:355a6cac4bbdfcf61b32239c79b35bffb1f9213030c91b52b11d8102ea53ee5a,pytest-dev__pytest-5103,pytest-dev/pytest,False,exact_run_id,3,6950.830935005797,70616.21709499999,125277.427114,0.09843108595940285,True,12310.953846972552,19062.72243000001,124252.1253105
assignment-case-v1:367670b7e7c1e795fdd7c2bf813d8dfa1562aa658e4c9130b18ee3ddc681ac3d,django__django-15731,django/django,True,exact_run_id,0,22168.182158005948,58982.61188400001,134035.014832,0.3758426670152161,True,9142.18512122352,19137.542820999995,125970.234473
assignment-case-v1:37b4a5163a9274bcf9ba9bf434094befc5b31be046be3e066d720b49e8374c2b,sphinx-doc__sphinx-7462,sphinx-doc/sphinx,False,exact_run_id,3,13157.212771940976,37780.804242,103207.857083,0.3482512624046903,True,8819.857329977822,19062.72243000001,124252.1253105
assignment-case-v1:37db7d744c10810854d116b112aecb47f9a1585c9f7f467a843075a9443a3a1a,sphinx-doc__sphinx-9602,sphinx-doc/sphinx,False,exact_run_id,1,9910.488111025188,69592.225425,123903.02034,0.1424079780536087,True,8483.318708164006,19076.611453,124452.596539
assignment-case-v1:382f671003fe29de8bc4cdbd1c6288fc2fc849192222dce1996e9d38f0ecfa37,pytest-dev__pytest-7205,pytest-dev/pytest,True,exact_run_id,2,13955.882618989563,38676.037701,150719.69156,0.3608405474956066,True,9888.680604331967,16690.2553215,125168.74167399999
assignment-case-v1:3916be77a777185f34d8a16866ff7b79a0ac221d3c15e63f74831dfcca6e7f59,django__django-16255,django/django,True,exact_run_id,2,9125.75014799586,52342.030738,131102.885995,0.1743484159732958,True,11382.678232666876,19162.8857395,125168.74167399999
assignment-case-v1:3980fdd708f3897f5befa98467ac8d19dbfd0a7b9c6e8ff1396c2faeed5d8416,sympy__sympy-18211,sympy/sympy,False,exact_run_id,2,7563.424517895328,32929.055387,81973.364231,0.22968847508699802,False,7379.1106268290605,19162.8857395,125168.74167399999
assignment-case-v1:399be48cfa2f15301c6d2e0908305971a3717d87981c8d37938af99958dd17e1,sympy__sympy-13895,sympy/sympy,False,exact_run_id,2,11910.400125896558,55309.197011,122082.076527,0.21534212697985464,True,8477.229125119266,19162.8857395,125168.74167399999
assignment-case-v1:3a1b480e3a1e566f1fabe56ae4a07354aa7a668e858b32250027e34ffd95730f,sympy__sympy-13877,sympy/sympy,False,exact_run_id,3,12048.559829017904,53018.71814,104984.554398,0.22725105871482515,True,8933.943639518475,19062.72243000001,124252.1253105
assignment-case-v1:3aa1d651668853e2cd6c18003ce50c7f465491ff9ba00855a3367924a6f0f6f9,django__django-17087,django/django,True,exact_run_id,1,12486.931708997872,53573.180416,170896.972582,0.23308176987133963,False,10335.978379858716,19076.611453,124452.596539
assignment-case-v1:3adc9a7af37426ccea9368b7478fb98c83fc0f1f59be6384f9ef7905164dadea,matplotlib__matplotlib-25960,matplotlib/matplotlib,False,exact_run_id,4,12611.186439025914,44375.094644000004,126446.462511,0.2841951446008033,True,8245.2756685052,19033.337498999997,124919.82762699999
assignment-case-v1:3b138fa30c75f30bcec3e41faa995c93e09b363aa3f5bd6874e841d8116e5860,django__django-11066,django/django,True,exact_run_id,3,79435.08067008224,37695.93203999999,199372.130637,2.1072586979887356,False,10380.834561801748,19062.72243000001,124252.1253105
assignment-case-v1:3b69c0d23a13bbf3c7b4d488dffbfd823024f3cea6f294ab8e6b022c27728cd8,scikit-learn__scikit-learn-12585,scikit-learn/scikit-learn,True,exact_run_id,3,14634.532513999147,49950.543199999986,106236.086098,0.29298044778818644,True,11086.436257517562,19062.72243000001,124252.1253105
assignment-case-v1:3bca505877993d6eb7d8f7859690a37bc588c2095046e5b3b5c21740385866bf,django__django-13568,django/django,False,exact_run_id,2,10497.885163014871,43033.448755,97958.238062,0.24394710316577023,False,8556.550414386948,19162.8857395,125168.74167399999
assignment-case-v1:3cd63cf010b78d93e18883031e3b0de39b27a76e429df7846c14433abe5fe101,sphinx-doc__sphinx-11445,sphinx-doc/sphinx,True,exact_run_id,1,42618.32071802928,50858.203190999986,170827.34995,0.8379832169448554,False,8934.040470896434,19076.611453,124452.596539
assignment-case-v1:3e148cb3ce71d9ea5122d3bab11f5b978239194b81cfb99ea363281ef50601ab,pytest-dev__pytest-5413,pytest-dev/pytest,False,exact_run_id,0,7520.731459953822,34959.648680000006,110120.142952,0.2151260594405327,True,10605.190827987826,19137.542820999995,125970.234473
assignment-case-v1:3e1ee1be1ece436cab2c17d409c312345401c709d4c20003c4a7faefd5fbe2b8,sphinx-doc__sphinx-8621,sphinx-doc/sphinx,False,exact_run_id,0,7829.655772977276,90045.878142,142685.289246,0.08695185092903546,True,6867.43991802723,14198.822093,125970.234473
assignment-case-v1:3e75c1e1ea99d5001474afd9b0752fa8d3c5a79b9879de16c8d8340469d6a7b1,matplotlib__matplotlib-24870,matplotlib/matplotlib,False,exact_run_id,4,21129.197934031254,39112.126283000005,314146.531732,0.5402211524157154,False,7115.096155477659,19033.337498999997,124919.82762699999
assignment-case-v1:3e7acb7eed45c576210d95e7a2cd118708910ef3546a7993501f379c26acda84,pydata__xarray-4687,pydata/xarray,False,exact_run_id,2,17619.065809994936,30072.555716000003,108098.701628,0.5858852162877787,True,6620.527005579788,19162.8857395,125168.74167399999
assignment-case-v1:3e7fbf7f0d875c365a86114e17db035aa9707ee809b41e25075d2c9e7d6def77,django__django-15127,django/django,False,exact_run_id,4,6897.023221987183,48410.41776,118020.940105,0.1424698141664453,True,8548.621917901983,19033.337498999997,124919.82762699999
assignment-case-v1:3ef3cf6cce45836f3724f6fff9fd9dce494163ae145a8bc24aab52d62719b9d2,django__django-15563,django/django,False,exact_run_id,3,10059.549221026828,35461.48089,109555.277575,0.28367538434819234,True,8615.598697006135,19062.72243000001,124252.1253105
assignment-case-v1:3f247c9a5ac442a0f0f435c3a4fe2ec4f637ebba612f1bedf0fccf7fab990982,pylint-dev__pylint-7993,pylint-dev/pylint,True,exact_run_id,0,30213.522177931736,55172.726195999996,156765.14721,0.5476169887019686,True,10439.648657988073,19137.542820999995,125970.234473
assignment-case-v1:3f2c1eb55084228765afa92ec4331fd867e4c81c9e9867f8629aa83f027c4d32,sphinx-doc__sphinx-9230,sphinx-doc/sphinx,False,exact_run_id,4,7167.977071047062,54203.45436899999,117922.929243,0.13224207118331865,True,7183.1454637722345,19033.337498999997,124919.82762699999
assignment-case-v1:3faafd664de28fe014a80f6708917a3f0a2fa90b01cf60e01f96466deee81be5,scikit-learn__scikit-learn-10297,scikit-learn/scikit-learn,True,exact_run_id,4,44657.46772402781,69379.03940800001,164802.475269,0.6436737681161727,True,9602.172650342254,19033.337498999997,124919.82762699999
assignment-case-v1:3fd58dc5ec658c8110b31f66ca6ed373ab77e90d070e4195f9b01f70a722a1ab,django__django-16229,django/django,False,exact_run_id,3,13472.232025989797,47545.854413000015,152595.663115,0.2833524014305275,True,7308.768489496288,19062.72243000001,124252.1253105
assignment-case-v1:4001e3fe419593f1645938232c1e342a98b1192375b479b8541546d9bef597e5,pydata__xarray-4248,pydata/xarray,False,exact_run_id,3,13594.790354996803,25498.74567499999,104464.75588,0.5331552590183167,True,5733.926552735284,19062.72243000001,124252.1253105
assignment-case-v1:40088aaee02f085091c494f33195a03759510b3b341ae4be97f04b383894a192,sympy__sympy-22914,sympy/sympy,True,exact_run_id,2,9289.886271028081,29699.841514,79566.526654,0.31279245266844224,False,9905.80982312349,19162.8857395,125168.74167399999
assignment-case-v1:404ca64e4e8b4ebcd9019da3221d075a906979c67fe8aea501564330f6bc4d29,django__django-15973,django/django,False,exact_run_id,0,21944.315098015068,28145.101949999997,118344.92339,0.7796850456253214,True,5253.015467507794,19137.542820999995,125970.234473
assignment-case-v1:4061d59680e830f46689a4d4c8b9383ab162ddb04a932550edfcd248f454ca2f,pydata__xarray-6992,pydata/xarray,False,exact_run_id,1,113985.37669700454,40903.06775499999,210922.150176,2.7867195042619017,False,11803.756816425448,19076.611453,124452.596539
assignment-case-v1:40a779b487f435ba2ad56ec566a433f3bc0a56600539293c4cbf8887faf49bbb,sympy__sympy-23262,sympy/sympy,True,exact_run_id,3,7765.358993005066,66742.69544000001,119561.59956,0.11634769830334357,True,8003.18749348844,19062.72243000001,124252.1253105
assignment-case-v1:40f9f240c6f348eca50c95fb156df4c88d4ace27cefe7ff9cbfca2977b73a835,pytest-dev__pytest-5495,pytest-dev/pytest,False,exact_run_id,3,13462.250201002462,61473.477791000005,156953.567346,0.21899281909463394,True,13409.493075985665,19062.72243000001,124252.1253105
assignment-case-v1:414b72f26dfb6ba2bce344d0e84a3ce012d3b9fae9366e139bdbff211d4fe2fb,sympy__sympy-23191,sympy/sympy,False,exact_run_id,4,12578.16975802416,59481.356693,114328.899741,0.2114640697074821,True,10431.492165382224,19033.337498999997,124919.82762699999
assignment-case-v1:41d11dfb4e095fa6bb478768c45682cb0e0a0444dcbe1c660fe875a7b769d580,matplotlib__matplotlib-24334,matplotlib/matplotlib,False,exact_run_id,3,12283.918681001524,41053.49618300001,160447.549497,0.2992173584009689,True,6725.033426486334,19062.72243000001,124252.1253105
assignment-case-v1:421ae8d48f07be0c1c5cb7ce4e12325a3ea6dcb1fffb861abbfc970839477633,sympy__sympy-21612,sympy/sympy,False,exact_run_id,0,20910.22068502207,63046.151947,149955.959845,0.331665296600502,True,10469.525562784838,19137.542820999995,125970.234473
assignment-case-v1:4260dc8f5a80c7377bc07826a05cbb5fcacc0ada191dc147de9653da82c521d3,sympy__sympy-12489,sympy/sympy,False,exact_run_id,1,12388.578968020738,48189.66664499999,118940.66169,0.2570795739112285,True,8244.495873721462,19076.611453,124452.596539
assignment-case-v1:42c494bd24d801fbb6789c138a0f8583b9611702473c7206166578c9cc470e73,matplotlib__matplotlib-24177,matplotlib/matplotlib,False,exact_run_id,2,10173.742009908892,37734.711361,164913.841361,0.26961229178564144,True,6788.284694093818,19162.8857395,125168.74167399999
assignment-case-v1:42c9535adc263444e4afb0d12cd4a04d05bba852c3894b1d9cd54ee0628d63fd,sympy__sympy-24066,sympy/sympy,True,exact_run_id,4,13681.326921985601,44601.39829400001,108605.284799,0.30674659192974396,True,10877.740037652984,19033.337498999997,124919.82762699999
assignment-case-v1:433920efe5ab1b4faf1773f64a5e5389c705f0330d55a9ebef0ae7d0679ced22,django__django-11239,django/django,False,exact_run_id,0,7995.779529999709,84022.014464,141621.089349,0.095162911541779,True,8718.182760036143,19137.542820999995,125970.234473
assignment-case-v1:438747af686f2a9ca93d75b04c2c9ad5ad87c212973fe42552f712f391f49e07,django__django-13410,django/django,True,exact_run_id,4,24788.122665995616,44348.143853,125808.27007,0.5589438590295991,True,10085.854737901172,19033.337498999997,124919.82762699999
assignment-case-v1:446fd632424ba366d80f2c4d59cd61686e8fa57c762effb355c8545a066754fa,django__django-13925,django/django,False,exact_run_id,2,10105.482255996321,41093.07149399999,128767.609811,0.24591693656853628,True,7841.128695856241,19162.8857395,125168.74167399999
assignment-case-v1:447ea884f71df4b321b690551d426a98bd64dfa3419bfdefc5ed6993f5ee3067,pydata__xarray-7233,pydata/xarray,True,exact_run_id,3,12554.384033865063,38749.638135,160998.083996,0.32398712963787685,True,10519.09912400879,19062.72243000001,124252.1253105
assignment-case-v1:4525ad0ad258791bcf8de3b0a8a501327d14554f938fc64778b6ceb1334083ba,django__django-12419,django/django,True,exact_run_id,1,7786.4552919782,33044.505695,101664.493929,0.2356353992354129,True,8812.159362703824,19076.611453,124452.596539
assignment-case-v1:45432e7550e7296d94a38aa5567a4d45eb3699f28dd81bf8dbe36b3068b402e1,sympy__sympy-14976,sympy/sympy,False,exact_run_id,0,8686.409568013914,35208.27703799999,85859.836627,0.24671498575856884,False,8555.02993077971,19137.542820999995,125970.234473
assignment-case-v1:454648abe973bab25b771f1e52bf5ba06b0452d0c339ba937ba23dfd56ace999,sympy__sympy-17655,sympy/sympy,False,exact_run_id,2,9818.316269003844,69217.118423,119467.597868,0.14184809325638348,True,9312.950459083368,19162.8857395,125168.74167399999
assignment-case-v1:457ccc6de9ad79bb8012dd029a2e32d595fe4ec1c3f59914ec326c5427da882d,django__django-11630,django/django,False,exact_run_id,2,11263.426532997983,56617.50124500001,175511.275837,0.19893895501071193,False,8922.700575620183,19162.8857395,125168.74167399999
assignment-case-v1:45c793dcc7936ca69668559a83a70b21692058cba15c7df1c5f9d55fcd2856dd,django__django-16046,django/django,True,exact_run_id,1,8577.265863968933,77799.24422700003,133688.371877,0.11024870420260734,True,11771.953043662506,17845.862327,124452.596539
assignment-case-v1:45d10ac0bc82f763a8ce308170eb2ff2041f2b35d300f738d7236543a9e8e3ed,sympy__sympy-16597,sympy/sympy,False,exact_run_id,4,10657.445417018607,31203.255478000003,81692.255594,0.3415491510022949,False,6007.11145526293,19033.337498999997,124919.82762699999
assignment-case-v1:465a32a27e23c8faa4ac97544eb53cac761e79b9faeb1852d923a5dd26614d2e,django__django-9296,django/django,True,exact_run_id,1,6867.746584997803,40030.539574,92933.852585,0.17156267834716954,False,11461.080004381074,16615.113200999996,124452.596539
assignment-case-v1:465d3558f27172c75f16926d3422e415389cbf9a0ddd94d3976dd7996649a7b9,django__django-14140,django/django,False,exact_run_id,2,23723.523120002938,54043.915836999986,127468.524009,0.4389675091559732,True,10352.1902978664,19162.8857395,125168.74167399999
assignment-case-v1:465de504dee955da0c29ba88b351b0545da6b3472cb344232aaf75c775d058f3,matplotlib__matplotlib-23562,matplotlib/matplotlib,True,exact_run_id,1,18135.09422500647,40737.05591400001,228009.102361,0.4451743951082636,False,8013.656023154908,19076.611453,124452.596539
assignment-case-v1:46751ed0ddab05869f8e3ac2411b820dc8fcd08daa1314a2f0cc9d364cbff609,sympy__sympy-13177,sympy/sympy,False,exact_run_id,3,15445.351806014514,76717.306224,148476.185655,0.2013281300690748,True,10194.158219501332,19062.72243000001,124252.1253105
assignment-case-v1:47ce193e42b3793658c4461bfeb9dad0b89aeee09405fc21ef8ec2c580d00a81,sphinx-doc__sphinx-9461,sphinx-doc/sphinx,False,exact_run_id,0,7923.145869979635,47417.166224,114583.468685,0.16709446179365667,True,9821.725261033862,19137.542820999995,125970.234473
assignment-case-v1:4826bccaf2d7ff7089c5ab655b5e0a6a2e0ec0c3d6e82d4c769cb778fc2039a4,django__django-11001,django/django,True,exact_run_id,3,9086.685393984226,106016.212963,238534.465443,0.08571033750427878,False,9050.679802248851,19062.72243000001,124252.1253105
assignment-case-v1:486cf8ad6adda774d315acdd1dc0c80f54cf60c1ef903ecb371971e4abdefa0c,django__django-11138,django/django,False,exact_run_id,4,6910.448120062938,32739.035008,98022.766709,0.211076719835338,False,5562.9754998626595,13507.529837999995,124919.82762699999
assignment-case-v1:48cc94a9e8db1a52f1bb06e522d267491fb34bdbaa7775e2e86036388421d043,sympy__sympy-16792,sympy/sympy,False,exact_run_id,1,23394.65024395031,34643.323983,106689.622974,0.6753003913663255,True,8821.606638164667,19076.611453,124452.596539
assignment-case-v1:4971f980bc7bd0df4cc4fbd1551e7e5cb1628c3e13b9094c4f41c38487a677be,sympy__sympy-23413,sympy/sympy,False,exact_run_id,0,13758.181768062059,76778.96537500001,150305.499614,0.17919207039148066,True,11274.234889771833,18520.202729999997,125970.234473
assignment-case-v1:49be8faf079d7bc759d012c238ec63d60d156f2b71c863da4ec2c5b7f710be35,sympy__sympy-22456,sympy/sympy,True,exact_run_id,2,8614.726280036848,43750.446742999986,89287.083865,0.19690601859774592,False,9704.831662837023,19162.8857395,125168.74167399999
assignment-case-v1:49d2aa1e13dbff4c7158583825aad0749505c80a0701f39c321bed82680d7f68,django__django-13820,django/django,False,exact_run_id,0,9668.987745026243,80122.06321800001,156628.908321,0.12067821716870158,True,9882.210661719,19137.542820999995,125970.234473
assignment-case-v1:49eaed15e36d369ba42d5b2da39b2c152a537d7ae6aba1e258ab81201269559a,pylint-dev__pylint-4551,pylint-dev/pylint,False,exact_run_id,2,13436.799686111044,57538.72776700001,128634.14477,0.23352618675412226,True,10376.737645548928,19162.8857395,125168.74167399999
assignment-case-v1:4a8f1cec1a4c6cb15ce029139ce15ad838b7e78c35299a5fb752e4e48822a3f3,pytest-dev__pytest-8906,pytest-dev/pytest,False,exact_run_id,1,7863.67930900451,40621.194334,127246.771095,0.19358562538429844,True,12730.200293193775,19076.611453,124452.596539
assignment-case-v1:4b083fba8cd9dd3f75b3d0fbbfdacee8cf2da940d37577f71a024ed81a5e660f,mwaskom__seaborn-3010,mwaskom/seaborn,True,exact_run_id,2,25058.145002989477,60820.281938,191199.845217,0.4120031049598499,False,9252.977085121529,19162.8857395,125168.74167399999
assignment-case-v1:4be32827950e9a1ce44a8ddb6e8bd025bcbf7b79e063308250c413d4ffc1f0d6,sympy__sympy-11618,sympy/sympy,True,exact_run_id,3,14549.65724509384,45881.73818799999,119088.906431,0.3171121631328952,True,11834.832991771691,17217.942840000007,124252.1253105
assignment-case-v1:4c1c271d383aed660d70edc39064654b95603ce6c4a7b371503cb69561695dd5,django__django-17051,django/django,False,exact_run_id,0,5035.6032980489545,19090.986744,98365.166169,0.2637686236742879,False,4644.518119726854,14198.822093,125970.234473
assignment-case-v1:4c2f7906f985ff690e4fc13336ef2d9c6637822b3cf68dcbfa59d68265ff7b15,django__django-15561,django/django,True,exact_run_id,2,24385.186013023485,48665.59012399999,141719.072106,0.5010765502049805,True,7522.033387920601,19162.8857395,125168.74167399999
assignment-case-v1:4c4f725a7173e7d5b8c18e6d1c201bd7e44258e199970abbe37b86ecc25c8b2a,django__django-14787,django/django,True,exact_run_id,2,38822.414292997564,53839.67761100001,148611.178823,0.7210744197522041,True,13155.308209332361,19162.8857395,125168.74167399999
assignment-case-v1:4c5b679678a8c7b0e8034272edce3ff2fe0d35026c44de6b1a9d27bf6e2d2c23,sympy__sympy-20322,sympy/sympy,False,exact_run_id,0,8297.952124008589,33480.324044999994,99185.24371,0.24784563353853853,False,7267.116355487815,19137.542820999995,125970.234473
assignment-case-v1:4d47c7bf73d2f97cdf0de934aea1af1e275452222fb34372c146d68403c4a8c1,django__django-12308,django/django,False,exact_run_id,2,15679.419590996986,38902.610084,108312.520382,0.40304286928669786,True,6929.710092372261,19162.8857395,125168.74167399999
assignment-case-v1:4d7b41ed9ad46bbec64178e4103e68c6fedc245a75996c400808c5d9098f2e99,django__django-11964,django/django,False,exact_run_id,0,13107.813255006477,36379.68071000001,154108.757666,0.3603058905188086,True,7449.962363265513,19137.542820999995,125970.234473
assignment-case-v1:4e42151cf3975c50edaba183aacedbb6d2b662252cc350ded7f531e42c6be978,django__django-15499,django/django,True,exact_run_id,2,21199.06189496396,37851.614495,126040.609132,0.5600570062279443,True,8190.259006611086,19162.8857395,125168.74167399999
assignment-case-v1:4e562275a3f29039875cff4c13d92969eb90a6e6a81bdebf727513454f1e261d,django__django-13569,django/django,True,exact_run_id,3,6150.990613990871,92608.42048799997,149769.759652,0.06641934482391809,True,7386.639262500466,19062.72243000001,124252.1253105
assignment-case-v1:4ea024011360708a8804b0e02bc6a378270bd23885acc0985d9e7124d3958f22,pylint-dev__pylint-4661,pylint-dev/pylint,False,exact_run_id,3,8631.622939989029,47987.195566999995,131397.184803,0.17987346078471095,True,9899.578191261753,19062.72243000001,124252.1253105
assignment-case-v1:4efefb0ab50dd274ea71b10d87d7eedb3fbf7ddf68a18bb6ee3d300ad9e30864,django__django-14404,django/django,False,exact_run_id,4,8994.064050013549,60917.428188,122067.397902,0.14764352858522795,True,8550.620131822143,19033.337498999997,124919.82762699999
assignment-case-v1:4f3f9a7772c58155821b55639548c2fa2d98afae67267ee232d3ce43a4f16ff0,pydata__xarray-3993,pydata/xarray,False,exact_run_id,2,33078.0345600142,38425.82457799999,121560.135377,0.8608282300583975,True,7189.8792993324605,19162.8857395,125168.74167399999
assignment-case-v1:4f609114f328147e1b5073f344f94fca0716e2434806cbc74795f71a6b53489f,django__django-15400,django/django,True,exact_run_id,3,7383.937087019149,54176.271006999996,128168.414985,0.13629467199883666,True,9550.020340038827,19062.72243000001,124252.1253105
assignment-case-v1:50036fd6c57ba1bf15153dc169762bba7ef2ff1970cb22f4d98506ed020e851e,django__django-13315,django/django,False,exact_run_id,3,6097.307987023669,73274.785276,238876.338142,0.08321154356245854,False,6879.452070477782,19062.72243000001,124252.1253105
assignment-case-v1:50c45f2de277876caae5287115a5c812d4abde60154e824ed13ee67e000b7550,django__django-14311,django/django,False,exact_run_id,0,16691.23102199228,32038.491542999996,124077.625062,0.520974309904397,True,9820.04886922914,19137.542820999995,125970.234473
assignment-case-v1:50d30918f569736120aee4f860cc173ae91113ff545ba5e89fec85c200ac8a35,sympy__sympy-17139,sympy/sympy,False,exact_run_id,1,11354.641425001319,32096.763021000006,87490.16745,0.35376282080446236,False,9224.088844941434,19076.611453,124452.596539
assignment-case-v1:50d56f01076a72705aab6273a5a0c0756fa6d5f36b02e6a436fefcef15e8bac7,psf__requests-2931,psf/requests,False,exact_run_id,1,6302.61738691479,29613.006912999997,78514.166549,0.2128327395266289,False,6533.201314705366,13538.240385999998,124452.596539
assignment-case-v1:5118d3dbc4fd895ad326c917d2f4d908be5f68f816d2b07774568e4ecf33555c,django__django-14855,django/django,True,exact_run_id,1,7602.592068989907,45911.760494,118945.202048,0.16559138632863915,True,8104.583331150934,19076.611453,124452.596539
assignment-case-v1:512cb93857a97a7cbf22dbbc844cd4832e08665bccd17325495b900737efcab7,django__django-15202,django/django,False,exact_run_id,4,11389.878977010085,55989.756218,173589.228368,0.20342790800272106,False,9876.07739336272,19033.337498999997,124919.82762699999
assignment-case-v1:51407073ae2777a1fa29bb7b457302b1a7faf8809d755e42373d346507571117,sympy__sympy-13551,sympy/sympy,False,exact_run_id,3,13372.181902988814,74552.89215700001,137852.030439,0.17936503220865666,True,9661.488160496447,19062.72243000001,124252.1253105
assignment-case-v1:51c3e846206a6c49ae74c8df1b94866173c4f044cd7b49b770552ef2251f647c,scikit-learn__scikit-learn-14983,scikit-learn/scikit-learn,False,exact_run_id,0,17099.498435942223,42197.480642999995,107887.187307,0.405225576868149,True,8146.665382262654,17285.522548,125970.234473
assignment-case-v1:51c3f2cf64d4bde39c0e4aad9c516e89c7d7ea32195d1c86347aa730f58e691b,django__django-11583,django/django,True,exact_run_id,1,12072.538418025943,35401.960369,125919.735809,0.3410132741857243,True,11138.147901936463,17230.487763999998,124452.596539
assignment-case-v1:523286408899ca73bf07252f5ee10f7942b89376d7637511b28cdc70a08b4a79,matplotlib__matplotlib-25311,matplotlib/matplotlib,False,exact_run_id,0,16041.910361047485,29505.367713000003,285854.481805,0.5436946428557625,False,8804.12173127479,19137.542820999995,125970.234473
assignment-case-v1:525f0d1ea300743aa07c656c53dff9ffc4f63491e17c86eaef1d7c91286838e9,psf__requests-1142,psf/requests,True,exact_run_id,3,5214.468654972734,27538.544443,75805.403411,0.18935164368493687,False,5625.444612496722,12298.530600000002,124252.1253105
assignment-case-v1:52a795f368d985eaa1279d7208177c88e95df1ebdb9b28b955c4473cf7e22a9c,pytest-dev__pytest-6116,pytest-dev/pytest,False,exact_run_id,4,6545.354956004303,37781.41926000001,100363.088045,0.17324269665364342,True,13036.272133496823,19033.337498999997,124919.82762699999
assignment-case-v1:53bb65871c0b28727bc3a86d235dd77ceea7ccae2e496c4e5ad20e397efb4415,django__django-15738,django/django,False,exact_run_id,2,18259.796977996302,44701.796363,165443.365098,0.40848016105925594,True,6310.909546640687,19162.8857395,125168.74167399999
assignment-case-v1:554f81f81d2cd4fda5954ef93833d98e48138ed11af505781fa7d90b31218372,django__django-14351,django/django,True,exact_run_id,4,50344.69059498224,57150.828696,152573.765385,0.8809091966588732,True,6276.142876702579,19033.337498999997,124919.82762699999
assignment-case-v1:55c11565d8b9a5ca8e35ec65c8633420a591541a3b45e638ea830259085789b4,django__django-14771,django/django,True,exact_run_id,4,6388.266031026433,58309.392975999996,110652.275019,0.10955809527387513,True,11634.957540920368,19033.337498999997,124919.82762699999
assignment-case-v1:561fe973d39e206c766c53ae77d850874774b82cd9a7534294526ae1b513d35d,django__django-16819,django/django,False,exact_run_id,1,20164.000199001748,41620.839358,120775.915445,0.4844688504612293,True,6199.691119440104,17230.487763999998,124452.596539
assignment-case-v1:566e748203c6e180d37592b975f5fbadef6958083af245431d25c51f67430bd4,sympy__sympy-21614,sympy/sympy,False,exact_run_id,1,29573.84284697764,23100.487997,112473.1358,1.280225891800135,True,5471.742504902068,19076.611453,124452.596539
assignment-case-v1:56aeb6075ff9485d5a4b6a19cf22af6e3c281b303c1267292f2505a0c174dc57,django__django-17087,django/django,True,exact_run_id,1,14281.165014952421,52715.926734999994,136677.104107,0.27090797600397004,True,10335.978379858716,19076.611453,124452.596539
assignment-case-v1:574645239572c61a06084afbe3a8a9be574efafadb305a05078e424ef41c28bc,psf__requests-2674,psf/requests,True,exact_run_id,1,5883.592060003139,70639.16778399999,127411.62839,0.08329078957999547,True,8542.644890658266,19076.611453,124452.596539
assignment-case-v1:57705f2007f3073c890cc01ff14f4c0df7e69d1d2475237cabbb7bb6d8fcd19c,django__django-16263,django/django,False,exact_run_id,3,5139.1161200008355,69723.24722699999,126736.384236,0.07370735478325137,True,5456.728441968153,19062.72243000001,124252.1253105
assignment-case-v1:57a081155f0d09f0a3a74df0e68cb1209c2fc76bede090cb9bc34114d237d603,sympy__sympy-21847,sympy/sympy,True,exact_run_id,0,18992.845461922116,41335.161841,103993.565757,0.4594839989977557,True,10703.631070757183,19137.542820999995,125970.234473
assignment-case-v1:58977c778da53d9423da3d0d3a07e59965951515309f07522a8c3650435c3207,django__django-16910,django/django,False,exact_run_id,3,6160.002242984774,124979.50992299998,201945.990732,0.04928809727914567,False,5590.456250980424,19062.72243000001,124252.1253105
assignment-case-v1:58d3714862c61484587bd005ebbfabdcf540efadb42ff1e18f9223a843a9f565,scikit-learn__scikit-learn-15535,scikit-learn/scikit-learn,True,exact_run_id,1,16310.77283002378,36670.47012600001,133756.981947,0.4447931202948815,True,8757.938258422655,19076.611453,124452.596539
assignment-case-v1:59604633a272b14d29fce6c29c559ee397635d2fe45beac5d146f0d8ab79d93a,django__django-11099,django/django,True,exact_run_id,4,51596.089279024454,35561.978238,133932.258691,1.4508779273671308,True,11242.991478726253,17191.401611999994,124919.82762699999
assignment-case-v1:59d4d56edccf0ae016a97ca680d7b3ec2a226e1cacf2b86ebbc1b7e394cd363a,scikit-learn__scikit-learn-25102,scikit-learn/scikit-learn,False,exact_run_id,3,13217.986150018987,75553.82880999998,150213.731732,0.17494793259596544,True,7683.963118250176,19062.72243000001,124252.1253105
assignment-case-v1:5a1a02159fa58b5f4011dc8adf6c88886ba0300f0c23ffa3eb011d04a4d41e2a,django__django-13786,django/django,True,exact_run_id,3,7761.871196962602,48997.312967,104573.302046,0.15841422165722172,True,9462.796678755694,19062.72243000001,124252.1253105
assignment-case-v1:5a9e1703d1f654a894bacbc5182174904d51bba8ad8550a64d92a84aa2fd62e2,scikit-learn__scikit-learn-13142,scikit-learn/scikit-learn,True,exact_run_id,2,17060.153986010846,57122.042159000004,124633.184828,0.29866148585030744,True,9144.100720855931,19162.8857395,125168.74167399999
assignment-case-v1:5ab50c034a3dde223c9184d0d8c8f540cb9674394ac9b855304b7ecd8420c9d0,django__django-13807,django/django,False,exact_run_id,4,19478.218412004935,51584.722698,119857.95774,0.377596648644195,True,8762.607445623871,19033.337498999997,124919.82762699999
assignment-case-v1:5ae1be7f68d7dc9579a8cbcf285d48e393225969102a72310093227bfa9a834f,django__django-15098,django/django,False,exact_run_id,2,6718.187893995491,39677.157453,91561.93899,0.16932130034651782,False,8053.689658361691,19162.8857395,125168.74167399999
assignment-case-v1:5b375dfc5f3cbfae29bc5fb3e3e844681060c7eb9a7cbdb83d28653ee17cee0d,django__django-14580,django/django,False,exact_run_id,1,8388.599872989289,53097.420074999995,131649.025795,0.15798507462585581,True,7924.42731041956,19076.611453,124452.596539
assignment-case-v1:5be2c10ef9a810bae9039f2d3582ebd1339f3ef86dc4229f35fc492ae6f75c93,django__django-13346,django/django,False,exact_run_id,0,14437.529809983971,139403.872851,217272.674774,0.10356620310983279,False,4441.427125744667,14816.162184,125970.234473
assignment-case-v1:5c14219541f8296d1e0671dd86b43d449488925d6f1cf8a9c3f7c1942bb30f05,django__django-16139,django/django,False,exact_run_id,2,13223.490804994071,16872.243199,93562.675638,0.7837423067596497,False,3889.944698081308,11126.836881000001,125168.74167399999
assignment-case-v1:5c45cf5cfecbffe997ccf7a4e0aa2c154396fad56b3746d71b6affc2f6eb1ae8,django__django-14011,django/django,False,exact_run_id,3,12765.431562031154,62071.6836,135792.606666,0.20565628031444524,True,9884.389151502546,19062.72243000001,124252.1253105
assignment-case-v1:5d4c0ee2b70e5e5709271a61789f5145f96d89af709f81659e56b03d92d8af12,sympy__sympy-19487,sympy/sympy,False,exact_run_id,1,25696.251695990213,36200.938754,128582.427168,0.7098227996408221,True,10050.572146879858,19076.611453,124452.596539
assignment-case-v1:5db23e43d36ba267b068c87f7a71bdbff6262e5ed56ea9b4a607cd69e4b40476,sympy__sympy-16450,sympy/sympy,False,exact_run_id,2,15018.307572012418,34437.139177000005,103728.679343,0.4361078745485019,True,7998.57610786421,19162.8857395,125168.74167399999
assignment-case-v1:5dbe32d18b0a70f659393b7965497e0c1e3718f38bc8bc72db0841cac3514559,scikit-learn__scikit-learn-11578,scikit-learn/scikit-learn,True,exact_run_id,0,20028.21952200611,56178.327239,169602.229941,0.35651149662751375,False,9523.696914528045,19137.542820999995,125970.234473
assignment-case-v1:5de84268e5ec3f4000dcefb3c2b50dd51d8143799568980c1165bfe774bc6ae7,django__django-11422,django/django,False,exact_run_id,1,8578.366342982918,40477.96885900001,126014.181232,0.211926798324901,True,5541.201829470083,13538.240385999998,124452.596539
assignment-case-v1:5e2f8a79a101d9605e5f970837b21ddb8c97927d73535cba8708eb8830d7810c,django__django-12774,django/django,False,exact_run_id,1,30581.658117996994,61048.825062,146828.685257,0.5009377016992359,True,7575.52256488998,19076.611453,124452.596539
assignment-case-v1:5e457c11c3bb9a945747cd925b465060768666501a2cde914a46658ade92fd77,django__django-13925,django/django,False,exact_run_id,2,7967.640282062348,42325.506129,104124.814246,0.18824678097831868,True,7841.128695856241,19162.8857395,125168.74167399999
assignment-case-v1:5e7dcac8f2047b5f3037aee1467a96facdc79350cf84aaa5bca9650288b0bf37,sympy__sympy-17655,sympy/sympy,False,exact_run_id,2,12184.956620989396,68652.585575,149381.984881,0.1774872208953857,True,9312.950459083368,19162.8857395,125168.74167399999
assignment-case-v1:5eaf5e44890b026902d439f2efde3618d4e01485de435b5b245fa400e68a42f1,django__django-10924,django/django,False,exact_run_id,4,15042.012971000077,56295.395864,154534.275269,0.26719792516139323,True,7513.722737787248,19033.337498999997,124919.82762699999
assignment-case-v1:5ed1a38653baedd52eb8c0d0c4e73330c548709a1e59230c5b08e708a671ccfb,sphinx-doc__sphinx-9591,sphinx-doc/sphinx,False,exact_run_id,0,6458.954295972944,33915.244146,88636.004425,0.1904439864318276,False,6917.17534828058,19137.542820999995,125970.234473
assignment-case-v1:5f0c70caa22a3809a59116855fd5d4ca44fba8e33f1f42acf09c24507087cf83,pylint-dev__pylint-7080,pylint-dev/pylint,False,exact_run_id,0,23746.160102949943,42699.437118999995,136516.902216,0.5561234926065008,True,6483.817659485794,19137.542820999995,125970.234473
assignment-case-v1:5f3d5680e7e706689c1361a07dd3128185a2de4868a627a833922f17a1a2541a,django__django-15569,django/django,True,exact_run_id,0,10376.31967998459,38205.052508,122578.236035,0.2715954827653182,True,8963.694409523669,19137.542820999995,125970.234473
assignment-case-v1:5f48890d11aca76b33783bd13fa7296c21159fb29942efad506dfe73a9df7cb3,django__django-11555,django/django,False,exact_run_id,4,5839.4350779708475,43530.21792999999,114148.547315,0.13414669982496108,True,5332.213601923286,19033.337498999997,124919.82762699999
assignment-case-v1:607e6a8468d56ea61bdcb76ec9e3d7a4ec9b34e4be19318a96804302dea17e23,pydata__xarray-4629,pydata/xarray,True,exact_run_id,1,44051.03737399622,32830.902436000004,218814.481329,1.341755300813572,False,10161.805626154091,15384.364074999996,124452.596539
assignment-case-v1:60accdfaf6789e4f698fc2fdac46bf58b4c049c46b65a014c20cb7148c24734e,pylint-dev__pylint-5859,pylint-dev/pylint,False,exact_run_id,2,11356.297172998893,80106.17897100002,156576.884365,0.14176555814889252,True,9591.454326318853,19162.8857395,125168.74167399999
assignment-case-v1:60e30fec882ab25dfc48e8bacfe6f3d62d55d224c31cf9bc9eb461d52874f56e,django__django-15037,django/django,False,exact_run_id,0,7573.692995880265,65844.665602,118560.274764,0.11502363823456366,True,8658.229038250283,18520.202729999997,125970.234473
assignment-case-v1:6255d68ceb05ea01c28f2300625a25e944b884ae643cfcacfa31be03da96476e,django__django-13028,django/django,True,exact_run_id,3,17225.223036046373,41698.442908,121267.618174,0.4130903178819095,True,9019.894934490367,19062.72243000001,124252.1253105
assignment-case-v1:628eb43ce57c0cde844e8d3c2cf053f37ff3ec1007c31defa838dc66b7254468,sphinx-doc__sphinx-8474,sphinx-doc/sphinx,False,exact_run_id,0,4532.815183076309,15383.816800999999,1094516.078083,0.29464828148380323,False,3534.7429062603624,10494.781547,125970.234473
assignment-case-v1:62a41b04d0e3c1b15b4c6de77b6e4f97a40f83974d12e8c9b6d80d2da8df8306,sympy__sympy-13915,sympy/sympy,False,exact_run_id,3,9676.25222901188,77241.297421,132834.647366,0.12527304113331927,True,6983.16177673405,19062.72243000001,124252.1253105
assignment-case-v1:630fbda2df927a38dc93c70eff6e4d5ccc03b3107cb6e14fe3975bea20037206,sympy__sympy-23950,sympy/sympy,False,exact_run_id,0,15681.76697997842,35813.60376,123653.083716,0.4378717954514617,True,7953.928658014775,19137.542820999995,125970.234473
assignment-case-v1:6361c1f472d9eb1f48f253fd7e6968d3a966adbc7ed02df4b29d96b655aad62c,sympy__sympy-14317,sympy/sympy,False,exact_run_id,1,7358.35533300633,25186.734546999996,103041.532799,0.29215201832834603,True,5407.960101911158,19076.611453,124452.596539
assignment-case-v1:64829b38be6fa645f92a7d2a1ea27965d7283f8c9918058e7e6d70c915739f9a,sympy__sympy-12236,sympy/sympy,False,exact_run_id,0,12371.399937008391,71894.58077,125493.457514,0.17207694661418346,True,10812.743818270974,19137.542820999995,125970.234473
assignment-case-v1:64929221fd5dfec1713e8b40bd068a43949bd00cc7ce15f53557ac394678fb5c,django__django-12708,django/django,False,exact_run_id,4,25029.191656991316,44131.900892000005,117002.214371,0.5671451070789583,True,7085.094902506171,18419.358869999996,124919.82762699999
assignment-case-v1:655604436d538bff15739674e9a0c01f57d71b6f12e0e1e8013314d49743489b,django__django-15467,django/django,True,exact_run_id,1,16843.56133898109,66281.88266999999,127293.545056,0.25412014053434084,True,8728.84422539937,19076.611453,124452.596539
assignment-case-v1:668150bc46c2f8e2ac4f8a3c53427dc5eaddfc95f377022aa288102cb8c9c6cd,scikit-learn__scikit-learn-25638,scikit-learn/scikit-learn,False,exact_run_id,2,27198.485494001943,63390.52029899998,157043.916716,0.4290623482140911,True,11967.928804098847,18544.728135,125168.74167399999
assignment-case-v1:66f1f68cfb0625c9cbfb98d661c9510974eb589de2bfb2a8917ce01a1f609bea,django__django-13512,django/django,True,exact_run_id,0,13417.379554972285,49411.322783,110099.898653,0.271544633886801,True,9119.556196019403,19137.542820999995,125970.234473
assignment-case-v1:671f7ab8bee84225af33ed758be788b6f56f02d3b2bdebd3055356139a55d743,django__django-15789,django/django,True,exact_run_id,1,9354.22148397629,42175.520081,110496.830542,0.22179267655765908,True,11456.936278391368,16615.113200999996,124452.596539
assignment-case-v1:6731fd6cf04798649ac4d1730a2dd8bc9d4791bd7e576bc34a0cd2eb09ff8866,django__django-15554,django/django,False,exact_run_id,0,7185.821361017588,33392.803411999994,103324.486109,0.21519071856169167,True,6204.630982298113,19137.542820999995,125970.234473
assignment-case-v1:67da2a0809a31ffbc2a84f55268a1f9caeb8f01497d6014094b46e7fef1f019f,sympy__sympy-16792,sympy/sympy,False,exact_run_id,1,21391.293776003295,46159.287184,119950.897132,0.46342339929846377,True,8338.74527916123,19076.611453,124452.596539
assignment-case-v1:67eea6c14dd2f70aae50a187410eabb16398036f60c7480d53befbc15abb6abc,django__django-12113,django/django,False,exact_run_id,4,46382.86846203846,27227.164196000005,232226.331645,1.7035512082030435,False,6045.8282229046745,12893.551208999996,124919.82762699999
assignment-case-v1:683ae5e2c0ab785fb2c7f8d83b3bbc4b2b26fdc468ebdcb1e245cce1432a2cd9,django__django-13658,django/django,True,exact_run_id,3,10519.803763010714,44368.684154999995,122462.890201,0.2370997464396342,True,12540.24777079394,19062.72243000001,124252.1253105
assignment-case-v1:68442e8f5b5b4b7f0657dca5e0e7d895052d574eb1eac2439388ba801d6ed26d,django__django-16527,django/django,True,exact_run_id,4,15748.616869008401,56224.433355999994,136375.904129,0.28010272276630754,True,8910.825267130349,16577.422982999993,124919.82762699999
assignment-case-v1:688b982a4a6c5848ae1bfdac9a3e5d2ed58a37d74201e4da95a0f3cb76dc2e44,pytest-dev__pytest-7571,pytest-dev/pytest,True,exact_run_id,2,12602.459547051694,43146.874089000004,146344.047745,0.2920827942496211,True,7631.212685890205,19162.8857395,125168.74167399999
assignment-case-v1:68a62dbb984335b3bb6f4f920945d27c5289c14888b83b2cf93ce416e47720df,sphinx-doc__sphinx-8627,sphinx-doc/sphinx,False,exact_run_id,2,9827.227341986145,37825.457860999995,135250.49296,0.2598045839418252,True,7847.60298661422,19162.8857395,125168.74167399999
assignment-case-v1:68c2a0295dd4fd15f2e525afe07428e6fad89dc8ffdd8e85b5cb0c70825dd9e0,pytest-dev__pytest-11143,pytest-dev/pytest,True,exact_run_id,1,16139.414839999517,41847.424422000004,137275.233559,0.38567283561457877,True,13781.653006270062,17230.487763999998,124452.596539
assignment-case-v1:699ba410e683bee9c424ba0dd0b6fa3ad20f4e72e9f75abec05ace2204309905,django__django-16454,django/django,False,exact_run_id,1,70763.1395640201,42084.659590999996,258995.856212,1.6814473552057227,False,11165.333547138289,19076.611453,124452.596539
assignment-case-v1:69aa1902d7a1890ae0642b3c5cc928a359aabf2a4db961c076f712f8e9560c84,pylint-dev__pylint-7080,pylint-dev/pylint,False,exact_run_id,0,36653.19346100296,35595.995315,168149.549377,1.029699918112908,False,6483.817659485794,19137.542820999995,125970.234473
assignment-case-v1:69e1378ddb0df9eefaa1253dc19a3d7cab4f90c760fbeeadbe66cf35ab641d02,pylint-dev__pylint-7114,pylint-dev/pylint,True,exact_run_id,0,70052.32895399968,36444.69155199999,166206.079688,1.9221545298043656,True,8776.950577237585,19137.542820999995,125970.234473
assignment-case-v1:6a31ab633c7322a10bdc867ae475dc09e8df19d6f1e1abe288d89b554cbc1ea0,django__django-12304,django/django,True,exact_run_id,2,10027.56244399643,81617.34545600001,156953.716266,0.12286067854782534,True,9163.910574363399,19162.8857395,125168.74167399999
assignment-case-v1:6a9e3d61d94cfd54bee06859dbde5528221601a3c1c156c5a3d6e26fdec0c23d,django__django-13660,django/django,False,exact_run_id,4,9716.27429200089,45008.115631,107805.077776,0.2158782734131767,True,12283.073825976317,19033.337498999997,124919.82762699999
assignment-case-v1:6afc0bc58cefe7c58b07382179dcee4d72235641cd1de82618c7e00b450c07a4,matplotlib__matplotlib-22835,matplotlib/matplotlib,False,exact_run_id,0,38134.148953995464,42162.390507000004,190227.711393,0.9044588908606652,False,8570.968375513985,19137.542820999995,125970.234473
assignment-case-v1:6ba199ef7dbc43b7d722dcb38e939796ae4f66df0d09cbcc1c9cb501a653df2d,django__django-11163,django/django,True,exact_run_id,3,17289.908844963065,46342.19833799999,125970.234473,0.37309211614990584,True,10446.904742011611,19062.72243000001,124252.1253105
assignment-case-v1:6db55bbde94c6855c56154207749b517dd88d6430f6faa9cf053fa2775dfa36c,django__django-12286,django/django,True,exact_run_id,0,6741.821621013514,71302.650033,130796.135215,0.09455218870397232,True,10148.217041034513,19137.542820999995,125970.234473
assignment-case-v1:6e4e07527475ed0ccce874dd3988449464ab901a4257e858e981f819f76ff48b,django__django-12050,django/django,True,exact_run_id,0,19374.395361999632,46635.340662,119564.822553,0.41544449095847436,True,9566.209908260134,19137.542820999995,125970.234473
assignment-case-v1:6eaa0843d9869c3a3e4daba0d6f9a507ac21cfacaf47d98dbf9aa740611213e6,django__django-16408,django/django,False,exact_run_id,4,19999.966477007547,32762.465294,123662.089923,0.6104536486352347,True,7553.512540511292,19033.337498999997,124919.82762699999
assignment-case-v1:6f3e6cbdff25652feb2b502582d2e3182696c8987ab50cadaf6d96ad69ceb76e,django__django-11095,django/django,True,exact_run_id,0,15495.270849998633,54405.049377,164915.917804,0.2848131014940193,True,10267.221054988113,19137.542820999995,125970.234473
assignment-case-v1:6f47a74048cf7e1ad3969ccbbab7da735e0e157a79d2f33dfbf005cec692e2b7,sympy__sympy-13091,sympy/sympy,False,exact_run_id,1,9297.834341909038,35990.335422000004,94327.998893,0.2583425309291644,False,7051.731666957494,19076.611453,124452.596539
assignment-case-v1:6fca391a1ae20c88afc410322737149a9aaa4b3d5ef665fe20b82cdbd7566e83,sympy__sympy-11400,sympy/sympy,False,exact_run_id,1,8648.099667014321,42059.449702,98892.882283,0.20561609170561948,False,8579.476385886665,19076.611453,124452.596539
assignment-case-v1:708aaa35f709abdf123885446da7f705fbaabc2899256c3b5f8538ce95afaf53,django__django-11820,django/django,False,exact_run_id,0,46489.74224799167,35764.219317,149724.061861,1.299895346125826,True,8239.544012743863,19137.542820999995,125970.234473
assignment-case-v1:71e5dfccdfb62d34bdb61f7b3c43cd50e32e594f5c04b49bfe29ddb0ea093094,pytest-dev__pytest-5221,pytest-dev/pytest,False,exact_run_id,1,12597.048395000456,36595.387313,147617.10302,0.3442250327140418,True,13053.080908732227,19076.611453,124452.596539
assignment-case-v1:72138f86695117328feb1f648dff72a3b05416c9aa82f508d715af2353e7321f,django__django-16631,django/django,False,exact_run_id,1,7916.988659002527,66213.66236899998,120502.599167,0.11956729737863156,True,8003.25617218914,19076.611453,124452.596539
assignment-case-v1:725509c8de715e2420b73c4d48ebcae82c75def6c68b8a40414305406f59d4cf,sphinx-doc__sphinx-8459,sphinx-doc/sphinx,False,exact_run_id,4,7575.395038991701,31938.565875000004,83256.509863,0.2371864494053993,False,6172.899528504786,19033.337498999997,124919.82762699999
assignment-case-v1:727a6819557867f793a8766a8aa3d649d889d1d02245ada81636cf4f4ace02e8,django__django-15629,django/django,False,exact_run_id,2,6773.044777015457,24584.25632400001,96641.722344,0.27550334196619053,False,5643.181498891863,19162.8857395,125168.74167399999
assignment-case-v1:729107455469616282318e67e6e6125408f3cf28964cd048f9c800ce02e69a7e,psf__requests-1766,psf/requests,True,exact_run_id,4,13776.403145981021,45506.954687,168406.072377,0.3027318184821657,False,9958.123604910725,16577.422982999993,124919.82762699999
assignment-case-v1:72ddadd96242d4e3e6e6629904266a033fae1eb359410313a26ff3a66dacf13e,sphinx-doc__sphinx-9281,sphinx-doc/sphinx,True,exact_run_id,2,13484.607731021242,33380.431654,92663.963721,0.4039674462809223,False,9447.57720187772,17926.5705305,125168.74167399999
assignment-case-v1:73145a632583a980e5f9cf93d03bb838415ec0f10ba57a6750999e41402a78da,pytest-dev__pytest-7521,pytest-dev/pytest,False,exact_run_id,3,37391.803152044304,42926.401522,152169.567093,0.8710677304940367,True,14427.30618398491,19062.72243000001,124252.1253105
assignment-case-v1:7321df8d4478b55817393a2201fdfbf9dafcfab67d199557ffcaedf847bebe9b,django__django-13658,django/django,True,exact_run_id,3,8499.839782009076,45463.446601,111223.838621,0.18695986374737625,True,12540.24777079394,19062.72243000001,124252.1253105
assignment-case-v1:73709d4c81bf9efa3ad27df6f9c76c7d99e5772d954b143de7002d05b54229d9,psf__requests-863,psf/requests,True,exact_run_id,1,22434.007106006902,35982.92944800001,131823.217017,0.6234624987503296,True,9862.5078318546,19076.611453,124452.596539
assignment-case-v1:7374c7c738edb2381a817a93387f5b08b1883936ab93756097d2ea6bb220870c,django__django-15320,django/django,False,exact_run_id,4,6603.686350004864,47243.23911700001,105681.702011,0.13978055851865992,True,9156.106422342418,19033.337498999997,124919.82762699999
assignment-case-v1:737b71a84a2b91169b9997cb650d5b4e55c8405329342de429c325292d1de50b,sphinx-doc__sphinx-8273,sphinx-doc/sphinx,False,exact_run_id,0,12716.50395708275,32293.665165000002,89288.141626,0.39377704240474215,False,6531.575164235619,13581.482002,125970.234473
assignment-case-v1:7446d884a11b1d745610aefd7cf6c7b615c7fbba2f2474d2ebbf5465b758cd0e,django__django-15814,django/django,False,exact_run_id,3,12298.772241014376,43788.002541999995,125244.263685,0.28087082139035235,True,10158.692989507472,19062.72243000001,124252.1253105
assignment-case-v1:751f2ce14ba414d86d57d18dc58c29ad822fe1b48959dbc7ee1d5c731517c389,sympy__sympy-17139,sympy/sympy,False,exact_run_id,1,10088.743171072565,32715.787789999995,85485.495931,0.3083753701983701,False,9224.088844941434,19076.611453,124452.596539
assignment-case-v1:752cd4703d4100506d1f9a5e65ca63fb2e5c5e150b27b3d6408a530e9d646ade,sphinx-doc__sphinx-7910,sphinx-doc/sphinx,False,exact_run_id,4,70280.57494799577,43886.808148000004,184969.765211,1.6014054772675141,False,8783.827101347924,19033.337498999997,124919.82762699999
assignment-case-v1:752d581b0fe9d74ff1b242296dbba9941f6a9e6859006dfbb8eed0345c14cce4,django__django-14559,django/django,True,exact_run_id,3,18353.150878974702,91638.057352,168568.338631,0.2002786987122239,False,8416.843092263662,15373.163250000005,124252.1253105
assignment-case-v1:7593042d206fe77eb7a942424ee401a14a443b6794284bb9ca63eb4cb076eb80,django__django-13810,django/django,True,exact_run_id,4,6999.294126020686,55745.617803999994,124452.596539,0.12555774609279613,True,7845.003040118172,19033.337498999997,124919.82762699999
assignment-case-v1:759de6632400ee62e8a781d754bf20a90280c9746b3d7958f478d36ef5ce3820,sympy__sympy-12419,sympy/sympy,False,exact_run_id,3,13417.68324201621,29792.924706,100502.251598,0.4503647552035743,True,7406.737903984322,19062.72243000001,124252.1253105
assignment-case-v1:779d23a6be1d6d065d893037b67ce08c7ddbecdee4814a79889ff9a604957104,django__django-11999,django/django,False,exact_run_id,3,41561.17698100206,56390.27689099999,182244.210685,0.7370273613186552,False,10328.884245256631,19062.72243000001,124252.1253105
assignment-case-v1:77d428ed98d5a118cd6e81c8693f3a45181e8bd21870a6b0bce11c278a0d9832,astropy__astropy-14995,astropy/astropy,True,exact_run_id,4,52567.20611199853,34594.550148,121452.014845,1.5195227539340492,True,7100.296756440002,12279.572579999996,124919.82762699999
assignment-case-v1:7861eccebbc54b8383894a3ddb5f92399afeee80793af8ebd112dbfe884bf480,matplotlib__matplotlib-24265,matplotlib/matplotlib,False,exact_run_id,4,11793.794084012916,32092.986860000005,133911.126413,0.367488203434017,True,6956.192448069487,19033.337498999997,124919.82762699999
assignment-case-v1:78dfd845f9ab6df5e4c351011de700c65497afe87d8348370b41bbb1066da066,matplotlib__matplotlib-25332,matplotlib/matplotlib,False,exact_run_id,2,32867.85092801438,41723.24464399999,136028.326364,0.7877587471553686,True,7385.679398621505,19162.8857395,125168.74167399999
assignment-case-v1:78e12fa9ff4067664f162a63af390cc44857f988a954f0abe118661b11bda92c,django__django-15268,django/django,False,exact_run_id,4,22103.409174073022,56654.670723,143634.492667,0.3901427524332912,True,7315.676819296641,18419.358869999996,124919.82762699999
assignment-case-v1:7a302ad31c3fdc416152a8a7f5dbdd89361c83e0d4ea0d51d87723daa05da37f,astropy__astropy-13977,astropy/astropy,False,exact_run_id,4,15826.748227016651,41482.38070099999,103176.548518,0.38152940982567873,True,9187.554779524362,19033.337498999997,124919.82762699999
assignment-case-v1:7b0fd653d6efc58a8a6a41d8572839c8f0d2b7e2eb86b54f97f789fcaefb300f,scikit-learn__scikit-learn-10508,scikit-learn/scikit-learn,False,exact_run_id,1,72709.13621399814,37220.916556,156685.21341,1.953448301161661,True,10806.85343240475,17230.487763999998,124452.596539
assignment-case-v1:7c03ea9d98aab1f10d26faeb80cd5bed0d8cef9d760e52bfd787de72f88d873b,astropy__astropy-13579,astropy/astropy,False,exact_run_id,1,3685.1811319647823,14456.442065,1099796.57475,0.2549161899861135,False,2918.0488194688223,7999.869319000003,124452.596539
assignment-case-v1:7c0b0d0c26f8a879fb4b3dd8b37af6bd84c0c42b49ac4e490638a44fcc52b911,scikit-learn__scikit-learn-13439,scikit-learn/scikit-learn,True,exact_run_id,0,48525.86479391903,32404.543548000005,140191.796906,1.4975018772302386,True,9161.29532550076,19137.542820999995,125970.234473
assignment-case-v1:7ebb25d7fde0c08f5ba33c0e407cfb9b854992bdb3efa496fd8323e82f9d7874,sphinx-doc__sphinx-10451,sphinx-doc/sphinx,False,exact_run_id,0,8420.783177978592,54725.100470000005,1159805.41822,0.15387423879824247,False,7632.443562528351,16668.182457000003,125970.234473
assignment-case-v1:7ed6a368f99faf10820b9749d59406f88510a2fb9296ef78549f184906729f0f,django__django-14017,django/django,False,exact_run_id,0,7234.612835003645,52430.047168000005,117493.680052,0.13798600660842428,True,8673.86954729227,19137.542820999995,125970.234473
assignment-case-v1:7f096b783a76d0a551addb4fc63b32f868139c79804a3871eff43f732995d4c3,pytest-dev__pytest-6202,pytest-dev/pytest,True,exact_run_id,3,9756.357165868394,38643.044019,109960.028814,0.25247382584745115,True,14190.125865492519,19062.72243000001,124252.1253105
assignment-case-v1:7f8c7e9c4075be3456d433ad283adbd24cae1c6970ac47f5f207a3ab20f94e9e,scikit-learn__scikit-learn-14053,scikit-learn/scikit-learn,True,exact_run_id,4,15579.512920958223,61924.853206000014,126087.46742,0.25158740173563615,True,11510.17739641793,19033.337498999997,124919.82762699999
assignment-case-v1:7f91eba309be5c4cad96d8da4e89131503b0a5ffba5863509a23819c115573b5,django__django-10973,django/django,True,exact_run_id,0,47463.95378798479,62370.84376199999,180012.119023,0.7609958584030355,False,11698.875264528397,19137.542820999995,125970.234473
assignment-case-v1:810d4c05bacc24cf10d172fbdc02e5c271273e2ceb5993c13fa2640e839a5164,django__django-15498,django/django,False,exact_run_id,1,36782.42244300782,46040.913257,239558.475353,0.7989073161448522,False,9045.483703626815,19076.611453,124452.596539
assignment-case-v1:811de7a9c07cfb18d7bd7231b668166f98d5f887be09c7fbc9c8a6a155fc14d7,django__django-13406,django/django,False,exact_run_id,0,13653.916605937411,58538.092658,152705.255355,0.23324840263772112,True,4730.286424281076,19137.542820999995,125970.234473
assignment-case-v1:8138f5ea96be022e3455871d828a7e86854214ed72a88e88c5143229eff164fc,django__django-13109,django/django,True,exact_run_id,2,17362.118701043073,67538.54712300001,175620.361988,0.25706976890431904,False,10532.841161402757,19162.8857395,125168.74167399999
assignment-case-v1:817603479dd48aeea5b7295b83588ce5d410d0decd5a2a8206a2ccb656da413b,django__django-11620,django/django,False,exact_run_id,4,54863.63133998384,31251.754108999994,167165.078752,1.7555376619382785,False,7849.147834069299,19033.337498999997,124919.82762699999
assignment-case-v1:829dc8f59edb08b21e3941770285f542faadcddd490b228b1b41bd1537501797,sympy__sympy-20916,sympy/sympy,False,exact_run_id,2,19054.74502700963,57142.844930999985,123351.162461,0.3334581092351675,True,10494.399614115537,17926.5705305,125168.74167399999
assignment-case-v1:83e587a9e248708fdb6a70ff1871bfa7da672a9c1d52fe94e4feb07d11866a14,django__django-12193,django/django,False,exact_run_id,0,21923.520676005865,63677.37517600001,142228.10097,0.3442905838284119,True,10468.566874777025,19137.542820999995,125970.234473
assignment-case-v1:8424aa289ec3060d1bb39eb55b9d375c3eaa1c4b89ad6ff40bd2c1e204af31ff,matplotlib__matplotlib-23563,matplotlib/matplotlib,False,exact_run_id,0,10626.816651012632,39656.111863,147838.739414,0.2679742453754696,True,6911.30048427658,19137.542820999995,125970.234473
assignment-case-v1:8473ef81f2d455f5d8c5eb5d52c83e3732e83768a0b56395142f9049f41d07ee,django__django-15103,django/django,True,exact_run_id,1,10301.046100983513,93556.81818599999,156191.456906,0.11010470749982153,True,11828.559170182416,19076.611453,124452.596539
assignment-case-v1:84b8daeba802044ab5f53e985859a8323f6a3e5cd57d105ab13a257df1a0ad68,django__django-11299,django/django,False,exact_run_id,2,6107.871612002782,34093.989933,93903.157627,0.17914804409826193,False,5968.372131932483,19162.8857395,125168.74167399999
assignment-case-v1:84cd06ec58b90cb6d62e69d4b020d8bd0e6bf83a81c01c049d1ce7d8113de7e9,mwaskom__seaborn-3407,mwaskom/seaborn,False,exact_run_id,4,17395.683194987214,39301.942279,172018.815598,0.44261637431293455,False,7872.609807978733,19033.337498999997,124919.82762699999
assignment-case-v1:85a80e46cd63390877eec84a78f638483c9eb421090a709d0309d7ce56b29aed,astropy__astropy-7166,astropy/astropy,True,exact_run_id,4,17619.70674699478,55049.910564,134380.961956,0.3200678541795347,True,12582.74068297942,19033.337498999997,124919.82762699999
assignment-case-v1:85e2abd9362f6c2da45926a8c246aadd68f7bf7be5685cdac677974956c83a17,scikit-learn__scikit-learn-9288,scikit-learn/scikit-learn,True,exact_run_id,0,62958.86942691868,46640.75145300001,169725.899741,1.3498682475208932,False,8151.053380248413,15433.502275,125970.234473
assignment-case-v1:86484410dbfedd5cab716cfd64c0f91e85a5841d96f2415a47d6f204f202d07b,scikit-learn__scikit-learn-13241,scikit-learn/scikit-learn,True,exact_run_id,4,36668.73695999675,68468.62276,149353.670416,0.5355553461113134,True,8933.304738489824,13507.529837999995,124919.82762699999
assignment-case-v1:864a256a48a264622da95f6ca73d18f64cbd452d1c4d4a6ce4980c8fd2e22191,django__django-15375,django/django,False,exact_run_id,0,9398.07629401912,39063.772383,130572.987066,0.24058291661839165,True,7815.881318241736,19137.542820999995,125970.234473
assignment-case-v1:8677ab341c3f62770459dabacbe96e5f22e910d7d0b1ba3344f17bc3df13ae2b,pallets__flask-4045,pallets/flask,False,exact_run_id,1,8727.645913986635,21065.579034000002,130138.912887,0.41430837955605915,True,5308.956463944924,12922.865822999998,124452.596539
assignment-case-v1:8682b33e2a49a0927941e5b392c6102477695401f4edf383176a2e34e77be0c3,django__django-11119,django/django,True,exact_run_id,1,77410.18457002065,61203.900112999996,194044.918137,1.2647916950896787,False,11625.229702909564,19076.611453,124452.596539
assignment-case-v1:86d0f5c624bbc9511f2eac52f3343b06dd6dccc2fda42897fc0d3aadc9f2cb46,sphinx-doc__sphinx-8801,sphinx-doc/sphinx,False,exact_run_id,2,7788.1226030003745,37362.497147,121964.371015,0.20844759311345218,True,5727.161462868025,14835.782508000002,125168.74167399999
assignment-case-v1:877b9c0d403fc2964fe818e2e715ecd07d3d00d285ecbdbad5f51004a64d66e9,sphinx-doc__sphinx-7738,sphinx-doc/sphinx,False,exact_run_id,0,8497.23122499563,32255.735392,100918.365894,0.2634331886013393,True,6796.895276784198,19137.542820999995,125970.234473
assignment-case-v1:879033569cedd72ef09ebba4397ead58e7a2064500a8013155d2d1f6196f1f70,matplotlib__matplotlib-20488,matplotlib/matplotlib,False,exact_run_id,4,77044.73032196984,47204.899111000006,169059.014656,1.6321342015963838,False,7778.492563717009,19033.337498999997,124919.82762699999
assignment-case-v1:8795925182f26f46eb1dad480fe870f8bc5db7118257d817937edf84e1c66192,sphinx-doc__sphinx-10673,sphinx-doc/sphinx,False,exact_run_id,1,8258.920599007979,44025.13059500001,118011.297018,0.18759559568338804,True,7877.355121145229,19076.611453,124452.596539
assignment-case-v1:87f3da37bf8635fb168a2a7796e58f47c874633d132175d01f41d2ca89da3e56,django__django-12741,django/django,True,exact_run_id,3,21689.18238399783,38810.15688800001,138641.913062,0.5588532519100448,True,8922.896299516651,19062.72243000001,124252.1253105
assignment-case-v1:87fd12b63af31c6868e10f5c4ae6cdbdc3183ba5c46e63683b2b8c4822df9d90,scikit-learn__scikit-learn-13584,scikit-learn/scikit-learn,True,exact_run_id,4,19778.667484002654,36182.728303,99978.445087,0.5466328386951061,True,9442.854835366234,19033.337498999997,124919.82762699999
assignment-case-v1:88429770977a9d0e314d166e228a5e2021abb28f5c80f68470f11bbf0826c77b,sympy__sympy-12096,sympy/sympy,True,exact_run_id,3,15894.26838507643,45658.291348,119969.275227,0.348113517081332,True,11677.866990523398,19062.72243000001,124252.1253105
assignment-case-v1:884a53bcdccb8a4b1ef007c168aeca5f79a51ed365a92421b6b3cb814882d8b4,sympy__sympy-18698,sympy/sympy,False,exact_run_id,4,5191.012875002343,32119.025996999997,75554.561079,0.16161800409163085,False,4614.324259791829,12893.551208999996,124919.82762699999
assignment-case-v1:884ee9e19fd2ebb7b5f7036d7a84e84ffe87de9723106cb630cccdf4c10622ee,sympy__sympy-15875,sympy/sympy,False,exact_run_id,3,17542.606681061443,49897.174934,106758.999174,0.3515751483779473,True,10010.29841851414,19062.72243000001,124252.1253105
assignment-case-v1:889922001e480be910f19319983931574f3984c1fab8488135a1ebbd44a80827,psf__requests-2317,psf/requests,True,exact_run_id,1,37504.108205015655,43550.79977400002,146951.135372,0.8611577376222087,True,9478.759957437433,19076.611453,124452.596539
assignment-case-v1:88c6826fc97f803a02c904c273c6c2b92cda59b9c91d30e4e17d4a30cf2f097a,django__django-15987,django/django,False,exact_run_id,4,16303.68739199912,73273.74040699999,151040.901979,0.2225038233539064,True,10401.43466540394,19033.337498999997,124919.82762699999
assignment-case-v1:8967b82c445541d914667dacafe1c91d1090a53022ac228f6b8f53f4f0edb5f4,django__django-13158,django/django,False,exact_run_id,4,3286.2997630727477,8256.13402,1309406.510747,0.3980434129474981,False,2797.3901128334546,9209.679435,124919.82762699999
assignment-case-v1:89a20c09c6ed98b28496a248b9ca695836290b44f3d793d0b4771e924767554f,psf__requests-1963,psf/requests,False,exact_run_id,3,2258.5007769521326,12844.349144,1246309.240232,0.17583614020700686,False,3097.506637486731,7994.044889999997,124252.1253105
assignment-case-v1:8a34f41965ad59319dd89bc1a3bf424a95a7a2bdf1bdf5b30feffd61eefde93f,psf__requests-2317,psf/requests,True,exact_run_id,1,37396.643592990586,42700.622162,135356.743454,0.8757868550746899,True,9478.759957437433,19076.611453,124452.596539
assignment-case-v1:8a5b0db8601a14cc7e165935841477a5bfb957b111e082edd0bfa4a567073fda,django__django-15104,django/django,True,exact_run_id,3,13187.567983040935,45666.212609999995,121256.167495,0.28878173225500026,True,12082.856552784506,17832.869370000008,124252.1253105
assignment-case-v1:8aa37389cd107ab359726576ded9f32bd6ec163ac842ffa050c08c0d2ad5d7dc,sympy__sympy-20590,sympy/sympy,False,exact_run_id,1,7602.599691002979,36152.673423,88646.776687,0.21029149357917953,False,7347.995324722433,19076.611453,124452.596539
assignment-case-v1:8bab5da177e4115cfdf9633451578ad7689ff0ebba204dabf79e1f9150fae7c1,scikit-learn__scikit-learn-13779,scikit-learn/scikit-learn,True,exact_run_id,0,16820.302369993442,29024.438152000006,105584.421375,0.5795220662638183,True,7038.818755741886,12346.80182,125970.234473
assignment-case-v1:8baced33b66ab4f395268370adebfd1b7769cf40ff1006e5c20b137fec15726d,sympy__sympy-14248,sympy/sympy,False,exact_run_id,4,9181.655621010577,38168.62693700001,87385.658458,0.24055504108558956,False,7364.4908220703655,19033.337498999997,124919.82762699999
assignment-case-v1:8bc01be0419434eb60219fb9022a6bfbb7b0fbe894db0948ac6fe248cdbbf427,django__django-16560,django/django,False,exact_run_id,2,11580.518525013758,64762.529873,135567.898989,0.17881510416166999,True,6843.615009343921,19162.8857395,125168.74167399999
assignment-case-v1:8bcbbfce984308131b6f425bbb4e8ceb09fc37a50194b48e54147475b337b76b,sphinx-doc__sphinx-8593,sphinx-doc/sphinx,False,exact_run_id,0,6976.332332851598,25428.680343,80701.329714,0.27434897284286486,False,6969.298368527234,19137.542820999995,125970.234473
assignment-case-v1:8c24993b52f456fe79319e43e6466c8e777ecdd8fdd6818d3306279bc8226a9d,sympy__sympy-24102,sympy/sympy,False,exact_run_id,4,13680.48813592759,40598.10089399999,118792.409323,0.3369735981406321,True,11372.830781136145,19033.337498999997,124919.82762699999
assignment-case-v1:8c53121222e13e925ac7ce1ed626f1da06c9a2f8a7570c4c7c464fa8215b0135,scikit-learn__scikit-learn-14087,scikit-learn/scikit-learn,False,exact_run_id,3,10661.44214099404,44996.660921999995,121440.522302,0.23693851771524216,True,7507.309605991395,19062.72243000001,124252.1253105
assignment-case-v1:8d515eb02f2a4b1dbc3370f84eee71a2c1c140e082c5b3eed1363ae9f7d6f54f,sympy__sympy-13878,sympy/sympy,False,exact_run_id,3,46241.33614404127,31642.74452599999,190929.455811,1.4613566818151948,False,7098.459852997621,19062.72243000001,124252.1253105
assignment-case-v1:8dc98cdcf4da736a8827dffd35166546feaf8120659e9f2291a1532833fc75e1,sympy__sympy-19783,sympy/sympy,False,exact_run_id,3,10861.116412997944,40235.673806,90377.031458,0.26993748048972205,False,10283.964154026762,19062.72243000001,124252.1253105
assignment-case-v1:8e156cd9adfb31f4fcc81761c427c1ff5fa471ea94ec6ca56fd297e6c82389fa,sympy__sympy-18199,sympy/sympy,False,exact_run_id,2,15649.225722001574,57480.793801999986,131815.844301,0.2722513849740376,True,10989.391394356062,17308.412926,125168.74167399999
assignment-case-v1:8e17f9189457d2cfe45938a765ddbbebf873eaeaa84f5c642658cf9beab97518,sympy__sympy-21596,sympy/sympy,False,exact_run_id,3,23640.244528913172,42434.624969000004,130081.068992,0.5570979959451322,True,8565.990459021123,19062.72243000001,124252.1253105
assignment-case-v1:8ed4e126a7d0ded35790423a1c037c4c60b8a50d9c97888a2057e73f0c3a9d6a,sympy__sympy-15017,sympy/sympy,True,exact_run_id,3,9650.847397992038,44808.76292200001,99663.390102,0.21537857259731907,True,10021.70143051626,19062.72243000001,124252.1253105
assignment-case-v1:8fec2908bac366037b24d1fea33db30df82b626a9c4be0ad860c07499fd3e22e,django__django-11964,django/django,False,exact_run_id,0,12739.465717029816,35833.432009000004,113388.641505,0.3555189944917959,True,7449.962363265513,19137.542820999995,125970.234473
assignment-case-v1:8fefad0a6e9b7a7e38e5b34e5434fbd4063a44f04c2fdaf070f09e7348efbb81,django__django-12470,django/django,False,exact_run_id,3,6106.528083982994,29739.413050000006,83338.870042,0.2053345193368903,False,7054.44387274656,19062.72243000001,124252.1253105
assignment-case-v1:91f20cfbff27367fb5fcea5480ca07c595ea8c5ebfc96b18e439a0bc751307d5,scikit-learn__scikit-learn-15512,scikit-learn/scikit-learn,True,exact_run_id,4,15272.313585985103,67085.465365,148189.299413,0.22765458214966805,True,9740.607500445549,15349.465724999993,124919.82762699999
assignment-case-v1:927205c696a7dff3f7fc8449cb0554333ac0e6f92dc2cf49227227ede37d0bff,pytest-dev__pytest-7220,pytest-dev/pytest,False,exact_run_id,1,5555.279288033489,26385.115172,116041.575642,0.21054595562003744,True,12761.506170674693,19076.611453,124452.596539
assignment-case-v1:93e28d35fd515f141f548c45309ce169a2925e6e5c340e1c359e9f2a789ec2bc,sympy__sympy-13146,sympy/sympy,False,exact_run_id,3,15091.478674010432,47242.716503,123995.878778,0.3194456159829864,True,8653.210470005433,19062.72243000001,124252.1253105
assignment-case-v1:942d4b9b3137a84272f46d1f62b9f7749fb7bf082461a2efc3dd3b161788c69f,django__django-16032,django/django,False,exact_run_id,4,10570.45649898646,33436.87789499999,94599.252673,0.31613168347177295,False,8185.923105591428,19033.337498999997,124919.82762699999
assignment-case-v1:943901d0921d248aff8e6f052ba2f84bc3108f01a25309f1b29341d9b6d8d678,sympy__sympy-12171,sympy/sympy,False,exact_run_id,0,43819.92731300488,37430.23148200001,165738.150747,1.1707094927819948,True,10409.485757547372,19137.542820999995,125970.234473
assignment-case-v1:9466cb2ae9a1d185a7a08a879fdb001125dc72394abdccc1072226446f822575,django__django-14089,django/django,True,exact_run_id,3,6911.253939986636,33965.263127,84971.659807,0.20348006473980987,False,11964.315924282346,16603.016310000006,124252.1253105
assignment-case-v1:94adaef9a32a10cd326645754322d1ff61604eac2d504dadc623af028d75a73b,sympy__sympy-14711,sympy/sympy,True,exact_run_id,3,17048.893528990448,40752.64156799999,121095.835137,0.4183506362536673,True,10294.376074512911,19062.72243000001,124252.1253105
assignment-case-v1:94c4627af89c1e44c029c232e56b9831b88f1c8d890d0c211fbeebbbceb9e7fc,django__django-16493,django/django,True,exact_run_id,2,29106.353338996996,99839.114657,233528.441052,0.29153256655963616,False,8509.834097403655,19162.8857395,125168.74167399999
assignment-case-v1:95252b3a0a8abeb81dba981984c0a4aec2931f77ce9a9009dccb2c7b55eabcdc,sympy__sympy-16281,sympy/sympy,False,exact_run_id,1,13526.845995002077,35673.00781499999,98698.044491,0.37918994846614057,False,9138.372636632994,19076.611453,124452.596539
assignment-case-v1:968a067984affe261c165e0f57c41ce99ce5c2930db9e21b670b9362f643ef0a,pydata__xarray-3677,pydata/xarray,True,exact_run_id,2,23971.07517800032,32014.852001999996,101692.623204,0.7487485863280837,True,7718.21170036128,19162.8857395,125168.74167399999
assignment-case-v1:96ad0544b677349b8fd5e5ff92f67725381c890f3be010514a1d636d7e7ee630,pylint-dev__pylint-4970,pylint-dev/pylint,False,exact_run_id,3,12680.433239118429,46394.012044,131080.139449,0.2733204713378168,True,9078.411509999569,19062.72243000001,124252.1253105
assignment-case-v1:96fb5ee7c787b49d5572c8b0332c3cc83b2f280c8ff99aeb094a5dca7a5536cf,django__django-13590,django/django,False,exact_run_id,1,40231.173989002855,49344.035416000006,147211.920993,0.8153198993521663,True,8693.26839212954,19076.611453,124452.596539
assignment-case-v1:97414efb5f5c55ca0a3d649d7c11511d9a6d69bdfc7add80f0cb066166b83b7c,django__django-13128,django/django,False,exact_run_id,4,13225.695825996809,70637.917827,130779.137179,0.18723224343033423,True,7271.792820285555,19033.337498999997,124919.82762699999
assignment-case-v1:980a79243f61944c999d709aa980c804cfad20ddb9005b9a6cf4bd191b8fa34a,astropy__astropy-7746,astropy/astropy,False,exact_run_id,2,17598.802866999904,42787.91174,141603.317674,0.41130314968252535,True,9070.101980860272,19162.8857395,125168.74167399999
assignment-case-v1:9878ff73064041c21bfa6d2cd06f5edce8ec6d671c438f642a597fef45fdef49,django__django-12184,django/django,False,exact_run_id,1,11748.259084124584,84271.24690399999,207344.23321,0.13941005403074136,False,9208.378244362393,19076.611453,124452.596539
assignment-case-v1:98d47b1902560a216dc54a07fe4faf9e0704a59149c16fc7522dbae0bd84ff4a,sphinx-doc__sphinx-7686,sphinx-doc/sphinx,False,exact_run_id,0,7745.5549470141705,52285.089569,123479.783083,0.1481407990473547,True,9526.600047782267,19137.542820999995,125970.234473
assignment-case-v1:98f98d734750ba63efbb3d623df12b1a173b3e3ee85f62a3de01327b8c22405a,django__django-11087,django/django,False,exact_run_id,3,7800.108057002944,46850.38434,115682.09692,0.16648973464969755,True,8194.553865985654,19062.72243000001,124252.1253105
assignment-case-v1:99412d1cc01684be4f4f9a08ed2a89d68498daa5f56dc08b95794690487bfeab,scikit-learn__scikit-learn-10844,scikit-learn/scikit-learn,True,exact_run_id,1,21668.34667598596,54875.732815,186168.993175,0.3948620923029027,False,10861.833638889948,17230.487763999998,124452.596539
assignment-case-v1:99435b896d3b81b583e405eac609fce6050a29ba713dbd88a6afb15d2b8c872d,django__django-11099,django/django,True,exact_run_id,4,19080.39675807231,49873.475883,172382.48062,0.3825760370669513,False,11094.696141710301,19033.337498999997,124919.82762699999
assignment-case-v1:99b45277091c717395c9258e5fb12aadd835fc48707b981ba368f8bcc3e4cec1,sympy__sympy-13798,sympy/sympy,False,exact_run_id,0,40470.2806550049,36244.04211700001,133636.690312,1.1166050553732967,True,10501.820271267206,19137.542820999995,125970.234473
assignment-case-v1:9a9727379935b065dc8bf627ac949de1156463de8b946916f6f374a9fb3e643d,scikit-learn__scikit-learn-13497,scikit-learn/scikit-learn,False,exact_run_id,4,14892.163734995847,51570.443355999996,119666.565642,0.28877323454818055,True,10224.281795372008,19033.337498999997,124919.82762699999
assignment-case-v1:9af15000c41058d2863d42753b43d4419f8f83fdeff84281808f1605f0562d43,sympy__sympy-15345,sympy/sympy,False,exact_run_id,4,21684.132895912626,32945.399439999994,129582.664789,0.6581839426595408,True,8587.967552346527,19033.337498999997,124919.82762699999
assignment-case-v1:9b49b65290ff3088ad443e95c06c286b186fdf7c5308f47abd318814d658256f,matplotlib__matplotlib-26020,matplotlib/matplotlib,True,exact_run_id,0,46814.06175202574,44211.843345,206404.173732,1.058857948688539,False,8337.081280760685,19137.542820999995,125970.234473
assignment-case-v1:9be7092907ca6e3c6223f485ecc665b4f91fdfa09db816f363ff9f62d3d79dc1,django__django-11133,django/django,True,exact_run_id,1,11425.636972977372,43351.039516,124499.549,0.2635608534545152,True,11403.653607612796,19076.611453,124452.596539
assignment-case-v1:9bfa70e7a217bce61ead7a31baee9b35063c54c4a6673569864407596aeb0eb4,django__django-12754,django/django,False,exact_run_id,2,22063.158240067423,36895.924521,131252.675033,0.5979836127296327,True,7203.750096645308,19162.8857395,125168.74167399999
assignment-case-v1:9c03cb82e06db14fd2c4d388d49d54907f2c9700760476bace6c73e5376ce036,scikit-learn__scikit-learn-14629,scikit-learn/scikit-learn,False,exact_run_id,2,17352.618454024196,66568.60734999999,132467.925934,0.26067269760938144,True,8824.816758567977,19162.8857395,125168.74167399999
assignment-case-v1:9c0c2ff42af108a91ed9d0f388f95e4b69981abff39dacce7a19f4b058c529d5,scikit-learn__scikit-learn-14894,scikit-learn/scikit-learn,True,exact_run_id,3,24157.04055099195,53816.048362999994,137013.29542,0.4488817236830153,True,11706.22381776775,19062.72243000001,124252.1253105
assignment-case-v1:9c2319368488fb22e134ad56bf4251db4833874652e10c33830290de56114c7c,sphinx-doc__sphinx-11445,sphinx-doc/sphinx,False,exact_run_id,1,15807.984055863926,47234.270962999995,119809.349432,0.33467191794379103,True,8695.68195964166,19076.611453,124452.596539
assignment-case-v1:9c52e80d1293b2f33b6b8e21e3ce977fdf188b55561ed3ad0bf0897d21f75219,astropy__astropy-14096,astropy/astropy,False,exact_run_id,4,12194.567870988976,59631.338609000006,129996.911572,0.2044993145457996,True,9972.028281366875,19033.337498999997,124919.82762699999
assignment-case-v1:9c85825fc09251aa965f336b23b574d3c8a56b5e549ffe52ba492a5da88b0168,sympy__sympy-13852,sympy/sympy,False,exact_run_id,0,11877.97554700228,40574.169754999995,95204.119151,0.29274722363329553,False,10037.129488749997,19137.542820999995,125970.234473
assignment-case-v1:9ceea0f6adec6bf5a517ea33faad3c0ec209408f4a9a265142d4a608388a5996,django__django-12308,django/django,False,exact_run_id,2,13726.277986999776,38518.35926300001,109644.348794,0.35635676725682786,True,6929.710092372261,19162.8857395,125168.74167399999
assignment-case-v1:9d1cd9b0a5daaf7970d618a360ca4f565e333dcb08f0dc37283efab8406736ba,django__django-14787,django/django,True,exact_run_id,2,39343.73906199471,53943.344461999994,142200.476769,0.7293529805092105,True,13148.598366085935,19162.8857395,125168.74167399999
assignment-case-v1:9d4ac70960361969e863aecac5c626ee4a1427e4ce51a9a091dc400dae778a6e,django__django-14016,django/django,False,exact_run_id,1,18235.942194995005,62015.25532200001,132743.235585,0.2940557464499509,True,10104.450896869821,19076.611453,124452.596539
assignment-case-v1:9d83f27820d374684d50cd56bb063c95d6a55f808c076aced0b4213fb00b073e,sympy__sympy-16106,sympy/sympy,False,exact_run_id,0,15626.887885002361,40854.894321,122312.208187,0.38249732730234764,True,8224.613534759555,19137.542820999995,125970.234473
assignment-case-v1:9d87fb8e72a9c48321e5bc67910012e9a491929859681ca18ee65613802d82e6,sympy__sympy-17630,sympy/sympy,False,exact_run_id,0,22063.659020004707,37344.75796899999,140723.439731,0.5908100686666606,True,9296.764310769504,19137.542820999995,125970.234473
assignment-case-v1:9dcbb952742546e33ff60dc46ee9816b0d6c4ddbe5f3ac27baf76fb909e0ceb4,django__django-11283,django/django,False,exact_run_id,1,9043.613610003376,69923.59727,146012.98323,0.12933564580613255,True,7756.276438620262,19076.611453,124452.596539
assignment-case-v1:9e30d6a9093a4aca04e4b977834fc9fcdb41efa04e746202a51d0298cdd78211,matplotlib__matplotlib-23314,matplotlib/matplotlib,True,exact_run_id,4,40504.295635000744,33202.763705,202098.943727,1.2199073545465497,False,8328.568033548436,19033.337498999997,124919.82762699999
assignment-case-v1:9ea7a9721cccb4ac848928171e7757ad2fc0f508078dd4d1ed01cd179de6786c,pytest-dev__pytest-10051,pytest-dev/pytest,False,exact_run_id,2,12551.623768027639,36992.096843,136091.714759,0.3393055500827274,True,9943.751146653085,19162.8857395,125168.74167399999
assignment-case-v1:9f50a188b7b415401eb7538eb7ecf139d8f57a6f3cd77c80cb96b91bb2dcd86a,django__django-14053,django/django,True,exact_run_id,2,15021.003596964874,55683.545601,120825.274753,0.2697565938885745,True,10410.078474129477,19162.8857395,125168.74167399999
assignment-case-v1:9fa5df67c5048c03cb3a6e5f8cb5dfae71c86f78c47ba81c005fcda90b92b109,django__django-13447,django/django,True,exact_run_id,0,12008.569858000556,64319.027786,125670.120809,0.1867032240903119,True,9595.996030753668,19137.542820999995,125970.234473
assignment-case-v1:a01c88daa0a55d2f609ee894435cb3da6b4970f7319d15f9dd0b50c4a29b1ccb,django__django-13028,django/django,True,exact_run_id,3,16236.758142003964,44769.787971000005,145450.436926,0.3626722144076594,True,9019.894934490367,19062.72243000001,124252.1253105
assignment-case-v1:a05b9f9f17024d04797c094c4f124d99e21099750d663b8e4dfb1ca28d9e9331,django__django-11910,django/django,False,exact_run_id,0,14667.80551589909,47608.801799,115279.562791,0.3080902052067015,True,7679.0177657640015,19137.542820999995,125970.234473
assignment-case-v1:a0d2d4e56a234c2f876ae503dc37927f1bb24ef46732d27c8a0e673eccb3a47f,matplotlib__matplotlib-23913,matplotlib/matplotlib,True,exact_run_id,3,9020.484477921855,42711.233717999996,248720.584158,0.21119700117958218,False,6525.811504974627,19062.72243000001,124252.1253105
assignment-case-v1:a0d9511e507485d6bbcc800638381a860e4c4697d25ea5f0df6df71c9bd1deeb,sphinx-doc__sphinx-8265,sphinx-doc/sphinx,False,exact_run_id,1,43028.5193620075,33275.81286500001,135803.321323,1.29308694986879,True,7705.675322093157,19076.611453,124452.596539
assignment-case-v1:a1770852483b353a1541fcc1a452bcc65f9dddfaf44e1f12ee50efb750654830,django__django-12915,django/django,True,exact_run_id,2,20975.797358001728,36187.143359,125495.317506,0.5796477812550213,True,9739.987767388811,19162.8857395,125168.74167399999
assignment-case-v1:a1d00bbc4240f49ed5b150eb900e9d2800c14d8e0744d6129af7f5268b13a2b4,django__django-15695,django/django,False,exact_run_id,4,24882.224992994452,76458.537461,163991.255602,0.32543422643529357,True,8584.745700794883,19033.337498999997,124919.82762699999
assignment-case-v1:a1ea7409094d8641be55f5319cd3fc0b0a32d145f121edad36ba66e0f69945c8,django__django-13964,django/django,False,exact_run_id,4,11558.095113025047,11404.410820000001,992417.263218,1.0134758643344843,False,8322.67476359084,9209.679435,124919.82762699999
assignment-case-v1:a1ed9f5d6de77ffd4083d61c45e8ec1fd17aab4fae782b401e62eb6c03424649,pytest-dev__pytest-7324,pytest-dev/pytest,False,exact_run_id,4,5644.856091967085,50417.105562,114353.298829,0.11196311309512548,True,13645.984505486922,19033.337498999997,124919.82762699999
assignment-case-v1:a24371707a489af293a0d4e27c47e62b9badf56adeceaa595bbc118680830f17,pydata__xarray-7229,pydata/xarray,False,exact_run_id,3,77087.95719397312,61741.017160999996,258924.063394,1.2485696015171475,False,9001.343580010143,19062.72243000001,124252.1253105
assignment-case-v1:a2a131459131ce063fdc3e26737d03df81ebc65fe6426121f407d9a2ca7bc068,django__django-15902,django/django,True,exact_run_id,3,6382.251564122271,44431.619732,95410.288516,0.14364210898946192,False,8082.972796015383,19062.72243000001,124252.1253105
assignment-case-v1:a2a61a112b1f4ff9a418224fcfbc89d377940562d7d106edc33c65a35a1a9bc2,django__django-16139,django/django,False,exact_run_id,2,10724.751451005432,16979.951433,85853.694173,0.6316126105144338,False,3889.944698081308,11126.836881000001,125168.74167399999
assignment-case-v1:a2de6ae5a4781043473cf670edad5b218c070b1f0add3db79f0c43783f59b63f,sympy__sympy-13372,sympy/sympy,True,exact_run_id,0,16446.44219597103,50956.75326699999,132077.916083,0.3227529452238842,True,10731.264159539933,19137.542820999995,125970.234473
assignment-case-v1:a359b7cda2fdc71edb4dc955730c791ebcbb9067309899e6e36b0d64a686a0db,sympy__sympy-20428,sympy/sympy,False,exact_run_id,3,47530.88164100336,51698.18350499999,166522.530137,0.9193917158889424,False,7256.3569259837095,19062.72243000001,124252.1253105
assignment-case-v1:a379fb19094654d48166eca93b10479ba8d0508d9fcdb0f45b7242fbf7044867,django__django-13809,django/django,True,exact_run_id,1,11343.577394000022,39166.092995,107993.447652,0.28962749476819555,True,10350.877131884772,19076.611453,124452.596539
assignment-case-v1:a385cd29da6fc2f2a339f4edd4e88296cc26bf33091828dc692b3b574b9bdd53,django__django-16082,django/django,False,exact_run_id,1,10809.592044970486,39103.198142999994,106922.307464,0.27643754368734547,True,3104.193614937685,9845.993008000001,124452.596539
assignment-case-v1:a3b2ebe2ac83cb4e542d08129085ce4b48ef3e9cf51649fbbbed3bdd1529dfbf,django__django-12155,django/django,True,exact_run_id,2,13103.740006990847,57995.440129999995,124562.84106,0.22594431523613043,True,10555.30217033811,16072.097717000002,125168.74167399999
assignment-case-v1:a4124ef264cc8e5a10bf7cc7864876e4cbdefc7eb8c4db03a1b36cb5a03e473e,django__django-11179,django/django,False,exact_run_id,3,9339.623298030347,8324.14545,1011728.134794,1.1219918433825957,False,2202.507580490419,6764.191829999998,124252.1253105
assignment-case-v1:a455f84b8a8a98922d0f0d878b5e9a547a4ded1a67d36d797be882c1ab45bf0c,pytest-dev__pytest-7490,pytest-dev/pytest,False,exact_run_id,4,6823.961937981949,42761.787144,113616.172684,0.15958084059962946,True,10972.458936175826,19033.337498999997,124919.82762699999
assignment-case-v1:a51bf3b48c5db61db9fd6b169ecf79d12e3c375dd252013ba8d90e104a6d7ea3,sympy__sympy-19040,sympy/sympy,False,exact_run_id,3,19280.28587400331,28682.495719,117542.104762,0.6721969407017664,True,7500.756447485401,19062.72243000001,124252.1253105
assignment-case-v1:a62b58b9fbf2939a7a209efba496abdb9a94d5afe5a3c341f3897dae440c3b8e,astropy__astropy-14369,astropy/astropy,False,exact_run_id,0,10716.714556940133,49682.869851999996,108947.058949,0.2157024058566683,True,8102.23511071672,13581.482002,125970.234473
assignment-case-v1:a652750211d5059b2cf0e5d1233078aa5ba868c90f0c7ae0ac9c10af1efa86b3,sympy__sympy-17318,sympy/sympy,False,exact_run_id,2,10049.19020694797,39214.423983,92625.540182,0.25626259896879866,False,9910.715285097467,19162.8857395,125168.74167399999
assignment-case-v1:a76d6bd000b0deabdb1a0b2efd3c4b7387605abd517c4f27f3745cd57a3febd7,django__django-13297,django/django,False,exact_run_id,2,10967.631368985167,63031.38842799999,197239.660945,0.17400269361848758,False,7336.515389128181,16072.097717000002,125168.74167399999
assignment-case-v1:a7abbeac43a1cc7573a7f9b6bbe8c42a85d154cb4e6f56a576c031472c4b50c3,sympy__sympy-13480,sympy/sympy,True,exact_run_id,0,9617.304321058327,21063.963658999997,78337.440806,0.45657619224713875,False,7403.163758261144,13581.482002,125970.234473
assignment-case-v1:a7d226a48a98da2425f80cb37942238f1d60e79b062397ff43584e4819510e4a,django__django-13401,django/django,True,exact_run_id,4,11876.681771012954,43889.04799499999,129141.892462,0.2706069580813416,True,9252.466630165145,19033.337498999997,124919.82762699999
assignment-case-v1:a87892ac9bfc164287c991e61a3d3aee34973fe2ea1fd9563e7102dfd72e4404,sympy__sympy-11870,sympy/sympy,False,exact_run_id,3,9300.75124198629,26022.003262,117646.143256,0.35741872554324833,True,7382.743424734144,19062.72243000001,124252.1253105
assignment-case-v1:a8ef5c1d6888807d84235d8f1bacbae74c6af6d55c165526955ddb048f727fca,astropy__astropy-7606,astropy/astropy,False,exact_run_id,4,15911.850968997896,33515.50128899999,126456.911351,0.474760942162016,True,11254.564925360683,19033.337498999997,124919.82762699999
assignment-case-v1:aac5fa1abca0bdcceec065624aae423fc3ae7a03a2dda8efeaf0240f38ce8737,astropy__astropy-14508,astropy/astropy,False,exact_run_id,3,13214.623011983349,35440.890573,114623.751521,0.37286374011297196,True,7243.251664720447,19062.72243000001,124252.1253105
assignment-case-v1:ab4cc527a1c8e5293bc636527c6125a06ab2772a614ceb7669ef33ec40576238,sympy__sympy-15345,sympy/sympy,False,exact_run_id,4,16830.898581996735,32757.710891,102975.935283,0.5137995947885642,True,8587.967552346527,19033.337498999997,124919.82762699999
assignment-case-v1:ab6cf0a4ffc72a0c2b38d34c74386005452058fa7660e14d88ca57c25178f463,sphinx-doc__sphinx-8548,sphinx-doc/sphinx,False,exact_run_id,1,7003.854576905724,33340.840331,92444.507509,0.21006832783376506,False,6468.05186169513,19076.611453,124452.596539
assignment-case-v1:abeaba8669176c0e47d183bf15e7cc23d7079d41d51e58501138af3158120e02,django__django-12325,django/django,False,exact_run_id,1,11380.871262968867,44694.0845,117801.319253,0.25463931950477403,True,7864.039454649173,19076.611453,124452.596539
assignment-case-v1:ac59eb416a74d31782dbb3b8ac06abbfcb59dd81ea5733f7e16c0420bead3fdf,matplotlib__matplotlib-25122,matplotlib/matplotlib,True,exact_run_id,3,24521.60252698377,34071.308209,314899.280774,0.7197141470636675,False,7723.344106758304,13528.383660000003,124252.1253105
assignment-case-v1:ac9a920a818af1f18016f58b01e951d9db0b8974791106a6ccd70cfda6758af9,matplotlib__matplotlib-20826,matplotlib/matplotlib,False,exact_run_id,0,11448.916766006732,26592.775900999997,83955.700574,0.43052732849812064,False,6080.960082035745,19137.542820999995,125970.234473
assignment-case-v1:ad27003e1ed7db3a2bfec12eadd4232604039b18762f3193aa5f1705f4f7eb36,sympy__sympy-20639,sympy/sympy,False,exact_run_id,2,9509.821817006014,45073.720776,100131.412922,0.21098373183492813,False,8622.480997337334,19162.8857395,125168.74167399999
assignment-case-v1:ae1b4357b048d4562d7b1abdd3ce3719c65141f76cb459918aab66f3d2510769,django__django-17029,django/django,True,exact_run_id,0,18521.456046997628,47516.285217000004,116153.767875,0.3897917516576226,True,9498.53384026028,16668.182457000003,125970.234473
assignment-case-v1:ae549aff6c0094d1775816e1a13e009769fdb515c4cde2932543a0d2ca687984,django__django-15695,django/django,False,exact_run_id,4,25943.967058010458,72068.193567,159279.72513,0.35999191562767563,True,8584.745700794883,19033.337498999997,124919.82762699999
assignment-case-v1:ae6ac27aeb8f3691dbef6ab5f2023cb36529c0a76dcaba0940a86ba4bee58540,sphinx-doc__sphinx-7590,sphinx-doc/sphinx,False,exact_run_id,1,4550.007384939818,20803.194356,73772.061345,0.21871676565995823,False,5090.115368213446,19076.611453,124452.596539
assignment-case-v1:ae97d4de9d3623b73a18468434b76e17f407282c49a97fd90a704142eaf6a12c,django__django-15525,django/django,False,exact_run_id,0,8284.629629008123,57963.84153799999,118981.418472,0.1429275460215465,True,9079.679382253744,19137.542820999995,125970.234473
assignment-case-v1:ae9aa67d1defdc6a8e2b9e3a2e82dd1d187647c0fbad89e89d73d05494cbf8d9,pallets__flask-5063,pallets/flask,False,exact_run_id,0,7334.568292997574,40052.746334,136652.022342,0.18312273100662263,True,11911.535653263854,19137.542820999995,125970.234473
assignment-case-v1:af0504e6122e45b5694ecead62a7b9ca8216208f3a7b6a1e602ac4daddd07e04,django__django-12273,django/django,False,exact_run_id,4,6826.879297979758,140609.332441,191864.179431,0.048552106602485524,False,6992.983386096967,17191.401611999994,124919.82762699999
assignment-case-v1:b00a2507ec22972ead4c01a0d482f597c5b4d18d921bf357ae2fbdb93d026188,mwaskom__seaborn-2848,mwaskom/seaborn,False,exact_run_id,1,10465.039250997506,25104.232868,110963.043702,0.4168635347681601,True,6124.224892177153,19076.611453,124452.596539
assignment-case-v1:b0523f6890f7b6727f43187fbae6f0bab651723d7572cbaaef49266a02ae8b7a,django__django-14017,django/django,False,exact_run_id,0,9196.400823944714,60251.196429999996,196468.312032,0.15263432709803726,False,9245.734650285158,19137.542820999995,125970.234473
assignment-case-v1:b1587275431d9c1e493c311f012e0a502bd71a84e52f37173ace94fa9ba0a488,matplotlib__matplotlib-23314,matplotlib/matplotlib,True,exact_run_id,4,52835.23046792834,41068.820353,320175.371485,1.2865047014691968,False,8803.031522056699,19033.337498999997,124919.82762699999
assignment-case-v1:b179feb16e4c889012c4f3a3150d14e4421d5fb33a441b766d4b3e3cb0536a6b,sympy__sympy-22080,sympy/sympy,False,exact_run_id,1,11082.246433972614,89484.95287600002,143085.318986,0.12384480382226234,True,11768.577216123958,19076.611453,124452.596539
assignment-case-v1:b1d7e51d565cbafa01b2fbf93ab8ab6435654ae1913001730370353ffa7bd48b,pytest-dev__pytest-5787,pytest-dev/pytest,False,exact_run_id,3,6615.587625070475,58305.394417999996,135086.287545,0.11346441767707373,True,13413.485601713546,18447.79590000001,124252.1253105
assignment-case-v1:b21ee240bedbe1be67c9ce9ee822bc1350466fffe6817bea6f2e5e3d29c29a82,pytest-dev__pytest-11148,pytest-dev/pytest,True,exact_run_id,3,8482.379818986374,49358.90179899999,181605.885444,0.17185106454613677,False,13591.148376979618,19062.72243000001,124252.1253105
assignment-case-v1:b24653892aa86410249961aa5f8fed2aa0f556668d4ee1940a29320b17c4cdaa,sphinx-doc__sphinx-8120,sphinx-doc/sphinx,True,exact_run_id,3,7296.213461930165,80752.04864400002,140786.476012,0.09035329238637567,True,7801.915534000727,18447.79590000001,124252.1253105
assignment-case-v1:b26f45446c4cc28c57fe02e45bf8e2f6876f2e64919c850bc25a8af8e7c6f330,matplotlib__matplotlib-24970,matplotlib/matplotlib,True,exact_run_id,3,20562.086795005598,57141.575607,157103.941989,0.35984458910311684,True,9879.733957512144,19062.72243000001,124252.1253105
assignment-case-v1:b4cc6b40c69ce89ef4ba4c92f81865fbc537b96bbea2d0798daf110062eb5027,django__django-14170,django/django,False,exact_run_id,1,2924.2693149717525,11144.121305,1197995.998757,0.2624046557766496,False,2278.899524935696,7384.494756000003,124452.596539
assignment-case-v1:b4d42d0ff481720777fac78d45e7cd1d6ba82aea8d6e048b87e468b31c52be49,sympy__sympy-15809,sympy/sympy,False,exact_run_id,4,9449.471182044363,39908.23680699999,89230.778023,0.23677997170716664,False,10787.831747413293,17805.380240999995,124919.82762699999
assignment-case-v1:b53269e4a45706f0ffc80c40f6f423a032eb522ef2829425335a3ca26f655302,django__django-12708,django/django,False,exact_run_id,4,25047.431047991267,33227.229856000005,115794.753839,0.753822426863199,True,5750.126795248434,19033.337498999997,124919.82762699999
assignment-case-v1:b67fa6aafa63ccdd9f1bdda069beb32f68949bb906851f999580221483462549,django__django-15347,django/django,True,exact_run_id,4,11151.411517974338,58507.641625000004,137819.555598,0.19059752210571754,True,11541.545765710907,19033.337498999997,124919.82762699999
assignment-case-v1:b707616474edeb5d174670ecc3a9464d48e7e0b303c0cb0a3d9cab9a3a830119,sympy__sympy-20590,sympy/sympy,False,exact_run_id,1,6847.0704129722435,37704.91032199999,87183.626607,0.18159625243763353,False,7347.995324722433,19076.611453,124452.596539
assignment-case-v1:b777d74a80a10389320b35f438b5aa85bc5088faed1efa32fb44aad1e1fe15d9,django__django-15280,django/django,False,exact_run_id,4,8370.93782100419,38153.305503999996,109847.892892,0.21940268897871984,True,6914.884927726234,19033.337498999997,124919.82762699999
assignment-case-v1:b80f9149e8a56b0632acd741f8f86e48ca77d551e82a79f472cf069e2129279b,astropy__astropy-6938,astropy/astropy,False,exact_run_id,2,16762.855435994425,38447.791360999996,210457.674794,0.43599007492009123,False,7469.768969880533,19162.8857395,125168.74167399999
assignment-case-v1:b86837ec5283894c5f3202b1e337b00f62b1564dadaf439f8701fb31b2f70957,django__django-13230,django/django,True,exact_run_id,0,37154.88787799404,42250.56821600001,239709.321165,0.8793938033695777,False,8709.244410751126,19137.542820999995,125970.234473
assignment-case-v1:b87f3af1c7b25145a4f06e4603f855d45d1b72ff828f7346c6834b9bb0b96661,django__django-14580,django/django,False,exact_run_id,1,8621.98052299209,67797.453663,142615.372833,0.12717263049213126,True,8399.146061914507,19076.611453,124452.596539
assignment-case-v1:b920a784dfb64206ec0d95a1ba69b55e9b3eec5845140ab24a1660937c95bf4c,pylint-dev__pylint-6528,pylint-dev/pylint,False,exact_run_id,0,10543.19312399457,33984.348932999994,125588.163507,0.3102367252872913,True,6436.143082981289,19137.542820999995,125970.234473
assignment-case-v1:b96490a974c4858e476ef9c2c97d424c98b8bec3c194615d628d5815d567945c,sympy__sympy-15011,sympy/sympy,True,exact_run_id,1,19894.188414000382,37062.16684500001,118916.390513,0.5367788801232563,True,8530.06188515792,19076.611453,124452.596539
assignment-case-v1:b9d2f5245465b4aabed908acea4fb9fa38a7cd8ec3255fc73bc1ccc2487c0d1a,scikit-learn__scikit-learn-11310,scikit-learn/scikit-learn,True,exact_run_id,3,19014.2745829653,35038.22321,178940.534821,0.5426723401185074,False,9108.938578770903,14758.236720000004,124252.1253105
assignment-case-v1:b9d6d4b0face4be8f4d574cfd6f1bd68539357dc33fd81e40aac0704cd6d13c0,django__django-12747,django/django,False,exact_run_id,0,12836.171528004343,43579.552906,127779.836093,0.29454573698109393,True,9740.48339246474,19137.542820999995,125970.234473
assignment-case-v1:ba0803f7b8803f5fcb18d88711e23703337a403612fd7022ae82f7e27054546c,sympy__sympy-20438,sympy/sympy,False,exact_run_id,3,9158.744937973097,34494.670830999996,99385.984043,0.2655118810335836,False,7639.764224262763,19062.72243000001,124252.1253105
assignment-case-v1:ba2f3eb01a65806f6af23acc172c9a2280d5ab9ad68eae4a4471e01bab9898d6,django__django-11885,django/django,False,exact_run_id,4,6256.424802035326,95860.089815,153136.355608,0.0652662105169062,True,5668.1822098908015,14735.487095999993,124919.82762699999
assignment-case-v1:ba81d45d1a97326f4c4ea2df2ee62061c316e649943da6007f12f79b0af4a946,matplotlib__matplotlib-26113,matplotlib/matplotlib,True,exact_run_id,3,26107.707217001007,45088.057731,152298.674544,0.5790381872903525,True,10436.215316485686,19062.72243000001,124252.1253105
assignment-case-v1:ba9c98a683bef5f122e183293a74c8b53a58c921d9b4bb94b3718003ac93bdfa,django__django-14997,django/django,False,exact_run_id,3,26267.2384219768,26013.673931000005,122421.323492,1.0097473540895978,True,5798.448842993821,19062.72243000001,124252.1253105
assignment-case-v1:baf26e1b38c4a20abd5d66803105c80ad960cd3144a19ac0aba8445c0f0376d4,scikit-learn__scikit-learn-14983,scikit-learn/scikit-learn,True,exact_run_id,0,11687.882586986234,42667.841588999996,101535.610046,0.2739272049327059,True,7257.242795267302,14816.162184,125970.234473
assignment-case-v1:baf7b93fbc0e16cffafd26cb1f78f0b97ca6990d2b5790c61ca92f82bbf17c38,pydata__xarray-6721,pydata/xarray,False,exact_run_id,3,27686.24830898625,47838.36268900001,220837.344788,0.5787457336066489,False,8356.066513491896,19062.72243000001,124252.1253105
assignment-case-v1:bb92fe709b9c5038de54895100bc11f897b5aa00a94f517e86a0c1f440422520,django__django-10914,django/django,True,exact_run_id,4,37818.33382599871,40234.78230600001,150288.703458,0.939941305966978,True,10427.537600167852,16577.422982999993,124919.82762699999
assignment-case-v1:bc97ad7e5b5db385221ae96009a2b8498805bd50c5fba07c3acd5d3ef8cf4d08,sympy__sympy-18189,sympy/sympy,True,exact_run_id,3,10688.88444401091,32362.052122999998,90319.090441,0.3302906874812869,False,9306.798878016707,14143.310190000004,124252.1253105
assignment-case-v1:bcbf671804fb0acf43fbc17ee7ee3bb928866525ef05ec5e34d78a8cfab89d45,sphinx-doc__sphinx-8475,sphinx-doc/sphinx,True,exact_run_id,0,12536.599690123694,35400.493783,90462.730478,0.3541362944531585,False,6395.204240745443,12346.80182,125970.234473
assignment-case-v1:bd163ea6b8b68798a450445067c538fa8c946bb74c55fd263f9006194d21db30,sympy__sympy-24066,sympy/sympy,False,exact_run_id,4,16773.41758801049,44777.569376,178801.53862,0.374594195749284,False,9998.203867109623,19033.337498999997,124919.82762699999
assignment-case-v1:bd9a5f86f225b75a329ec80978e730b5f7a0c8c8db143b425d5d1a84cec7ccc7,astropy__astropy-14995,astropy/astropy,True,exact_run_id,4,56142.63448299607,31323.977382,241798.517391,1.7923213836585725,False,7741.93459817252,13507.529837999995,124919.82762699999
assignment-case-v1:be10f4da5548d591ebd2434af03d116e6fe2954025afa13bd17894da5f37080c,pylint-dev__pylint-4604,pylint-dev/pylint,False,exact_run_id,2,15492.965317971539,32377.014047999997,160945.573823,0.47851742273091347,True,7355.11697108268,19162.8857395,125168.74167399999
assignment-case-v1:bed99fcfda30418ee500bcc1031f45768610c99eb3a7e1de4eda43b4665126b9,scikit-learn__scikit-learn-11281,scikit-learn/scikit-learn,True,exact_run_id,1,9410.616795998067,33976.967006,131240.388755,0.27697047809877334,True,6973.388837901439,19076.611453,124452.596539
assignment-case-v1:bfdaf4b0b48fe179cde4ca9c34d5a6b282094c0705afa55befda6bbebf441006,mwaskom__seaborn-3187,mwaskom/seaborn,False,exact_run_id,4,33372.27003305452,50224.901765999995,201139.028644,0.6644566511754941,False,10112.56187035724,19033.337498999997,124919.82762699999
assignment-case-v1:c03311349bf68a3f046f5fff924dfbba57d9e97f1739fd1433fb971838474d17,matplotlib__matplotlib-26011,matplotlib/matplotlib,False,exact_run_id,0,13105.22497900456,74491.54210400002,148315.535394,0.17592903313382796,True,7430.627037527302,19137.542820999995,125970.234473
assignment-case-v1:c0efde6fdb3a807f1ca03033b18689273e237a22a6709af4a9e3054d89432f2b,sympy__sympy-22714,sympy/sympy,True,exact_run_id,4,15005.03333893721,43832.529319999994,101934.370543,0.3423264313449209,True,10398.642895652301,19033.337498999997,124919.82762699999
assignment-case-v1:c0f04fd6ba3c31e3d1ee0f0cc23bb6cdacb5d791ac8e47a44bf59f4d3f29231f,django__django-14730,django/django,False,exact_run_id,2,13960.86137999373,49759.912972999984,130701.809192,0.280564425174316,True,8532.519935384698,19162.8857395,125168.74167399999
assignment-case-v1:c1b87e551e1479e21e51e5b61818489f67538246fb1066fb65d1133b384a7a4e,django__django-13220,django/django,False,exact_run_id,2,14184.161766985198,43220.289812,134781.019092,0.32818293974157947,True,10328.378024394624,18544.728135,125168.74167399999
assignment-case-v1:c28adc478a94e4edf952ec1c15404e64bc44842b23df3996ac4eb695a20dc7f1,scikit-learn__scikit-learn-25973,scikit-learn/scikit-learn,False,exact_run_id,0,13692.778404947603,30295.758793,96510.103202,0.4519701420421724,False,7753.647163259302,19137.542820999995,125970.234473
assignment-case-v1:c3025c2ef4adea178414707d7a35c1eab3632cb5651189308089daaece2d14cc,sympy__sympy-18087,sympy/sympy,False,exact_run_id,4,1344.84325296944,4177.392777999999,47735.227222,0.3219336376631808,False,1145.2736789542541,3683.871774,124919.82762699999
assignment-case-v1:c36a612a784baff8f799467c54fe3574b7bca5778339d7a9b00f00bd4a927a71,sympy__sympy-15609,sympy/sympy,False,exact_run_id,4,8945.147654994798,39402.47635999999,112641.484147,0.22701993583519023,True,6404.5730492125585,19033.337498999997,124919.82762699999
assignment-case-v1:c393a31cc50e3e528716ae6f2e065b78030cfc9cb7aefdfa713ea9238e246a1c,django__django-12284,django/django,False,exact_run_id,3,18481.108610954834,35460.29548300002,224503.679229,0.5211775130248094,False,7502.593336488644,19062.72243000001,124252.1253105
assignment-case-v1:c3e0f55100584bb4789ab14db27b9a4f7a0bf6ea28bbc79072cc83e0d4c7836d,pydata__xarray-3151,pydata/xarray,True,exact_run_id,3,49234.6422059054,34663.07404399999,244331.985969,1.4203772620803572,False,9730.347601023823,13528.383660000003,124252.1253105
assignment-case-v1:c42969813ab98d3788e643d3f47d59a358fed008b074d4c882347e7e5f9d0ffb,astropy__astropy-14598,astropy/astropy,False,exact_run_id,4,11936.874228998931,90984.41847000002,160007.40483,0.1311969063464953,True,9121.309791862586,19033.337498999997,124919.82762699999
assignment-case-v1:c51912d3527c45567c4c459c6372da125a58255767c558f576f1a5b8e9f5abeb,django__django-11211,django/django,False,exact_run_id,1,35320.40793503984,55870.839083000006,171538.650364,0.6321796578456415,False,4351.367240164109,14153.614948999997,124452.596539
assignment-case-v1:c57487d8ceaacb854f490aa1f1df98e1659866b0d29a90047472c7180ff05354,django__django-13012,django/django,True,exact_run_id,3,9342.925853008637,93293.99820600002,173584.583217,0.10014498287852096,False,7177.633019238783,19062.72243000001,124252.1253105
assignment-case-v1:c59287bcc16ec7ccf5e995cc7bfeaf2947315493b82489438a6f7f42d9df8d86,sphinx-doc__sphinx-9673,sphinx-doc/sphinx,True,exact_run_id,3,7971.127555014391,59353.895991,107391.096542,0.13429830379160074,True,7857.449872257348,19062.72243000001,124252.1253105
assignment-case-v1:c5c6fe07715b8fdf65cbbd2b13316a247743826363b76bfee0459a40f5a893c5,sympy__sympy-21847,sympy/sympy,True,exact_run_id,0,26862.746165992576,40051.512072000005,132653.224167,0.6707049191476671,True,10703.631070757183,19137.542820999995,125970.234473
assignment-case-v1:c5cfdf49c592c960596fd00c660cc635b860f1a3d7d4e977f775b11133f270e1,scikit-learn__scikit-learn-14894,scikit-learn/scikit-learn,True,exact_run_id,3,14908.089878015744,53570.555816,110302.341421,0.2782888781147035,True,11360.670418758673,19062.72243000001,124252.1253105
assignment-case-v1:c5f79a37fb9eac8014ea79e28e10668a2d26053dd243e89332abdebd3e478776,django__django-15278,django/django,True,exact_run_id,0,8629.815022017283,43142.53834,109546.759198,0.20003030313160947,True,7396.686225729354,19137.542820999995,125970.234473
assignment-case-v1:c65fe18ade7200073c516210d6bc53167d9d15632cefa4988c9acff2a8ecec4e,sympy__sympy-18763,sympy/sympy,False,exact_run_id,4,13568.089837062871,33445.419012000006,91846.968179,0.40567857236875177,False,9965.698559588418,19033.337498999997,124919.82762699999
assignment-case-v1:c67fa97aefbaff8cf87ec8c1b534a7baa3eeb5824ab4f450e15c0392aac7b485,matplotlib__matplotlib-22711,matplotlib/matplotlib,False,exact_run_id,1,52038.547492004,38040.41411400001,297999.41505,1.3679805728732133,False,7447.73295068444,19076.611453,124452.596539
assignment-case-v1:c6848279d80395a33f16471afe905fe85ae756c28651cee34271bd373e0f899e,django__django-16612,django/django,True,exact_run_id,1,12108.344017993659,54817.523066999995,119032.537201,0.2208845518830611,True,9883.805918663711,19076.611453,124452.596539
assignment-case-v1:c7e8f90a8c86ea0a1430edcfe8882e8cbb2dcfc009ef137bd1fa9598bef7276f,matplotlib__matplotlib-24970,matplotlib/matplotlib,True,exact_run_id,3,22761.521369022375,58175.583754,128386.393297,0.39125557321902,True,9879.733957512144,19062.72243000001,124252.1253105
assignment-case-v1:c811b340015683b13e7fd044e86e1ac266c2156cbca6d6c701a7f4338e125e4f,scikit-learn__scikit-learn-13496,scikit-learn/scikit-learn,True,exact_run_id,2,19812.887091044104,43145.319069,109971.597163,0.4592128999986862,True,7813.468045351328,19162.8857395,125168.74167399999
assignment-case-v1:c879e38063fc4ce5013d5d8cff90778b200b77b824dbb3784c7951c8ae08f357,django__django-11749,django/django,False,exact_run_id,1,18421.404850989347,42905.256202,140412.52057,0.42935077148264755,True,7833.375583159068,19076.611453,124452.596539
assignment-case-v1:c89374fe5b731e655753f9ba494ddb7e5d7d5982c9c1d1fff4be0093b436b1c0,django__django-11400,django/django,False,exact_run_id,3,11085.29242000077,63198.706655,133389.831382,0.1754037860381396,True,10307.710367760592,19062.72243000001,124252.1253105
assignment-case-v1:c9c2edce8c29b093645d024452652c05e015adc1b5b5de651683b7a13e5993f5,sympy__sympy-15308,sympy/sympy,False,exact_run_id,0,9446.266309008934,29360.099291999995,97094.085871,0.3217382276218269,False,6781.181060285235,19137.542820999995,125970.234473
assignment-case-v1:c9e54fca578a9257a6bd12b84c0712ab836d459b6130ce740fbcc9cec3be3d72,sympy__sympy-20442,sympy/sympy,False,exact_run_id,3,18757.91753391968,50201.01601,129649.179386,0.37365613337752207,True,11073.338817021067,19062.72243000001,124252.1253105
assignment-case-v1:c9e8f96f666081cde813b7c1b561b601d24c98a63a7ae1a667cc590453a1bc17,django__django-11265,django/django,False,exact_run_id,4,7617.027093991055,25010.487497,92004.931586,0.3045533236769062,False,7363.266328224199,19033.337498999997,124919.82762699999
assignment-case-v1:ca1ced7e53167e69ae839e8afce6fb63c26c67f0292bb3ee14f5c46a169d2586,sympy__sympy-18189,sympy/sympy,True,exact_run_id,3,13239.57636598061,34957.89296700001,107688.448864,0.3787292437355613,True,9306.798878016707,14143.310190000004,124252.1253105
assignment-case-v1:ca962c903c73c3aebd22741174cfc57c046b044d5552eaae305321ce72fe44e0,sphinx-doc__sphinx-10323,sphinx-doc/sphinx,False,exact_run_id,2,13801.457543973811,59932.35681900001,119053.383213,0.23028391133783035,True,8401.438180400874,19162.8857395,125168.74167399999
assignment-case-v1:cb376575c658644e91d55b5e702641704027686f1fef91366964d0fb4cd08f23,django__django-13212,django/django,False,exact_run_id,4,18871.860359955463,40117.19344100001,130149.191572,0.47041826063206876,True,6680.297743259871,19033.337498999997,124919.82762699999
assignment-case-v1:cb7048bd6f9c166ce005ace1033d5e7d5187e913be84cd0820b57a58cd0bbc7b,django__django-11049,django/django,True,exact_run_id,4,6468.177081005706,68420.615208,124143.292567,0.09453550017552928,True,6294.314067758023,19033.337498999997,124919.82762699999
assignment-case-v1:cbbb5f692fca99b2710f9b10385b838c5b2bea5d3a0df3173c79a0d74f8448ce,django__django-13195,django/django,False,exact_run_id,4,10946.151347045088,94378.89951200003,152737.985885,0.11598091738348054,True,10075.538272409176,19033.337498999997,124919.82762699999
assignment-case-v1:cbce4409c98203fa614c98bdfc5fd1ce49f3d3cb1d63bada6878e950b7868405,sphinx-doc__sphinx-8551,sphinx-doc/sphinx,False,exact_run_id,3,8367.723543953616,38306.776364,140133.456862,0.21843977327774958,True,7961.246375984047,19062.72243000001,124252.1253105
assignment-case-v1:cdaa91098480edd5c3f9a1976f75a8e9af8a82a651ba659eba1c6c54a6bdd89b,pylint-dev__pylint-6386,pylint-dev/pylint,False,exact_run_id,1,17852.29024392902,45400.635725,120685.254678,0.3932167459518326,True,8071.244722679694,15999.738637999995,124452.596539
assignment-case-v1:ce9e78ecc92997532b4f5f2a075faf3f6d5e5c68088ab1af0162cae7e99cd9d6,django__django-11276,django/django,True,exact_run_id,1,8169.156315008877,36256.28710599999,107734.393653,0.22531695788720124,True,9319.245610924554,15999.738637999995,124452.596539
assignment-case-v1:cfb94c6f6062221eb6ec5936b27188481159f883ecec7ac2abc449b2f1aa9919,pallets__flask-5014,pallets/flask,True,exact_run_id,1,8162.85362499184,44174.787269,122780.391945,0.1847853522255711,True,10855.530994642322,18461.23689,124452.596539
assignment-case-v1:d01080a3e570f12e4c4bdb7f3050e24161003d3fd7ac9a820746c3e169a6be07,sympy__sympy-14308,sympy/sympy,False,exact_run_id,1,11709.765780949965,43396.466615000005,108266.133172,0.26983223968060294,True,8908.975470923906,19076.611453,124452.596539
assignment-case-v1:d0ed39d553cff9c5d3376f0c927705c167ab495fd0582234a002c69785f62355,scikit-learn__scikit-learn-14087,scikit-learn/scikit-learn,False,exact_run_id,3,8481.783155992161,46242.772112999985,150912.217025,0.18341857047985502,True,7507.309605991395,19062.72243000001,124252.1253105
assignment-case-v1:d0fc01cf5a6b2e341027625ce777a99e6c0fafc9b55d2e31257cca8aec041ab3,sphinx-doc__sphinx-8269,sphinx-doc/sphinx,False,exact_run_id,0,17501.94995792117,75151.05972,146858.015947,0.23289026160283624,True,7185.408871991967,15433.502275,125970.234473
assignment-case-v1:d1111f01c84c4256a578f7077998abc0f68cf0470bf8a91e81a28ea10855e167,sympy__sympy-21627,sympy/sympy,False,exact_run_id,0,34468.35308500158,28696.697215000004,125272.959259,1.2011261375049351,True,6725.722762523219,19137.542820999995,125970.234473
assignment-case-v1:d1d358803e1ab33d62fba7576b26054da0940ac1512abedd2196b85b5002ca8f,matplotlib__matplotlib-25332,matplotlib/matplotlib,False,exact_run_id,2,22284.008707993053,49670.589449,276839.698622,0.44863588202176424,False,7309.612007615215,19162.8857395,125168.74167399999
assignment-case-v1:d25586467f9f2149a0cd5bea6433342706aa79348fb0c6f5e2ff7b5efb13872d,django__django-16642,django/django,False,exact_run_id,4,8791.637294001703,50438.051853,107181.107937,0.1743056476412815,True,11193.535515671101,19033.337498999997,124919.82762699999
assignment-case-v1:d26036a17afaae24eefc19afe2aab2b348c03ac13e3f896f87c1f7e73626216b,django__django-16595,django/django,True,exact_run_id,3,16165.341201009142,68422.44659900002,150114.971495,0.23625786572275823,True,10758.357527032786,19062.72243000001,124252.1253105
assignment-case-v1:d2d613ef7ca39298b36f1f593756777ef426ca23f5bea42067fce786ada56f70,sympy__sympy-17630,sympy/sympy,False,exact_run_id,0,19945.96044102218,36866.6465,113626.619504,0.5410299643343525,True,9296.764310769504,19137.542820999995,125970.234473
assignment-case-v1:d2ff38234f0d41ec773cfe9c5a020c9affd412a0cfb3cbbb4a5c97592beed492,django__django-11742,django/django,False,exact_run_id,2,13184.840354999324,54913.373100000004,137418.188586,0.24010253988566807,True,8213.43630587944,19162.8857395,125168.74167399999
assignment-case-v1:d3fa0b32aa4979b256b2320aaf006d557d7539ba1087aa9aa1783f37b15f0958,django__django-14855,django/django,True,exact_run_id,1,6585.897536009725,33303.342305000006,91195.560918,0.19775485222157266,False,8104.583331150934,19076.611453,124452.596539
assignment-case-v1:d48be37f003352ae157ef57072dcd04b4e731a90f44b7eb39f04925862d7186a,sympy__sympy-20154,sympy/sympy,True,exact_run_id,2,9893.562637007562,36284.20325599999,85293.226694,0.27266859264359217,False,11058.10409532205,16690.2553215,125168.74167399999
assignment-case-v1:d4d00a4ef8d89a94f59d4998a10716fedd130181f60623339653ca8b5c7ee29f,scikit-learn__scikit-learn-14141,scikit-learn/scikit-learn,True,exact_run_id,2,16881.423876970075,28143.304264999995,98670.716763,0.5998380189480597,False,9115.119811340264,16072.097717000002,125168.74167399999
assignment-case-v1:d5018453b95870adeedc0aadc055ff31dbcbbc3787ab2f1cd17ad243f00593d7,django__django-16400,django/django,False,exact_run_id,3,20501.0256400019,44311.68825300001,222654.676985,0.4626550341063552,False,7275.487024262475,19062.72243000001,124252.1253105
assignment-case-v1:d6dbb28add057cce397c91bc997b70f4e6849a374dc58248efaa6b21c3802a2a,django__django-15252,django/django,False,exact_run_id,2,11941.292396048084,62910.885378000006,127610.589773,0.18981281735742292,True,7675.493950871896,19162.8857395,125168.74167399999
assignment-case-v1:d6f9778cbcecdc5fd742e8e4b07100fd6a9ae160ce64b7166562cd59e9ef1c6f,pydata__xarray-6744,pydata/xarray,False,exact_run_id,0,83802.73147599655,70766.33296199997,235506.764045,1.1842175222078675,False,11189.518871757173,19137.542820999995,125970.234473
assignment-case-v1:d783020466b09626643253a60317612cba4d2a09170a3c615f1d5b2f6981d572,django__django-15022,django/django,False,exact_run_id,0,13194.640968969907,49526.679555999996,115111.838553,0.2664148109111712,True,8705.925395734084,19137.542820999995,125970.234473
assignment-case-v1:d8978b66bf9973869e33a80c38024e7aaeb9b01f6a1c4e6fb976eaf3bec28efb,django__django-13768,django/django,False,exact_run_id,0,16182.246836997365,31490.121564999994,99550.511362,0.5138832761758304,False,7146.504799515242,19137.542820999995,125970.234473
assignment-case-v1:d8e10a845fbfd2df676abe7db22672755b861df5ee68941298deef1b9b4a99d1,sphinx-doc__sphinx-8638,sphinx-doc/sphinx,False,exact_run_id,3,6707.296938955551,28847.479439000006,86195.670136,0.23250894252784182,False,5878.913083721272,19062.72243000001,124252.1253105
assignment-case-v1:d91d50406fbca37e462087bbbc9eba7e8959f19627d3b858c168b8fa0ab411bb,sympy__sympy-16886,sympy/sympy,True,exact_run_id,2,8801.163369964343,29948.050028999995,101052.928121,0.29388101600744604,True,9498.905335080053,14217.624903500002,125168.74167399999
assignment-case-v1:db05a7145305e9bcca80dc574a54b5a5254ad96972602b291050a8c3f69b9b90,matplotlib__matplotlib-20859,matplotlib/matplotlib,True,exact_run_id,1,54988.47343210946,33987.180847,297689.966078,1.6179180520929617,False,9302.689416937937,19076.611453,124452.596539
assignment-case-v1:db6ca197fb5edb1eafeebd43693f62d9a79744e7366859280b68f33404396a38,django__django-15061,django/django,False,exact_run_id,4,11595.777000009548,54287.523979,153788.274934,0.2135992977777939,True,10889.862992651615,19033.337498999997,124919.82762699999
assignment-case-v1:db9bb5b00f9b3e40f504e29f5c2d63166216918214ef84328b5e929cfd7fdad8,matplotlib__matplotlib-26208,matplotlib/matplotlib,False,exact_run_id,4,8333.866407985624,27130.981486,162626.969553,0.30717157845122656,True,5658.687330665998,19033.337498999997,124919.82762699999
assignment-case-v1:dbfdd9deb89b2a5f2ead554f0fa1598f6b752219f3ac9642fc15f1895ca674b1,django__django-13513,django/django,False,exact_run_id,2,52223.884186008945,97125.07095799998,214994.623815,0.5376972564436245,False,10746.552828100903,19162.8857395,125168.74167399999
assignment-case-v1:dc7643b985b42eba48c8c8bc666565b40ca2ed7694a2b789305458d657ed448f,django__django-12406,django/django,False,exact_run_id,3,10778.24685399537,39175.72377299999,97754.871313,0.2751256598716311,False,7902.536448247702,19062.72243000001,124252.1253105
assignment-case-v1:dcb72a6797080ae7e58ba82d9719ebb377d89e064d86435d574bf4c63f088a5a,django__django-11490,django/django,False,exact_run_id,4,5963.653585000429,74710.79044199998,143091.162145,0.07982318952481403,True,5557.740472275327,15963.444353999992,124919.82762699999
assignment-case-v1:dd907f99a8cf73339d001a0d9a632dba07c80bb42f03d51e3a618548ff882dfb,django__django-13590,django/django,False,exact_run_id,1,61656.28030296648,46653.276453,189574.220707,1.3215852131003272,False,8693.26839212954,19076.611453,124452.596539
assignment-case-v1:dd96b2c2b72c1299244452c02a9d144d94dd9209b7de33a445641424be00114e,matplotlib__matplotlib-24627,matplotlib/matplotlib,True,exact_run_id,2,11465.8258180134,30003.963422999994,153200.394228,0.3821437073618113,True,6026.930232830637,19162.8857395,125168.74167399999
assignment-case-v1:dde138aec895c494f00a48afe443f5d1efc12fd364f24340a674c042213bc943,django__django-14493,django/django,True,exact_run_id,4,10298.44916001457,45009.941040999984,124216.181581,0.22880388025022327,True,10343.184509118146,19033.337498999997,124919.82762699999
assignment-case-v1:ddeeb3d8eb88f8804597271f77bccfc883fe3f6d3fd1cb0919b0ce097dd66959,sphinx-doc__sphinx-8282,sphinx-doc/sphinx,False,exact_run_id,4,11273.623387991393,50054.72024600001,109566.417205,0.22522597933992636,True,7858.995988053721,19033.337498999997,124919.82762699999
assignment-case-v1:df8d5a24fac71018874c5d56fb6ec2179530104e1a9df292364accd30cb44b06,pydata__xarray-4493,pydata/xarray,False,exact_run_id,2,13702.135279003414,33661.21928700001,103082.298806,0.4070599808692964,True,6168.215835581577,19162.8857395,125168.74167399999
assignment-case-v1:dfb3cc098307acacc57089da49193dcfe17d6ad9866ed690a4343f2ac25bb084,scikit-learn__scikit-learn-10297,scikit-learn/scikit-learn,True,exact_run_id,4,16334.618158984085,65080.935234000004,130000.838056,0.2509892966389095,True,8823.433435332845,19033.337498999997,124919.82762699999
assignment-case-v1:e0348645ebd18c7ba776f789d9b1600fc70bc077cd82fae7fc27bbbbd68c2b7b,sphinx-doc__sphinx-9698,sphinx-doc/sphinx,True,exact_run_id,3,14631.792121006583,42163.17156799999,100616.730928,0.347027786973015,True,8815.435068005172,19062.72243000001,124252.1253105
assignment-case-v1:e03bb5e78d4faa5f2dd6323f3dfc1ac6de0cfee0fe09a99cd7754c100eaa406f,django__django-11039,django/django,False,exact_run_id,3,25506.222795971553,31124.12653399999,136236.821697,0.819500035386007,True,8454.944636756409,19062.72243000001,124252.1253105
assignment-case-v1:e1205a1c3f2d57520402a0e50d5a62e4c6822e2620ded5c6da4c980abf43501d,matplotlib__matplotlib-22865,matplotlib/matplotlib,False,exact_run_id,0,8323.016865033424,65719.014,124414.044018,0.12664549204943068,True,3948.9534492531675,11729.461729,125970.234473
assignment-case-v1:e1656caa14ec355c8d0581a5384d8b33541a9cd90272fa60fd22c749c02ad163,sphinx-doc__sphinx-10325,sphinx-doc/sphinx,True,exact_run_id,0,20776.484877998882,36211.43044899999,115495.503956,0.5737548785116453,True,7638.861057737813,19137.542820999995,125970.234473
assignment-case-v1:e193689e1276ad40ece91611deddff57efb2f182aea41e4234a6028c1efb1fcf,sympy__sympy-15349,sympy/sympy,False,exact_run_id,2,24459.619398010545,82560.72003899999,165237.327051,0.2962621860184398,True,11129.98729210085,19162.8857395,125168.74167399999
assignment-case-v1:e24c9b60fa819f46e7fa04b15ee46a41184e7852fce39fa705df63e2853b69fb,django__django-16116,django/django,True,exact_run_id,4,6981.90071699355,39269.749188,94385.955392,0.17779336159160064,False,8706.477395011461,19033.337498999997,124919.82762699999
assignment-case-v1:e3141317086e0fea67faa9aa4c06315bebddfc0ca49f5655927cfee638f19f57,django__django-14155,django/django,False,exact_run_id,4,13675.610778009286,45839.31997499999,114589.417339,0.2983379942256503,True,11557.147738640197,19033.337498999997,124919.82762699999
assignment-case-v1:e3b0167992e5f5d9e4eb42a20241f768c36b7347ae2a10c1ca54aacb25bf746f,django__django-13710,django/django,True,exact_run_id,0,6556.3441069934925,48851.17969700001,110731.756968,0.1342105584278474,True,8946.270254013143,19137.542820999995,125970.234473
assignment-case-v1:e3f8d5c8d945837b3cdb498493a2bd9ff249471d8d19bd21c1ff562ac833d918,django__django-12143,django/django,True,exact_run_id,2,21671.716236014618,48453.941251,124746.435591,0.4472642612032588,True,9760.01759713472,19162.8857395,125168.74167399999
assignment-case-v1:e42d731af13d089206387006408d224b38ad2b14d5c7875f24f870fe9dd8c19a,sympy__sympy-21171,sympy/sympy,False,exact_run_id,0,18754.084740005055,35073.80330700001,99187.091852,0.5347034815657453,False,10478.164786542038,18520.202729999997,125970.234473
assignment-case-v1:e4798686196b4e0a621f3d4e8e7e5fd53ab7e323538cb1b18f70333b74f3b9a5,django__django-14765,django/django,True,exact_run_id,2,12286.221878021024,42694.312687,102454.401804,0.287771862451414,True,8686.758633326463,19162.8857395,125168.74167399999
assignment-case-v1:e4a9167152c2b68620324d2df439ca46d6d4b60f6625fa0dedab555c8fbd53bc,matplotlib__matplotlib-26466,matplotlib/matplotlib,False,exact_run_id,0,37393.45434298593,34990.33558200001,189506.881748,1.0686795002395506,False,8031.274420000045,19137.542820999995,125970.234473
assignment-case-v1:e4ddb13bd8f26c7ed61367a0844761301b43b9d7458f0903cd3657005274a5d4,astropy__astropy-14182,astropy/astropy,False,exact_run_id,2,7728.668009985995,27812.293636999995,96425.271024,0.27788675435614507,False,6247.048935840212,19162.8857395,125168.74167399999
assignment-case-v1:e52c33cdd2fc7d9437665fbd3be037109f246c47519e9cd1c34b953adb4feee7,matplotlib__matplotlib-23964,matplotlib/matplotlib,True,exact_run_id,1,49845.74005000832,34390.568548999996,204148.664258,1.4494014537441464,False,8521.024609672168,14768.989511999996,124452.596539
assignment-case-v1:e55921dd6a9280a7c83fe90742330deaf3694f706563f3bde736f92978caf8b1,sympy__sympy-24539,sympy/sympy,True,exact_run_id,4,11188.010077050421,38981.41722000001,96742.665986,0.28700880765592696,False,11883.297132650114,17805.380240999995,124919.82762699999
assignment-case-v1:e5dc247216f3407564e65c96bac2411ce57c70b4da13210359b1d21be9225ed0,django__django-13033,django/django,False,exact_run_id,3,6563.485009042779,124517.67433600001,210959.01774,0.052711272066741234,False,4361.300738488353,14143.310190000004,124252.1253105
assignment-case-v1:e6cbd6e25fbb8593a31b77dae2bcfa6866664ed1f610d084c6642104a6b1e056,sympy__sympy-13773,sympy/sympy,False,exact_run_id,1,19749.34658195707,36033.987815,121268.4527,0.5480755192389763,True,8272.064762182708,19076.611453,124452.596539
assignment-case-v1:e7e22fdd4d738e72a4d372dde587d8a0a45bd855e0454107c9f8e4edd12a6e4e,pytest-dev__pytest-5809,pytest-dev/pytest,True,exact_run_id,2,94875.92364894226,30074.440323000003,229725.611617,3.154702884907357,False,9459.41078632859,19162.8857395,125168.74167399999
assignment-case-v1:e871e37eb54f88abe2eb5283d3fa42efb75d18d2319df9861c57ec46634a8b20,sympy__sympy-24909,sympy/sympy,False,exact_run_id,3,11436.56390603428,40820.944729,145413.604893,0.28016411628782123,True,7848.140942549435,19062.72243000001,124252.1253105
assignment-case-v1:e99e9eb435602e0bcfbccd1d1ff5f73496bdb04e6709114dcb6cccc0e7d4bb72,sympy__sympy-14396,sympy/sympy,False,exact_run_id,2,14859.618298007263,32707.897287,110966.872896,0.4543128580727606,True,8835.298650607001,19162.8857395,125168.74167399999
assignment-case-v1:ea499ee155b4c4ae333d3f5ec30d04822af0f5790869fd7a4f3e948738dd5e3c,django__django-15819,django/django,False,exact_run_id,2,6841.156134018092,43418.16854400001,106678.537211,0.15756436449145153,True,6740.719140409055,19162.8857395,125168.74167399999
assignment-case-v1:ea8c504259bb654aaee75bff500d44aa5d2b2edf42ca5d7204644a628d97ba41,astropy__astropy-8707,astropy/astropy,True,exact_run_id,0,11428.200903028483,43839.534264999995,118753.138639,0.26068253448924916,True,8460.198315498928,19137.542820999995,125970.234473
assignment-case-v1:eab1b5ed04a17add724481b72ffb5b185a97be4271d9f7db2e11c19f9683cfd6,django__django-16816,django/django,False,exact_run_id,3,2095.909833034966,6699.150172000001,1179394.532684,0.31286204656153305,False,1948.84203224683,6149.265299999998,124252.1253105
assignment-case-v1:eb8a6cd9dc0d53d1539e37cb3554de218694949693c6be59f2cb6b57e513f067,django__django-16255,django/django,True,exact_run_id,2,9550.964704991202,90895.85904999998,172264.240604,0.10507590560024752,False,11016.713178667487,19162.8857395,125168.74167399999
assignment-case-v1:ebbe0c2bfa75cefd8afda1e98d0637f92d5a59c5eddaadaf1d3aed3c6c0e5e5a,django__django-14667,django/django,False,exact_run_id,4,7349.428000004991,47338.547967,127952.762305,0.15525250172709826,True,7217.543979260881,19033.337498999997,124919.82762699999
assignment-case-v1:ec1a1f5ec2579ead434cbd990ccae69f5a68e30272a361e0593ce991d14b2395,django__django-14631,django/django,False,exact_run_id,2,18727.968628008966,46603.925545000006,112618.515918,0.40185388696335334,True,8393.884270861236,19162.8857395,125168.74167399999
assignment-case-v1:ee3b762c3f310d8c26ba1c4137762fdc596da5a103684811cd02568a86bebc1d,matplotlib__matplotlib-13989,matplotlib/matplotlib,True,exact_run_id,3,16061.629128002096,35098.266926,109245.457593,0.45761886653451844,True,8842.727063505663,19062.72243000001,124252.1253105
assignment-case-v1:efc5abf77617ac555f376e03a2b97eb1bb3a2eaf9efbe0be15ddefc93dad913a,django__django-11532,django/django,False,exact_run_id,1,15552.183868996508,39510.171761,121962.44297,0.39362481041775366,True,8173.981961386744,19076.611453,124452.596539
assignment-case-v1:f00ccb5d293f81f52229cf10b6036ee73903cb4bbc1540ae5afe95bc960d04af,django__django-10914,django/django,True,exact_run_id,4,7960.042446007719,131132.36653200001,205747.323644,0.06070234722764073,False,8443.752026632865,17191.401611999994,124919.82762699999
assignment-case-v1:f0c78f0a748bdbb2074f7301a89208ebb7b54c119f6ed4280de5d2fb305b6799,django__django-13448,django/django,False,exact_run_id,1,9123.872637002933,50880.53606400001,147697.44727,0.179319506884253,True,8511.942568387894,19076.611453,124452.596539
assignment-case-v1:f11e018669284ec8ee050991d068c46b443af70590e9abd4afe77a6a1063c068,django__django-16938,django/django,False,exact_run_id,4,71151.88936900086,31834.565676000002,164073.378115,2.2350513618799606,True,8607.789084560864,19033.337498999997,124919.82762699999
assignment-case-v1:f137ca8b39ec593fe336f918e13999337d76b68bd2b4fb9298f4fefa3725e02e,django__django-15128,django/django,False,exact_run_id,3,10990.530008020869,38246.603311000006,95600.655839,0.28735963606106457,False,9276.824640257473,19062.72243000001,124252.1253105
assignment-case-v1:f1f08fb8c2a1c39e2d417507f98b71b523b2b38a978c2ead08ad950dbfd06286,matplotlib__matplotlib-24570,matplotlib/matplotlib,False,exact_run_id,2,14531.328411016148,47920.24623,103584.702907,0.303239852760167,True,5563.403543068489,11744.994485500001,125168.74167399999
assignment-case-v1:f1f7abbd07d92360ad329b832f209e9e9a6901162dbb61e6bc20263382bb5750,django__django-14155,django/django,False,exact_run_id,4,10271.540519006521,48183.35287099999,141411.108725,0.21317612633778815,True,11449.354272372148,19033.337498999997,124919.82762699999
assignment-case-v1:f2963397443789c0c59955ff14804ecf287dd38e0c1a1bb0ba9c71ac2f408251,django__django-15996,django/django,True,exact_run_id,3,7132.789333005348,57291.65767800001,219747.322449,0.12449961516376823,False,11284.51900877917,19062.72243000001,124252.1253105
assignment-case-v1:f31b735961db4646a1738d97a56c19b8cd3082462a87154701451cae02683eff,matplotlib__matplotlib-22871,matplotlib/matplotlib,False,exact_run_id,0,22861.037725982897,47036.23089499999,260713.411607,0.4860303916998811,False,9012.268042015421,19137.542820999995,125970.234473
assignment-case-v1:f61f392239c79a4da8e54e9fb813ac74e41b7ae264093db82f105f79aad980c2,django__django-11815,django/django,True,exact_run_id,4,13861.436850995233,86533.34956100001,145269.579217,0.1601860660810764,True,9980.055794658256,19033.337498999997,124919.82762699999
assignment-case-v1:f6823c9d6e998acb9d32732a907a882d092b046b39fdf7ced2de2dd56d1d2a46,scikit-learn__scikit-learn-13779,scikit-learn/scikit-learn,True,exact_run_id,0,13284.161204952397,35016.84360200001,92567.117468,0.3793648952469738,False,7360.283887746846,12964.141911,125970.234473
assignment-case-v1:f6982513b6d62485fdf626518a5f021e33fc58c4d54be1f4bd0de1758ee58fec,django__django-15790,django/django,True,exact_run_id,4,9357.343781994132,44355.04170699999,118269.054514,0.21096460338842116,True,9116.455145394866,19033.337498999997,124919.82762699999
assignment-case-v1:f6adeed8516729b5df24a97623f6a09c3d2b656b0bcfd51b379e7436d75bfb71,sphinx-doc__sphinx-7440,sphinx-doc/sphinx,True,exact_run_id,0,44145.08667800692,35390.248183,128139.870163,1.2473799689037608,True,7347.604015247271,19137.542820999995,125970.234473
assignment-case-v1:f6cd4c89889727fdcb8d7cda2ec7f4c6107a02c29481ea3092562944089b0583,django__django-13964,django/django,False,exact_run_id,4,4222.8215559443925,70629.526271,134493.359641,0.05978833186197165,True,3988.393788362373,11665.593950999997,124919.82762699999
assignment-case-v1:f6d860570ddf721bde33f6b2bfe64f47c05139e10062b63aec9f202ccd63168d,django__django-16100,django/django,True,exact_run_id,0,7104.756250992068,56445.91474200001,109606.93819,0.12586838717143856,True,9058.433964244614,19137.542820999995,125970.234473
assignment-case-v1:f6ee9bf57419826e5843b7bca7ff7582d5cca9dc0d9e4096c1c7dc8d8fbb2156,matplotlib__matplotlib-22719,matplotlib/matplotlib,True,exact_run_id,0,15220.851758989738,37017.009572999996,119130.514921,0.4111853424835199,True,9445.429039758892,19137.542820999995,125970.234473
assignment-case-v1:f70b7000c10162a79673810483df303a1f6d5c22f3494c63f7b9d8de54690fe9,django__django-15277,django/django,True,exact_run_id,2,9493.639562017052,42524.23591,99924.107787,0.22325244319756316,False,9893.087995142196,19162.8857395,125168.74167399999
assignment-case-v1:f7447e96bd5eebb60e03289f09af9495344bc3ea782937656479f12599495e6a,sympy__sympy-20154,sympy/sympy,True,exact_run_id,2,14442.425099026877,38964.197838,117541.742945,0.37065885865464526,True,9820.96951931453,14217.624903500002,125168.74167399999
assignment-case-v1:f80866fb98b2655d4c79a897f7c940abde4e6d49895cd26973a4e718b6d35ecb,django__django-13121,django/django,False,exact_run_id,3,77253.169891992,31974.886240000003,183872.348997,2.4160576932827267,False,7149.77845199428,19062.72243000001,124252.1253105
assignment-case-v1:f837cda02d31873b8c38f8c325be44e08e931f6beea36b5b597a1b3996aa0dc0,sympy__sympy-18835,sympy/sympy,True,exact_run_id,2,19031.171778042335,44837.337240999994,127454.734258,0.4244491967877147,True,10570.48544258214,16690.2553215,125168.74167399999
assignment-case-v1:f88056bf8c3cd4ebb7d9b01b938b85f9b6143f7ce03837a34a4b34b3740afe39,sympy__sympy-15976,sympy/sympy,False,exact_run_id,0,18314.894743962213,64908.17659399999,141894.368077,0.2821662185724566,True,11344.353197737291,19137.542820999995,125970.234473
assignment-case-v1:f88edde848fdc4ad5f80a1f715e36ad44fc174096f2502fcf132848311cf0666,django__django-13821,django/django,True,exact_run_id,2,43373.86583194893,40311.500717999996,161291.859692,1.0759675293502908,True,10409.27246737192,19162.8857395,125168.74167399999
assignment-case-v1:f8bfe9483ddbaf970043a4544bcf5a5175b5e06af30be6393205076c2e6aae3b,sympy__sympy-13480,sympy/sympy,True,exact_run_id,0,11940.653220954118,25069.024865000003,99310.081616,0.4763110366380865,False,8006.912499260579,14198.822093,125970.234473
assignment-case-v1:fa3360db043ff790cee30536476b79de84d0b2c18c65ff46dc550e8efcce6b3f,sympy__sympy-24213,sympy/sympy,True,exact_run_id,3,19621.00579998514,50549.39808,121497.820942,0.38815508285445327,True,11261.640857794191,19062.72243000001,124252.1253105
assignment-case-v1:fa6bfdfe3a9b40846d03845371e7efa2d7708661d643a6ec49c4b39cafc87a21,django__django-16667,django/django,False,exact_run_id,2,13062.067502985883,57617.079322,117802.324243,0.22670478366296465,True,10027.492139113747,19162.8857395,125168.74167399999
assignment-case-v1:fae1bb6595c1ccd152f8e86163d95674ce38307496629a293e7c4c54be2aa98c,django__django-16315,django/django,False,exact_run_id,0,5578.662229963811,22717.742819000003,76876.229941,0.24556410706868698,False,5148.670865506574,19137.542820999995,125970.234473
assignment-case-v1:fb2a65d94c82bd1030bd62ace02004b7d82d9f75de9e040c7b75a508f521aef1,django__django-12858,django/django,False,exact_run_id,3,7931.894888999523,33764.223607,88576.216515,0.2349201030452565,False,6985.806265267456,19062.72243000001,124252.1253105
assignment-case-v1:fcc7c11647d5296d8748d52c7fea5c956b0b0f6b71a5bf362901ee328c528bf2,django__django-14315,django/django,False,exact_run_id,1,10830.43654600624,94457.00426499998,169537.793997,0.11465996227893648,False,12742.972021369496,19076.611453,124452.596539
assignment-case-v1:fce63cf4fd1c36f01cf62c19b7105e9a6f732e92dea73a8319aae114bc2966eb,django__django-15851,django/django,True,exact_run_id,4,25765.97503904486,40670.161142000004,174508.663968,0.6335351106449486,False,9246.676206925258,19033.337498999997,124919.82762699999
assignment-case-v1:fd32c73bbb957e5dbae3b9de9840b479a0536eb38565fde74d462b971a976ebe,scikit-learn__scikit-learn-13439,scikit-learn/scikit-learn,True,exact_run_id,0,31354.32154398586,35632.778131,126836.884335,0.8799291884768328,True,9698.810191495795,19137.542820999995,125970.234473
assignment-case-v1:fd586d6bbf8de140ea87fac3132c4ab889fc28b460b6792a4d9b673be4b7b6bc,pytest-dev__pytest-7490,pytest-dev/pytest,False,exact_run_id,4,69046.13142897142,40380.656867,168594.208044,1.709881333936336,False,12062.383447695538,19033.337498999997,124919.82762699999
assignment-case-v1:fd9d0abb251e65cf87cf808c41400c18147c6e7c07ddc7c59b3e0a87ed1afd99,django__django-14034,django/django,False,exact_run_id,0,8798.700949009799,53978.929454,122741.798465,0.16300250927554824,True,8976.118535760179,19137.542820999995,125970.234473
assignment-case-v1:fd9e97538667718ec28cda5bfd4f7266d72a4502f81d29ce50e2f6754dbff0ab,django__django-12856,django/django,False,exact_run_id,4,9101.873207982862,36788.87811599999,118246.171594,0.24740828408203977,True,7488.65906075298,19033.337498999997,124919.82762699999
assignment-case-v1:fe1bd54652a88ad57afa06fa3d580bf73826b8c624f409ab0a90f0175a12c41a,sphinx-doc__sphinx-7889,sphinx-doc/sphinx,False,exact_run_id,2,17290.866862953408,41720.30068099999,128605.138973,0.4144473213451194,True,9909.839359843318,17308.412926,125168.74167399999
assignment-case-v1:fe1e4f66674ef17205e8f9884658775788e59b7342e4c5cfd5f7f26ead2daac1,django__django-12663,django/django,False,exact_run_id,3,37897.98871199309,40667.128799000006,131938.135728,0.931907165103945,True,8933.115120755247,19062.72243000001,124252.1253105
assignment-case-v1:fe69c872b5ce7d0f7c18e7c7fc53e9eabad5a242039f2a82c08b7a2f25694d2b,django__django-15957,django/django,False,exact_run_id,2,15758.036516002903,25367.413566,114824.746476,0.6211920846799862,True,6260.6689551157615,19162.8857395,125168.74167399999
assignment-case-v1:fe92a02d48834881ffb40f81b0fa74cda68c6deeec0ee7823af9c89e5540f709,django__django-14122,django/django,False,exact_run_id,3,7107.93592898699,69831.572858,138861.730405,0.10178685139228817,True,6846.279297491492,19062.72243000001,124252.1253105
assignment-case-v1:febdb8130566a31a20f81f4255e3f2319201a54f3e67a08a68eb5caccd52fb9b,sympy__sympy-18532,sympy/sympy,True,exact_run_id,3,21319.660493012634,49748.829175,137365.551149,0.42854597478097606,True,8435.208569244423,19062.72243000001,124252.1253105
assignment-case-v1:fee081408ee253778c163f45168759c2da9a584ae0b0b544e4d5cd9e1f5de837,scikit-learn__scikit-learn-13142,scikit-learn/scikit-learn,True,exact_run_id,2,19170.50405801274,53694.337022,138484.392669,0.35703027770243395,True,9144.100720855931,19162.8857395,125168.74167399999
assignment-case-v1:ff159be01be197ef644d99a50422ac6f6b0554a61f492f9a8a878aa5c59cc448,matplotlib__matplotlib-18869,matplotlib/matplotlib,False,exact_run_id,3,21056.551144007244,29084.169435,182422.903033,0.7239866756747645,False,10342.055179266026,17217.942840000007,124252.1253105
assignment-case-v1:ff20778cfb95ac112b512c1867758ace649f2edf608920f96d6c2e14f272c660,sphinx-doc__sphinx-7748,sphinx-doc/sphinx,False,exact_run_id,0,13140.006321889814,67254.066803,127930.142553,0.19537861346555296,True,8381.497626771306,18520.202729999997,125970.234473
assignment-case-v1:ffa565feeba1ec11fe70c438671b4c1947620d8f318d3a57b18fee640c1f379f,sympy__sympy-13974,sympy/sympy,False,exact_run_id,3,14597.59959197254,75735.90914399998,131847.105255,0.1927434391025463,True,12556.547410542407,19062.72243000001,124252.1253105
assignment-case-v1:ffe8a2c3613c3da7b443b805dac5838da048ede22b197542531638fedf2e527c,django__django-16256,django/django,False,exact_run_id,4,22098.54299109429,13250.627765,1347129.159161,1.6677355505725575,False,6863.367512747573,9209.679435,124919.82762699999
