instance_id,run_id,repository,observed_ms,outer_fold,candidate,predicted_ms,within25
django__django-17029,assignment-case-v1:00a98b5222ae0b560df13973a829033e022f789411689a76c75c86185ecdf799,django/django,109868.087849,0,global_median,125970.234473,True
sphinx-doc__sphinx-9367,assignment-case-v1:019e48545f8b4df6e16f54adb67988818100bf35c86f89c3f00cbb7d56f210d5,sphinx-doc/sphinx,78775.093025,0,global_median,125970.234473,False
sphinx-doc__sphinx-9367,assignment-case-v1:03f146f02750595e40d79df3736614566ddc3784d5a583c40762ce12b292f7aa,sphinx-doc/sphinx,89869.912492,0,global_median,125970.234473,False
django__django-17084,assignment-case-v1:05ceffc69c44e8fbeeceffda66a28f24d25ecaae234d55bc34e74002a10189b8,django/django,140082.16595,0,global_median,125970.234473,True
sympy__sympy-21612,assignment-case-v1:0645b1a474b4d2ddb9f4ca771dd1c29d5550846e02b8c5569eae688b3ffe0898,sympy/sympy,105229.008302,0,global_median,125970.234473,True
django__django-11603,assignment-case-v1:06f08a392b6dfcb683338b13de748457832dfeb21655d9b578f204559b451988,django/django,149505.44073,0,global_median,125970.234473,True
sphinx-doc__sphinx-10325,assignment-case-v1:0794c7d7114d1fed3e281106f47ad72592749f0ad5fbb303144ebba8980f9f22,sphinx-doc/sphinx,109182.616998,0,global_median,125970.234473,True
sphinx-doc__sphinx-9258,assignment-case-v1:08c0c23e0d7261698b168d4d12d8ca939a628500b3a57765b5dfe05eb9655526,sphinx-doc/sphinx,105785.09635,0,global_median,125970.234473,True
django__django-15161,assignment-case-v1:14fd65389b798724dfa7d28ee48ca19db7ad1d818d9a494769e3b7a25199c538,django/django,134711.798726,0,global_median,125970.234473,True
django__django-13757,assignment-case-v1:15334bfc89a03314b3ebd304df04f6d05d14f1fd7a6b48f4b7d79e81fa44afab,django/django,144414.846995,0,global_median,125970.234473,True
django__django-15368,assignment-case-v1:163326e2370fa3b7576c2c9deed060009d17922afe8e6d25f084b5f27b0260bd,django/django,146709.762712,0,global_median,125970.234473,True
astropy__astropy-14539,assignment-case-v1:164bc0089deb9287c43c4a4705f118e8b0201a4c0a950759f3df3f1301d664df,astropy/astropy,124057.550482,0,global_median,125970.234473,True
matplotlib__matplotlib-25311,assignment-case-v1:17d40e3e61622392a4d701107cf550578a53a447bcd9b05150c87539eff8b146,matplotlib/matplotlib,241389.287851,0,global_median,125970.234473,False
pydata__xarray-3364,assignment-case-v1:17e6cc971acecd406a23c9efb228baad37bd4ab10af24bdd57395821624636d6,pydata/xarray,111391.930489,0,global_median,125970.234473,True
sympy__sympy-12454,assignment-case-v1:19e2c904ef7dc98416d35e6c4d5cb3a104756896961c0ea99069fbbc8770c7e7,sympy/sympy,122484.638289,0,global_median,125970.234473,True
sphinx-doc__sphinx-9367,assignment-case-v1:1ac2da9869eea123af154477ae8e850112af3dac066a74569b8e0474557584d6,sphinx-doc/sphinx,113560.885615,0,global_median,125970.234473,True
django__django-11797,assignment-case-v1:1c5e3fc85a6bca3a0f7b39f001b3513d732efc4f30964e1fb2f4c7f6371263e5,django/django,108174.07589,0,global_median,125970.234473,True
sympy__sympy-16766,assignment-case-v1:1e57ed8cbe9c079cc393dc000de30cb7d86203b27290a90676913a094f4ef8b7,sympy/sympy,85153.815807,0,global_median,125970.234473,False
sphinx-doc__sphinx-9320,assignment-case-v1:1e704f3dac66227ff332c1e00e345643f6f71903fc8d4abb80b9e05f5fcdf528,sphinx-doc/sphinx,171060.489958,0,global_median,125970.234473,False
sphinx-doc__sphinx-9367,assignment-case-v1:223b6fb1f9d809804e7d74392aa3025c65c1b37f5842c1990fe3048c91cd6559,sphinx-doc/sphinx,146681.187964,0,global_median,125970.234473,True
django__django-13449,assignment-case-v1:22ae18f2fbe436543d0916eaad9d9ffa13f7804cf829f1f381cb1b665bb998dd,django/django,97095.837014,0,global_median,125970.234473,False
astropy__astropy-13398,assignment-case-v1:2372969c8194ef2010619926722b6e51db6cee21071e65c3d7d033e953077c32,astropy/astropy,90346.071418,0,global_median,125970.234473,False
scikit-learn__scikit-learn-13439,assignment-case-v1:23e27af45d332d0cb03a987761ca95867b4f0834b68f5db5a4893e285b09c299,scikit-learn/scikit-learn,127870.423014,0,global_median,125970.234473,True
sympy__sympy-13471,assignment-case-v1:26f9e0c2b3178fd2348934969e7aba249ca1e66dc98c0d5eb0142b772da93b94,sympy/sympy,140560.580627,0,global_median,125970.234473,True
sphinx-doc__sphinx-7975,assignment-case-v1:2a2115c55922e05bdf428596a2c83e2b7666a56636533c7c3e5fd21a8e6fddfa,sphinx-doc/sphinx,131844.371236,0,global_median,125970.234473,True
matplotlib__matplotlib-25287,assignment-case-v1:2c871eee6b0a67302561bb1ecdb3964e78d649b218d06416f445da253acd0db8,matplotlib/matplotlib,232087.162518,0,global_median,125970.234473,False
django__django-16485,assignment-case-v1:2f43a31584da47ec75675b3829ba3ddad44e547ccf1b4fbaa6f390ba7a22edad,django/django,93269.324801,0,global_median,125970.234473,False
django__django-14373,assignment-case-v1:31d35f0150d9a567a479771105e030471485a1f467b99d5ac32e78a42b3d3aec,django/django,117251.96435,0,global_median,125970.234473,True
pallets__flask-4992,assignment-case-v1:33d371a5d1ab02146b95fcc4d7bc4f4c8177fcd26bf4a5f844f19478afd9f276,pallets/flask,148757.605752,0,global_median,125970.234473,True
django__django-13343,assignment-case-v1:34df16ce0905e2471bfe3a41e4c26ebbc02be5ad9448da346bdafcbd18d0322e,django/django,159771.980563,0,global_median,125970.234473,True
django__django-15731,assignment-case-v1:367670b7e7c1e795fdd7c2bf813d8dfa1562aa658e4c9130b18ee3ddc681ac3d,django/django,134035.014832,0,global_median,125970.234473,True
sphinx-doc__sphinx-9367,assignment-case-v1:3694eaf60a21cf8771d2b625266a51bad1b1d0213cd86e2aca78b6d558f5f3a2,sphinx-doc/sphinx,95450.601168,0,global_median,125970.234473,False
pytest-dev__pytest-5413,assignment-case-v1:3e148cb3ce71d9ea5122d3bab11f5b978239194b81cfb99ea363281ef50601ab,pytest-dev/pytest,110120.142952,0,global_median,125970.234473,True
sphinx-doc__sphinx-8621,assignment-case-v1:3e1ee1be1ece436cab2c17d409c312345401c709d4c20003c4a7faefd5fbe2b8,sphinx-doc/sphinx,142685.289246,0,global_median,125970.234473,True
scikit-learn__scikit-learn-13439,assignment-case-v1:3f16cc7f5303c75def977c2afecfb2cd777656116c0fb34957ff714c03ca4cf9,scikit-learn/scikit-learn,114947.174394,0,global_median,125970.234473,True
pylint-dev__pylint-7993,assignment-case-v1:3f247c9a5ac442a0f0f435c3a4fe2ec4f637ebba612f1bedf0fccf7fab990982,pylint-dev/pylint,156765.14721,0,global_median,125970.234473,True
django__django-15973,assignment-case-v1:404ca64e4e8b4ebcd9019da3221d075a906979c67fe8aea501564330f6bc4d29,django/django,118344.92339,0,global_median,125970.234473,True
sympy__sympy-21612,assignment-case-v1:421ae8d48f07be0c1c5cb7ce4e12325a3ea6dcb1fffb861abbfc970839477633,sympy/sympy,149955.959845,0,global_median,125970.234473,True
django__django-11239,assignment-case-v1:433920efe5ab1b4faf1773f64a5e5389c705f0330d55a9ebef0ae7d0679ced22,django/django,141621.089349,0,global_median,125970.234473,True
scikit-learn__scikit-learn-13439,assignment-case-v1:43fc862d67ec7abdc2588302cd80dd9538303f2bc7a58c79ca7bb458bb0caf86,scikit-learn/scikit-learn,100986.378924,0,global_median,125970.234473,True
sympy__sympy-14976,assignment-case-v1:45432e7550e7296d94a38aa5567a4d45eb3699f28dd81bf8dbe36b3068b402e1,sympy/sympy,85859.836627,0,global_median,125970.234473,False
sphinx-doc__sphinx-9461,assignment-case-v1:47ce193e42b3793658c4461bfeb9dad0b89aeee09405fc21ef8ec2c580d00a81,sphinx-doc/sphinx,114583.468685,0,global_median,125970.234473,True
sympy__sympy-23413,assignment-case-v1:4971f980bc7bd0df4cc4fbd1551e7e5cb1628c3e13b9094c4f41c38487a677be,sympy/sympy,150305.499614,0,global_median,125970.234473,True
django__django-13820,assignment-case-v1:49d2aa1e13dbff4c7158583825aad0749505c80a0701f39c321bed82680d7f68,django/django,156628.908321,0,global_median,125970.234473,True
sphinx-doc__sphinx-9367,assignment-case-v1:4ad34d011fc07891eb785da5aae7869fa4c4194a1a4513c04f60ec6686f5972a,sphinx-doc/sphinx,84462.909576,0,global_median,125970.234473,False
django__django-17051,assignment-case-v1:4c1c271d383aed660d70edc39064654b95603ce6c4a7b371503cb69561695dd5,django/django,98365.166169,0,global_median,125970.234473,False
sympy__sympy-20322,assignment-case-v1:4c5b679678a8c7b0e8034272edce3ff2fe0d35026c44de6b1a9d27bf6e2d2c23,sympy/sympy,99185.24371,0,global_median,125970.234473,False
sphinx-doc__sphinx-10325,assignment-case-v1:4cd0fdf8a8bbd47bad8e774a1bbabd16c08ad5031a4500902983de2860328dc6,sphinx-doc/sphinx,110140.72588,0,global_median,125970.234473,True
django__django-11964,assignment-case-v1:4d7b41ed9ad46bbec64178e4103e68c6fedc245a75996c400808c5d9098f2e99,django/django,154108.757666,0,global_median,125970.234473,True
sphinx-doc__sphinx-10325,assignment-case-v1:4ea178b49215e825b0136195c00528860769a73258fdbbbbf30f898a164f7dfb,sphinx-doc/sphinx,110602.803465,0,global_median,125970.234473,True
sphinx-doc__sphinx-10325,assignment-case-v1:4efdd45fb89295e10a9b64c272e82f09ec60c7a6aedd4360a4362289f392037c,sphinx-doc/sphinx,127255.014572,0,global_median,125970.234473,True
django__django-14311,assignment-case-v1:50c45f2de277876caae5287115a5c812d4abde60154e824ed13ee67e000b7550,django/django,124077.625062,0,global_median,125970.234473,True
scikit-learn__scikit-learn-14983,assignment-case-v1:51c3e846206a6c49ae74c8df1b94866173c4f044cd7b49b770552ef2251f647c,scikit-learn/scikit-learn,107887.187307,0,global_median,125970.234473,True
matplotlib__matplotlib-25311,assignment-case-v1:523286408899ca73bf07252f5ee10f7942b89376d7637511b28cdc70a08b4a79,matplotlib/matplotlib,285854.481805,0,global_median,125970.234473,False
scikit-learn__scikit-learn-13439,assignment-case-v1:53e87654db72dbbfed38981464642bca377841fb04269a549c3d5446364352f8,scikit-learn/scikit-learn,86476.103929,0,global_median,125970.234473,False
django__django-17029,assignment-case-v1:55060c9d500aee4e1d4f9cf54528b92922ba9a0cacd107a35222b7933af6828d,django/django,185210.598793,0,global_median,125970.234473,False
sympy__sympy-21847,assignment-case-v1:57a081155f0d09f0a3a74df0e68cb1209c2fc76bede090cb9bc34114d237d603,sympy/sympy,103993.565757,0,global_median,125970.234473,True
sphinx-doc__sphinx-10325,assignment-case-v1:5a408f6e52b0e008daccb4f3625644e1ea2f4fd75dfddd2d0a8efe36c544bc79,sphinx-doc/sphinx,93512.756144,0,global_median,125970.234473,False
django__django-13346,assignment-case-v1:5be2c10ef9a810bae9039f2d3582ebd1339f3ef86dc4229f35fc492ae6f75c93,django/django,217272.674774,0,global_median,125970.234473,False
sphinx-doc__sphinx-9367,assignment-case-v1:5be46863bb7bdf75d2bcf8682c7a94c0bbbb2c89ab606bd29209d722039b9756,sphinx-doc/sphinx,62690.236807,0,global_median,125970.234473,False
scikit-learn__scikit-learn-11578,assignment-case-v1:5dbe32d18b0a70f659393b7965497e0c1e3718f38bc8bc72db0841cac3514559,scikit-learn/scikit-learn,169602.229941,0,global_median,125970.234473,False
sphinx-doc__sphinx-9591,assignment-case-v1:5ed1a38653baedd52eb8c0d0c4e73330c548709a1e59230c5b08e708a671ccfb,sphinx-doc/sphinx,88636.004425,0,global_median,125970.234473,False
pylint-dev__pylint-7080,assignment-case-v1:5f0c70caa22a3809a59116855fd5d4ca44fba8e33f1f42acf09c24507087cf83,pylint-dev/pylint,136516.902216,0,global_median,125970.234473,True
django__django-15569,assignment-case-v1:5f3d5680e7e706689c1361a07dd3128185a2de4868a627a833922f17a1a2541a,django/django,122578.236035,0,global_median,125970.234473,True
django__django-15037,assignment-case-v1:60e30fec882ab25dfc48e8bacfe6f3d62d55d224c31cf9bc9eb461d52874f56e,django/django,118560.274764,0,global_median,125970.234473,True
sphinx-doc__sphinx-10325,assignment-case-v1:6105f873eed7d1cce547061174c6ec0a1f2c6941d618862d0b9eef8737427925,sphinx-doc/sphinx,77509.454286,0,global_median,125970.234473,False
sphinx-doc__sphinx-8474,assignment-case-v1:628eb43ce57c0cde844e8d3c2cf053f37ff3ec1007c31defa838dc66b7254468,sphinx-doc/sphinx,1094516.078083,0,global_median,125970.234473,False
sympy__sympy-23950,assignment-case-v1:630fbda2df927a38dc93c70eff6e4d5ccc03b3107cb6e14fe3975bea20037206,sympy/sympy,123653.083716,0,global_median,125970.234473,True
django__django-17029,assignment-case-v1:6375f2b7903b7be4e1b73a3e63324ad4a2d4e704c5f0b6698a5001600894af8b,django/django,70250.791808,0,global_median,125970.234473,False
sympy__sympy-12236,assignment-case-v1:64829b38be6fa645f92a7d2a1ea27965d7283f8c9918058e7e6d70c915739f9a,sympy/sympy,125493.457514,0,global_median,125970.234473,True
sphinx-doc__sphinx-10325,assignment-case-v1:66d58e4d9ad93654a2dbeddfdda279f4e086e00dc0438a36c5865b2f79e72bd2,sphinx-doc/sphinx,78959.258133,0,global_median,125970.234473,False
django__django-13512,assignment-case-v1:66f1f68cfb0625c9cbfb98d661c9510974eb589de2bfb2a8917ce01a1f609bea,django/django,110099.898653,0,global_median,125970.234473,True
django__django-15554,assignment-case-v1:6731fd6cf04798649ac4d1730a2dd8bc9d4791bd7e576bc34a0cd2eb09ff8866,django/django,103324.486109,0,global_median,125970.234473,True
scikit-learn__scikit-learn-13439,assignment-case-v1:67bb54a9bf4b08a87f91b69f97a34d6b3ea4c2e49619aeb4eec919c6b3d58d78,scikit-learn/scikit-learn,165169.505358,0,global_median,125970.234473,True
pylint-dev__pylint-7080,assignment-case-v1:69aa1902d7a1890ae0642b3c5cc928a359aabf2a4db961c076f712f8e9560c84,pylint-dev/pylint,168149.549377,0,global_median,125970.234473,False
pylint-dev__pylint-7114,assignment-case-v1:69e1378ddb0df9eefaa1253dc19a3d7cab4f90c760fbeeadbe66cf35ab641d02,pylint-dev/pylint,166206.079688,0,global_median,125970.234473,True
matplotlib__matplotlib-22835,assignment-case-v1:6afc0bc58cefe7c58b07382179dcee4d72235641cd1de82618c7e00b450c07a4,matplotlib/matplotlib,190227.711393,0,global_median,125970.234473,False
django__django-12286,assignment-case-v1:6db55bbde94c6855c56154207749b517dd88d6430f6faa9cf053fa2775dfa36c,django/django,130796.135215,0,global_median,125970.234473,True
django__django-12050,assignment-case-v1:6e4e07527475ed0ccce874dd3988449464ab901a4257e858e981f819f76ff48b,django/django,119564.822553,0,global_median,125970.234473,True
django__django-11095,assignment-case-v1:6f3e6cbdff25652feb2b502582d2e3182696c8987ab50cadaf6d96ad69ceb76e,django/django,164915.917804,0,global_median,125970.234473,True
django__django-11820,assignment-case-v1:708aaa35f709abdf123885446da7f705fbaabc2899256c3b5f8538ce95afaf53,django/django,149724.061861,0,global_median,125970.234473,True
sphinx-doc__sphinx-8273,assignment-case-v1:737b71a84a2b91169b9997cb650d5b4e55c8405329342de429c325292d1de50b,sphinx-doc/sphinx,89288.141626,0,global_median,125970.234473,False
sphinx-doc__sphinx-9367,assignment-case-v1:78c6f0d8db5c949a9cb2f9b630fe843ab536412430b6adf9d68c88d7a3fee1a4,sphinx-doc/sphinx,91190.687905,0,global_median,125970.234473,False
scikit-learn__scikit-learn-13439,assignment-case-v1:7c0b0d0c26f8a879fb4b3dd8b37af6bd84c0c42b49ac4e490638a44fcc52b911,scikit-learn/scikit-learn,140191.796906,0,global_median,125970.234473,True
sphinx-doc__sphinx-9367,assignment-case-v1:7c12db5dafc1b018890a94aed02102b48c68bc05f02bb6e18d5397399bd7db70,sphinx-doc/sphinx,94694.999513,0,global_median,125970.234473,False
django__django-17029,assignment-case-v1:7e391de89309f2f9bf59b370a1cc5716924a79fe7d1655c05784baf8019527d6,django/django,133147.951582,0,global_median,125970.234473,True
sphinx-doc__sphinx-10451,assignment-case-v1:7ebb25d7fde0c08f5ba33c0e407cfb9b854992bdb3efa496fd8323e82f9d7874,sphinx-doc/sphinx,1159805.41822,0,global_median,125970.234473,False
django__django-14017,assignment-case-v1:7ed6a368f99faf10820b9749d59406f88510a2fb9296ef78549f184906729f0f,django/django,117493.680052,0,global_median,125970.234473,True
django__django-10973,assignment-case-v1:7f91eba309be5c4cad96d8da4e89131503b0a5ffba5863509a23819c115573b5,django/django,180012.119023,0,global_median,125970.234473,False
django__django-13406,assignment-case-v1:811de7a9c07cfb18d7bd7231b668166f98d5f887be09c7fbc9c8a6a155fc14d7,django/django,152705.255355,0,global_median,125970.234473,True
django__django-12193,assignment-case-v1:83e587a9e248708fdb6a70ff1871bfa7da672a9c1d52fe94e4feb07d11866a14,django/django,142228.10097,0,global_median,125970.234473,True
matplotlib__matplotlib-23563,assignment-case-v1:8424aa289ec3060d1bb39eb55b9d375c3eaa1c4b89ad6ff40bd2c1e204af31ff,matplotlib/matplotlib,147838.739414,0,global_median,125970.234473,True
sphinx-doc__sphinx-10325,assignment-case-v1:84429f015ecb5abef50035f50ba3898afaacaa101013195d4d56bc033d4ccfe2,sphinx-doc/sphinx,73548.068766,0,global_median,125970.234473,False
scikit-learn__scikit-learn-9288,assignment-case-v1:85e2abd9362f6c2da45926a8c246aadd68f7bf7be5685cdac677974956c83a17,scikit-learn/scikit-learn,169725.899741,0,global_median,125970.234473,False
django__django-15375,assignment-case-v1:864a256a48a264622da95f6ca73d18f64cbd452d1c4d4a6ce4980c8fd2e22191,django/django,130572.987066,0,global_median,125970.234473,True
sphinx-doc__sphinx-7738,assignment-case-v1:877b9c0d403fc2964fe818e2e715ecd07d3d00d285ecbdbad5f51004a64d66e9,sphinx-doc/sphinx,100918.365894,0,global_median,125970.234473,True
scikit-learn__scikit-learn-13779,assignment-case-v1:8bab5da177e4115cfdf9633451578ad7689ff0ebba204dabf79e1f9150fae7c1,scikit-learn/scikit-learn,105584.421375,0,global_median,125970.234473,True
sphinx-doc__sphinx-8593,assignment-case-v1:8bcbbfce984308131b6f425bbb4e8ceb09fc37a50194b48e54147475b337b76b,sphinx-doc/sphinx,80701.329714,0,global_median,125970.234473,False
django__django-17029,assignment-case-v1:8fb715bf53ad2417890ed23e6b92567af7ae4da13f08000bc4f62c98d8c64115,django/django,110574.172861,0,global_median,125970.234473,True
django__django-11964,assignment-case-v1:8fec2908bac366037b24d1fea33db30df82b626a9c4be0ad860c07499fd3e22e,django/django,113388.641505,0,global_median,125970.234473,True
scikit-learn__scikit-learn-13439,assignment-case-v1:90f9a21752ccfb61c4cfb131c4ec79bf542dcfaaf469028b0038bed408bbcf7c,scikit-learn/scikit-learn,102956.768485,0,global_median,125970.234473,True
scikit-learn__scikit-learn-13439,assignment-case-v1:919e94f2198b7fb6367f5140cc8a1250da8fe409a16f07096cdc0eec2f91c413,scikit-learn/scikit-learn,79447.602541,0,global_median,125970.234473,False
sympy__sympy-12171,assignment-case-v1:943901d0921d248aff8e6f052ba2f84bc3108f01a25309f1b29341d9b6d8d678,sympy/sympy,165738.150747,0,global_median,125970.234473,True
django__django-17029,assignment-case-v1:96cb64497bd94b199c656fcca8d1513f6da055e944871c3aa802a4313c415ead,django/django,160517.344359,0,global_median,125970.234473,True
sphinx-doc__sphinx-7686,assignment-case-v1:98d47b1902560a216dc54a07fe4faf9e0704a59149c16fc7522dbae0bd84ff4a,sphinx-doc/sphinx,123479.783083,0,global_median,125970.234473,True
sympy__sympy-13798,assignment-case-v1:99b45277091c717395c9258e5fb12aadd835fc48707b981ba368f8bcc3e4cec1,sympy/sympy,133636.690312,0,global_median,125970.234473,True
scikit-learn__scikit-learn-13439,assignment-case-v1:9ab2cf3818992c9a375ae4472b7ddbe8feab01983f6fa66b96ba76127ce5c3ba,scikit-learn/scikit-learn,84065.821291,0,global_median,125970.234473,False
matplotlib__matplotlib-26020,assignment-case-v1:9b49b65290ff3088ad443e95c06c286b186fdf7c5308f47abd318814d658256f,matplotlib/matplotlib,206404.173732,0,global_median,125970.234473,False
sympy__sympy-13852,assignment-case-v1:9c85825fc09251aa965f336b23b574d3c8a56b5e549ffe52ba492a5da88b0168,sympy/sympy,95204.119151,0,global_median,125970.234473,False
sympy__sympy-16106,assignment-case-v1:9d83f27820d374684d50cd56bb063c95d6a55f808c076aced0b4213fb00b073e,sympy/sympy,122312.208187,0,global_median,125970.234473,True
sympy__sympy-17630,assignment-case-v1:9d87fb8e72a9c48321e5bc67910012e9a491929859681ca18ee65613802d82e6,sympy/sympy,140723.439731,0,global_median,125970.234473,True
django__django-13447,assignment-case-v1:9fa5df67c5048c03cb3a6e5f8cb5dfae71c86f78c47ba81c005fcda90b92b109,django/django,125670.120809,0,global_median,125970.234473,True
django__django-11910,assignment-case-v1:a05b9f9f17024d04797c094c4f124d99e21099750d663b8e4dfb1ca28d9e9331,django/django,115279.562791,0,global_median,125970.234473,True
sympy__sympy-13372,assignment-case-v1:a2de6ae5a4781043473cf670edad5b218c070b1f0add3db79f0c43783f59b63f,sympy/sympy,132077.916083,0,global_median,125970.234473,True
astropy__astropy-14369,assignment-case-v1:a62b58b9fbf2939a7a209efba496abdb9a94d5afe5a3c341f3897dae440c3b8e,astropy/astropy,108947.058949,0,global_median,125970.234473,True
sympy__sympy-13480,assignment-case-v1:a7abbeac43a1cc7573a7f9b6bbe8c42a85d154cb4e6f56a576c031472c4b50c3,sympy/sympy,78337.440806,0,global_median,125970.234473,False
django__django-17029,assignment-case-v1:a85f6d7a8adfc13febdeb452d86a6a656c7c8728a0ad68520cfb84525d54d8fc,django/django,134147.16576,0,global_median,125970.234473,True
sphinx-doc__sphinx-9367,assignment-case-v1:a960991b5d822c8f10030c6cd73435c3cba461fb0d0241588412d8ea6b7d8328,sphinx-doc/sphinx,92542.266065,0,global_median,125970.234473,False
matplotlib__matplotlib-20826,assignment-case-v1:ac9a920a818af1f18016f58b01e951d9db0b8974791106a6ccd70cfda6758af9,matplotlib/matplotlib,83955.700574,0,global_median,125970.234473,False
django__django-17029,assignment-case-v1:ae1b4357b048d4562d7b1abdd3ce3719c65141f76cb459918aab66f3d2510769,django/django,116153.767875,0,global_median,125970.234473,True
django__django-15525,assignment-case-v1:ae97d4de9d3623b73a18468434b76e17f407282c49a97fd90a704142eaf6a12c,django/django,118981.418472,0,global_median,125970.234473,True
pallets__flask-5063,assignment-case-v1:ae9aa67d1defdc6a8e2b9e3a2e82dd1d187647c0fbad89e89d73d05494cbf8d9,pallets/flask,136652.022342,0,global_median,125970.234473,True
django__django-14017,assignment-case-v1:b0523f6890f7b6727f43187fbae6f0bab651723d7572cbaaef49266a02ae8b7a,django/django,196468.312032,0,global_median,125970.234473,False
django__django-17029,assignment-case-v1:b778dbeae28aec1d5963469ceda48b4655c05d10f52a9e6f4a4efd5e8d856e28,django/django,142746.967389,0,global_median,125970.234473,True
scikit-learn__scikit-learn-13439,assignment-case-v1:b80dbf74c498d2b38f16c92bd03b0dc3f44c8bcb0de4824a8e229ae6265a5e1a,scikit-learn/scikit-learn,100025.861958,0,global_median,125970.234473,False
django__django-13230,assignment-case-v1:b86837ec5283894c5f3202b1e337b00f62b1564dadaf439f8701fb31b2f70957,django/django,239709.321165,0,global_median,125970.234473,False
pylint-dev__pylint-6528,assignment-case-v1:b920a784dfb64206ec0d95a1ba69b55e9b3eec5845140ab24a1660937c95bf4c,pylint-dev/pylint,125588.163507,0,global_median,125970.234473,True
django__django-12747,assignment-case-v1:b9d6d4b0face4be8f4d574cfd6f1bd68539357dc33fd81e40aac0704cd6d13c0,django/django,127779.836093,0,global_median,125970.234473,True
scikit-learn__scikit-learn-14983,assignment-case-v1:baf26e1b38c4a20abd5d66803105c80ad960cd3144a19ac0aba8445c0f0376d4,scikit-learn/scikit-learn,101535.610046,0,global_median,125970.234473,True
sphinx-doc__sphinx-8475,assignment-case-v1:bcbf671804fb0acf43fbc17ee7ee3bb928866525ef05ec5e34d78a8cfab89d45,sphinx-doc/sphinx,90462.730478,0,global_median,125970.234473,False
sphinx-doc__sphinx-10325,assignment-case-v1:bfc6a79e32941b43d55b55fe4b5f141a88a6a9898d6d209d5a10e6ed00e9a1f5,sphinx-doc/sphinx,141985.552299,0,global_median,125970.234473,True
matplotlib__matplotlib-26011,assignment-case-v1:c03311349bf68a3f046f5fff924dfbba57d9e97f1739fd1433fb971838474d17,matplotlib/matplotlib,148315.535394,0,global_median,125970.234473,True
scikit-learn__scikit-learn-13439,assignment-case-v1:c255f4cfc6de416d8560f03c891bc1990a4a66bd705e1f700dd1efb23dbce25f,scikit-learn/scikit-learn,144003.035063,0,global_median,125970.234473,True
scikit-learn__scikit-learn-25973,assignment-case-v1:c28adc478a94e4edf952ec1c15404e64bc44842b23df3996ac4eb695a20dc7f1,scikit-learn/scikit-learn,96510.103202,0,global_median,125970.234473,False
sympy__sympy-21847,assignment-case-v1:c5c6fe07715b8fdf65cbbd2b13316a247743826363b76bfee0459a40f5a893c5,sympy/sympy,132653.224167,0,global_median,125970.234473,True
django__django-15278,assignment-case-v1:c5f79a37fb9eac8014ea79e28e10668a2d26053dd243e89332abdebd3e478776,django/django,109546.759198,0,global_median,125970.234473,True
sphinx-doc__sphinx-10325,assignment-case-v1:c6347a20a6716a55a8f0a24868122ab12498bed6933725f9e8218e17a98ed8c5,sphinx-doc/sphinx,138624.581639,0,global_median,125970.234473,True
django__django-17029,assignment-case-v1:c95028f358ef7137529f30f3be64a3bdb94169ba83a9504fdc214507c90de951,django/django,91909.500201,0,global_median,125970.234473,False
sympy__sympy-15308,assignment-case-v1:c9c2edce8c29b093645d024452652c05e015adc1b5b5de651683b7a13e5993f5,sympy/sympy,97094.085871,0,global_median,125970.234473,False
scikit-learn__scikit-learn-13439,assignment-case-v1:cec015d633bdc65341abf2b8a74f74c5ce146ad7b6ac9bac04572e50219c357a,scikit-learn/scikit-learn,110567.402515,0,global_median,125970.234473,True
sphinx-doc__sphinx-10325,assignment-case-v1:d0227f9d0260f2dfc9ff81c8fef49d98e23458f70ed61bfc7eb44ff86ce2a9dc,sphinx-doc/sphinx,91517.16481,0,global_median,125970.234473,False
sphinx-doc__sphinx-8269,assignment-case-v1:d0fc01cf5a6b2e341027625ce777a99e6c0fafc9b55d2e31257cca8aec041ab3,sphinx-doc/sphinx,146858.015947,0,global_median,125970.234473,True
sympy__sympy-21627,assignment-case-v1:d1111f01c84c4256a578f7077998abc0f68cf0470bf8a91e81a28ea10855e167,sympy/sympy,125272.959259,0,global_median,125970.234473,True
sympy__sympy-17630,assignment-case-v1:d2d613ef7ca39298b36f1f593756777ef426ca23f5bea42067fce786ada56f70,sympy/sympy,113626.619504,0,global_median,125970.234473,True
sphinx-doc__sphinx-10325,assignment-case-v1:d617c76cf868692569552cd88f489f73dc645b0d6e80d5a1fe61ea3a42015a34,sphinx-doc/sphinx,112767.620129,0,global_median,125970.234473,True
pydata__xarray-6744,assignment-case-v1:d6f9778cbcecdc5fd742e8e4b07100fd6a9ae160ce64b7166562cd59e9ef1c6f,pydata/xarray,235506.764045,0,global_median,125970.234473,False
django__django-15022,assignment-case-v1:d783020466b09626643253a60317612cba4d2a09170a3c615f1d5b2f6981d572,django/django,115111.838553,0,global_median,125970.234473,True
django__django-13768,assignment-case-v1:d8978b66bf9973869e33a80c38024e7aaeb9b01f6a1c4e6fb976eaf3bec28efb,django/django,99550.511362,0,global_median,125970.234473,False
sphinx-doc__sphinx-9367,assignment-case-v1:d9dc66bb71f10ba27774abd221d15e35fc0c8fef30de58ef54af831ae79ec695,sphinx-doc/sphinx,120999.23504,0,global_median,125970.234473,True
django__django-17029,assignment-case-v1:df43b76d7f33997abe354fbbb1dec07c76fb6cd55bd35c12e834225e0fe40e87,django/django,117146.917648,0,global_median,125970.234473,True
matplotlib__matplotlib-22865,assignment-case-v1:e1205a1c3f2d57520402a0e50d5a62e4c6822e2620ded5c6da4c980abf43501d,matplotlib/matplotlib,124414.044018,0,global_median,125970.234473,True
sphinx-doc__sphinx-10325,assignment-case-v1:e1656caa14ec355c8d0581a5384d8b33541a9cd90272fa60fd22c749c02ad163,sphinx-doc/sphinx,115495.503956,0,global_median,125970.234473,True
django__django-13710,assignment-case-v1:e3b0167992e5f5d9e4eb42a20241f768c36b7347ae2a10c1ca54aacb25bf746f,django/django,110731.756968,0,global_median,125970.234473,True
sympy__sympy-21171,assignment-case-v1:e42d731af13d089206387006408d224b38ad2b14d5c7875f24f870fe9dd8c19a,sympy/sympy,99187.091852,0,global_median,125970.234473,False
matplotlib__matplotlib-26466,assignment-case-v1:e4a9167152c2b68620324d2df439ca46d6d4b60f6625fa0dedab555c8fbd53bc,matplotlib/matplotlib,189506.881748,0,global_median,125970.234473,False
astropy__astropy-8707,assignment-case-v1:ea8c504259bb654aaee75bff500d44aa5d2b2edf42ca5d7204644a628d97ba41,astropy/astropy,118753.138639,0,global_median,125970.234473,True
django__django-17029,assignment-case-v1:f2768b0f63fca2b496f26769a82d8de98833fa73998848fea3d3e448b98b4015,django/django,236100.070365,0,global_median,125970.234473,False
matplotlib__matplotlib-22871,assignment-case-v1:f31b735961db4646a1738d97a56c19b8cd3082462a87154701451cae02683eff,matplotlib/matplotlib,260713.411607,0,global_median,125970.234473,False
django__django-17029,assignment-case-v1:f3dcd1b7a96ab8c479ea68643b36d5348f8210e87879abdc295e9e79cfc27010,django/django,107791.673594,0,global_median,125970.234473,True
scikit-learn__scikit-learn-13779,assignment-case-v1:f6823c9d6e998acb9d32732a907a882d092b046b39fdf7ced2de2dd56d1d2a46,scikit-learn/scikit-learn,92567.117468,0,global_median,125970.234473,False
sphinx-doc__sphinx-7440,assignment-case-v1:f6adeed8516729b5df24a97623f6a09c3d2b656b0bcfd51b379e7436d75bfb71,sphinx-doc/sphinx,128139.870163,0,global_median,125970.234473,True
django__django-16100,assignment-case-v1:f6d860570ddf721bde33f6b2bfe64f47c05139e10062b63aec9f202ccd63168d,django/django,109606.93819,0,global_median,125970.234473,True
matplotlib__matplotlib-22719,assignment-case-v1:f6ee9bf57419826e5843b7bca7ff7582d5cca9dc0d9e4096c1c7dc8d8fbb2156,matplotlib/matplotlib,119130.514921,0,global_median,125970.234473,True
sphinx-doc__sphinx-9367,assignment-case-v1:f8183d10ae5d16bc05c1c223ea4d189f0078b5ca8560e98ef03d8c9b9c273734,sphinx-doc/sphinx,113918.055579,0,global_median,125970.234473,True
sympy__sympy-15976,assignment-case-v1:f88056bf8c3cd4ebb7d9b01b938b85f9b6143f7ce03837a34a4b34b3740afe39,sympy/sympy,141894.368077,0,global_median,125970.234473,True
sympy__sympy-13480,assignment-case-v1:f8bfe9483ddbaf970043a4544bcf5a5175b5e06af30be6393205076c2e6aae3b,sympy/sympy,99310.081616,0,global_median,125970.234473,False
django__django-16315,assignment-case-v1:fae1bb6595c1ccd152f8e86163d95674ce38307496629a293e7c4c54be2aa98c,django/django,76876.229941,0,global_median,125970.234473,False
scikit-learn__scikit-learn-13439,assignment-case-v1:fbf1c73638ad7e8757c3d81dbd49b6d7ad27db1a6f55ae52c70f3a7db111cadd,scikit-learn/scikit-learn,109044.744846,0,global_median,125970.234473,True
scikit-learn__scikit-learn-13439,assignment-case-v1:fd32c73bbb957e5dbae3b9de9840b479a0536eb38565fde74d462b971a976ebe,scikit-learn/scikit-learn,126836.884335,0,global_median,125970.234473,True
django__django-14034,assignment-case-v1:fd9d0abb251e65cf87cf808c41400c18147c6e7c07ddc7c59b3e0a87ed1afd99,django/django,122741.798465,0,global_median,125970.234473,True
sphinx-doc__sphinx-7748,assignment-case-v1:ff20778cfb95ac112b512c1867758ace649f2edf608920f96d6c2e14f272c660,sphinx-doc/sphinx,127930.142553,0,global_median,125970.234473,True
sphinx-doc__sphinx-9367,assignment-case-v1:ff5d259f232b48f4c3548aa4e287d17d910ee8106ad411ae5b202243041a20ad,sphinx-doc/sphinx,121290.313857,0,global_median,125970.234473,True
sympy__sympy-13437,assignment-case-v1:05f8e4a4ce4ec70f680215feacba3633096259501825e113c12879fa05123206,sympy/sympy,110749.618115,1,global_median,124452.596539,True
django__django-12453,assignment-case-v1:0605eeb81491a60be905d83b2e841d6c9e29173935db8b006d810f6fd6f54b1e,django/django,135846.166633,1,global_median,124452.596539,True
django__django-11880,assignment-case-v1:084ba187739866edddb86de57de1fe1cf71ee28f6238919f5174be18601605d7,django/django,75970.102274,1,global_median,124452.596539,False
sphinx-doc__sphinx-10435,assignment-case-v1:08943d7db31e523a78353a890f8444802b5c3b37d74dcca0f1ab773f47382a14,sphinx-doc/sphinx,105094.904243,1,global_median,124452.596539,True
django__django-16502,assignment-case-v1:0b20d4189e6a881cb58e8557db2d02e1481c795bc385289eb32ee2e849cd0c56,django/django,140972.145655,1,global_median,124452.596539,True
pylint-dev__pylint-8898,assignment-case-v1:0bea4a7128770a292be6f0ecfbb29e2d2b876fb0898c880e8c136447970f19a3,pylint-dev/pylint,89929.757873,1,global_median,124452.596539,False
sphinx-doc__sphinx-10614,assignment-case-v1:1090236262429d752cfec359076d6b93809e09d21637790a646aa14e56307a96,sphinx-doc/sphinx,132056.744555,1,global_median,124452.596539,True
django__django-16661,assignment-case-v1:152f1e13a3b947069da23e8c1e2236adb9a82f0425ab669d0dfe43b8e0f2d1f5,django/django,198660.202305,1,global_median,124452.596539,False
astropy__astropy-7671,assignment-case-v1:1f0b8f40093557e30913de93fc950d10ed482d52f815c44a3c6d5eafcc71baf3,astropy/astropy,157520.027264,1,global_median,124452.596539,True
sympy__sympy-19637,assignment-case-v1:1f47c129aa7c6b4761e37d886c0bcfab3e4d5c656af513e1743c1eaa82f8e133,sympy/sympy,97478.432574,1,global_median,124452.596539,False
sphinx-doc__sphinx-7454,assignment-case-v1:1fd8a40a954e97a6454657b596ef2f0e939e77f254f0042255bd6f147c45b1f0,sphinx-doc/sphinx,93689.108126,1,global_median,124452.596539,False
sympy__sympy-22005,assignment-case-v1:21b9110eb053494e8b2dea7b697857bae88a34184edc8d69330f4092d9b07a81,sympy/sympy,166088.624845,1,global_median,124452.596539,False
django__django-16041,assignment-case-v1:231a6911087d5778045b5162e469d9d3cf1713a1a3353b516cf7afa3ed8167fc,django/django,207753.075087,1,global_median,124452.596539,False
matplotlib__matplotlib-23562,assignment-case-v1:26941eab78114f062e45e91dfe1a2477de9cfa847e1097c220526a781e7dd53b,matplotlib/matplotlib,98134.562917,1,global_median,124452.596539,False
django__django-16820,assignment-case-v1:270cea183bd3384ad7af01c8103dafb2e5aae9980f0d8e5b159dc40db2228ac8,django/django,114476.63133,1,global_median,124452.596539,True
mwaskom__seaborn-3069,assignment-case-v1:281b8e4c0c9aeb2e2fdfb7be983bb98840acc83334e08c594d6f7ba5ad411633,mwaskom/seaborn,150862.031492,1,global_median,124452.596539,True
pydata__xarray-2905,assignment-case-v1:2ecb59b52654c1db28b576fb6ed9560e59e6865b545f13c505bb442a42e4634d,pydata/xarray,309764.693321,1,global_median,124452.596539,False
django__django-11133,assignment-case-v1:317abfaa934ac7d6b14829b2e095fb64a3c6af32fc70e6e7fcbdf427f1ea4fcd,django/django,96548.425582,1,global_median,124452.596539,False
matplotlib__matplotlib-23562,assignment-case-v1:3192c22e9a7d2909be3d28f66f9fa6ad1881e730d7a802bfdf0b6fec8249f4fd,matplotlib/matplotlib,210954.960531,1,global_median,124452.596539,False
pydata__xarray-3095,assignment-case-v1:322a405574b351f597159d575b4fded09534b21c6c29eeadbd37f4123103edd5,pydata/xarray,119949.419991,1,global_median,124452.596539,True
django__django-13670,assignment-case-v1:3262c265c1ae3987ef526894b9518806e47912c6e8263d0badf6a3db3a8c75d0,django/django,110542.705992,1,global_median,124452.596539,True
sphinx-doc__sphinx-9602,assignment-case-v1:37db7d744c10810854d116b112aecb47f9a1585c9f7f467a843075a9443a3a1a,sphinx-doc/sphinx,123903.02034,1,global_median,124452.596539,True
django__django-17087,assignment-case-v1:3aa1d651668853e2cd6c18003ce50c7f465491ff9ba00855a3367924a6f0f6f9,django/django,170896.972582,1,global_median,124452.596539,False
sphinx-doc__sphinx-11445,assignment-case-v1:3cd63cf010b78d93e18883031e3b0de39b27a76e429df7846c14433abe5fe101,sphinx-doc/sphinx,170827.34995,1,global_median,124452.596539,False
pydata__xarray-6992,assignment-case-v1:4061d59680e830f46689a4d4c8b9383ab162ddb04a932550edfcd248f454ca2f,pydata/xarray,210922.150176,1,global_median,124452.596539,False
sympy__sympy-12489,assignment-case-v1:4260dc8f5a80c7377bc07826a05cbb5fcacc0ada191dc147de9653da82c521d3,sympy/sympy,118940.66169,1,global_median,124452.596539,True
matplotlib__matplotlib-23562,assignment-case-v1:42b268cfbbca801e52b4f37ab3e16e164d1d9bfbd18911ae6e62aebbbbb1c2d1,matplotlib/matplotlib,119443.154106,1,global_median,124452.596539,True
django__django-12419,assignment-case-v1:4525ad0ad258791bcf8de3b0a8a501327d14554f938fc64778b6ceb1334083ba,django/django,101664.493929,1,global_median,124452.596539,True
django__django-16046,assignment-case-v1:45c793dcc7936ca69668559a83a70b21692058cba15c7df1c5f9d55fcd2856dd,django/django,133688.371877,1,global_median,124452.596539,True
django__django-9296,assignment-case-v1:465a32a27e23c8faa4ac97544eb53cac761e79b9faeb1852d923a5dd26614d2e,django/django,92933.852585,1,global_median,124452.596539,False
matplotlib__matplotlib-23562,assignment-case-v1:465de504dee955da0c29ba88b351b0545da6b3472cb344232aaf75c775d058f3,matplotlib/matplotlib,228009.102361,1,global_median,124452.596539,False
matplotlib__matplotlib-23562,assignment-case-v1:476aa67b76b5ef050cbd0a4f14e347a6886ebacd20ad4fa4be3f66caaed84353,matplotlib/matplotlib,139282.481156,1,global_median,124452.596539,True
sympy__sympy-16792,assignment-case-v1:48cc94a9e8db1a52f1bb06e522d267491fb34bdbaa7775e2e86036388421d043,sympy/sympy,106689.622974,1,global_median,124452.596539,True
pytest-dev__pytest-8906,assignment-case-v1:4a8f1cec1a4c6cb15ce029139ce15ad838b7e78c35299a5fb752e4e48822a3f3,pytest-dev/pytest,127246.771095,1,global_median,124452.596539,True
sympy__sympy-17139,assignment-case-v1:50d30918f569736120aee4f860cc173ae91113ff545ba5e89fec85c200ac8a35,sympy/sympy,87490.16745,1,global_median,124452.596539,False
psf__requests-2931,assignment-case-v1:50d56f01076a72705aab6273a5a0c0756fa6d5f36b02e6a436fefcef15e8bac7,psf/requests,78514.166549,1,global_median,124452.596539,False
django__django-14855,assignment-case-v1:5118d3dbc4fd895ad326c917d2f4d908be5f68f816d2b07774568e4ecf33555c,django/django,118945.202048,1,global_median,124452.596539,True
django__django-11583,assignment-case-v1:51c3f2cf64d4bde39c0e4aad9c516e89c7d7ea32195d1c86347aa730f58e691b,django/django,125919.735809,1,global_median,124452.596539,True
django__django-16819,assignment-case-v1:561fe973d39e206c766c53ae77d850874774b82cd9a7534294526ae1b513d35d,django/django,120775.915445,1,global_median,124452.596539,True
sympy__sympy-21614,assignment-case-v1:566e748203c6e180d37592b975f5fbadef6958083af245431d25c51f67430bd4,sympy/sympy,112473.1358,1,global_median,124452.596539,True
django__django-17087,assignment-case-v1:56aeb6075ff9485d5a4b6a19cf22af6e3c281b303c1267292f2505a0c174dc57,django/django,136677.104107,1,global_median,124452.596539,True
psf__requests-2674,assignment-case-v1:574645239572c61a06084afbe3a8a9be574efafadb305a05078e424ef41c28bc,psf/requests,127411.62839,1,global_median,124452.596539,True
scikit-learn__scikit-learn-15535,assignment-case-v1:58d3714862c61484587bd005ebbfabdcf540efadb42ff1e18f9223a843a9f565,scikit-learn/scikit-learn,133756.981947,1,global_median,124452.596539,True
matplotlib__matplotlib-23562,assignment-case-v1:598bb2bf5553700d397ead2ce870355364c4f8231b7639eee0f72c2019eb8f1c,matplotlib/matplotlib,159985.844991,1,global_median,124452.596539,True
django__django-14580,assignment-case-v1:5b375dfc5f3cbfae29bc5fb3e3e844681060c7eb9a7cbdb83d28653ee17cee0d,django/django,131649.025795,1,global_median,124452.596539,True
sympy__sympy-19487,assignment-case-v1:5d4c0ee2b70e5e5709271a61789f5145f96d89af709f81659e56b03d92d8af12,sympy/sympy,128582.427168,1,global_median,124452.596539,True
django__django-11422,assignment-case-v1:5de84268e5ec3f4000dcefb3c2b50dd51d8143799568980c1165bfe774bc6ae7,django/django,126014.181232,1,global_median,124452.596539,True
django__django-12774,assignment-case-v1:5e2f8a79a101d9605e5f970837b21ddb8c97927d73535cba8708eb8830d7810c,django/django,146828.685257,1,global_median,124452.596539,True
pydata__xarray-4629,assignment-case-v1:607e6a8468d56ea61bdcb76ec9e3d7a4ec9b34e4be19318a96804302dea17e23,pydata/xarray,218814.481329,1,global_median,124452.596539,False
sympy__sympy-14317,assignment-case-v1:6361c1f472d9eb1f48f253fd7e6968d3a966adbc7ed02df4b29d96b655aad62c,sympy/sympy,103041.532799,1,global_median,124452.596539,True
django__django-15467,assignment-case-v1:655604436d538bff15739674e9a0c01f57d71b6f12e0e1e8013314d49743489b,django/django,127293.545056,1,global_median,124452.596539,True
django__django-15789,assignment-case-v1:671f7ab8bee84225af33ed758be788b6f56f02d3b2bdebd3055356139a55d743,django/django,110496.830542,1,global_median,124452.596539,True
sympy__sympy-16792,assignment-case-v1:67da2a0809a31ffbc2a84f55268a1f9caeb8f01497d6014094b46e7fef1f019f,sympy/sympy,119950.897132,1,global_median,124452.596539,True
pytest-dev__pytest-11143,assignment-case-v1:68c2a0295dd4fd15f2e525afe07428e6fad89dc8ffdd8e85b5cb0c70825dd9e0,pytest-dev/pytest,137275.233559,1,global_median,124452.596539,True
django__django-16454,assignment-case-v1:699ba410e683bee9c424ba0dd0b6fa3ad20f4e72e9f75abec05ace2204309905,django/django,258995.856212,1,global_median,124452.596539,False
matplotlib__matplotlib-23562,assignment-case-v1:6a678b8051db1d7a4278aab018a4f30a1b3fa202cee085a80d1b57413c390f3a,matplotlib/matplotlib,170431.524352,1,global_median,124452.596539,False
sympy__sympy-13091,assignment-case-v1:6f47a74048cf7e1ad3969ccbbab7da735e0e157a79d2f33dfbf005cec692e2b7,sympy/sympy,94327.998893,1,global_median,124452.596539,False
sympy__sympy-11400,assignment-case-v1:6fca391a1ae20c88afc410322737149a9aaa4b3d5ef665fe20b82cdbd7566e83,sympy/sympy,98892.882283,1,global_median,124452.596539,False
pytest-dev__pytest-5221,assignment-case-v1:71e5dfccdfb62d34bdb61f7b3c43cd50e32e594f5c04b49bfe29ddb0ea093094,pytest-dev/pytest,147617.10302,1,global_median,124452.596539,True
django__django-16631,assignment-case-v1:72138f86695117328feb1f648dff72a3b05416c9aa82f508d715af2353e7321f,django/django,120502.599167,1,global_median,124452.596539,True
psf__requests-863,assignment-case-v1:73709d4c81bf9efa3ad27df6f9c76c7d99e5772d954b143de7002d05b54229d9,psf/requests,131823.217017,1,global_median,124452.596539,True
sympy__sympy-17139,assignment-case-v1:751f2ce14ba414d86d57d18dc58c29ad822fe1b48959dbc7ee1d5c731517c389,sympy/sympy,85485.495931,1,global_median,124452.596539,False
matplotlib__matplotlib-23562,assignment-case-v1:754d36daccfb28d1e7144059ccabe57bfd7b04cf7915759b6b7e3ae677e25306,matplotlib/matplotlib,111940.274411,1,global_median,124452.596539,True
scikit-learn__scikit-learn-10508,assignment-case-v1:7b0fd653d6efc58a8a6a41d8572839c8f0d2b7e2eb86b54f97f789fcaefb300f,scikit-learn/scikit-learn,156685.21341,1,global_median,124452.596539,True
astropy__astropy-13579,assignment-case-v1:7c03ea9d98aab1f10d26faeb80cd5bed0d8cef9d760e52bfd787de72f88d873b,astropy/astropy,1099796.57475,1,global_median,124452.596539,False
matplotlib__matplotlib-23562,assignment-case-v1:7de36729e82d6fcd3c7a51a17372a3f41293c46c82410cdf93391fbef647e331,matplotlib/matplotlib,161951.445348,1,global_median,124452.596539,True
django__django-15498,assignment-case-v1:810d4c05bacc24cf10d172fbdc02e5c271273e2ceb5993c13fa2640e839a5164,django/django,239558.475353,1,global_median,124452.596539,False
django__django-15103,assignment-case-v1:8473ef81f2d455f5d8c5eb5d52c83e3732e83768a0b56395142f9049f41d07ee,django/django,156191.456906,1,global_median,124452.596539,True
pallets__flask-4045,assignment-case-v1:8677ab341c3f62770459dabacbe96e5f22e910d7d0b1ba3344f17bc3df13ae2b,pallets/flask,130138.912887,1,global_median,124452.596539,True
django__django-11119,assignment-case-v1:8682b33e2a49a0927941e5b392c6102477695401f4edf383176a2e34e77be0c3,django/django,194044.918137,1,global_median,124452.596539,False
sphinx-doc__sphinx-10673,assignment-case-v1:8795925182f26f46eb1dad480fe870f8bc5db7118257d817937edf84e1c66192,sphinx-doc/sphinx,118011.297018,1,global_median,124452.596539,True
psf__requests-2317,assignment-case-v1:889922001e480be910f19319983931574f3984c1fab8488135a1ebbd44a80827,psf/requests,146951.135372,1,global_median,124452.596539,True
psf__requests-2317,assignment-case-v1:8a34f41965ad59319dd89bc1a3bf424a95a7a2bdf1bdf5b30feffd61eefde93f,psf/requests,135356.743454,1,global_median,124452.596539,True
sympy__sympy-20590,assignment-case-v1:8aa37389cd107ab359726576ded9f32bd6ec163ac842ffa050c08c0d2ad5d7dc,sympy/sympy,88646.776687,1,global_median,124452.596539,False
pytest-dev__pytest-7220,assignment-case-v1:927205c696a7dff3f7fc8449cb0554333ac0e6f92dc2cf49227227ede37d0bff,pytest-dev/pytest,116041.575642,1,global_median,124452.596539,True
sympy__sympy-16281,assignment-case-v1:95252b3a0a8abeb81dba981984c0a4aec2931f77ce9a9009dccb2c7b55eabcdc,sympy/sympy,98698.044491,1,global_median,124452.596539,False
django__django-13590,assignment-case-v1:96fb5ee7c787b49d5572c8b0332c3cc83b2f280c8ff99aeb094a5dca7a5536cf,django/django,147211.920993,1,global_median,124452.596539,True
matplotlib__matplotlib-23562,assignment-case-v1:986ef507e2864ce5e743aaf3cc342a35ff667392bcdf7dc8b2971140bf50d3ba,matplotlib/matplotlib,133820.680873,1,global_median,124452.596539,True
django__django-12184,assignment-case-v1:9878ff73064041c21bfa6d2cd06f5edce8ec6d671c438f642a597fef45fdef49,django/django,207344.23321,1,global_median,124452.596539,False
scikit-learn__scikit-learn-10844,assignment-case-v1:99412d1cc01684be4f4f9a08ed2a89d68498daa5f56dc08b95794690487bfeab,scikit-learn/scikit-learn,186168.993175,1,global_median,124452.596539,False
django__django-11133,assignment-case-v1:9be7092907ca6e3c6223f485ecc665b4f91fdfa09db816f363ff9f62d3d79dc1,django/django,124499.549,1,global_median,124452.596539,True
sphinx-doc__sphinx-11445,assignment-case-v1:9c2319368488fb22e134ad56bf4251db4833874652e10c33830290de56114c7c,sphinx-doc/sphinx,119809.349432,1,global_median,124452.596539,True
django__django-14016,assignment-case-v1:9d4ac70960361969e863aecac5c626ee4a1427e4ce51a9a091dc400dae778a6e,django/django,132743.235585,1,global_median,124452.596539,True
django__django-11283,assignment-case-v1:9dcbb952742546e33ff60dc46ee9816b0d6c4ddbe5f3ac27baf76fb909e0ceb4,django/django,146012.98323,1,global_median,124452.596539,True
sphinx-doc__sphinx-8265,assignment-case-v1:a0d9511e507485d6bbcc800638381a860e4c4697d25ea5f0df6df71c9bd1deeb,sphinx-doc/sphinx,135803.321323,1,global_median,124452.596539,True
django__django-13809,assignment-case-v1:a379fb19094654d48166eca93b10479ba8d0508d9fcdb0f45b7242fbf7044867,django/django,107993.447652,1,global_median,124452.596539,True
django__django-16082,assignment-case-v1:a385cd29da6fc2f2a339f4edd4e88296cc26bf33091828dc692b3b574b9bdd53,django/django,106922.307464,1,global_median,124452.596539,True
matplotlib__matplotlib-23562,assignment-case-v1:a5062d2d2cc54541effa1dc9d5a79005fe003b4c6f686f517d6143afa6e68ba7,matplotlib/matplotlib,224702.276184,1,global_median,124452.596539,False
sphinx-doc__sphinx-8548,assignment-case-v1:ab6cf0a4ffc72a0c2b38d34c74386005452058fa7660e14d88ca57c25178f463,sphinx-doc/sphinx,92444.507509,1,global_median,124452.596539,False
django__django-12325,assignment-case-v1:abeaba8669176c0e47d183bf15e7cc23d7079d41d51e58501138af3158120e02,django/django,117801.319253,1,global_median,124452.596539,True
sphinx-doc__sphinx-7590,assignment-case-v1:ae6ac27aeb8f3691dbef6ab5f2023cb36529c0a76dcaba0940a86ba4bee58540,sphinx-doc/sphinx,73772.061345,1,global_median,124452.596539,False
mwaskom__seaborn-2848,assignment-case-v1:b00a2507ec22972ead4c01a0d482f597c5b4d18d921bf357ae2fbdb93d026188,mwaskom/seaborn,110963.043702,1,global_median,124452.596539,True
sympy__sympy-22080,assignment-case-v1:b179feb16e4c889012c4f3a3150d14e4421d5fb33a441b766d4b3e3cb0536a6b,sympy/sympy,143085.318986,1,global_median,124452.596539,True
django__django-14170,assignment-case-v1:b4cc6b40c69ce89ef4ba4c92f81865fbc537b96bbea2d0798daf110062eb5027,django/django,1197995.998757,1,global_median,124452.596539,False
sympy__sympy-20590,assignment-case-v1:b707616474edeb5d174670ecc3a9464d48e7e0b303c0cb0a3d9cab9a3a830119,sympy/sympy,87183.626607,1,global_median,124452.596539,False
django__django-14580,assignment-case-v1:b87f3af1c7b25145a4f06e4603f855d45d1b72ff828f7346c6834b9bb0b96661,django/django,142615.372833,1,global_median,124452.596539,True
sympy__sympy-15011,assignment-case-v1:b96490a974c4858e476ef9c2c97d424c98b8bec3c194615d628d5815d567945c,sympy/sympy,118916.390513,1,global_median,124452.596539,True
scikit-learn__scikit-learn-11281,assignment-case-v1:bed99fcfda30418ee500bcc1031f45768610c99eb3a7e1de4eda43b4665126b9,scikit-learn/scikit-learn,131240.388755,1,global_median,124452.596539,True
django__django-11211,assignment-case-v1:c51912d3527c45567c4c459c6372da125a58255767c558f576f1a5b8e9f5abeb,django/django,171538.650364,1,global_median,124452.596539,False
matplotlib__matplotlib-22711,assignment-case-v1:c67fa97aefbaff8cf87ec8c1b534a7baa3eeb5824ab4f450e15c0392aac7b485,matplotlib/matplotlib,297999.41505,1,global_median,124452.596539,False
django__django-16612,assignment-case-v1:c6848279d80395a33f16471afe905fe85ae756c28651cee34271bd373e0f899e,django/django,119032.537201,1,global_median,124452.596539,True
django__django-11749,assignment-case-v1:c879e38063fc4ce5013d5d8cff90778b200b77b824dbb3784c7951c8ae08f357,django/django,140412.52057,1,global_median,124452.596539,True
pylint-dev__pylint-6386,assignment-case-v1:cdaa91098480edd5c3f9a1976f75a8e9af8a82a651ba659eba1c6c54a6bdd89b,pylint-dev/pylint,120685.254678,1,global_median,124452.596539,True
django__django-11276,assignment-case-v1:ce9e78ecc92997532b4f5f2a075faf3f6d5e5c68088ab1af0162cae7e99cd9d6,django/django,107734.393653,1,global_median,124452.596539,True
pallets__flask-5014,assignment-case-v1:cfb94c6f6062221eb6ec5936b27188481159f883ecec7ac2abc449b2f1aa9919,pallets/flask,122780.391945,1,global_median,124452.596539,True
sympy__sympy-14308,assignment-case-v1:d01080a3e570f12e4c4bdb7f3050e24161003d3fd7ac9a820746c3e169a6be07,sympy/sympy,108266.133172,1,global_median,124452.596539,True
django__django-14855,assignment-case-v1:d3fa0b32aa4979b256b2320aaf006d557d7539ba1087aa9aa1783f37b15f0958,django/django,91195.560918,1,global_median,124452.596539,False
matplotlib__matplotlib-23562,assignment-case-v1:dafdc96407cc637299157ea59d93e09e4097f4e5a4d9a7a196beb47722a0b422,matplotlib/matplotlib,60194.540819,1,global_median,124452.596539,False
matplotlib__matplotlib-20859,assignment-case-v1:db05a7145305e9bcca80dc574a54b5a5254ad96972602b291050a8c3f69b9b90,matplotlib/matplotlib,297689.966078,1,global_median,124452.596539,False
django__django-13590,assignment-case-v1:dd907f99a8cf73339d001a0d9a632dba07c80bb42f03d51e3a618548ff882dfb,django/django,189574.220707,1,global_median,124452.596539,False
matplotlib__matplotlib-23562,assignment-case-v1:e1fccfb4b9b830a81ba6a6c5cd4658dc0e8d28a34307191651d32d01fdbd1736,matplotlib/matplotlib,103246.5903,1,global_median,124452.596539,True
matplotlib__matplotlib-23964,assignment-case-v1:e52c33cdd2fc7d9437665fbd3be037109f246c47519e9cd1c34b953adb4feee7,matplotlib/matplotlib,204148.664258,1,global_median,124452.596539,False
sympy__sympy-13773,assignment-case-v1:e6cbd6e25fbb8593a31b77dae2bcfa6866664ed1f610d084c6642104a6b1e056,sympy/sympy,121268.4527,1,global_median,124452.596539,True
django__django-11532,assignment-case-v1:efc5abf77617ac555f376e03a2b97eb1bb3a2eaf9efbe0be15ddefc93dad913a,django/django,121962.44297,1,global_median,124452.596539,True
django__django-13448,assignment-case-v1:f0c78f0a748bdbb2074f7301a89208ebb7b54c119f6ed4280de5d2fb305b6799,django/django,147697.44727,1,global_median,124452.596539,True
django__django-14315,assignment-case-v1:fcc7c11647d5296d8748d52c7fea5c956b0b0f6b71a5bf362901ee328c528bf2,django/django,169537.793997,1,global_median,124452.596539,False
scikit-learn__scikit-learn-25232,assignment-case-v1:003fb85dfbc99179e5ea2986e1ca936c6dfa5dea71d2405a1bdc9ed2cdfb75c9,scikit-learn/scikit-learn,208202.901016,2,global_median,125168.74167399999,False
django__django-11740,assignment-case-v1:04201a5dcfa4bdb6e47e9f64be40158628b25facb8c2c45736ef1f1aecfef788,django/django,151540.73886,2,global_median,125168.74167399999,True
sympy__sympy-22456,assignment-case-v1:0434cd87f6248e9c413967773d95361bee2c8231587ad9c0443c3059ffaa2499,sympy/sympy,96088.705003,2,global_median,125168.74167399999,False
scikit-learn__scikit-learn-13496,assignment-case-v1:080b2f5fd68e2c8eba6916f5b9eb307f2a4810fefd8eb1f6f6d10dbf2de35691,scikit-learn/scikit-learn,151996.762559,2,global_median,125168.74167399999,True
scikit-learn__scikit-learn-14710,assignment-case-v1:082180b0384bd99692b93cde8dacfd8073c91d650c18efc51ac0de1c9899fd82,scikit-learn/scikit-learn,289835.961999,2,global_median,125168.74167399999,False
django__django-11728,assignment-case-v1:0aaa78b08576a16853e928f18e8b8b18f89edd7fe4a09404b50f9030ded740e4,django/django,134620.786253,2,global_median,125168.74167399999,True
pydata__xarray-4493,assignment-case-v1:1124d315f579e1da3095e8127b8d15731129517b70a290b51182944a87f20c54,pydata/xarray,92437.390398,2,global_median,125168.74167399999,False
django__django-15252,assignment-case-v1:13283defa996e245d684fe27322ffe18294f66aabc91a78fce036cbdb5c96d23,django/django,136802.094523,2,global_median,125168.74167399999,True
astropy__astropy-13453,assignment-case-v1:13d1ccc9ab2d5ecc54f5ed78148f741c52fe7afd4a4648e909f3d7426ad09db7,astropy/astropy,89291.293344,2,global_median,125168.74167399999,False
django__django-13265,assignment-case-v1:142cac08530619701eebd9e6b0146062b67c8860a48ebedf0c77a53aeef1fedb,django/django,122244.817508,2,global_median,125168.74167399999,True
sympy__sympy-18057,assignment-case-v1:15ebf286f4d547e6b3c6197827ecd887d81eabbc3f6a8e8b583a139c8f9b11c3,sympy/sympy,135822.462573,2,global_median,125168.74167399999,True
sympy__sympy-14817,assignment-case-v1:16ce165dc4361e26ff9fafb1f1f54afbe38792d67d420a1ce182d64e1f4fa837,sympy/sympy,116935.827472,2,global_median,125168.74167399999,True
astropy__astropy-6938,assignment-case-v1:16d4b3b193caa5640f1c381827015a5e02cc82eb83f8bd3ba10a1f03b1d33f05,astropy/astropy,121077.636072,2,global_median,125168.74167399999,True
pylint-dev__pylint-6903,assignment-case-v1:16f1ebd6befc7630a235b427aabbbb05766f2d500cef05b02a82afedcb47db04,pylint-dev/pylint,207052.543566,2,global_median,125168.74167399999,False
astropy__astropy-6938,assignment-case-v1:1737cba7805b150488b9b0d2bd4447d5008eaea7e25678219526f41330064da2,astropy/astropy,149027.619259,2,global_median,125168.74167399999,True
django__django-15781,assignment-case-v1:17caa950d302b1a75e830e1b98fd4340432a7447a23caf5a255785bab5423541,django/django,152435.634415,2,global_median,125168.74167399999,True
astropy__astropy-14182,assignment-case-v1:18310e941156a26dc0c031ece89fd988d1d2128e7a3c68c1d03868a32cb78252,astropy/astropy,200686.252675,2,global_median,125168.74167399999,False
astropy__astropy-7336,assignment-case-v1:1988d9b0b91cf337f08091282119e2856033a4c8c80d9364d4aa1d5cb52dd5e9,astropy/astropy,84059.049304,2,global_median,125168.74167399999,False
matplotlib__matplotlib-25442,assignment-case-v1:19d279b0bbfb7a0b2c8c9625ee62215ead7c1ce285fddab53afea72495e9e102,matplotlib/matplotlib,295502.153224,2,global_median,125168.74167399999,False
django__django-11333,assignment-case-v1:1b72a394ddb0a6f18b8ad02027dd72fff19b4b21004df2cb4beb304d92175216,django/django,168375.848725,2,global_median,125168.74167399999,False
sympy__sympy-14531,assignment-case-v1:1b82df1ede39f6db92d7a4074780a92a51d89223067c28091c3ea1d3f22f0127,sympy/sympy,117486.602667,2,global_median,125168.74167399999,True
scikit-learn__scikit-learn-13328,assignment-case-v1:1d83b4e414d6d1d4b31602ea6a513e2e820b159220d5263f2b32fc697ed21695,scikit-learn/scikit-learn,102541.38222,2,global_median,125168.74167399999,True
matplotlib__matplotlib-23987,assignment-case-v1:1f590e3bf53108fcf6c9936a45fd5c598975fbb638c89fcc1f6ed08547cea96a,matplotlib/matplotlib,294738.872084,2,global_median,125168.74167399999,False
scikit-learn__scikit-learn-14496,assignment-case-v1:1fe20105c9e6ff40b755c01bf9bbacd123c2653ff085a894eb9a6aede2ba0b80,scikit-learn/scikit-learn,245928.106941,2,global_median,125168.74167399999,False
django__django-12497,assignment-case-v1:20caa91d66fe2d4aca12449e7a165200d0a392c65c81f0be0358359cf0ae8b09,django/django,95103.628292,2,global_median,125168.74167399999,False
django__django-11206,assignment-case-v1:218a0e9f763396fd4bd446fc71d9a849b3f1443f81a1774981d8ed34af32d34f,django/django,131895.738631,2,global_median,125168.74167399999,True
django__django-11734,assignment-case-v1:2401919891426c6b8e18b5f25c6123c91e544ba8be5dfd2dbc56b02897c7278b,django/django,96306.065899,2,global_median,125168.74167399999,False
scikit-learn__scikit-learn-10908,assignment-case-v1:2467dc9f403e46a9be65fe89de8ba2f68d726b7f04b690a112352b1466590dc3,scikit-learn/scikit-learn,141533.072712,2,global_median,125168.74167399999,True
pydata__xarray-6461,assignment-case-v1:25525711011bec866556c928bd6fb0edd76e940ac8edeca1d2380bf0c97583bf,pydata/xarray,249765.437654,2,global_median,125168.74167399999,False
pydata__xarray-6599,assignment-case-v1:2950f666cb7a139c16501b19eb91794232dd0a922ee3b780c7a17ed25b3f06d9,pydata/xarray,208773.590624,2,global_median,125168.74167399999,False
django__django-13568,assignment-case-v1:299f5b349ed2688f7b86dde25429732c93ad88b06169811dd57d420011851ccd,django/django,122522.296905,2,global_median,125168.74167399999,True
sphinx-doc__sphinx-7985,assignment-case-v1:2d6d52e374d50e5e39277319e8511919d4b15386ab69635a9209255c0c44088a,sphinx-doc/sphinx,117457.950625,2,global_median,125168.74167399999,True
sympy__sympy-18199,assignment-case-v1:2e6a3248337a8ba540f707e6443c6501cc36c71a233915a4d52d9f8e49326ec6,sympy/sympy,132592.577243,2,global_median,125168.74167399999,True
astropy__astropy-6938,assignment-case-v1:2efe4da1539214e304d99f425d701d47f19a496a4aaf5afcb4baf6cb07d2af52,astropy/astropy,125149.266601,2,global_median,125168.74167399999,True
django__django-13741,assignment-case-v1:30e8fa631c3cb9d7b95636edaa1bbd028533c63f1f74d7b2f62508cbf5f22ef5,django/django,135272.198259,2,global_median,125168.74167399999,True
astropy__astropy-13033,assignment-case-v1:30ea826b7e4e384d18c54c6a5bca18b15b9030ae78926033d8840a8c07218346,astropy/astropy,142895.477679,2,global_median,125168.74167399999,True
django__django-13568,assignment-case-v1:311dbced573df9c69c434e6448a4dc342d00a6d463666a892e643cbfd0477208,django/django,127128.461781,2,global_median,125168.74167399999,True
astropy__astropy-6938,assignment-case-v1:34551bff63d31af1a74181a4f7036bc4b16bda2551d4df10ec515fd4af1e5e81,astropy/astropy,162707.920988,2,global_median,125168.74167399999,True
pydata__xarray-4493,assignment-case-v1:37d7bea5aaae9ad77aa346d845d6aeb458fa773d17039fdf98d6f88abf47b6de,pydata/xarray,131521.851672,2,global_median,125168.74167399999,True
pytest-dev__pytest-7205,assignment-case-v1:382f671003fe29de8bc4cdbd1c6288fc2fc849192222dce1996e9d38f0ecfa37,pytest-dev/pytest,150719.69156,2,global_median,125168.74167399999,True
django__django-16255,assignment-case-v1:3916be77a777185f34d8a16866ff7b79a0ac221d3c15e63f74831dfcca6e7f59,django/django,131102.885995,2,global_median,125168.74167399999,True
sympy__sympy-18211,assignment-case-v1:3980fdd708f3897f5befa98467ac8d19dbfd0a7b9c6e8ff1396c2faeed5d8416,sympy/sympy,81973.364231,2,global_median,125168.74167399999,False
sympy__sympy-13895,assignment-case-v1:399be48cfa2f15301c6d2e0908305971a3717d87981c8d37938af99958dd17e1,sympy/sympy,122082.076527,2,global_median,125168.74167399999,True
pydata__xarray-4493,assignment-case-v1:39fde18644d1d4b408cadc2e12d01dcb6896e330d6c9e1786001080f7af02277,pydata/xarray,106362.250188,2,global_median,125168.74167399999,True
django__django-13568,assignment-case-v1:3bca505877993d6eb7d8f7859690a37bc588c2095046e5b3b5c21740385866bf,django/django,97958.238062,2,global_median,125168.74167399999,False
pydata__xarray-4687,assignment-case-v1:3e7acb7eed45c576210d95e7a2cd118708910ef3546a7993501f379c26acda84,pydata/xarray,108098.701628,2,global_median,125168.74167399999,True
sympy__sympy-22914,assignment-case-v1:40088aaee02f085091c494f33195a03759510b3b341ae4be97f04b383894a192,sympy/sympy,79566.526654,2,global_median,125168.74167399999,False
matplotlib__matplotlib-24177,assignment-case-v1:42c494bd24d801fbb6789c138a0f8583b9611702473c7206166578c9cc470e73,matplotlib/matplotlib,164913.841361,2,global_median,125168.74167399999,True
django__django-13925,assignment-case-v1:446fd632424ba366d80f2c4d59cd61686e8fa57c762effb355c8545a066754fa,django/django,128767.609811,2,global_median,125168.74167399999,True
sympy__sympy-17655,assignment-case-v1:454648abe973bab25b771f1e52bf5ba06b0452d0c339ba937ba23dfd56ace999,sympy/sympy,119467.597868,2,global_median,125168.74167399999,True
django__django-11630,assignment-case-v1:457ccc6de9ad79bb8012dd029a2e32d595fe4ec1c3f59914ec326c5427da882d,django/django,175511.275837,2,global_median,125168.74167399999,False
django__django-14140,assignment-case-v1:465d3558f27172c75f16926d3422e415389cbf9a0ddd94d3976dd7996649a7b9,django/django,127468.524009,2,global_median,125168.74167399999,True
pydata__xarray-4493,assignment-case-v1:47565c112de6dc803cff11b34da13553eb0ed50dcd1e46e0b653ad9238a48291,pydata/xarray,105753.705464,2,global_median,125168.74167399999,True
sympy__sympy-22456,assignment-case-v1:49be8faf079d7bc759d012c238ec63d60d156f2b71c863da4ec2c5b7f710be35,sympy/sympy,89287.083865,2,global_median,125168.74167399999,False
pylint-dev__pylint-4551,assignment-case-v1:49eaed15e36d369ba42d5b2da39b2c152a537d7ae6aba1e258ab81201269559a,pylint-dev/pylint,128634.14477,2,global_median,125168.74167399999,True
mwaskom__seaborn-3010,assignment-case-v1:4b083fba8cd9dd3f75b3d0fbbfdacee8cf2da940d37577f71a024ed81a5e660f,mwaskom/seaborn,191199.845217,2,global_median,125168.74167399999,False
django__django-15561,assignment-case-v1:4c2f7906f985ff690e4fc13336ef2d9c6637822b3cf68dcbfa59d68265ff7b15,django/django,141719.072106,2,global_median,125168.74167399999,True
django__django-14787,assignment-case-v1:4c4f725a7173e7d5b8c18e6d1c201bd7e44258e199970abbe37b86ecc25c8b2a,django/django,148611.178823,2,global_median,125168.74167399999,True
astropy__astropy-6938,assignment-case-v1:4c96582ea460b994f28fd0840ac327935090654656b3b9e0924233a1cde3edc9,astropy/astropy,124126.141712,2,global_median,125168.74167399999,True
django__django-12308,assignment-case-v1:4d47c7bf73d2f97cdf0de934aea1af1e275452222fb34372c146d68403c4a8c1,django/django,108312.520382,2,global_median,125168.74167399999,True
django__django-15499,assignment-case-v1:4e42151cf3975c50edaba183aacedbb6d2b662252cc350ded7f531e42c6be978,django/django,126040.609132,2,global_median,125168.74167399999,True
pydata__xarray-3993,assignment-case-v1:4f3f9a7772c58155821b55639548c2fa2d98afae67267ee232d3ce43a4f16ff0,pydata/xarray,121560.135377,2,global_median,125168.74167399999,True
django__django-15738,assignment-case-v1:53bb65871c0b28727bc3a86d235dd77ceea7ccae2e496c4e5ad20e397efb4415,django/django,165443.365098,2,global_median,125168.74167399999,True
sympy__sympy-22456,assignment-case-v1:549c91eb8315e99667ee77077282fed8018187393a033164a8f9f7282a544c95,sympy/sympy,125912.978538,2,global_median,125168.74167399999,True
django__django-13568,assignment-case-v1:5537318af6e91695c02b6decf8f5a511ae2a0df6fd4457c4e417979ddab350d0,django/django,127817.410785,2,global_median,125168.74167399999,True
scikit-learn__scikit-learn-13142,assignment-case-v1:5a9e1703d1f654a894bacbc5182174904d51bba8ad8550a64d92a84aa2fd62e2,scikit-learn/scikit-learn,124633.184828,2,global_median,125168.74167399999,True
django__django-15098,assignment-case-v1:5ae1be7f68d7dc9579a8cbcf285d48e393225969102a72310093227bfa9a834f,django/django,91561.93899,2,global_median,125168.74167399999,False
django__django-16139,assignment-case-v1:5c14219541f8296d1e0671dd86b43d449488925d6f1cf8a9c3f7c1942bb30f05,django/django,93562.675638,2,global_median,125168.74167399999,False
django__django-13568,assignment-case-v1:5c3d240f1bb8ff23dba6b312ebcc4b1c0ea72cb019dec7f59948926f276e2b84,django/django,118060.563419,2,global_median,125168.74167399999,True
sympy__sympy-16450,assignment-case-v1:5db23e43d36ba267b068c87f7a71bdbff6262e5ed56ea9b4a607cd69e4b40476,sympy/sympy,103728.679343,2,global_median,125168.74167399999,True
django__django-13925,assignment-case-v1:5e457c11c3bb9a945747cd925b465060768666501a2cde914a46658ade92fd77,django/django,104124.814246,2,global_median,125168.74167399999,True
sympy__sympy-17655,assignment-case-v1:5e7dcac8f2047b5f3037aee1467a96facdc79350cf84aaa5bca9650288b0bf37,sympy/sympy,149381.984881,2,global_median,125168.74167399999,True
pylint-dev__pylint-5859,assignment-case-v1:60accdfaf6789e4f698fc2fdac46bf58b4c049c46b65a014c20cb7148c24734e,pylint-dev/pylint,156576.884365,2,global_median,125168.74167399999,True
scikit-learn__scikit-learn-25638,assignment-case-v1:668150bc46c2f8e2ac4f8a3c53427dc5eaddfc95f377022aa288102cb8c9c6cd,scikit-learn/scikit-learn,157043.916716,2,global_median,125168.74167399999,True
pytest-dev__pytest-7571,assignment-case-v1:688b982a4a6c5848ae1bfdac9a3e5d2ed58a37d74201e4da95a0f3cb76dc2e44,pytest-dev/pytest,146344.047745,2,global_median,125168.74167399999,True
sphinx-doc__sphinx-8627,assignment-case-v1:68a62dbb984335b3bb6f4f920945d27c5289c14888b83b2cf93ce416e47720df,sphinx-doc/sphinx,135250.49296,2,global_median,125168.74167399999,True
django__django-12304,assignment-case-v1:6a31ab633c7322a10bdc867ae475dc09e8df19d6f1e1abe288d89b554cbc1ea0,django/django,156953.716266,2,global_median,125168.74167399999,True
sympy__sympy-22456,assignment-case-v1:6a3be302569fd364281e205bb9f8d0da7c55cdd453433ce9033464af88c10dfd,sympy/sympy,88186.063588,2,global_median,125168.74167399999,False
pydata__xarray-4493,assignment-case-v1:6ac5ec167c205e5cab367eceafd1f82bc2d7b9736b8556e1bab961c226019dad,pydata/xarray,95158.11497,2,global_median,125168.74167399999,False
astropy__astropy-6938,assignment-case-v1:6c61bb8347725605226a8c35f78e5e6aeb14e7d369d11791c7e981c63c6f5c8b,astropy/astropy,93281.662831,2,global_median,125168.74167399999,False
sympy__sympy-22456,assignment-case-v1:6d95506676e4a041ded9bf0de18fd28ba3d198561d05dc7afcfaecd40a6f9e27,sympy/sympy,94027.435397,2,global_median,125168.74167399999,False
pydata__xarray-4493,assignment-case-v1:6f52eb98afd78ac2f762b7e6def8a54a840e0758c71e393cdd165e1b08d7b251,pydata/xarray,57898.185043,2,global_median,125168.74167399999,False
astropy__astropy-6938,assignment-case-v1:724da2b59948e411bd787005d73cc43039d495d52d03bcc5944455804c35c95a,astropy/astropy,228613.31327,2,global_median,125168.74167399999,False
django__django-15629,assignment-case-v1:727a6819557867f793a8766a8aa3d649d889d1d02245ada81636cf4f4ace02e8,django/django,96641.722344,2,global_median,125168.74167399999,False
sphinx-doc__sphinx-9281,assignment-case-v1:72ddadd96242d4e3e6e6629904266a033fae1eb359410313a26ff3a66dacf13e,sphinx-doc/sphinx,92663.963721,2,global_median,125168.74167399999,False
django__django-13568,assignment-case-v1:74f051bcbfef63e1589eae0d157bcc1d086d45d15dcc6dccc91a29ff8ecb9ba8,django/django,121145.021056,2,global_median,125168.74167399999,True
matplotlib__matplotlib-25332,assignment-case-v1:78dfd845f9ab6df5e4c351011de700c65497afe87d8348370b41bbb1066da066,matplotlib/matplotlib,136028.326364,2,global_median,125168.74167399999,True
django__django-13568,assignment-case-v1:7a8b0ae526e799cdc918901f093ec0399ee66f831ac6c955e01af4b31d847ebb,django/django,112894.15653,2,global_median,125168.74167399999,True
django__django-13568,assignment-case-v1:7c15611096a9b9205aa24f487bce0aff40a4b51632a2b50aa0753d3e7d6772e2,django/django,82561.306898,2,global_median,125168.74167399999,False
django__django-13109,assignment-case-v1:8138f5ea96be022e3455871d828a7e86854214ed72a88e88c5143229eff164fc,django/django,175620.361988,2,global_median,125168.74167399999,False
sympy__sympy-20916,assignment-case-v1:829dc8f59edb08b21e3941770285f542faadcddd490b228b1b41bd1537501797,sympy/sympy,123351.162461,2,global_median,125168.74167399999,True
django__django-11299,assignment-case-v1:84b8daeba802044ab5f53e985859a8323f6a3e5cd57d105ab13a257df1a0ad68,django/django,93903.157627,2,global_median,125168.74167399999,False
sphinx-doc__sphinx-8801,assignment-case-v1:86d0f5c624bbc9511f2eac52f3343b06dd6dccc2fda42897fc0d3aadc9f2cb46,sphinx-doc/sphinx,121964.371015,2,global_median,125168.74167399999,True
sympy__sympy-22456,assignment-case-v1:86fee15cbdfe22953b45508be8bd5b64d4c68c924eceac21ac6bc04a9f5807d5,sympy/sympy,97030.049381,2,global_median,125168.74167399999,False
astropy__astropy-6938,assignment-case-v1:8b064238a30e4ed9b5236fe44f1fd2f1c4c80e2758d4fbfdc6f13bb164714674,astropy/astropy,83489.931364,2,global_median,125168.74167399999,False
django__django-16560,assignment-case-v1:8bc01be0419434eb60219fb9022a6bfbb7b0fbe894db0948ac6fe248cdbbf427,django/django,135567.898989,2,global_median,125168.74167399999,True
sympy__sympy-18199,assignment-case-v1:8e156cd9adfb31f4fcc81761c427c1ff5fa471ea94ec6ca56fd297e6c82389fa,sympy/sympy,131815.844301,2,global_median,125168.74167399999,True
astropy__astropy-6938,assignment-case-v1:8ee166bfc94dc7702f9fa3ca825115981a10165d4459f0240706f890962bbd54,astropy/astropy,229163.367982,2,global_median,125168.74167399999,False
django__django-13568,assignment-case-v1:90a42d2fdfe010943a1c5fb5f05e9b7ee8625ddd60a0832a08fa7b874d76bf2b,django/django,137225.437125,2,global_median,125168.74167399999,True
django__django-16493,assignment-case-v1:94c4627af89c1e44c029c232e56b9831b88f1c8d890d0c211fbeebbbceb9e7fc,django/django,233528.441052,2,global_median,125168.74167399999,False
pydata__xarray-3677,assignment-case-v1:968a067984affe261c165e0f57c41ce99ce5c2930db9e21b670b9362f643ef0a,pydata/xarray,101692.623204,2,global_median,125168.74167399999,True
astropy__astropy-7746,assignment-case-v1:980a79243f61944c999d709aa980c804cfad20ddb9005b9a6cf4bd191b8fa34a,astropy/astropy,141603.317674,2,global_median,125168.74167399999,True
django__django-12754,assignment-case-v1:9bfa70e7a217bce61ead7a31baee9b35063c54c4a6673569864407596aeb0eb4,django/django,131252.675033,2,global_median,125168.74167399999,True
scikit-learn__scikit-learn-14629,assignment-case-v1:9c03cb82e06db14fd2c4d388d49d54907f2c9700760476bace6c73e5376ce036,scikit-learn/scikit-learn,132467.925934,2,global_median,125168.74167399999,True
astropy__astropy-6938,assignment-case-v1:9c054ca34e933f5d85124a872c79ef3818d115508b3fb8e305da8d5347549b1e,astropy/astropy,133099.89095,2,global_median,125168.74167399999,True
django__django-12308,assignment-case-v1:9ceea0f6adec6bf5a517ea33faad3c0ec209408f4a9a265142d4a608388a5996,django/django,109644.348794,2,global_median,125168.74167399999,True
django__django-14787,assignment-case-v1:9d1cd9b0a5daaf7970d618a360ca4f565e333dcb08f0dc37283efab8406736ba,django/django,142200.476769,2,global_median,125168.74167399999,True
sympy__sympy-22456,assignment-case-v1:9dfb8db91844cdbba3dfa89d04cf9553e9462d4e452f4ffa076f4d22a37ff077,sympy/sympy,57957.74152,2,global_median,125168.74167399999,False
pytest-dev__pytest-10051,assignment-case-v1:9ea7a9721cccb4ac848928171e7757ad2fc0f508078dd4d1ed01cd179de6786c,pytest-dev/pytest,136091.714759,2,global_median,125168.74167399999,True
django__django-14053,assignment-case-v1:9f50a188b7b415401eb7538eb7ecf139d8f57a6f3cd77c80cb96b91bb2dcd86a,django/django,120825.274753,2,global_median,125168.74167399999,True
django__django-12915,assignment-case-v1:a1770852483b353a1541fcc1a452bcc65f9dddfaf44e1f12ee50efb750654830,django/django,125495.317506,2,global_median,125168.74167399999,True
django__django-16139,assignment-case-v1:a2a61a112b1f4ff9a418224fcfbc89d377940562d7d106edc33c65a35a1a9bc2,django/django,85853.694173,2,global_median,125168.74167399999,False
django__django-12155,assignment-case-v1:a3b2ebe2ac83cb4e542d08129085ce4b48ef3e9cf51649fbbbed3bdd1529dfbf,django/django,124562.84106,2,global_median,125168.74167399999,True
sympy__sympy-17318,assignment-case-v1:a652750211d5059b2cf0e5d1233078aa5ba868c90f0c7ae0ac9c10af1efa86b3,sympy/sympy,92625.540182,2,global_median,125168.74167399999,False
django__django-13297,assignment-case-v1:a76d6bd000b0deabdb1a0b2efd3c4b7387605abd517c4f27f3745cd57a3febd7,django/django,197239.660945,2,global_median,125168.74167399999,False
pydata__xarray-4493,assignment-case-v1:a95cf812eae38a37497197f2cd962aee93990f3acf9f327df5bf87f50e2b8237,pydata/xarray,57865.04266,2,global_median,125168.74167399999,False
sympy__sympy-20639,assignment-case-v1:ad27003e1ed7db3a2bfec12eadd4232604039b18762f3193aa5f1705f4f7eb36,sympy/sympy,100131.412922,2,global_median,125168.74167399999,False
sympy__sympy-22456,assignment-case-v1:b5aeb83096246570537a1c4ec1124f8400e973cb8e61c6bd0bcbc5cc608b0cb4,sympy/sympy,118994.413824,2,global_median,125168.74167399999,True
astropy__astropy-6938,assignment-case-v1:b80f9149e8a56b0632acd741f8f86e48ca77d551e82a79f472cf069e2129279b,astropy/astropy,210457.674794,2,global_median,125168.74167399999,False
django__django-13568,assignment-case-v1:bdbe97367c993bdbaf95b332392f40f13ca429210942062dc8cc83c9a781120d,django/django,124618.020749,2,global_median,125168.74167399999,True
pylint-dev__pylint-4604,assignment-case-v1:be10f4da5548d591ebd2434af03d116e6fe2954025afa13bd17894da5f37080c,pylint-dev/pylint,160945.573823,2,global_median,125168.74167399999,True
pydata__xarray-4493,assignment-case-v1:beb77e7a886be626c6f02c531bfcf123165cd4dd2879ea98aef0a826c79a871a,pydata/xarray,116152.347543,2,global_median,125168.74167399999,True
django__django-14730,assignment-case-v1:c0f04fd6ba3c31e3d1ee0f0cc23bb6cdacb5d791ac8e47a44bf59f4d3f29231f,django/django,130701.809192,2,global_median,125168.74167399999,True
django__django-13220,assignment-case-v1:c1b87e551e1479e21e51e5b61818489f67538246fb1066fb65d1133b384a7a4e,django/django,134781.019092,2,global_median,125168.74167399999,True
astropy__astropy-6938,assignment-case-v1:c509a1eebfc1188626f02badb6a7014d8193b715fe27f1234c15c59784b92f98,astropy/astropy,131143.9324,2,global_median,125168.74167399999,True
scikit-learn__scikit-learn-13496,assignment-case-v1:c811b340015683b13e7fd044e86e1ac266c2156cbca6d6c701a7f4338e125e4f,scikit-learn/scikit-learn,109971.597163,2,global_median,125168.74167399999,True
sympy__sympy-22456,assignment-case-v1:ca47bb49ab55c52b54ce3e8aad75e3a5bcd64626315612b7c304e814e4f1636d,sympy/sympy,69715.141587,2,global_median,125168.74167399999,False
sphinx-doc__sphinx-10323,assignment-case-v1:ca962c903c73c3aebd22741174cfc57c046b044d5552eaae305321ce72fe44e0,sphinx-doc/sphinx,119053.383213,2,global_median,125168.74167399999,True
sympy__sympy-22456,assignment-case-v1:cbe618aaa3f7a2ed49f10197c5133e584299820febb8240d8a8835cb5c0dffca,sympy/sympy,97327.475024,2,global_median,125168.74167399999,False
matplotlib__matplotlib-25332,assignment-case-v1:d1d358803e1ab33d62fba7576b26054da0940ac1512abedd2196b85b5002ca8f,matplotlib/matplotlib,276839.698622,2,global_median,125168.74167399999,False
django__django-11742,assignment-case-v1:d2ff38234f0d41ec773cfe9c5a020c9affd412a0cfb3cbbb4a5c97592beed492,django/django,137418.188586,2,global_median,125168.74167399999,True
sympy__sympy-22456,assignment-case-v1:d33ab5b8059ba0e05579ed6877732139fcfb52c3a8be97ecf631e437575932ff,sympy/sympy,144525.267574,2,global_median,125168.74167399999,True
sympy__sympy-20154,assignment-case-v1:d48be37f003352ae157ef57072dcd04b4e731a90f44b7eb39f04925862d7186a,sympy/sympy,85293.226694,2,global_median,125168.74167399999,False
scikit-learn__scikit-learn-14141,assignment-case-v1:d4d00a4ef8d89a94f59d4998a10716fedd130181f60623339653ca8b5c7ee29f,scikit-learn/scikit-learn,98670.716763,2,global_median,125168.74167399999,False
django__django-13568,assignment-case-v1:d5ef9c776ef1daaef65b7bb4c36b71db6891fe65c64c92a8bea444ee0443fa34,django/django,124288.06904,2,global_median,125168.74167399999,True
pydata__xarray-4493,assignment-case-v1:d677281efdd800053f511f8f4858f2e48648784a111bb64634e5bc982583fd16,pydata/xarray,109111.783635,2,global_median,125168.74167399999,True
django__django-15252,assignment-case-v1:d6dbb28add057cce397c91bc997b70f4e6849a374dc58248efaa6b21c3802a2a,django/django,127610.589773,2,global_median,125168.74167399999,True
sympy__sympy-16886,assignment-case-v1:d91d50406fbca37e462087bbbc9eba7e8959f19627d3b858c168b8fa0ab411bb,sympy/sympy,101052.928121,2,global_median,125168.74167399999,True
pydata__xarray-4493,assignment-case-v1:da2f85a5ecd7cd657462af1891209bcf24d261bc868d02017065e44a867e0f19,pydata/xarray,102849.05529,2,global_median,125168.74167399999,True
django__django-13513,assignment-case-v1:dbfdd9deb89b2a5f2ead554f0fa1598f6b752219f3ac9642fc15f1895ca674b1,django/django,214994.623815,2,global_median,125168.74167399999,False
matplotlib__matplotlib-24627,assignment-case-v1:dd96b2c2b72c1299244452c02a9d144d94dd9209b7de33a445641424be00114e,matplotlib/matplotlib,153200.394228,2,global_median,125168.74167399999,True
pydata__xarray-4493,assignment-case-v1:df8d5a24fac71018874c5d56fb6ec2179530104e1a9df292364accd30cb44b06,pydata/xarray,103082.298806,2,global_median,125168.74167399999,True
django__django-13568,assignment-case-v1:e12cdc83c2eae1fee8a30982507f05aeaa3356e4767d991786fcb7fecc5fcaff,django/django,46608.904902,2,global_median,125168.74167399999,False
pydata__xarray-4493,assignment-case-v1:e13e06b1c1d028806d16e18d906ebc68efeb07d855312ff91b33fe526d2031c4,pydata/xarray,77648.54479,2,global_median,125168.74167399999,False
sympy__sympy-15349,assignment-case-v1:e193689e1276ad40ece91611deddff57efb2f182aea41e4234a6028c1efb1fcf,sympy/sympy,165237.327051,2,global_median,125168.74167399999,True
django__django-13568,assignment-case-v1:e3a1748a3f69fa915da9d60d4ec89c8dd54dfe3ae6ca68ad38e2c08150119266,django/django,145825.061295,2,global_median,125168.74167399999,True
django__django-12143,assignment-case-v1:e3f8d5c8d945837b3cdb498493a2bd9ff249471d8d19bd21c1ff562ac833d918,django/django,124746.435591,2,global_median,125168.74167399999,True
django__django-14765,assignment-case-v1:e4798686196b4e0a621f3d4e8e7e5fd53ab7e323538cb1b18f70333b74f3b9a5,django/django,102454.401804,2,global_median,125168.74167399999,True
astropy__astropy-14182,assignment-case-v1:e4ddb13bd8f26c7ed61367a0844761301b43b9d7458f0903cd3657005274a5d4,astropy/astropy,96425.271024,2,global_median,125168.74167399999,False
pytest-dev__pytest-5809,assignment-case-v1:e7e22fdd4d738e72a4d372dde587d8a0a45bd855e0454107c9f8e4edd12a6e4e,pytest-dev/pytest,229725.611617,2,global_median,125168.74167399999,False
sympy__sympy-14396,assignment-case-v1:e99e9eb435602e0bcfbccd1d1ff5f73496bdb04e6709114dcb6cccc0e7d4bb72,sympy/sympy,110966.872896,2,global_median,125168.74167399999,True
django__django-15819,assignment-case-v1:ea499ee155b4c4ae333d3f5ec30d04822af0f5790869fd7a4f3e948738dd5e3c,django/django,106678.537211,2,global_median,125168.74167399999,True
django__django-16255,assignment-case-v1:eb8a6cd9dc0d53d1539e37cb3554de218694949693c6be59f2cb6b57e513f067,django/django,172264.240604,2,global_median,125168.74167399999,False
django__django-14631,assignment-case-v1:ec1a1f5ec2579ead434cbd990ccae69f5a68e30272a361e0593ce991d14b2395,django/django,112618.515918,2,global_median,125168.74167399999,True
sympy__sympy-22456,assignment-case-v1:ec458d38b66349ed8d810747c332b66d68c74054a9487c9a8f51b650fe9279ae,sympy/sympy,88273.353803,2,global_median,125168.74167399999,False
sympy__sympy-22456,assignment-case-v1:ef9671f9f112f4cfb742c2f8f51dd46c892c1887b1fcd00e090282ac873db0ae,sympy/sympy,98398.764565,2,global_median,125168.74167399999,False
matplotlib__matplotlib-24570,assignment-case-v1:f1f08fb8c2a1c39e2d417507f98b71b523b2b38a978c2ead08ad950dbfd06286,matplotlib/matplotlib,103584.702907,2,global_median,125168.74167399999,True
astropy__astropy-6938,assignment-case-v1:f4dccde98a473cea828373eb0ef5d39d5e8768e1861f6166b5f113a090e916ee,astropy/astropy,113627.953335,2,global_median,125168.74167399999,True
django__django-15277,assignment-case-v1:f70b7000c10162a79673810483df303a1f6d5c22f3494c63f7b9d8de54690fe9,django/django,99924.107787,2,global_median,125168.74167399999,False
sympy__sympy-20154,assignment-case-v1:f7447e96bd5eebb60e03289f09af9495344bc3ea782937656479f12599495e6a,sympy/sympy,117541.742945,2,global_median,125168.74167399999,True
pydata__xarray-4493,assignment-case-v1:f757e348a595dcc7856bafec8b79784cbef0452bfb507301619b273a4991d3a0,pydata/xarray,181999.58906,2,global_median,125168.74167399999,False
sympy__sympy-18835,assignment-case-v1:f837cda02d31873b8c38f8c325be44e08e931f6beea36b5b597a1b3996aa0dc0,sympy/sympy,127454.734258,2,global_median,125168.74167399999,True
django__django-13821,assignment-case-v1:f88edde848fdc4ad5f80a1f715e36ad44fc174096f2502fcf132848311cf0666,django/django,161291.859692,2,global_median,125168.74167399999,True
django__django-16667,assignment-case-v1:fa6bfdfe3a9b40846d03845371e7efa2d7708661d643a6ec49c4b39cafc87a21,django/django,117802.324243,2,global_median,125168.74167399999,True
sphinx-doc__sphinx-7889,assignment-case-v1:fe1bd54652a88ad57afa06fa3d580bf73826b8c624f409ab0a90f0175a12c41a,sphinx-doc/sphinx,128605.138973,2,global_median,125168.74167399999,True
django__django-15957,assignment-case-v1:fe69c872b5ce7d0f7c18e7c7fc53e9eabad5a242039f2a82c08b7a2f25694d2b,django/django,114824.746476,2,global_median,125168.74167399999,True
scikit-learn__scikit-learn-13142,assignment-case-v1:fee081408ee253778c163f45168759c2da9a584ae0b0b544e4d5cd9e1f5de837,scikit-learn/scikit-learn,138484.392669,2,global_median,125168.74167399999,True
sympy__sympy-12419,assignment-case-v1:0050fdfd5f21bfa855b0f03a76b55ed7c6a76b53e26d65eed59a0a698f0712c2,sympy/sympy,86831.359052,3,global_median,124252.1253105,False
sympy__sympy-19954,assignment-case-v1:00ba3a406cd67bc21b7a5aa182a6ca15a3df1821ca94ad8d8e2e671e42032c9d,sympy/sympy,105395.835818,3,global_median,124252.1253105,True
matplotlib__matplotlib-13989,assignment-case-v1:00c0f0c7163dcf16a4c73513d0e09e61ce1c5284c662b15b9aa3d5423a9f7866,matplotlib/matplotlib,76916.161167,3,global_median,124252.1253105,False
sympy__sympy-19346,assignment-case-v1:01d6ece3299ee960efab99aa2c46d0fecb08905a294eb77c96f110a04b7bb29a,sympy/sympy,116177.72439,3,global_median,124252.1253105,True
sympy__sympy-13647,assignment-case-v1:02cf3ad4fa8a2e6c60f7292944545b25f005866b0b4316aec1c8b8c86557dd3c,sympy/sympy,118598.766853,3,global_median,124252.1253105,True
django__django-15814,assignment-case-v1:0813248f9b972a14de18f990b279135d112702497a6dba10e015a8b97396e88d,django/django,106220.055333,3,global_median,124252.1253105,True
sympy__sympy-24213,assignment-case-v1:08e1b7c40292e11be0ab5645832113f4e990b1c86e657b230568706b32348b92,sympy/sympy,139064.616246,3,global_median,124252.1253105,True
django__django-11999,assignment-case-v1:0a7585c97772b74f29f6e028faf9f580b6bd663236af4fd1fff4d761a3f05764,django/django,133919.614611,3,global_median,124252.1253105,True
sympy__sympy-13647,assignment-case-v1:0c05ef52aa1d99d4f0ca4662c3cf9f71423eaad8593032412dd24a9f425f6f7b,sympy/sympy,148411.488718,3,global_median,124252.1253105,True
matplotlib__matplotlib-20676,assignment-case-v1:0c5365797dd313bfd6677c45f76faac58f6aa0e40b912b96b05240c297501f6b,matplotlib/matplotlib,243245.585203,3,global_median,124252.1253105,False
django__django-12983,assignment-case-v1:0cede4eeb275bffb62d306f95f725fb9316ed3b166f8efaf4fd317a34b5f7f48,django/django,207978.030055,3,global_median,124252.1253105,False
psf__requests-2148,assignment-case-v1:0d46eb654654368ddf2cf987d983e73c07dbf3d10d1131b43a2faeaa1546aec8,psf/requests,106052.660616,3,global_median,124252.1253105,True
django__django-11179,assignment-case-v1:1016b2f5f94d93df860c6bbafa497206b5c445e35a9e1392bfa3835c460bfd91,django/django,172894.421479,3,global_median,124252.1253105,False
django__django-11790,assignment-case-v1:10c44b5937fb166aac3b4f3c7329a8e546b879a4f25168d6fc19e9cdbeba8271,django/django,176075.139633,3,global_median,124252.1253105,False
sympy__sympy-20801,assignment-case-v1:11f6b581b04ade389d18037829918c34b50a9dc119bd254dc9107665fa9ef661,sympy/sympy,87293.616689,3,global_median,124252.1253105,False
django__django-13315,assignment-case-v1:12f45ce138833a52df57df5df160e2df9f15d663d11c4de6acc58c00754449c0,django/django,146905.863284,3,global_median,124252.1253105,True
pylint-dev__pylint-7277,assignment-case-v1:150d1658fdc8ae2cac015ea565953811b8c8f0dcfed7c34dd309662acc8a487d,pylint-dev/pylint,248098.383657,3,global_median,124252.1253105,False
django__django-14349,assignment-case-v1:1798502b82224ea304cda58e27f807d8e1dba139dff23bef3e3d5b5416f70456,django/django,137563.008303,3,global_median,124252.1253105,True
django__django-16595,assignment-case-v1:183a6eaa194d8fb9068a11be23e432f34923f449e81e160fe95f246460c7c207,django/django,137017.688424,3,global_median,124252.1253105,True
django__django-13658,assignment-case-v1:18dc537d9feb56a0a0c7323b89fe218d865217c7964d440ac4142d8a2d87d7c3,django/django,210141.595626,3,global_median,124252.1253105,False
scikit-learn__scikit-learn-13124,assignment-case-v1:1bf55bac7d433ba579eb3318f4c2bf2163e8240925cdbd41d83d03ed510c6fe9,scikit-learn/scikit-learn,105016.40894,3,global_median,124252.1253105,True
psf__requests-6028,assignment-case-v1:1bf98b1e55043f8a665a6a12b88c2c7f6854388c531e5b191aa887a4b249274f,psf/requests,160695.572266,3,global_median,124252.1253105,True
pytest-dev__pytest-5227,assignment-case-v1:1d2b866c5d05daa35f42bdc585f5ac46d4941663d5b25ac5db54b1668fe5e33e,pytest-dev/pytest,101629.926939,3,global_median,124252.1253105,True
django__django-15930,assignment-case-v1:21cc14f22723970739bd2cd0aaffca854e399ed6919f0869b441f9b6bb9c8f64,django/django,134780.867392,3,global_median,124252.1253105,True
sympy__sympy-23262,assignment-case-v1:2411c20b2b23486f99ec0d1e5033f9e439fa16cf8b95df70fe20e85bef0a2cad,sympy/sympy,115604.497252,3,global_median,124252.1253105,True
django__django-13658,assignment-case-v1:25c8713b9f07908f41c40a4dd0d15bba2c9a44f442318c90004d52a32d9f93a1,django/django,61130.054711,3,global_median,124252.1253105,False
django__django-15380,assignment-case-v1:2894190a3149cad310d395451e2227a4d9761b25740463b8f5b5444656d296ee,django/django,146636.466642,3,global_median,124252.1253105,True
django__django-13658,assignment-case-v1:296aaec7810b86d1c89dbc68f6591d35a1256dc34ab510bc41be260bdb0c16f4,django/django,145803.84284,3,global_median,124252.1253105,True
sympy__sympy-24152,assignment-case-v1:29cc43d8d494401fa58a074f2072714944451c60a4b4369bad44954aa747907f,sympy/sympy,152265.463015,3,global_median,124252.1253105,True
scikit-learn__scikit-learn-15100,assignment-case-v1:2b275df3f6ee55a7e545e6b8b5960fbdd7ea3c050adc1f5da9e2e6ecfa57f8b3,scikit-learn/scikit-learn,125093.219663,3,global_median,124252.1253105,True
matplotlib__matplotlib-26342,assignment-case-v1:2b8d9f2c6d10d80ad037ff5b1e76d6afbf7a38f09c467053e8c0c383a4b0441e,matplotlib/matplotlib,101384.368976,3,global_median,124252.1253105,True
django__django-13658,assignment-case-v1:2e085dc158bb9499532b6328022739c9d7ce10082c7d21a6d36900013b7a4110,django/django,96163.406913,3,global_median,124252.1253105,False
django__django-13794,assignment-case-v1:2e36256afeb0e251b000f6723c37d3b910bc6e9fd238b0e1a9836922974e40ee,django/django,91296.716762,3,global_median,124252.1253105,False
sphinx-doc__sphinx-8035,assignment-case-v1:2e59c80b6e80d14a37a34a71e84c44eab0c4dd90e6d3f59743320613bb6d2b61,sphinx-doc/sphinx,147476.555763,3,global_median,124252.1253105,True
django__django-13033,assignment-case-v1:33a73ff0444206ba16e57e3383cf384e9ff1fca047fda91817a39ef5e73320c6,django/django,240861.055743,3,global_median,124252.1253105,False
pytest-dev__pytest-5103,assignment-case-v1:355a6cac4bbdfcf61b32239c79b35bffb1f9213030c91b52b11d8102ea53ee5a,pytest-dev/pytest,125277.427114,3,global_median,124252.1253105,True
sphinx-doc__sphinx-7462,assignment-case-v1:37b4a5163a9274bcf9ba9bf434094befc5b31be046be3e066d720b49e8374c2b,sphinx-doc/sphinx,103207.857083,3,global_median,124252.1253105,True
sympy__sympy-13877,assignment-case-v1:3a1b480e3a1e566f1fabe56ae4a07354aa7a668e858b32250027e34ffd95730f,sympy/sympy,104984.554398,3,global_median,124252.1253105,True
django__django-11066,assignment-case-v1:3b138fa30c75f30bcec3e41faa995c93e09b363aa3f5bd6874e841d8116e5860,django/django,199372.130637,3,global_median,124252.1253105,False
scikit-learn__scikit-learn-12585,assignment-case-v1:3b69c0d23a13bbf3c7b4d488dffbfd823024f3cea6f294ab8e6b022c27728cd8,scikit-learn/scikit-learn,106236.086098,3,global_median,124252.1253105,True
django__django-15563,assignment-case-v1:3ef3cf6cce45836f3724f6fff9fd9dce494163ae145a8bc24aab52d62719b9d2,django/django,109555.277575,3,global_median,124252.1253105,True
django__django-16229,assignment-case-v1:3fd58dc5ec658c8110b31f66ca6ed373ab77e90d070e4195f9b01f70a722a1ab,django/django,152595.663115,3,global_median,124252.1253105,True
pydata__xarray-4248,assignment-case-v1:4001e3fe419593f1645938232c1e342a98b1192375b479b8541546d9bef597e5,pydata/xarray,104464.75588,3,global_median,124252.1253105,True
sympy__sympy-23262,assignment-case-v1:40a779b487f435ba2ad56ec566a433f3bc0a56600539293c4cbf8887faf49bbb,sympy/sympy,119561.59956,3,global_median,124252.1253105,True
pytest-dev__pytest-5495,assignment-case-v1:40f9f240c6f348eca50c95fb156df4c88d4ace27cefe7ff9cbfca2977b73a835,pytest-dev/pytest,156953.567346,3,global_median,124252.1253105,True
matplotlib__matplotlib-24334,assignment-case-v1:41d11dfb4e095fa6bb478768c45682cb0e0a0444dcbe1c660fe875a7b769d580,matplotlib/matplotlib,160447.549497,3,global_median,124252.1253105,True
pydata__xarray-7233,assignment-case-v1:447ea884f71df4b321b690551d426a98bd64dfa3419bfdefc5ed6993f5ee3067,pydata/xarray,160998.083996,3,global_median,124252.1253105,True
matplotlib__matplotlib-13989,assignment-case-v1:46398f6d52d20382b501124c75d6e04147edf38d576d156941a9730a771df697,matplotlib/matplotlib,125987.996269,3,global_median,124252.1253105,True
sympy__sympy-13177,assignment-case-v1:46751ed0ddab05869f8e3ac2411b820dc8fcd08daa1314a2f0cc9d364cbff609,sympy/sympy,148476.185655,3,global_median,124252.1253105,True
django__django-11001,assignment-case-v1:4826bccaf2d7ff7089c5ab655b5e0a6a2e0ec0c3d6e82d4c769cb778fc2039a4,django/django,238534.465443,3,global_median,124252.1253105,False
django__django-13658,assignment-case-v1:49e1253f5960dda6b8541fdb15594c1264ba6699b20226407dee6e29bef2d27b,django/django,107139.226381,3,global_median,124252.1253105,True
sympy__sympy-11618,assignment-case-v1:4be32827950e9a1ce44a8ddb6e8bd025bcbf7b79e063308250c413d4ffc1f0d6,sympy/sympy,119088.906431,3,global_median,124252.1253105,True
django__django-13658,assignment-case-v1:4cf19f999f9cf98473c824fea2a420c2edb0b6d54003648201d423d8264d1988,django/django,80476.646481,3,global_median,124252.1253105,False
django__django-13569,assignment-case-v1:4e562275a3f29039875cff4c13d92969eb90a6e6a81bdebf727513454f1e261d,django/django,149769.759652,3,global_median,124252.1253105,True
pylint-dev__pylint-4661,assignment-case-v1:4ea024011360708a8804b0e02bc6a378270bd23885acc0985d9e7124d3958f22,pylint-dev/pylint,131397.184803,3,global_median,124252.1253105,True
django__django-15400,assignment-case-v1:4f609114f328147e1b5073f344f94fca0716e2434806cbc74795f71a6b53489f,django/django,128168.414985,3,global_median,124252.1253105,True
django__django-13315,assignment-case-v1:50036fd6c57ba1bf15153dc169762bba7ef2ff1970cb22f4d98506ed020e851e,django/django,238876.338142,3,global_median,124252.1253105,False
sympy__sympy-13551,assignment-case-v1:51407073ae2777a1fa29bb7b457302b1a7faf8809d755e42373d346507571117,sympy/sympy,137852.030439,3,global_median,124252.1253105,True
psf__requests-1142,assignment-case-v1:525f0d1ea300743aa07c656c53dff9ffc4f63491e17c86eaef1d7c91286838e9,psf/requests,75805.403411,3,global_median,124252.1253105,False
django__django-13658,assignment-case-v1:5452264dba3318665546752df96c3261c2363ee1d774a5e77bd55a13c97f3b73,django/django,100219.419438,3,global_median,124252.1253105,True
django__django-16263,assignment-case-v1:57705f2007f3073c890cc01ff14f4c0df7e69d1d2475237cabbb7bb6d8fcd19c,django/django,126736.384236,3,global_median,124252.1253105,True
django__django-13658,assignment-case-v1:585324ee94ae2d2a6962d354a5d5b8dc03b3abe135f574aa4362ffd711423a48,django/django,238227.418312,3,global_median,124252.1253105,False
django__django-16910,assignment-case-v1:58977c778da53d9423da3d0d3a07e59965951515309f07522a8c3650435c3207,django/django,201945.990732,3,global_median,124252.1253105,False
django__django-13658,assignment-case-v1:592b2227f4ac2b51486c64cf3034610f37d356cd8113a3e82393f71f4093a323,django/django,115567.504179,3,global_median,124252.1253105,True
scikit-learn__scikit-learn-25102,assignment-case-v1:59d4d56edccf0ae016a97ca680d7b3ec2a226e1cacf2b86ebbc1b7e394cd363a,scikit-learn/scikit-learn,150213.731732,3,global_median,124252.1253105,True
django__django-13786,assignment-case-v1:5a1a02159fa58b5f4011dc8adf6c88886ba0300f0c23ffa3eb011d04a4d41e2a,django/django,104573.302046,3,global_median,124252.1253105,True
django__django-14011,assignment-case-v1:5c45cf5cfecbffe997ccf7a4e0aa2c154396fad56b3746d71b6affc2f6eb1ae8,django/django,135792.606666,3,global_median,124252.1253105,True
django__django-13028,assignment-case-v1:6255d68ceb05ea01c28f2300625a25e944b884ae643cfcacfa31be03da96476e,django/django,121267.618174,3,global_median,124252.1253105,True
sympy__sympy-13915,assignment-case-v1:62a41b04d0e3c1b15b4c6de77b6e4f97a40f83974d12e8c9b6d80d2da8df8306,sympy/sympy,132834.647366,3,global_median,124252.1253105,True
django__django-13658,assignment-case-v1:647b5d697fcad9b88dd5c4bbce133b935cc75373a9f19d2f0433823ccc1f6a0b,django/django,101920.731132,3,global_median,124252.1253105,True
django__django-13658,assignment-case-v1:683ae5e2c0ab785fb2c7f8d83b3bbc4b2b26fdc468ebdcb1e245cce1432a2cd9,django/django,122462.890201,3,global_median,124252.1253105,True
django__django-13658,assignment-case-v1:6b9b47fed4cc6bfb00a0fe2504c0b1fab2cf1804d6b3671387e823537ce765e5,django/django,116294.249298,3,global_median,124252.1253105,True
django__django-11163,assignment-case-v1:6ba199ef7dbc43b7d722dcb38e939796ae4f66df0d09cbcc1c9cb501a653df2d,django/django,125970.234473,3,global_median,124252.1253105,True
pytest-dev__pytest-7521,assignment-case-v1:73145a632583a980e5f9cf93d03bb838415ec0f10ba57a6750999e41402a78da,pytest-dev/pytest,152169.567093,3,global_median,124252.1253105,True
django__django-13658,assignment-case-v1:7321df8d4478b55817393a2201fdfbf9dafcfab67d199557ffcaedf847bebe9b,django/django,111223.838621,3,global_median,124252.1253105,True
django__django-15814,assignment-case-v1:7446d884a11b1d745610aefd7cf6c7b615c7fbba2f2474d2ebbf5465b758cd0e,django/django,125244.263685,3,global_median,124252.1253105,True
django__django-14559,assignment-case-v1:752d581b0fe9d74ff1b242296dbba9941f6a9e6859006dfbb8eed0345c14cce4,django/django,168568.338631,3,global_median,124252.1253105,False
sympy__sympy-12419,assignment-case-v1:759de6632400ee62e8a781d754bf20a90280c9746b3d7958f478d36ef5ce3820,sympy/sympy,100502.251598,3,global_median,124252.1253105,True
django__django-13658,assignment-case-v1:75c5f71c9af1913d2f5d3d54988c84758aa81abb14ea8c280822342909718295,django/django,113241.064424,3,global_median,124252.1253105,True
django__django-11999,assignment-case-v1:779d23a6be1d6d065d893037b67ce08c7ddbecdee4814a79889ff9a604957104,django/django,182244.210685,3,global_median,124252.1253105,False
pytest-dev__pytest-6202,assignment-case-v1:7f096b783a76d0a551addb4fc63b32f868139c79804a3871eff43f732995d4c3,pytest-dev/pytest,109960.028814,3,global_median,124252.1253105,True
django__django-13658,assignment-case-v1:7fa2c8bdcdd4ecf63bd3e236376a2d6563f0f174eda7aff3f9db28d2a056ba00,django/django,111209.556751,3,global_median,124252.1253105,True
matplotlib__matplotlib-13989,assignment-case-v1:853bb880ec5d64cf0ef48943bfba758a6655331b7c64a00dff4f14d58b2c6fd5,matplotlib/matplotlib,109400.428499,3,global_median,124252.1253105,True
matplotlib__matplotlib-13989,assignment-case-v1:8615d49b6a879e9e445e6c6ec1d2dcc3cc3c960f6eb01453946b74e2c48ce22c,matplotlib/matplotlib,46552.263749,3,global_median,124252.1253105,False
django__django-12741,assignment-case-v1:87f3da37bf8635fb168a2a7796e58f47c874633d132175d01f41d2ca89da3e56,django/django,138641.913062,3,global_median,124252.1253105,True
sympy__sympy-12096,assignment-case-v1:88429770977a9d0e314d166e228a5e2021abb28f5c80f68470f11bbf0826c77b,sympy/sympy,119969.275227,3,global_median,124252.1253105,True
sympy__sympy-15875,assignment-case-v1:884ee9e19fd2ebb7b5f7036d7a84e84ffe87de9723106cb630cccdf4c10622ee,sympy/sympy,106758.999174,3,global_median,124252.1253105,True
psf__requests-1963,assignment-case-v1:89a20c09c6ed98b28496a248b9ca695836290b44f3d793d0b4771e924767554f,psf/requests,1246309.240232,3,global_median,124252.1253105,False
django__django-15104,assignment-case-v1:8a5b0db8601a14cc7e165935841477a5bfb957b111e082edd0bfa4a567073fda,django/django,121256.167495,3,global_median,124252.1253105,True
scikit-learn__scikit-learn-14087,assignment-case-v1:8c53121222e13e925ac7ce1ed626f1da06c9a2f8a7570c4c7c464fa8215b0135,scikit-learn/scikit-learn,121440.522302,3,global_median,124252.1253105,True
sympy__sympy-13878,assignment-case-v1:8d515eb02f2a4b1dbc3370f84eee71a2c1c140e082c5b3eed1363ae9f7d6f54f,sympy/sympy,190929.455811,3,global_median,124252.1253105,False
sympy__sympy-19783,assignment-case-v1:8dc98cdcf4da736a8827dffd35166546feaf8120659e9f2291a1532833fc75e1,sympy/sympy,90377.031458,3,global_median,124252.1253105,False
sympy__sympy-21596,assignment-case-v1:8e17f9189457d2cfe45938a765ddbbebf873eaeaa84f5c642658cf9beab97518,sympy/sympy,130081.068992,3,global_median,124252.1253105,True
sympy__sympy-15017,assignment-case-v1:8ed4e126a7d0ded35790423a1c037c4c60b8a50d9c97888a2057e73f0c3a9d6a,sympy/sympy,99663.390102,3,global_median,124252.1253105,True
django__django-12470,assignment-case-v1:8fefad0a6e9b7a7e38e5b34e5434fbd4063a44f04c2fdaf070f09e7348efbb81,django/django,83338.870042,3,global_median,124252.1253105,False
django__django-13658,assignment-case-v1:903a7872e3ddd3b4f0fc8bbe22983b4ea6c75ddef2766815dfc122064559adb7,django/django,98913.711801,3,global_median,124252.1253105,False
matplotlib__matplotlib-13989,assignment-case-v1:92bebca7e752d78da8a261acf3f14fe173711132b86e4b8a1ed9ecba333a49d8,matplotlib/matplotlib,112308.177125,3,global_median,124252.1253105,True
sympy__sympy-13146,assignment-case-v1:93e28d35fd515f141f548c45309ce169a2925e6e5c340e1c359e9f2a789ec2bc,sympy/sympy,123995.878778,3,global_median,124252.1253105,True
django__django-14089,assignment-case-v1:9466cb2ae9a1d185a7a08a879fdb001125dc72394abdccc1072226446f822575,django/django,84971.659807,3,global_median,124252.1253105,False
sympy__sympy-14711,assignment-case-v1:94adaef9a32a10cd326645754322d1ff61604eac2d504dadc623af028d75a73b,sympy/sympy,121095.835137,3,global_median,124252.1253105,True
pylint-dev__pylint-4970,assignment-case-v1:96ad0544b677349b8fd5e5ff92f67725381c890f3be010514a1d636d7e7ee630,pylint-dev/pylint,131080.139449,3,global_median,124252.1253105,True
django__django-11087,assignment-case-v1:98f98d734750ba63efbb3d623df12b1a173b3e3ee85f62a3de01327b8c22405a,django/django,115682.09692,3,global_median,124252.1253105,True
scikit-learn__scikit-learn-14894,assignment-case-v1:9c0c2ff42af108a91ed9d0f388f95e4b69981abff39dacce7a19f4b058c529d5,scikit-learn/scikit-learn,137013.29542,3,global_median,124252.1253105,True
django__django-13658,assignment-case-v1:9ca43b20eec547c60809174653b450522b71800b62e3bf9710ef51b203ffe79e,django/django,120441.597203,3,global_median,124252.1253105,True
django__django-13658,assignment-case-v1:9d51eb8dfc66177982c17a33704167817bc54ffe22f484b35c014d0b9cf9524b,django/django,128507.874643,3,global_median,124252.1253105,True
django__django-13658,assignment-case-v1:9e62c38a0e27efa8eadb9a6b45c1e6108ac704db003249f949be19698c2a73f1,django/django,129713.780729,3,global_median,124252.1253105,True
django__django-13028,assignment-case-v1:a01c88daa0a55d2f609ee894435cb3da6b4970f7319d15f9dd0b50c4a29b1ccb,django/django,145450.436926,3,global_median,124252.1253105,True
matplotlib__matplotlib-23913,assignment-case-v1:a0d2d4e56a234c2f876ae503dc37927f1bb24ef46732d27c8a0e673eccb3a47f,matplotlib/matplotlib,248720.584158,3,global_median,124252.1253105,False
pydata__xarray-7229,assignment-case-v1:a24371707a489af293a0d4e27c47e62b9badf56adeceaa595bbc118680830f17,pydata/xarray,258924.063394,3,global_median,124252.1253105,False
django__django-15902,assignment-case-v1:a2a131459131ce063fdc3e26737d03df81ebc65fe6426121f407d9a2ca7bc068,django/django,95410.288516,3,global_median,124252.1253105,False
sympy__sympy-20428,assignment-case-v1:a359b7cda2fdc71edb4dc955730c791ebcbb9067309899e6e36b0d64a686a0db,sympy/sympy,166522.530137,3,global_median,124252.1253105,False
django__django-11179,assignment-case-v1:a4124ef264cc8e5a10bf7cc7864876e4cbdefc7eb8c4db03a1b36cb5a03e473e,django/django,1011728.134794,3,global_median,124252.1253105,False
django__django-13658,assignment-case-v1:a46bc8849c4ae3fa6fc87c3973785d2684a0e53bdd7a37b00f3862acc5d1b795,django/django,144225.803819,3,global_median,124252.1253105,True
sympy__sympy-19040,assignment-case-v1:a51bf3b48c5db61db9fd6b169ecf79d12e3c375dd252013ba8d90e104a6d7ea3,sympy/sympy,117542.104762,3,global_median,124252.1253105,True
sympy__sympy-11870,assignment-case-v1:a87892ac9bfc164287c991e61a3d3aee34973fe2ea1fd9563e7102dfd72e4404,sympy/sympy,117646.143256,3,global_median,124252.1253105,True
astropy__astropy-14508,assignment-case-v1:aac5fa1abca0bdcceec065624aae423fc3ae7a03a2dda8efeaf0240f38ce8737,astropy/astropy,114623.751521,3,global_median,124252.1253105,True
matplotlib__matplotlib-13989,assignment-case-v1:ac314ef636e6c5e55c788aa62b05246473b29bf1a471164924d2a73d06476d65,matplotlib/matplotlib,113918.07485,3,global_median,124252.1253105,True
matplotlib__matplotlib-25122,assignment-case-v1:ac59eb416a74d31782dbb3b8ac06abbfcb59dd81ea5733f7e16c0420bead3fdf,matplotlib/matplotlib,314899.280774,3,global_median,124252.1253105,False
pytest-dev__pytest-5787,assignment-case-v1:b1d7e51d565cbafa01b2fbf93ab8ab6435654ae1913001730370353ffa7bd48b,pytest-dev/pytest,135086.287545,3,global_median,124252.1253105,True
pytest-dev__pytest-11148,assignment-case-v1:b21ee240bedbe1be67c9ce9ee822bc1350466fffe6817bea6f2e5e3d29c29a82,pytest-dev/pytest,181605.885444,3,global_median,124252.1253105,False
sphinx-doc__sphinx-8120,assignment-case-v1:b24653892aa86410249961aa5f8fed2aa0f556668d4ee1940a29320b17c4cdaa,sphinx-doc/sphinx,140786.476012,3,global_median,124252.1253105,True
matplotlib__matplotlib-24970,assignment-case-v1:b26f45446c4cc28c57fe02e45bf8e2f6876f2e64919c850bc25a8af8e7c6f330,matplotlib/matplotlib,157103.941989,3,global_median,124252.1253105,True
django__django-13658,assignment-case-v1:b95b7efecd90c374619b4f01ceb1f0b2a8bc8fae204edf40668dd8c8e9277a2f,django/django,121684.283351,3,global_median,124252.1253105,True
scikit-learn__scikit-learn-11310,assignment-case-v1:b9d2f5245465b4aabed908acea4fb9fa38a7cd8ec3255fc73bc1ccc2487c0d1a,scikit-learn/scikit-learn,178940.534821,3,global_median,124252.1253105,False
sympy__sympy-20438,assignment-case-v1:ba0803f7b8803f5fcb18d88711e23703337a403612fd7022ae82f7e27054546c,sympy/sympy,99385.984043,3,global_median,124252.1253105,False
matplotlib__matplotlib-26113,assignment-case-v1:ba81d45d1a97326f4c4ea2df2ee62061c316e649943da6007f12f79b0af4a946,matplotlib/matplotlib,152298.674544,3,global_median,124252.1253105,True
django__django-14997,assignment-case-v1:ba9c98a683bef5f122e183293a74c8b53a58c921d9b4bb94b3718003ac93bdfa,django/django,122421.323492,3,global_median,124252.1253105,True
pydata__xarray-6721,assignment-case-v1:baf7b93fbc0e16cffafd26cb1f78f0b97ca6990d2b5790c61ca92f82bbf17c38,pydata/xarray,220837.344788,3,global_median,124252.1253105,False
sympy__sympy-18189,assignment-case-v1:bc97ad7e5b5db385221ae96009a2b8498805bd50c5fba07c3acd5d3ef8cf4d08,sympy/sympy,90319.090441,3,global_median,124252.1253105,False
django__django-13658,assignment-case-v1:bfa37214312270e14e35612b4da3211c90acd3d84feb7cbe42b3ba7b6941e464,django/django,93952.205851,3,global_median,124252.1253105,False
django__django-12284,assignment-case-v1:c393a31cc50e3e528716ae6f2e065b78030cfc9cb7aefdfa713ea9238e246a1c,django/django,224503.679229,3,global_median,124252.1253105,False
pydata__xarray-3151,assignment-case-v1:c3e0f55100584bb4789ab14db27b9a4f7a0bf6ea28bbc79072cc83e0d4c7836d,pydata/xarray,244331.985969,3,global_median,124252.1253105,False
django__django-13012,assignment-case-v1:c57487d8ceaacb854f490aa1f1df98e1659866b0d29a90047472c7180ff05354,django/django,173584.583217,3,global_median,124252.1253105,False
sphinx-doc__sphinx-9673,assignment-case-v1:c59287bcc16ec7ccf5e995cc7bfeaf2947315493b82489438a6f7f42d9df8d86,sphinx-doc/sphinx,107391.096542,3,global_median,124252.1253105,True
scikit-learn__scikit-learn-14894,assignment-case-v1:c5cfdf49c592c960596fd00c660cc635b860f1a3d7d4e977f775b11133f270e1,scikit-learn/scikit-learn,110302.341421,3,global_median,124252.1253105,True
django__django-13658,assignment-case-v1:c5d195a10f4675e8014bd4bfee68612532a2e69d4099a3ca5c47092c82a25343,django/django,114475.57731,3,global_median,124252.1253105,True
matplotlib__matplotlib-13989,assignment-case-v1:c76f5ee40306ae84980c5ec7efd683852ae8a7331976386925d5adb3f710248c,matplotlib/matplotlib,141890.390726,3,global_median,124252.1253105,True
matplotlib__matplotlib-24970,assignment-case-v1:c7e8f90a8c86ea0a1430edcfe8882e8cbb2dcfc009ef137bd1fa9598bef7276f,matplotlib/matplotlib,128386.393297,3,global_median,124252.1253105,True
django__django-11400,assignment-case-v1:c89374fe5b731e655753f9ba494ddb7e5d7d5982c9c1d1fff4be0093b436b1c0,django/django,133389.831382,3,global_median,124252.1253105,True
sympy__sympy-20442,assignment-case-v1:c9e54fca578a9257a6bd12b84c0712ab836d459b6130ce740fbcc9cec3be3d72,sympy/sympy,129649.179386,3,global_median,124252.1253105,True
sympy__sympy-18189,assignment-case-v1:ca1ced7e53167e69ae839e8afce6fb63c26c67f0292bb3ee14f5c46a169d2586,sympy/sympy,107688.448864,3,global_median,124252.1253105,True
matplotlib__matplotlib-13989,assignment-case-v1:ca20c0420e9543b1a9b97da17fb4552eaaa287d7182e84da0ef86db418a8d895,matplotlib/matplotlib,165176.128334,3,global_median,124252.1253105,True
sphinx-doc__sphinx-8551,assignment-case-v1:cbce4409c98203fa614c98bdfc5fd1ce49f3d3cb1d63bada6878e950b7868405,sphinx-doc/sphinx,140133.456862,3,global_median,124252.1253105,True
django__django-13658,assignment-case-v1:cc96d5bf59cf8ba7d1a70d170ee1a1d17c557f23f741a39d855dd4b8882d0b02,django/django,94121.471552,3,global_median,124252.1253105,False
scikit-learn__scikit-learn-14087,assignment-case-v1:d0ed39d553cff9c5d3376f0c927705c167ab495fd0582234a002c69785f62355,scikit-learn/scikit-learn,150912.217025,3,global_median,124252.1253105,True
django__django-13658,assignment-case-v1:d1333ae2b4a0d3b9add70bf83f887259a1d738801d629a457cc420834555bd50,django/django,121485.269911,3,global_median,124252.1253105,True
django__django-16595,assignment-case-v1:d26036a17afaae24eefc19afe2aab2b348c03ac13e3f896f87c1f7e73626216b,django/django,150114.971495,3,global_median,124252.1253105,True
django__django-16400,assignment-case-v1:d5018453b95870adeedc0aadc055ff31dbcbbc3787ab2f1cd17ad243f00593d7,django/django,222654.676985,3,global_median,124252.1253105,False
matplotlib__matplotlib-13989,assignment-case-v1:d7cce24c718deaf5c5325120fb37feed1651e0b61fc7f4416cddfc155860d274,matplotlib/matplotlib,147936.733424,3,global_median,124252.1253105,True
sphinx-doc__sphinx-8638,assignment-case-v1:d8e10a845fbfd2df676abe7db22672755b861df5ee68941298deef1b9b4a99d1,sphinx-doc/sphinx,86195.670136,3,global_median,124252.1253105,False
django__django-12406,assignment-case-v1:dc7643b985b42eba48c8c8bc666565b40ca2ed7694a2b789305458d657ed448f,django/django,97754.871313,3,global_median,124252.1253105,False
sphinx-doc__sphinx-9698,assignment-case-v1:e0348645ebd18c7ba776f789d9b1600fc70bc077cd82fae7fc27bbbbd68c2b7b,sphinx-doc/sphinx,100616.730928,3,global_median,124252.1253105,True
django__django-11039,assignment-case-v1:e03bb5e78d4faa5f2dd6323f3dfc1ac6de0cfee0fe09a99cd7754c100eaa406f,django/django,136236.821697,3,global_median,124252.1253105,True
django__django-13033,assignment-case-v1:e5dc247216f3407564e65c96bac2411ce57c70b4da13210359b1d21be9225ed0,django/django,210959.01774,3,global_median,124252.1253105,False
sympy__sympy-24909,assignment-case-v1:e871e37eb54f88abe2eb5283d3fa42efb75d18d2319df9861c57ec46634a8b20,sympy/sympy,145413.604893,3,global_median,124252.1253105,True
django__django-16816,assignment-case-v1:eab1b5ed04a17add724481b72ffb5b185a97be4271d9f7db2e11c19f9683cfd6,django/django,1179394.532684,3,global_median,124252.1253105,False
matplotlib__matplotlib-13989,assignment-case-v1:edae4b02811c237a62fbfe5a87208e9b4e6dba1164c675a4579806792aac3547,matplotlib/matplotlib,88504.224394,3,global_median,124252.1253105,False
matplotlib__matplotlib-13989,assignment-case-v1:ee3b762c3f310d8c26ba1c4137762fdc596da5a103684811cd02568a86bebc1d,matplotlib/matplotlib,109245.457593,3,global_median,124252.1253105,True
django__django-15128,assignment-case-v1:f137ca8b39ec593fe336f918e13999337d76b68bd2b4fb9298f4fefa3725e02e,django/django,95600.655839,3,global_median,124252.1253105,False
django__django-15996,assignment-case-v1:f2963397443789c0c59955ff14804ecf287dd38e0c1a1bb0ba9c71ac2f408251,django/django,219747.322449,3,global_median,124252.1253105,False
django__django-13121,assignment-case-v1:f80866fb98b2655d4c79a897f7c940abde4e6d49895cd26973a4e718b6d35ecb,django/django,183872.348997,3,global_median,124252.1253105,False
sympy__sympy-24213,assignment-case-v1:fa3360db043ff790cee30536476b79de84d0b2c18c65ff46dc550e8efcce6b3f,sympy/sympy,121497.820942,3,global_median,124252.1253105,True
django__django-12858,assignment-case-v1:fb2a65d94c82bd1030bd62ace02004b7d82d9f75de9e040c7b75a508f521aef1,django/django,88576.216515,3,global_median,124252.1253105,False
django__django-13658,assignment-case-v1:fd46d6fd552c4019c70d5ea1aa0103558926807856dadc12d713b81b24326378,django/django,133427.218109,3,global_median,124252.1253105,True
matplotlib__matplotlib-13989,assignment-case-v1:fde41015acc8ec0b55ec7a5ab9911b6439df2d92eae6e9e2c863e4f489751abb,matplotlib/matplotlib,135239.437351,3,global_median,124252.1253105,True
django__django-12663,assignment-case-v1:fe1e4f66674ef17205e8f9884658775788e59b7342e4c5cfd5f7f26ead2daac1,django/django,131938.135728,3,global_median,124252.1253105,True
matplotlib__matplotlib-13989,assignment-case-v1:fe3768d266d884bf15dca24859e82ac70c1d0a3024f68c18718b7b74009a21c7,matplotlib/matplotlib,178714.757102,3,global_median,124252.1253105,False
django__django-14122,assignment-case-v1:fe92a02d48834881ffb40f81b0fa74cda68c6deeec0ee7823af9c89e5540f709,django/django,138861.730405,3,global_median,124252.1253105,True
sympy__sympy-18532,assignment-case-v1:febdb8130566a31a20f81f4255e3f2319201a54f3e67a08a68eb5caccd52fb9b,sympy/sympy,137365.551149,3,global_median,124252.1253105,True
matplotlib__matplotlib-18869,assignment-case-v1:ff159be01be197ef644d99a50422ac6f6b0554a61f492f9a8a878aa5c59cc448,matplotlib/matplotlib,182422.903033,3,global_median,124252.1253105,False
sympy__sympy-13974,assignment-case-v1:ffa565feeba1ec11fe70c438671b4c1947620d8f318d3a57b18fee640c1f379f,sympy/sympy,131847.105255,3,global_median,124252.1253105,True
django__django-13401,assignment-case-v1:012b1d6bec9cb005da8283490eb20ce2370ac8ec397a0a0878a9a9c6213c1a01,django/django,110565.857865,4,global_median,124919.82762699999,True
django__django-14351,assignment-case-v1:03fcb3f0cd186822946a3b34edecb76b9c21435ee4ccfb4411f10d605e9434d2,django/django,810683.200791,4,global_median,124919.82762699999,False
django__django-16527,assignment-case-v1:04d239f074d9a6a911c217b89bd882114df70d2d2f2167ec19dec6da087c179f,django/django,143821.577343,4,global_median,124919.82762699999,True
django__django-12276,assignment-case-v1:0594f0cf1237c4056e7441e50ade1acd55dc653998725a46eef43acc220f6698,django/django,131803.505397,4,global_median,124919.82762699999,True
django__django-13023,assignment-case-v1:06ad3af76d272f808add1583bee40ef2b52b74d711a917f25aac0163299806ac,django/django,129373.871885,4,global_median,124919.82762699999,True
django__django-11815,assignment-case-v1:0794f259e6815e802495ec955b90ce530d50ed7fa662e071caeb0e3a96ba6398,django/django,130813.337499,4,global_median,124919.82762699999,True
django__django-14351,assignment-case-v1:0b0396d1e5470b0316d95560e6f54b03850c3d9072e78d3a1e6072c16866c05d,django/django,98086.042394,4,global_median,124919.82762699999,False
sphinx-doc__sphinx-9229,assignment-case-v1:0b7ea917c359ea877d851343834dd79939ad595ffd3f75b1c567b83594769815,sphinx-doc/sphinx,109443.279426,4,global_median,124919.82762699999,True
django__django-14672,assignment-case-v1:0ba7ea04258a3d59a4027001f1ef69935cacb514a89ec77be726462dab930924,django/django,102321.566167,4,global_median,124919.82762699999,True
sympy__sympy-18698,assignment-case-v1:0bb6dc2cfe5c12973ecf64135c22b5e7c9086df5ad5d0cc1e7e997bb24fdc520,sympy/sympy,97441.28661,4,global_median,124919.82762699999,False
django__django-13158,assignment-case-v1:0c3e0b7731fbea3964807819ffe060b973179b58debbbd77a546584f1edfba49,django/django,142529.101165,4,global_median,124919.82762699999,True
django__django-14672,assignment-case-v1:0edcf5cb9f170b7ebde2be261cb3bf86b006d2fd0b68e53b493d1ba963943026,django/django,136999.511298,4,global_median,124919.82762699999,True
django__django-11551,assignment-case-v1:0f065410b308260975654054cb8fadc4b0abca375fec91a0827b863658354980,django/django,140337.671791,4,global_median,124919.82762699999,True
django__django-15315,assignment-case-v1:0f44a3916facc25d5c41a397686454e46d2cfdc23449811b29f5d8a105f0a321,django/django,117327.515275,4,global_median,124919.82762699999,True
sympy__sympy-15599,assignment-case-v1:1158d16a5ff444e322596a6ba34f7eab479b812bf9fae364da9b37dcefa25eb5,sympy/sympy,75315.277941,4,global_median,124919.82762699999,False
scikit-learn__scikit-learn-13584,assignment-case-v1:12b861c0cc9bb4bb73a097919a7c9cefbe5f4a17ce0715e9708ab2ceb7f6765c,scikit-learn/scikit-learn,106749.368568,4,global_median,124919.82762699999,True
django__django-11815,assignment-case-v1:13943e27210444fa0c592694c65790f9bd9f75c55b2be74e3ea1a68114dfe898,django/django,149486.205983,4,global_median,124919.82762699999,True
django__django-11815,assignment-case-v1:14273e8d1089a4a90dd8416d4bbd8d25cdc49a3d1dbc6985d44ec7e2b9ee1926,django/django,77242.156782,4,global_median,124919.82762699999,False
django__django-11451,assignment-case-v1:16a45eafe4bbd4e428b57b199d32aa2e28d7b6ff12f59931cf4838231b78ff24,django/django,116377.517771,4,global_median,124919.82762699999,True
django__django-12700,assignment-case-v1:18105acd69f6846ac5a27227fa9b5b33cb2e6ddc2eac91590c4238d88ebe3208,django/django,123428.480859,4,global_median,124919.82762699999,True
sympy__sympy-15346,assignment-case-v1:19847bab93df5ef1337c2852c5dfe193f8750c0ca248c38da1c89e1ee74bc01c,sympy/sympy,102515.686727,4,global_median,124919.82762699999,True
sympy__sympy-23191,assignment-case-v1:1af9a6149f125de883540e2964a79b9920a54459cbbaf39fc3a47e344f74a6fc,sympy/sympy,81997.280372,4,global_median,124919.82762699999,False
sympy__sympy-13615,assignment-case-v1:1b3d2fc487fe7217f6e8752f8021a19aa7319f56dd1105079c0121135a245f60,sympy/sympy,125520.073012,4,global_median,124919.82762699999,True
django__django-11815,assignment-case-v1:1bd056a857cacaad428b4a4cc1c31541e96e10a5979fec1191d578199102241f,django/django,191193.579052,4,global_median,124919.82762699999,False
sphinx-doc__sphinx-9711,assignment-case-v1:1bd56536f095b7b4d58ae764b803a7039e77254a1be1611f684a4fbaaa9e3817,sphinx-doc/sphinx,97816.509253,4,global_median,124919.82762699999,False
django__django-10999,assignment-case-v1:1bd8457f2c9e9caf2844af7e311320cb0133f710ed6ae7e18db444472778387f,django/django,138754.992439,4,global_median,124919.82762699999,True
django__django-11564,assignment-case-v1:1e2725448eb687e25fcb0ca4a3535f810d08c6736173f92f26f279d1bfd9c912,django/django,127838.369044,4,global_median,124919.82762699999,True
django__django-16256,assignment-case-v1:1efd3a1991afb14ce0b556dae39134c501128c98e40108abd1a8e17522e16068,django/django,170218.148354,4,global_median,124919.82762699999,False
scikit-learn__scikit-learn-13584,assignment-case-v1:1f6c4569ca3ee5f9af16174ea787673611cf05fa388cc5c639e1e160b5f23ec1,scikit-learn/scikit-learn,113656.68869,4,global_median,124919.82762699999,True
django__django-16256,assignment-case-v1:21031974b68d8a131e053f300c72814246bb0bb308e23cddc320bd932a1eecf5,django/django,149571.433509,4,global_median,124919.82762699999,True
sympy__sympy-23191,assignment-case-v1:21ff8faf5e35e4bbeaa663459378da16b52bd88fdd68c96b1b48d2578a0c4d4f,sympy/sympy,95528.684468,4,global_median,124919.82762699999,False
matplotlib__matplotlib-25079,assignment-case-v1:24816b3cb4057a3f0d5665dbcaca992241d90a1d19b47a74ede3e612da938742,matplotlib/matplotlib,240385.386659,4,global_median,124919.82762699999,False
sympy__sympy-22714,assignment-case-v1:2bc1826d52a1255e0d6aa0d93ea5386e98d77830dbaffe300a3cd0da9eccb705,sympy/sympy,103770.144,4,global_median,124919.82762699999,True
django__django-15851,assignment-case-v1:2ddd442ef3e5620d073f06b7f0efec3d4f05216977d0bdf29da6e4ff705bbd98,django/django,178158.727174,4,global_median,124919.82762699999,False
matplotlib__matplotlib-26291,assignment-case-v1:2f0f57afafb64f250bd8ac18e80c19491d193fa6195299ca5121903de7daa0b4,matplotlib/matplotlib,141283.691053,4,global_median,124919.82762699999,True
sympy__sympy-14024,assignment-case-v1:3088f46d42ba9bbc888e6e31d53bb2a893adaa7f9b728b49079197fdf9177a59,sympy/sympy,102228.122865,4,global_median,124919.82762699999,True
sympy__sympy-14774,assignment-case-v1:331ea9a8fd205b7c10a4acb4293f6a3d1cfa96fa093b5f91ee83b77ef1b91bca,sympy/sympy,114466.058661,4,global_median,124919.82762699999,True
sympy__sympy-16503,assignment-case-v1:3326271f2aa05bb007d8018244393df955cadb165dc3088833892c3382e0cdb9,sympy/sympy,129736.306873,4,global_median,124919.82762699999,True
astropy__astropy-14309,assignment-case-v1:3426890a15c829149bd47c08f960adb6693c1f00b4200deafb3e8334bb7fc7ee,astropy/astropy,211893.240726,4,global_median,124919.82762699999,False
scikit-learn__scikit-learn-25570,assignment-case-v1:344742f5344c6aa240153500a68c24a4f444aa1a86b5931d211a00bb69bbc49b,scikit-learn/scikit-learn,100949.221781,4,global_median,124919.82762699999,True
django__django-15382,assignment-case-v1:3476f64f7bb302eb90cf200409cea095f15809b505cb5ed92a2a71f6d4af99e6,django/django,103948.913585,4,global_median,124919.82762699999,True
django__django-13516,assignment-case-v1:350ba631bcd91d0d9f2825ba7e70ae7138e0732964d0d03ac8bb13fe5c7e377d,django/django,127196.927571,4,global_median,124919.82762699999,True
matplotlib__matplotlib-25960,assignment-case-v1:3adc9a7af37426ccea9368b7478fb98c83fc0f1f59be6384f9ef7905164dadea,matplotlib/matplotlib,126446.462511,4,global_median,124919.82762699999,True
sympy__sympy-23191,assignment-case-v1:3d32d21597ed7f6da62b0d741a0287a4731ed5467e5bd667253c025a975a9e1c,sympy/sympy,104173.229314,4,global_median,124919.82762699999,True
matplotlib__matplotlib-24870,assignment-case-v1:3e75c1e1ea99d5001474afd9b0752fa8d3c5a79b9879de16c8d8340469d6a7b1,matplotlib/matplotlib,314146.531732,4,global_median,124919.82762699999,False
django__django-15127,assignment-case-v1:3e7fbf7f0d875c365a86114e17db035aa9707ee809b41e25075d2c9e7d6def77,django/django,118020.940105,4,global_median,124919.82762699999,True
sphinx-doc__sphinx-9230,assignment-case-v1:3f2c1eb55084228765afa92ec4331fd867e4c81c9e9867f8629aa83f027c4d32,sphinx-doc/sphinx,117922.929243,4,global_median,124919.82762699999,True
scikit-learn__scikit-learn-10297,assignment-case-v1:3faafd664de28fe014a80f6708917a3f0a2fa90b01cf60e01f96466deee81be5,scikit-learn/scikit-learn,164802.475269,4,global_median,124919.82762699999,True
sympy__sympy-23191,assignment-case-v1:4059b27e65f5689193de2e21d55a3c081fa896f41103bc561f9c6c3c8de64e73,sympy/sympy,104750.548881,4,global_median,124919.82762699999,True
sympy__sympy-23191,assignment-case-v1:414b72f26dfb6ba2bce344d0e84a3ce012d3b9fae9366e139bdbff211d4fe2fb,sympy/sympy,114328.899741,4,global_median,124919.82762699999,True
sympy__sympy-24066,assignment-case-v1:42c9535adc263444e4afb0d12cd4a04d05bba852c3894b1d9cd54ee0628d63fd,sympy/sympy,108605.284799,4,global_median,124919.82762699999,True
django__django-13410,assignment-case-v1:438747af686f2a9ca93d75b04c2c9ad5ad87c212973fe42552f712f391f49e07,django/django,125808.27007,4,global_median,124919.82762699999,True
sympy__sympy-16597,assignment-case-v1:45d10ac0bc82f763a8ce308170eb2ff2041f2b35d300f738d7236543a9e8e3ed,sympy/sympy,81692.255594,4,global_median,124919.82762699999,False
sympy__sympy-23191,assignment-case-v1:4793868ce5aa70d5578aa92d2383adae7d918c3816ff7039e0491df9be3c4100,sympy/sympy,118181.853207,4,global_median,124919.82762699999,True
django__django-11138,assignment-case-v1:486cf8ad6adda774d315acdd1dc0c80f54cf60c1ef903ecb371971e4abdefa0c,django/django,98022.766709,4,global_median,124919.82762699999,False
django__django-14351,assignment-case-v1:48b4293203f97dcc78e274ca3ec1463203ede2e0f2e461115733080a17a6970a,django/django,96498.442479,4,global_median,124919.82762699999,False
django__django-11815,assignment-case-v1:49f2c3cea4e480dd864ef985d15c78fbc8634536c78aa2ebd5af24b1945d04e1,django/django,205895.923425,4,global_median,124919.82762699999,False
sympy__sympy-23191,assignment-case-v1:4ad6f9809603d99ac4c6793aa20511487d6fd648e31a83d179dc3233778dded9,sympy/sympy,125521.572429,4,global_median,124919.82762699999,True
django__django-14351,assignment-case-v1:4d7478766defc938e6da3449bbd5fa2218ca47630f84b9e9ce618f8312d3913a,django/django,102008.852832,4,global_median,124919.82762699999,True
django__django-14404,assignment-case-v1:4efefb0ab50dd274ea71b10d87d7eedb3fbf7ddf68a18bb6ee3d300ad9e30864,django/django,122067.397902,4,global_median,124919.82762699999,True
django__django-15202,assignment-case-v1:512cb93857a97a7cbf22dbbc844cd4832e08665bccd17325495b900737efcab7,django/django,173589.228368,4,global_median,124919.82762699999,False
django__django-14351,assignment-case-v1:5288165d1b5b439579ec6af622e45bc549457135c6a67becb06ef6e80ffc66d9,django/django,120807.759226,4,global_median,124919.82762699999,True
pytest-dev__pytest-6116,assignment-case-v1:52a795f368d985eaa1279d7208177c88e95df1ebdb9b28b955c4473cf7e22a9c,pytest-dev/pytest,100363.088045,4,global_median,124919.82762699999,True
sympy__sympy-23191,assignment-case-v1:551b8929e52f41dd3c0f7da18e22b17a4934b7fc083dc6b577a2fa35efcf24ae,sympy/sympy,102476.993873,4,global_median,124919.82762699999,True
django__django-14351,assignment-case-v1:554f81f81d2cd4fda5954ef93833d98e48138ed11af505781fa7d90b31218372,django/django,152573.765385,4,global_median,124919.82762699999,True
django__django-14771,assignment-case-v1:55c11565d8b9a5ca8e35ec65c8633420a591541a3b45e638ea830259085789b4,django/django,110652.275019,4,global_median,124919.82762699999,True
sympy__sympy-23191,assignment-case-v1:57189ebdaf0e2c4371ff8e8ecd18c9dc4161e280188fd19c40a8c36ef27501cc,sympy/sympy,171088.815025,4,global_median,124919.82762699999,False
django__django-14351,assignment-case-v1:5821185cc481582a3883542eee9eb03ef3a812a91c1125d171c56e49010b4446,django/django,107326.243205,4,global_median,124919.82762699999,True
django__django-14351,assignment-case-v1:5888ac8a92320faeffca27b25638677bd4ebacef4820905aec782824a30e3322,django/django,150857.544894,4,global_median,124919.82762699999,True
django__django-11099,assignment-case-v1:59604633a272b14d29fce6c29c559ee397635d2fe45beac5d146f0d8ab79d93a,django/django,133932.258691,4,global_median,124919.82762699999,True
django__django-13807,assignment-case-v1:5ab50c034a3dde223c9184d0d8c8f540cb9674394ac9b855304b7ecd8420c9d0,django/django,119857.95774,4,global_median,124919.82762699999,True
sympy__sympy-23191,assignment-case-v1:5c5a0e285d5e81101e103952be5017aea69db638fd45ed31fc682b9b6580a659,sympy/sympy,112813.626377,4,global_median,124919.82762699999,True
django__django-10924,assignment-case-v1:5eaf5e44890b026902d439f2efde3618d4e01485de435b5b245fa400e68a42f1,django/django,154534.275269,4,global_median,124919.82762699999,True
django__django-11555,assignment-case-v1:5f48890d11aca76b33783bd13fa7296c21159fb29942efad506dfe73a9df7cb3,django/django,114148.547315,4,global_median,124919.82762699999,True
django__django-11815,assignment-case-v1:613968df89222098c54cf6bc72d7eeed81207507864e949f206b28fa353ae405,django/django,152421.953463,4,global_median,124919.82762699999,True
django__django-12708,assignment-case-v1:64929221fd5dfec1713e8b40bd068a43949bd00cc7ce15f53557ac394678fb5c,django/django,117002.214371,4,global_median,124919.82762699999,True
django__django-12113,assignment-case-v1:67eea6c14dd2f70aae50a187410eabb16398036f60c7480d53befbc15abb6abc,django/django,232226.331645,4,global_median,124919.82762699999,False
django__django-16527,assignment-case-v1:68442e8f5b5b4b7f0657dca5e0e7d895052d574eb1eac2439388ba801d6ed26d,django/django,136375.904129,4,global_median,124919.82762699999,True
sympy__sympy-23191,assignment-case-v1:69c649001031fca9d5e35d301db93125e9e6fc9844309e022446f34e4e74bd23,sympy/sympy,51920.753879,4,global_median,124919.82762699999,False
django__django-13660,assignment-case-v1:6a9e3d61d94cfd54bee06859dbde5528221601a3c1c156c5a3d6e26fdec0c23d,django/django,107805.077776,4,global_median,124919.82762699999,True
django__django-16408,assignment-case-v1:6eaa0843d9869c3a3e4daba0d6f9a507ac21cfacaf47d98dbf9aa740611213e6,django/django,123662.089923,4,global_median,124919.82762699999,True
sphinx-doc__sphinx-8459,assignment-case-v1:725509c8de715e2420b73c4d48ebcae82c75def6c68b8a40414305406f59d4cf,sphinx-doc/sphinx,83256.509863,4,global_median,124919.82762699999,False
psf__requests-1766,assignment-case-v1:729107455469616282318e67e6e6125408f3cf28964cd048f9c800ce02e69a7e,psf/requests,168406.072377,4,global_median,124919.82762699999,False
django__django-16256,assignment-case-v1:730a630220c7d92b269ec1cbd855c688941c1b7cb4a307cf29710547e2aba432,django/django,1068478.22039,4,global_median,124919.82762699999,False
django__django-15320,assignment-case-v1:7374c7c738edb2381a817a93387f5b08b1883936ab93756097d2ea6bb220870c,django/django,105681.702011,4,global_median,124919.82762699999,True
sphinx-doc__sphinx-7910,assignment-case-v1:752cd4703d4100506d1f9a5e65ca63fb2e5c5e150b27b3d6408a530e9d646ade,sphinx-doc/sphinx,184969.765211,4,global_median,124919.82762699999,False
django__django-13810,assignment-case-v1:7593042d206fe77eb7a942424ee401a14a443b6794284bb9ca63eb4cb076eb80,django/django,124452.596539,4,global_median,124919.82762699999,True
astropy__astropy-14995,assignment-case-v1:77d428ed98d5a118cd6e81c8693f3a45181e8bd21870a6b0bce11c278a0d9832,astropy/astropy,121452.014845,4,global_median,124919.82762699999,True
matplotlib__matplotlib-24265,assignment-case-v1:7861eccebbc54b8383894a3ddb5f92399afeee80793af8ebd112dbfe884bf480,matplotlib/matplotlib,133911.126413,4,global_median,124919.82762699999,True
django__django-15268,assignment-case-v1:78e12fa9ff4067664f162a63af390cc44857f988a954f0abe118661b11bda92c,django/django,143634.492667,4,global_median,124919.82762699999,True
astropy__astropy-13977,assignment-case-v1:7a302ad31c3fdc416152a8a7f5dbdd89361c83e0d4ea0d51d87723daa05da37f,astropy/astropy,103176.548518,4,global_median,124919.82762699999,True
scikit-learn__scikit-learn-14053,assignment-case-v1:7f8c7e9c4075be3456d433ad283adbd24cae1c6970ac47f5f207a3ab20f94e9e,scikit-learn/scikit-learn,126087.46742,4,global_median,124919.82762699999,True
django__django-16256,assignment-case-v1:80fb0d2acf1dc547db524d1eec160db9efc0a36bc92d049937c9661a2b117cfe,django/django,103985.259859,4,global_median,124919.82762699999,True
django__django-11620,assignment-case-v1:817603479dd48aeea5b7295b83588ce5d410d0decd5a2a8206a2ccb656da413b,django/django,167165.078752,4,global_median,124919.82762699999,False
scikit-learn__scikit-learn-13584,assignment-case-v1:820253cf4198d82d5167a7d9302218c57e81e3732ba36c4bf99f98509ad75ba4,scikit-learn/scikit-learn,101304.027272,4,global_median,124919.82762699999,True
django__django-16256,assignment-case-v1:8324403bf4ab42db38a4237a3e683ac5b256e4800f3fef9af8fd20c1ed787179,django/django,136024.297758,4,global_median,124919.82762699999,True
django__django-11815,assignment-case-v1:843a5d2960de51cdf8f46c9cb42421ca056c45f4cac99c1e75690e9f0552e0b0,django/django,133467.136693,4,global_median,124919.82762699999,True
mwaskom__seaborn-3407,assignment-case-v1:84cd06ec58b90cb6d62e69d4b020d8bd0e6bf83a81c01c049d1ce7d8113de7e9,mwaskom/seaborn,172018.815598,4,global_median,124919.82762699999,False
astropy__astropy-7166,assignment-case-v1:85a80e46cd63390877eec84a78f638483c9eb421090a709d0309d7ce56b29aed,astropy/astropy,134380.961956,4,global_median,124919.82762699999,True
scikit-learn__scikit-learn-13241,assignment-case-v1:86484410dbfedd5cab716cfd64c0f91e85a5841d96f2415a47d6f204f202d07b,scikit-learn/scikit-learn,149353.670416,4,global_median,124919.82762699999,True
matplotlib__matplotlib-20488,assignment-case-v1:879033569cedd72ef09ebba4397ead58e7a2064500a8013155d2d1f6196f1f70,matplotlib/matplotlib,169059.014656,4,global_median,124919.82762699999,False
scikit-learn__scikit-learn-13584,assignment-case-v1:87fd12b63af31c6868e10f5c4ae6cdbdc3183ba5c46e63683b2b8c4822df9d90,scikit-learn/scikit-learn,99978.445087,4,global_median,124919.82762699999,True
sympy__sympy-18698,assignment-case-v1:884a53bcdccb8a4b1ef007c168aeca5f79a51ed365a92421b6b3cb814882d8b4,sympy/sympy,75554.561079,4,global_median,124919.82762699999,False
django__django-15987,assignment-case-v1:88c6826fc97f803a02c904c273c6c2b92cda59b9c91d30e4e17d4a30cf2f097a,django/django,151040.901979,4,global_median,124919.82762699999,True
django__django-13158,assignment-case-v1:8967b82c445541d914667dacafe1c91d1090a53022ac228f6b8f53f4f0edb5f4,django/django,1309406.510747,4,global_median,124919.82762699999,False
sympy__sympy-14248,assignment-case-v1:8baced33b66ab4f395268370adebfd1b7769cf40ff1006e5c20b137fec15726d,sympy/sympy,87385.658458,4,global_median,124919.82762699999,False
sympy__sympy-24102,assignment-case-v1:8c24993b52f456fe79319e43e6466c8e777ecdd8fdd6818d3306279bc8226a9d,sympy/sympy,118792.409323,4,global_median,124919.82762699999,True
sympy__sympy-23191,assignment-case-v1:8e153d7385ffcd40fe36c420c932998b71e2875a9969d55abc94c3b683c394d6,sympy/sympy,98838.75605,4,global_median,124919.82762699999,False
django__django-11815,assignment-case-v1:8e7e4a75b338b3d50cf7a5da39c95b546e320418830755faa26136672b4220d1,django/django,143485.992548,4,global_median,124919.82762699999,True
scikit-learn__scikit-learn-13584,assignment-case-v1:8f19fdec99611f442997b50f8ea2cdf17f0f9dc1915106f63290fbdd8ad77bdd,scikit-learn/scikit-learn,112535.665225,4,global_median,124919.82762699999,True
scikit-learn__scikit-learn-13584,assignment-case-v1:91d84155cb8709f4e7d417f19ddf10e019a93cc382befec72b0f67557c2bb60a,scikit-learn/scikit-learn,63309.372018,4,global_median,124919.82762699999,False
scikit-learn__scikit-learn-15512,assignment-case-v1:91f20cfbff27367fb5fcea5480ca07c595ea8c5ebfc96b18e439a0bc751307d5,scikit-learn/scikit-learn,148189.299413,4,global_median,124919.82762699999,True
django__django-16032,assignment-case-v1:942d4b9b3137a84272f46d1f62b9f7749fb7bf082461a2efc3dd3b161788c69f,django/django,94599.252673,4,global_median,124919.82762699999,False
django__django-13128,assignment-case-v1:97414efb5f5c55ca0a3d649d7c11511d9a6d69bdfc7add80f0cb066166b83b7c,django/django,130779.137179,4,global_median,124919.82762699999,True
django__django-14351,assignment-case-v1:974b50b95bf3c463f64e07953fd787bd5439ed580fe9d2300e63103520b10d92,django/django,113144.564399,4,global_median,124919.82762699999,True
django__django-11815,assignment-case-v1:9911f9f61d30c5f7793110b177e39f72b879750695dd527502eb8a8ec4d7fe52,django/django,105464.7227,4,global_median,124919.82762699999,True
django__django-11099,assignment-case-v1:99435b896d3b81b583e405eac609fce6050a29ba713dbd88a6afb15d2b8c872d,django/django,172382.48062,4,global_median,124919.82762699999,False
scikit-learn__scikit-learn-13497,assignment-case-v1:9a9727379935b065dc8bf627ac949de1156463de8b946916f6f374a9fb3e643d,scikit-learn/scikit-learn,119666.565642,4,global_median,124919.82762699999,True
sympy__sympy-15345,assignment-case-v1:9af15000c41058d2863d42753b43d4419f8f83fdeff84281808f1605f0562d43,sympy/sympy,129582.664789,4,global_median,124919.82762699999,True
astropy__astropy-14096,assignment-case-v1:9c52e80d1293b2f33b6b8e21e3ce977fdf188b55561ed3ad0bf0897d21f75219,astropy/astropy,129996.911572,4,global_median,124919.82762699999,True
scikit-learn__scikit-learn-13584,assignment-case-v1:9d57ad035401c3efa47531ff497573dbefd3187f318f55a1557c8dbe5f53473e,scikit-learn/scikit-learn,113866.145224,4,global_median,124919.82762699999,True
matplotlib__matplotlib-23314,assignment-case-v1:9e30d6a9093a4aca04e4b977834fc9fcdb41efa04e746202a51d0298cdd78211,matplotlib/matplotlib,202098.943727,4,global_median,124919.82762699999,False
django__django-16256,assignment-case-v1:a04fd5354ba61d5fe8640fd1a1b3d2020e593166aa819c64910e24b85269f846,django/django,172175.631504,4,global_median,124919.82762699999,False
django__django-15695,assignment-case-v1:a1d00bbc4240f49ed5b150eb900e9d2800c14d8e0744d6129af7f5268b13a2b4,django/django,163991.255602,4,global_median,124919.82762699999,True
django__django-13964,assignment-case-v1:a1ea7409094d8641be55f5319cd3fc0b0a32d145f121edad36ba66e0f69945c8,django/django,992417.263218,4,global_median,124919.82762699999,False
pytest-dev__pytest-7324,assignment-case-v1:a1ed9f5d6de77ffd4083d61c45e8ec1fd17aab4fae782b401e62eb6c03424649,pytest-dev/pytest,114353.298829,4,global_median,124919.82762699999,True
pytest-dev__pytest-7490,assignment-case-v1:a455f84b8a8a98922d0f0d878b5e9a547a4ded1a67d36d797be882c1ab45bf0c,pytest-dev/pytest,113616.172684,4,global_median,124919.82762699999,True
django__django-13401,assignment-case-v1:a7d226a48a98da2425f80cb37942238f1d60e79b062397ff43584e4819510e4a,django/django,129141.892462,4,global_median,124919.82762699999,True
astropy__astropy-7606,assignment-case-v1:a8ef5c1d6888807d84235d8f1bacbae74c6af6d55c165526955ddb048f727fca,astropy/astropy,126456.911351,4,global_median,124919.82762699999,True
sympy__sympy-15345,assignment-case-v1:ab4cc527a1c8e5293bc636527c6125a06ab2772a614ceb7669ef33ec40576238,sympy/sympy,102975.935283,4,global_median,124919.82762699999,True
django__django-15695,assignment-case-v1:ae549aff6c0094d1775816e1a13e009769fdb515c4cde2932543a0d2ca687984,django/django,159279.72513,4,global_median,124919.82762699999,True
django__django-12273,assignment-case-v1:af0504e6122e45b5694ecead62a7b9ca8216208f3a7b6a1e602ac4daddd07e04,django/django,191864.179431,4,global_median,124919.82762699999,False
matplotlib__matplotlib-23314,assignment-case-v1:b1587275431d9c1e493c311f012e0a502bd71a84e52f37173ace94fa9ba0a488,matplotlib/matplotlib,320175.371485,4,global_median,124919.82762699999,False
sympy__sympy-15809,assignment-case-v1:b4d42d0ff481720777fac78d45e7cd1d6ba82aea8d6e048b87e468b31c52be49,sympy/sympy,89230.778023,4,global_median,124919.82762699999,False
django__django-12708,assignment-case-v1:b53269e4a45706f0ffc80c40f6f423a032eb522ef2829425335a3ca26f655302,django/django,115794.753839,4,global_median,124919.82762699999,True
scikit-learn__scikit-learn-13584,assignment-case-v1:b5cc486ac2a296da3b1c7ee978532d1e476b93ee0b35bf0c15ce682349257fd5,scikit-learn/scikit-learn,98862.778097,4,global_median,124919.82762699999,False
django__django-15347,assignment-case-v1:b67fa6aafa63ccdd9f1bdda069beb32f68949bb906851f999580221483462549,django/django,137819.555598,4,global_median,124919.82762699999,True
django__django-15280,assignment-case-v1:b777d74a80a10389320b35f438b5aa85bc5088faed1efa32fb44aad1e1fe15d9,django/django,109847.892892,4,global_median,124919.82762699999,True
django__django-11885,assignment-case-v1:ba2f3eb01a65806f6af23acc172c9a2280d5ab9ad68eae4a4471e01bab9898d6,django/django,153136.355608,4,global_median,124919.82762699999,True
django__django-14351,assignment-case-v1:bb1bef986dc55d547d8b57702c66369afda621973e86c1020eab4068546e1416,django/django,132262.802794,4,global_median,124919.82762699999,True
django__django-10914,assignment-case-v1:bb92fe709b9c5038de54895100bc11f897b5aa00a94f517e86a0c1f440422520,django/django,150288.703458,4,global_median,124919.82762699999,True
django__django-11815,assignment-case-v1:bc4b05d5f13625e58de7d418823c9db2e7bf50f6cc17f599bf180382502803ca,django/django,259309.75076,4,global_median,124919.82762699999,False
sympy__sympy-24066,assignment-case-v1:bd163ea6b8b68798a450445067c538fa8c946bb74c55fd263f9006194d21db30,sympy/sympy,178801.53862,4,global_median,124919.82762699999,False
astropy__astropy-14995,assignment-case-v1:bd9a5f86f225b75a329ec80978e730b5f7a0c8c8db143b425d5d1a84cec7ccc7,astropy/astropy,241798.517391,4,global_median,124919.82762699999,False
django__django-16256,assignment-case-v1:bed30dac43776650dd4b8d4b7f993650a5aab3b4f8bb50ac89c420510b889cb3,django/django,148807.636886,4,global_median,124919.82762699999,True
mwaskom__seaborn-3187,assignment-case-v1:bfdaf4b0b48fe179cde4ca9c34d5a6b282094c0705afa55befda6bbebf441006,mwaskom/seaborn,201139.028644,4,global_median,124919.82762699999,False
sympy__sympy-22714,assignment-case-v1:c0efde6fdb3a807f1ca03033b18689273e237a22a6709af4a9e3054d89432f2b,sympy/sympy,101934.370543,4,global_median,124919.82762699999,True
sympy__sympy-18087,assignment-case-v1:c3025c2ef4adea178414707d7a35c1eab3632cb5651189308089daaece2d14cc,sympy/sympy,47735.227222,4,global_median,124919.82762699999,False
sympy__sympy-15609,assignment-case-v1:c36a612a784baff8f799467c54fe3574b7bca5778339d7a9b00f00bd4a927a71,sympy/sympy,112641.484147,4,global_median,124919.82762699999,True
astropy__astropy-14598,assignment-case-v1:c42969813ab98d3788e643d3f47d59a358fed008b074d4c882347e7e5f9d0ffb,astropy/astropy,160007.40483,4,global_median,124919.82762699999,True
sympy__sympy-18763,assignment-case-v1:c65fe18ade7200073c516210d6bc53167d9d15632cefa4988c9acff2a8ecec4e,sympy/sympy,91846.968179,4,global_median,124919.82762699999,False
django__django-11265,assignment-case-v1:c9e8f96f666081cde813b7c1b561b601d24c98a63a7ae1a667cc590453a1bc17,django/django,92004.931586,4,global_median,124919.82762699999,False
django__django-13212,assignment-case-v1:cb376575c658644e91d55b5e702641704027686f1fef91366964d0fb4cd08f23,django/django,130149.191572,4,global_median,124919.82762699999,True
django__django-11049,assignment-case-v1:cb7048bd6f9c166ce005ace1033d5e7d5187e913be84cd0820b57a58cd0bbc7b,django/django,124143.292567,4,global_median,124919.82762699999,True
django__django-13195,assignment-case-v1:cbbb5f692fca99b2710f9b10385b838c5b2bea5d3a0df3173c79a0d74f8448ce,django/django,152737.985885,4,global_median,124919.82762699999,True
django__django-16642,assignment-case-v1:d25586467f9f2149a0cd5bea6433342706aa79348fb0c6f5e2ff7b5efb13872d,django/django,107181.107937,4,global_median,124919.82762699999,True
scikit-learn__scikit-learn-13584,assignment-case-v1:d3171c886b7e4dee907fd1299bf28a89f15af982571fdbf1834b3fbb97246c5d,scikit-learn/scikit-learn,102266.184608,4,global_median,124919.82762699999,True
scikit-learn__scikit-learn-13584,assignment-case-v1:d89777024654b230d623eca4dd4ecc002dab80eba3278f47f42be0175ce16e89,scikit-learn/scikit-learn,95409.501581,4,global_median,124919.82762699999,False
django__django-15061,assignment-case-v1:db6ca197fb5edb1eafeebd43693f62d9a79744e7366859280b68f33404396a38,django/django,153788.274934,4,global_median,124919.82762699999,True
matplotlib__matplotlib-26208,assignment-case-v1:db9bb5b00f9b3e40f504e29f5c2d63166216918214ef84328b5e929cfd7fdad8,matplotlib/matplotlib,162626.969553,4,global_median,124919.82762699999,True
django__django-11490,assignment-case-v1:dcb72a6797080ae7e58ba82d9719ebb377d89e064d86435d574bf4c63f088a5a,django/django,143091.162145,4,global_median,124919.82762699999,True
django__django-14493,assignment-case-v1:dde138aec895c494f00a48afe443f5d1efc12fd364f24340a674c042213bc943,django/django,124216.181581,4,global_median,124919.82762699999,True
sphinx-doc__sphinx-8282,assignment-case-v1:ddeeb3d8eb88f8804597271f77bccfc883fe3f6d3fd1cb0919b0ce097dd66959,sphinx-doc/sphinx,109566.417205,4,global_median,124919.82762699999,True
scikit-learn__scikit-learn-10297,assignment-case-v1:dfb3cc098307acacc57089da49193dcfe17d6ad9866ed690a4343f2ac25bb084,scikit-learn/scikit-learn,130000.838056,4,global_median,124919.82762699999,True
django__django-11815,assignment-case-v1:dfdc5aa67519637d08f6c219233606201cb257512fbbf0e91973776f7a932e0b,django/django,150348.17373,4,global_median,124919.82762699999,True
django__django-16256,assignment-case-v1:e112ec09774c7765de4bde455c4f695b81afedaf61afaf7a2367e1d666480c5d,django/django,123215.345352,4,global_median,124919.82762699999,True
scikit-learn__scikit-learn-13584,assignment-case-v1:e19d0cd61641bbac4fa0fb4aab76233df0c49ad0a47e77ca1bcb49e4390a1c47,scikit-learn/scikit-learn,119853.985997,4,global_median,124919.82762699999,True
django__django-16116,assignment-case-v1:e24c9b60fa819f46e7fa04b15ee46a41184e7852fce39fa705df63e2853b69fb,django/django,94385.955392,4,global_median,124919.82762699999,False
scikit-learn__scikit-learn-13584,assignment-case-v1:e26b953b8a6af52439219422938a0a24c367f2a76769cbfb57d94abdac4adb93,scikit-learn/scikit-learn,111591.466145,4,global_median,124919.82762699999,True
django__django-14155,assignment-case-v1:e3141317086e0fea67faa9aa4c06315bebddfc0ca49f5655927cfee638f19f57,django/django,114589.417339,4,global_median,124919.82762699999,True
django__django-11815,assignment-case-v1:e3ed706fed697cce1b7352bf7e01103d12da4d0527cf108304ecdc37e2fb855f,django/django,129466.305436,4,global_median,124919.82762699999,True
sympy__sympy-24539,assignment-case-v1:e55921dd6a9280a7c83fe90742330deaf3694f706563f3bde736f92978caf8b1,sympy/sympy,96742.665986,4,global_median,124919.82762699999,False
sympy__sympy-23191,assignment-case-v1:e84c42f58d87814515712cd4175938a1777e453bccc313bedc2cd8d81c54aa2d,sympy/sympy,104242.761155,4,global_median,124919.82762699999,True
django__django-14667,assignment-case-v1:ebbe0c2bfa75cefd8afda1e98d0637f92d5a59c5eddaadaf1d3aed3c6c0e5e5a,django/django,127952.762305,4,global_median,124919.82762699999,True
django__django-16256,assignment-case-v1:ed2d265372ed9f6f4713b853f00671e6e9f3732c5ae24c73bda9787f84f2f274,django/django,127736.820716,4,global_median,124919.82762699999,True
django__django-14351,assignment-case-v1:ee469232595b108e12fa6d709b7e3dccf367b44655ea7b834b80f84806c659bb,django/django,142070.778195,4,global_median,124919.82762699999,True
django__django-14351,assignment-case-v1:eec913bb1fcee2034f9b8f41e51ae2f978c327250e5c912ecc1497e2bc874a71,django/django,55529.480144,4,global_median,124919.82762699999,False
django__django-10914,assignment-case-v1:f00ccb5d293f81f52229cf10b6036ee73903cb4bbc1540ae5afe95bc960d04af,django/django,205747.323644,4,global_median,124919.82762699999,False
django__django-16938,assignment-case-v1:f11e018669284ec8ee050991d068c46b443af70590e9abd4afe77a6a1063c068,django/django,164073.378115,4,global_median,124919.82762699999,True
django__django-16256,assignment-case-v1:f1593780e4e9aff2d5772b52f016f15ed4d9facd15a692bc3f1d0a783b9e5d87,django/django,124403.178193,4,global_median,124919.82762699999,True
django__django-14155,assignment-case-v1:f1f7abbd07d92360ad329b832f209e9e9a6901162dbb61e6bc20263382bb5750,django/django,141411.108725,4,global_median,124919.82762699999,True
django__django-16256,assignment-case-v1:f2ed310c9357fad0215861f78bf3e1cb483eac9c6b47a39f40663ef5acb52617,django/django,132490.367243,4,global_median,124919.82762699999,True
django__django-11815,assignment-case-v1:f54c472786c38f53968efdddeeafa00c11fead732d118257053f33d42b913b11,django/django,114041.599959,4,global_median,124919.82762699999,True
django__django-16256,assignment-case-v1:f5f1eff2ad27391ef4cdf20fa2a903f5574b4af426d52ba9f940fead575a08f4,django/django,54287.267415,4,global_median,124919.82762699999,False
django__django-11815,assignment-case-v1:f61f392239c79a4da8e54e9fb813ac74e41b7ae264093db82f105f79aad980c2,django/django,145269.579217,4,global_median,124919.82762699999,True
django__django-15790,assignment-case-v1:f6982513b6d62485fdf626518a5f021e33fc58c4d54be1f4bd0de1758ee58fec,django/django,118269.054514,4,global_median,124919.82762699999,True
django__django-13964,assignment-case-v1:f6cd4c89889727fdcb8d7cda2ec7f4c6107a02c29481ea3092562944089b0583,django/django,134493.359641,4,global_median,124919.82762699999,True
scikit-learn__scikit-learn-13584,assignment-case-v1:f8d6893ed1f2292868d6194f9960bb24d46cb21079d89f9caf1cff03dfa2e2e7,scikit-learn/scikit-learn,122508.50897,4,global_median,124919.82762699999,True
django__django-14351,assignment-case-v1:fb5b58d2065f9cb7fa3584b0954e9e2e99193569513cf46506606b8f6745648d,django/django,100786.736783,4,global_median,124919.82762699999,True
django__django-15851,assignment-case-v1:fce63cf4fd1c36f01cf62c19b7105e9a6f732e92dea73a8319aae114bc2966eb,django/django,174508.663968,4,global_median,124919.82762699999,False
pytest-dev__pytest-7490,assignment-case-v1:fd586d6bbf8de140ea87fac3132c4ab889fc28b460b6792a4d9b673be4b7b6bc,pytest-dev/pytest,168594.208044,4,global_median,124919.82762699999,False
django__django-12856,assignment-case-v1:fd9e97538667718ec28cda5bfd4f7266d72a4502f81d29ce50e2f6754dbff0ab,django/django,118246.171594,4,global_median,124919.82762699999,True
django__django-16256,assignment-case-v1:ffe8a2c3613c3da7b443b805dac5838da048ede22b197542531638fedf2e527c,django/django,1347129.159161,4,global_median,124919.82762699999,False
django__django-17029,assignment-case-v1:00a98b5222ae0b560df13973a829033e022f789411689a76c75c86185ecdf799,django/django,109868.087849,0,repository_median,129931.4861505,True
sphinx-doc__sphinx-9367,assignment-case-v1:019e48545f8b4df6e16f54adb67988818100bf35c86f89c3f00cbb7d56f210d5,sphinx-doc/sphinx,78775.093025,0,repository_median,117922.929243,False
sphinx-doc__sphinx-9367,assignment-case-v1:03f146f02750595e40d79df3736614566ddc3784d5a583c40762ce12b292f7aa,sphinx-doc/sphinx,89869.912492,0,repository_median,117922.929243,False
django__django-17084,assignment-case-v1:05ceffc69c44e8fbeeceffda66a28f24d25ecaae234d55bc34e74002a10189b8,django/django,140082.16595,0,repository_median,129931.4861505,True
sympy__sympy-21612,assignment-case-v1:0645b1a474b4d2ddb9f4ca771dd1c29d5550846e02b8c5569eae688b3ffe0898,sympy/sympy,105229.008302,0,repository_median,108605.284799,True
django__django-11603,assignment-case-v1:06f08a392b6dfcb683338b13de748457832dfeb21655d9b578f204559b451988,django/django,149505.44073,0,repository_median,129931.4861505,True
sphinx-doc__sphinx-10325,assignment-case-v1:0794c7d7114d1fed3e281106f47ad72592749f0ad5fbb303144ebba8980f9f22,sphinx-doc/sphinx,109182.616998,0,repository_median,117922.929243,True
sphinx-doc__sphinx-9258,assignment-case-v1:08c0c23e0d7261698b168d4d12d8ca939a628500b3a57765b5dfe05eb9655526,sphinx-doc/sphinx,105785.09635,0,repository_median,117922.929243,True
django__django-15161,assignment-case-v1:14fd65389b798724dfa7d28ee48ca19db7ad1d818d9a494769e3b7a25199c538,django/django,134711.798726,0,repository_median,129931.4861505,True
django__django-13757,assignment-case-v1:15334bfc89a03314b3ebd304df04f6d05d14f1fd7a6b48f4b7d79e81fa44afab,django/django,144414.846995,0,repository_median,129931.4861505,True
django__django-15368,assignment-case-v1:163326e2370fa3b7576c2c9deed060009d17922afe8e6d25f084b5f27b0260bd,django/django,146709.762712,0,repository_median,129931.4861505,True
astropy__astropy-14539,assignment-case-v1:164bc0089deb9287c43c4a4705f118e8b0201a4c0a950759f3df3f1301d664df,astropy/astropy,124057.550482,0,repository_median,132121.91167499998,True
matplotlib__matplotlib-25311,assignment-case-v1:17d40e3e61622392a4d701107cf550578a53a447bcd9b05150c87539eff8b146,matplotlib/matplotlib,241389.287851,0,repository_median,155152.16810850002,False
pydata__xarray-3364,assignment-case-v1:17e6cc971acecd406a23c9efb228baad37bd4ab10af24bdd57395821624636d6,pydata/xarray,111391.930489,0,repository_median,116152.347543,True
sympy__sympy-12454,assignment-case-v1:19e2c904ef7dc98416d35e6c4d5cb3a104756896961c0ea99069fbbc8770c7e7,sympy/sympy,122484.638289,0,repository_median,108605.284799,True
sphinx-doc__sphinx-9367,assignment-case-v1:1ac2da9869eea123af154477ae8e850112af3dac066a74569b8e0474557584d6,sphinx-doc/sphinx,113560.885615,0,repository_median,117922.929243,True
django__django-11797,assignment-case-v1:1c5e3fc85a6bca3a0f7b39f001b3513d732efc4f30964e1fb2f4c7f6371263e5,django/django,108174.07589,0,repository_median,129931.4861505,True
sympy__sympy-16766,assignment-case-v1:1e57ed8cbe9c079cc393dc000de30cb7d86203b27290a90676913a094f4ef8b7,sympy/sympy,85153.815807,0,repository_median,108605.284799,False
sphinx-doc__sphinx-9320,assignment-case-v1:1e704f3dac66227ff332c1e00e345643f6f71903fc8d4abb80b9e05f5fcdf528,sphinx-doc/sphinx,171060.489958,0,repository_median,117922.929243,False
sphinx-doc__sphinx-9367,assignment-case-v1:223b6fb1f9d809804e7d74392aa3025c65c1b37f5842c1990fe3048c91cd6559,sphinx-doc/sphinx,146681.187964,0,repository_median,117922.929243,True
django__django-13449,assignment-case-v1:22ae18f2fbe436543d0916eaad9d9ffa13f7804cf829f1f381cb1b665bb998dd,django/django,97095.837014,0,repository_median,129931.4861505,False
astropy__astropy-13398,assignment-case-v1:2372969c8194ef2010619926722b6e51db6cee21071e65c3d7d033e953077c32,astropy/astropy,90346.071418,0,repository_median,132121.91167499998,False
scikit-learn__scikit-learn-13439,assignment-case-v1:23e27af45d332d0cb03a987761ca95867b4f0834b68f5db5a4893e285b09c299,scikit-learn/scikit-learn,127870.423014,0,repository_median,124633.184828,True
sympy__sympy-13471,assignment-case-v1:26f9e0c2b3178fd2348934969e7aba249ca1e66dc98c0d5eb0142b772da93b94,sympy/sympy,140560.580627,0,repository_median,108605.284799,True
sphinx-doc__sphinx-7975,assignment-case-v1:2a2115c55922e05bdf428596a2c83e2b7666a56636533c7c3e5fd21a8e6fddfa,sphinx-doc/sphinx,131844.371236,0,repository_median,117922.929243,True
matplotlib__matplotlib-25287,assignment-case-v1:2c871eee6b0a67302561bb1ecdb3964e78d649b218d06416f445da253acd0db8,matplotlib/matplotlib,232087.162518,0,repository_median,155152.16810850002,False
django__django-16485,assignment-case-v1:2f43a31584da47ec75675b3829ba3ddad44e547ccf1b4fbaa6f390ba7a22edad,django/django,93269.324801,0,repository_median,129931.4861505,False
django__django-14373,assignment-case-v1:31d35f0150d9a567a479771105e030471485a1f467b99d5ac32e78a42b3d3aec,django/django,117251.96435,0,repository_median,129931.4861505,True
pallets__flask-4992,assignment-case-v1:33d371a5d1ab02146b95fcc4d7bc4f4c8177fcd26bf4a5f844f19478afd9f276,pallets/flask,148757.605752,0,repository_median,125970.234473,True
django__django-13343,assignment-case-v1:34df16ce0905e2471bfe3a41e4c26ebbc02be5ad9448da346bdafcbd18d0322e,django/django,159771.980563,0,repository_median,129931.4861505,True
django__django-15731,assignment-case-v1:367670b7e7c1e795fdd7c2bf813d8dfa1562aa658e4c9130b18ee3ddc681ac3d,django/django,134035.014832,0,repository_median,129931.4861505,True
sphinx-doc__sphinx-9367,assignment-case-v1:3694eaf60a21cf8771d2b625266a51bad1b1d0213cd86e2aca78b6d558f5f3a2,sphinx-doc/sphinx,95450.601168,0,repository_median,117922.929243,True
pytest-dev__pytest-5413,assignment-case-v1:3e148cb3ce71d9ea5122d3bab11f5b978239194b81cfb99ea363281ef50601ab,pytest-dev/pytest,110120.142952,0,repository_median,136091.714759,True
sphinx-doc__sphinx-8621,assignment-case-v1:3e1ee1be1ece436cab2c17d409c312345401c709d4c20003c4a7faefd5fbe2b8,sphinx-doc/sphinx,142685.289246,0,repository_median,117922.929243,True
scikit-learn__scikit-learn-13439,assignment-case-v1:3f16cc7f5303c75def977c2afecfb2cd777656116c0fb34957ff714c03ca4cf9,scikit-learn/scikit-learn,114947.174394,0,repository_median,124633.184828,True
pylint-dev__pylint-7993,assignment-case-v1:3f247c9a5ac442a0f0f435c3a4fe2ec4f637ebba612f1bedf0fccf7fab990982,pylint-dev/pylint,156765.14721,0,repository_median,131397.184803,True
django__django-15973,assignment-case-v1:404ca64e4e8b4ebcd9019da3221d075a906979c67fe8aea501564330f6bc4d29,django/django,118344.92339,0,repository_median,129931.4861505,True
sympy__sympy-21612,assignment-case-v1:421ae8d48f07be0c1c5cb7ce4e12325a3ea6dcb1fffb861abbfc970839477633,sympy/sympy,149955.959845,0,repository_median,108605.284799,False
django__django-11239,assignment-case-v1:433920efe5ab1b4faf1773f64a5e5389c705f0330d55a9ebef0ae7d0679ced22,django/django,141621.089349,0,repository_median,129931.4861505,True
scikit-learn__scikit-learn-13439,assignment-case-v1:43fc862d67ec7abdc2588302cd80dd9538303f2bc7a58c79ca7bb458bb0caf86,scikit-learn/scikit-learn,100986.378924,0,repository_median,124633.184828,True
sympy__sympy-14976,assignment-case-v1:45432e7550e7296d94a38aa5567a4d45eb3699f28dd81bf8dbe36b3068b402e1,sympy/sympy,85859.836627,0,repository_median,108605.284799,False
sphinx-doc__sphinx-9461,assignment-case-v1:47ce193e42b3793658c4461bfeb9dad0b89aeee09405fc21ef8ec2c580d00a81,sphinx-doc/sphinx,114583.468685,0,repository_median,117922.929243,True
sympy__sympy-23413,assignment-case-v1:4971f980bc7bd0df4cc4fbd1551e7e5cb1628c3e13b9094c4f41c38487a677be,sympy/sympy,150305.499614,0,repository_median,108605.284799,False
django__django-13820,assignment-case-v1:49d2aa1e13dbff4c7158583825aad0749505c80a0701f39c321bed82680d7f68,django/django,156628.908321,0,repository_median,129931.4861505,True
sphinx-doc__sphinx-9367,assignment-case-v1:4ad34d011fc07891eb785da5aae7869fa4c4194a1a4513c04f60ec6686f5972a,sphinx-doc/sphinx,84462.909576,0,repository_median,117922.929243,False
django__django-17051,assignment-case-v1:4c1c271d383aed660d70edc39064654b95603ce6c4a7b371503cb69561695dd5,django/django,98365.166169,0,repository_median,129931.4861505,False
sympy__sympy-20322,assignment-case-v1:4c5b679678a8c7b0e8034272edce3ff2fe0d35026c44de6b1a9d27bf6e2d2c23,sympy/sympy,99185.24371,0,repository_median,108605.284799,True
sphinx-doc__sphinx-10325,assignment-case-v1:4cd0fdf8a8bbd47bad8e774a1bbabd16c08ad5031a4500902983de2860328dc6,sphinx-doc/sphinx,110140.72588,0,repository_median,117922.929243,True
django__django-11964,assignment-case-v1:4d7b41ed9ad46bbec64178e4103e68c6fedc245a75996c400808c5d9098f2e99,django/django,154108.757666,0,repository_median,129931.4861505,True
sphinx-doc__sphinx-10325,assignment-case-v1:4ea178b49215e825b0136195c00528860769a73258fdbbbbf30f898a164f7dfb,sphinx-doc/sphinx,110602.803465,0,repository_median,117922.929243,True
sphinx-doc__sphinx-10325,assignment-case-v1:4efdd45fb89295e10a9b64c272e82f09ec60c7a6aedd4360a4362289f392037c,sphinx-doc/sphinx,127255.014572,0,repository_median,117922.929243,True
django__django-14311,assignment-case-v1:50c45f2de277876caae5287115a5c812d4abde60154e824ed13ee67e000b7550,django/django,124077.625062,0,repository_median,129931.4861505,True
scikit-learn__scikit-learn-14983,assignment-case-v1:51c3e846206a6c49ae74c8df1b94866173c4f044cd7b49b770552ef2251f647c,scikit-learn/scikit-learn,107887.187307,0,repository_median,124633.184828,True
matplotlib__matplotlib-25311,assignment-case-v1:523286408899ca73bf07252f5ee10f7942b89376d7637511b28cdc70a08b4a79,matplotlib/matplotlib,285854.481805,0,repository_median,155152.16810850002,False
scikit-learn__scikit-learn-13439,assignment-case-v1:53e87654db72dbbfed38981464642bca377841fb04269a549c3d5446364352f8,scikit-learn/scikit-learn,86476.103929,0,repository_median,124633.184828,False
django__django-17029,assignment-case-v1:55060c9d500aee4e1d4f9cf54528b92922ba9a0cacd107a35222b7933af6828d,django/django,185210.598793,0,repository_median,129931.4861505,False
sympy__sympy-21847,assignment-case-v1:57a081155f0d09f0a3a74df0e68cb1209c2fc76bede090cb9bc34114d237d603,sympy/sympy,103993.565757,0,repository_median,108605.284799,True
sphinx-doc__sphinx-10325,assignment-case-v1:5a408f6e52b0e008daccb4f3625644e1ea2f4fd75dfddd2d0a8efe36c544bc79,sphinx-doc/sphinx,93512.756144,0,repository_median,117922.929243,False
django__django-13346,assignment-case-v1:5be2c10ef9a810bae9039f2d3582ebd1339f3ef86dc4229f35fc492ae6f75c93,django/django,217272.674774,0,repository_median,129931.4861505,False
sphinx-doc__sphinx-9367,assignment-case-v1:5be46863bb7bdf75d2bcf8682c7a94c0bbbb2c89ab606bd29209d722039b9756,sphinx-doc/sphinx,62690.236807,0,repository_median,117922.929243,False
scikit-learn__scikit-learn-11578,assignment-case-v1:5dbe32d18b0a70f659393b7965497e0c1e3718f38bc8bc72db0841cac3514559,scikit-learn/scikit-learn,169602.229941,0,repository_median,124633.184828,False
sphinx-doc__sphinx-9591,assignment-case-v1:5ed1a38653baedd52eb8c0d0c4e73330c548709a1e59230c5b08e708a671ccfb,sphinx-doc/sphinx,88636.004425,0,repository_median,117922.929243,False
pylint-dev__pylint-7080,assignment-case-v1:5f0c70caa22a3809a59116855fd5d4ca44fba8e33f1f42acf09c24507087cf83,pylint-dev/pylint,136516.902216,0,repository_median,131397.184803,True
django__django-15569,assignment-case-v1:5f3d5680e7e706689c1361a07dd3128185a2de4868a627a833922f17a1a2541a,django/django,122578.236035,0,repository_median,129931.4861505,True
django__django-15037,assignment-case-v1:60e30fec882ab25dfc48e8bacfe6f3d62d55d224c31cf9bc9eb461d52874f56e,django/django,118560.274764,0,repository_median,129931.4861505,True
sphinx-doc__sphinx-10325,assignment-case-v1:6105f873eed7d1cce547061174c6ec0a1f2c6941d618862d0b9eef8737427925,sphinx-doc/sphinx,77509.454286,0,repository_median,117922.929243,False
sphinx-doc__sphinx-8474,assignment-case-v1:628eb43ce57c0cde844e8d3c2cf053f37ff3ec1007c31defa838dc66b7254468,sphinx-doc/sphinx,1094516.078083,0,repository_median,117922.929243,False
sympy__sympy-23950,assignment-case-v1:630fbda2df927a38dc93c70eff6e4d5ccc03b3107cb6e14fe3975bea20037206,sympy/sympy,123653.083716,0,repository_median,108605.284799,True
django__django-17029,assignment-case-v1:6375f2b7903b7be4e1b73a3e63324ad4a2d4e704c5f0b6698a5001600894af8b,django/django,70250.791808,0,repository_median,129931.4861505,False
sympy__sympy-12236,assignment-case-v1:64829b38be6fa645f92a7d2a1ea27965d7283f8c9918058e7e6d70c915739f9a,sympy/sympy,125493.457514,0,repository_median,108605.284799,True
sphinx-doc__sphinx-10325,assignment-case-v1:66d58e4d9ad93654a2dbeddfdda279f4e086e00dc0438a36c5865b2f79e72bd2,sphinx-doc/sphinx,78959.258133,0,repository_median,117922.929243,False
django__django-13512,assignment-case-v1:66f1f68cfb0625c9cbfb98d661c9510974eb589de2bfb2a8917ce01a1f609bea,django/django,110099.898653,0,repository_median,129931.4861505,True
django__django-15554,assignment-case-v1:6731fd6cf04798649ac4d1730a2dd8bc9d4791bd7e576bc34a0cd2eb09ff8866,django/django,103324.486109,0,repository_median,129931.4861505,False
scikit-learn__scikit-learn-13439,assignment-case-v1:67bb54a9bf4b08a87f91b69f97a34d6b3ea4c2e49619aeb4eec919c6b3d58d78,scikit-learn/scikit-learn,165169.505358,0,repository_median,124633.184828,True
pylint-dev__pylint-7080,assignment-case-v1:69aa1902d7a1890ae0642b3c5cc928a359aabf2a4db961c076f712f8e9560c84,pylint-dev/pylint,168149.549377,0,repository_median,131397.184803,True
pylint-dev__pylint-7114,assignment-case-v1:69e1378ddb0df9eefaa1253dc19a3d7cab4f90c760fbeeadbe66cf35ab641d02,pylint-dev/pylint,166206.079688,0,repository_median,131397.184803,True
matplotlib__matplotlib-22835,assignment-case-v1:6afc0bc58cefe7c58b07382179dcee4d72235641cd1de82618c7e00b450c07a4,matplotlib/matplotlib,190227.711393,0,repository_median,155152.16810850002,True
django__django-12286,assignment-case-v1:6db55bbde94c6855c56154207749b517dd88d6430f6faa9cf053fa2775dfa36c,django/django,130796.135215,0,repository_median,129931.4861505,True
django__django-12050,assignment-case-v1:6e4e07527475ed0ccce874dd3988449464ab901a4257e858e981f819f76ff48b,django/django,119564.822553,0,repository_median,129931.4861505,True
django__django-11095,assignment-case-v1:6f3e6cbdff25652feb2b502582d2e3182696c8987ab50cadaf6d96ad69ceb76e,django/django,164915.917804,0,repository_median,129931.4861505,True
django__django-11820,assignment-case-v1:708aaa35f709abdf123885446da7f705fbaabc2899256c3b5f8538ce95afaf53,django/django,149724.061861,0,repository_median,129931.4861505,True
sphinx-doc__sphinx-8273,assignment-case-v1:737b71a84a2b91169b9997cb650d5b4e55c8405329342de429c325292d1de50b,sphinx-doc/sphinx,89288.141626,0,repository_median,117922.929243,False
sphinx-doc__sphinx-9367,assignment-case-v1:78c6f0d8db5c949a9cb2f9b630fe843ab536412430b6adf9d68c88d7a3fee1a4,sphinx-doc/sphinx,91190.687905,0,repository_median,117922.929243,False
scikit-learn__scikit-learn-13439,assignment-case-v1:7c0b0d0c26f8a879fb4b3dd8b37af6bd84c0c42b49ac4e490638a44fcc52b911,scikit-learn/scikit-learn,140191.796906,0,repository_median,124633.184828,True
sphinx-doc__sphinx-9367,assignment-case-v1:7c12db5dafc1b018890a94aed02102b48c68bc05f02bb6e18d5397399bd7db70,sphinx-doc/sphinx,94694.999513,0,repository_median,117922.929243,True
django__django-17029,assignment-case-v1:7e391de89309f2f9bf59b370a1cc5716924a79fe7d1655c05784baf8019527d6,django/django,133147.951582,0,repository_median,129931.4861505,True
sphinx-doc__sphinx-10451,assignment-case-v1:7ebb25d7fde0c08f5ba33c0e407cfb9b854992bdb3efa496fd8323e82f9d7874,sphinx-doc/sphinx,1159805.41822,0,repository_median,117922.929243,False
django__django-14017,assignment-case-v1:7ed6a368f99faf10820b9749d59406f88510a2fb9296ef78549f184906729f0f,django/django,117493.680052,0,repository_median,129931.4861505,True
django__django-10973,assignment-case-v1:7f91eba309be5c4cad96d8da4e89131503b0a5ffba5863509a23819c115573b5,django/django,180012.119023,0,repository_median,129931.4861505,False
django__django-13406,assignment-case-v1:811de7a9c07cfb18d7bd7231b668166f98d5f887be09c7fbc9c8a6a155fc14d7,django/django,152705.255355,0,repository_median,129931.4861505,True
django__django-12193,assignment-case-v1:83e587a9e248708fdb6a70ff1871bfa7da672a9c1d52fe94e4feb07d11866a14,django/django,142228.10097,0,repository_median,129931.4861505,True
matplotlib__matplotlib-23563,assignment-case-v1:8424aa289ec3060d1bb39eb55b9d375c3eaa1c4b89ad6ff40bd2c1e204af31ff,matplotlib/matplotlib,147838.739414,0,repository_median,155152.16810850002,True
sphinx-doc__sphinx-10325,assignment-case-v1:84429f015ecb5abef50035f50ba3898afaacaa101013195d4d56bc033d4ccfe2,sphinx-doc/sphinx,73548.068766,0,repository_median,117922.929243,False
scikit-learn__scikit-learn-9288,assignment-case-v1:85e2abd9362f6c2da45926a8c246aadd68f7bf7be5685cdac677974956c83a17,scikit-learn/scikit-learn,169725.899741,0,repository_median,124633.184828,False
django__django-15375,assignment-case-v1:864a256a48a264622da95f6ca73d18f64cbd452d1c4d4a6ce4980c8fd2e22191,django/django,130572.987066,0,repository_median,129931.4861505,True
sphinx-doc__sphinx-7738,assignment-case-v1:877b9c0d403fc2964fe818e2e715ecd07d3d00d285ecbdbad5f51004a64d66e9,sphinx-doc/sphinx,100918.365894,0,repository_median,117922.929243,True
scikit-learn__scikit-learn-13779,assignment-case-v1:8bab5da177e4115cfdf9633451578ad7689ff0ebba204dabf79e1f9150fae7c1,scikit-learn/scikit-learn,105584.421375,0,repository_median,124633.184828,True
sphinx-doc__sphinx-8593,assignment-case-v1:8bcbbfce984308131b6f425bbb4e8ceb09fc37a50194b48e54147475b337b76b,sphinx-doc/sphinx,80701.329714,0,repository_median,117922.929243,False
django__django-17029,assignment-case-v1:8fb715bf53ad2417890ed23e6b92567af7ae4da13f08000bc4f62c98d8c64115,django/django,110574.172861,0,repository_median,129931.4861505,True
django__django-11964,assignment-case-v1:8fec2908bac366037b24d1fea33db30df82b626a9c4be0ad860c07499fd3e22e,django/django,113388.641505,0,repository_median,129931.4861505,True
scikit-learn__scikit-learn-13439,assignment-case-v1:90f9a21752ccfb61c4cfb131c4ec79bf542dcfaaf469028b0038bed408bbcf7c,scikit-learn/scikit-learn,102956.768485,0,repository_median,124633.184828,True
scikit-learn__scikit-learn-13439,assignment-case-v1:919e94f2198b7fb6367f5140cc8a1250da8fe409a16f07096cdc0eec2f91c413,scikit-learn/scikit-learn,79447.602541,0,repository_median,124633.184828,False
sympy__sympy-12171,assignment-case-v1:943901d0921d248aff8e6f052ba2f84bc3108f01a25309f1b29341d9b6d8d678,sympy/sympy,165738.150747,0,repository_median,108605.284799,False
django__django-17029,assignment-case-v1:96cb64497bd94b199c656fcca8d1513f6da055e944871c3aa802a4313c415ead,django/django,160517.344359,0,repository_median,129931.4861505,True
sphinx-doc__sphinx-7686,assignment-case-v1:98d47b1902560a216dc54a07fe4faf9e0704a59149c16fc7522dbae0bd84ff4a,sphinx-doc/sphinx,123479.783083,0,repository_median,117922.929243,True
sympy__sympy-13798,assignment-case-v1:99b45277091c717395c9258e5fb12aadd835fc48707b981ba368f8bcc3e4cec1,sympy/sympy,133636.690312,0,repository_median,108605.284799,True
scikit-learn__scikit-learn-13439,assignment-case-v1:9ab2cf3818992c9a375ae4472b7ddbe8feab01983f6fa66b96ba76127ce5c3ba,scikit-learn/scikit-learn,84065.821291,0,repository_median,124633.184828,False
matplotlib__matplotlib-26020,assignment-case-v1:9b49b65290ff3088ad443e95c06c286b186fdf7c5308f47abd318814d658256f,matplotlib/matplotlib,206404.173732,0,repository_median,155152.16810850002,True
sympy__sympy-13852,assignment-case-v1:9c85825fc09251aa965f336b23b574d3c8a56b5e549ffe52ba492a5da88b0168,sympy/sympy,95204.119151,0,repository_median,108605.284799,True
sympy__sympy-16106,assignment-case-v1:9d83f27820d374684d50cd56bb063c95d6a55f808c076aced0b4213fb00b073e,sympy/sympy,122312.208187,0,repository_median,108605.284799,True
sympy__sympy-17630,assignment-case-v1:9d87fb8e72a9c48321e5bc67910012e9a491929859681ca18ee65613802d82e6,sympy/sympy,140723.439731,0,repository_median,108605.284799,True
django__django-13447,assignment-case-v1:9fa5df67c5048c03cb3a6e5f8cb5dfae71c86f78c47ba81c005fcda90b92b109,django/django,125670.120809,0,repository_median,129931.4861505,True
django__django-11910,assignment-case-v1:a05b9f9f17024d04797c094c4f124d99e21099750d663b8e4dfb1ca28d9e9331,django/django,115279.562791,0,repository_median,129931.4861505,True
sympy__sympy-13372,assignment-case-v1:a2de6ae5a4781043473cf670edad5b218c070b1f0add3db79f0c43783f59b63f,sympy/sympy,132077.916083,0,repository_median,108605.284799,True
astropy__astropy-14369,assignment-case-v1:a62b58b9fbf2939a7a209efba496abdb9a94d5afe5a3c341f3897dae440c3b8e,astropy/astropy,108947.058949,0,repository_median,132121.91167499998,True
sympy__sympy-13480,assignment-case-v1:a7abbeac43a1cc7573a7f9b6bbe8c42a85d154cb4e6f56a576c031472c4b50c3,sympy/sympy,78337.440806,0,repository_median,108605.284799,False
django__django-17029,assignment-case-v1:a85f6d7a8adfc13febdeb452d86a6a656c7c8728a0ad68520cfb84525d54d8fc,django/django,134147.16576,0,repository_median,129931.4861505,True
sphinx-doc__sphinx-9367,assignment-case-v1:a960991b5d822c8f10030c6cd73435c3cba461fb0d0241588412d8ea6b7d8328,sphinx-doc/sphinx,92542.266065,0,repository_median,117922.929243,False
matplotlib__matplotlib-20826,assignment-case-v1:ac9a920a818af1f18016f58b01e951d9db0b8974791106a6ccd70cfda6758af9,matplotlib/matplotlib,83955.700574,0,repository_median,155152.16810850002,False
django__django-17029,assignment-case-v1:ae1b4357b048d4562d7b1abdd3ce3719c65141f76cb459918aab66f3d2510769,django/django,116153.767875,0,repository_median,129931.4861505,True
django__django-15525,assignment-case-v1:ae97d4de9d3623b73a18468434b76e17f407282c49a97fd90a704142eaf6a12c,django/django,118981.418472,0,repository_median,129931.4861505,True
pallets__flask-5063,assignment-case-v1:ae9aa67d1defdc6a8e2b9e3a2e82dd1d187647c0fbad89e89d73d05494cbf8d9,pallets/flask,136652.022342,0,repository_median,125970.234473,True
django__django-14017,assignment-case-v1:b0523f6890f7b6727f43187fbae6f0bab651723d7572cbaaef49266a02ae8b7a,django/django,196468.312032,0,repository_median,129931.4861505,False
django__django-17029,assignment-case-v1:b778dbeae28aec1d5963469ceda48b4655c05d10f52a9e6f4a4efd5e8d856e28,django/django,142746.967389,0,repository_median,129931.4861505,True
scikit-learn__scikit-learn-13439,assignment-case-v1:b80dbf74c498d2b38f16c92bd03b0dc3f44c8bcb0de4824a8e229ae6265a5e1a,scikit-learn/scikit-learn,100025.861958,0,repository_median,124633.184828,True
django__django-13230,assignment-case-v1:b86837ec5283894c5f3202b1e337b00f62b1564dadaf439f8701fb31b2f70957,django/django,239709.321165,0,repository_median,129931.4861505,False
pylint-dev__pylint-6528,assignment-case-v1:b920a784dfb64206ec0d95a1ba69b55e9b3eec5845140ab24a1660937c95bf4c,pylint-dev/pylint,125588.163507,0,repository_median,131397.184803,True
django__django-12747,assignment-case-v1:b9d6d4b0face4be8f4d574cfd6f1bd68539357dc33fd81e40aac0704cd6d13c0,django/django,127779.836093,0,repository_median,129931.4861505,True
scikit-learn__scikit-learn-14983,assignment-case-v1:baf26e1b38c4a20abd5d66803105c80ad960cd3144a19ac0aba8445c0f0376d4,scikit-learn/scikit-learn,101535.610046,0,repository_median,124633.184828,True
sphinx-doc__sphinx-8475,assignment-case-v1:bcbf671804fb0acf43fbc17ee7ee3bb928866525ef05ec5e34d78a8cfab89d45,sphinx-doc/sphinx,90462.730478,0,repository_median,117922.929243,False
sphinx-doc__sphinx-10325,assignment-case-v1:bfc6a79e32941b43d55b55fe4b5f141a88a6a9898d6d209d5a10e6ed00e9a1f5,sphinx-doc/sphinx,141985.552299,0,repository_median,117922.929243,True
matplotlib__matplotlib-26011,assignment-case-v1:c03311349bf68a3f046f5fff924dfbba57d9e97f1739fd1433fb971838474d17,matplotlib/matplotlib,148315.535394,0,repository_median,155152.16810850002,True
scikit-learn__scikit-learn-13439,assignment-case-v1:c255f4cfc6de416d8560f03c891bc1990a4a66bd705e1f700dd1efb23dbce25f,scikit-learn/scikit-learn,144003.035063,0,repository_median,124633.184828,True
scikit-learn__scikit-learn-25973,assignment-case-v1:c28adc478a94e4edf952ec1c15404e64bc44842b23df3996ac4eb695a20dc7f1,scikit-learn/scikit-learn,96510.103202,0,repository_median,124633.184828,False
sympy__sympy-21847,assignment-case-v1:c5c6fe07715b8fdf65cbbd2b13316a247743826363b76bfee0459a40f5a893c5,sympy/sympy,132653.224167,0,repository_median,108605.284799,True
django__django-15278,assignment-case-v1:c5f79a37fb9eac8014ea79e28e10668a2d26053dd243e89332abdebd3e478776,django/django,109546.759198,0,repository_median,129931.4861505,True
sphinx-doc__sphinx-10325,assignment-case-v1:c6347a20a6716a55a8f0a24868122ab12498bed6933725f9e8218e17a98ed8c5,sphinx-doc/sphinx,138624.581639,0,repository_median,117922.929243,True
django__django-17029,assignment-case-v1:c95028f358ef7137529f30f3be64a3bdb94169ba83a9504fdc214507c90de951,django/django,91909.500201,0,repository_median,129931.4861505,False
sympy__sympy-15308,assignment-case-v1:c9c2edce8c29b093645d024452652c05e015adc1b5b5de651683b7a13e5993f5,sympy/sympy,97094.085871,0,repository_median,108605.284799,True
scikit-learn__scikit-learn-13439,assignment-case-v1:cec015d633bdc65341abf2b8a74f74c5ce146ad7b6ac9bac04572e50219c357a,scikit-learn/scikit-learn,110567.402515,0,repository_median,124633.184828,True
sphinx-doc__sphinx-10325,assignment-case-v1:d0227f9d0260f2dfc9ff81c8fef49d98e23458f70ed61bfc7eb44ff86ce2a9dc,sphinx-doc/sphinx,91517.16481,0,repository_median,117922.929243,False
sphinx-doc__sphinx-8269,assignment-case-v1:d0fc01cf5a6b2e341027625ce777a99e6c0fafc9b55d2e31257cca8aec041ab3,sphinx-doc/sphinx,146858.015947,0,repository_median,117922.929243,True
sympy__sympy-21627,assignment-case-v1:d1111f01c84c4256a578f7077998abc0f68cf0470bf8a91e81a28ea10855e167,sympy/sympy,125272.959259,0,repository_median,108605.284799,True
sympy__sympy-17630,assignment-case-v1:d2d613ef7ca39298b36f1f593756777ef426ca23f5bea42067fce786ada56f70,sympy/sympy,113626.619504,0,repository_median,108605.284799,True
sphinx-doc__sphinx-10325,assignment-case-v1:d617c76cf868692569552cd88f489f73dc645b0d6e80d5a1fe61ea3a42015a34,sphinx-doc/sphinx,112767.620129,0,repository_median,117922.929243,True
pydata__xarray-6744,assignment-case-v1:d6f9778cbcecdc5fd742e8e4b07100fd6a9ae160ce64b7166562cd59e9ef1c6f,pydata/xarray,235506.764045,0,repository_median,116152.347543,False
django__django-15022,assignment-case-v1:d783020466b09626643253a60317612cba4d2a09170a3c615f1d5b2f6981d572,django/django,115111.838553,0,repository_median,129931.4861505,True
django__django-13768,assignment-case-v1:d8978b66bf9973869e33a80c38024e7aaeb9b01f6a1c4e6fb976eaf3bec28efb,django/django,99550.511362,0,repository_median,129931.4861505,False
sphinx-doc__sphinx-9367,assignment-case-v1:d9dc66bb71f10ba27774abd221d15e35fc0c8fef30de58ef54af831ae79ec695,sphinx-doc/sphinx,120999.23504,0,repository_median,117922.929243,True
django__django-17029,assignment-case-v1:df43b76d7f33997abe354fbbb1dec07c76fb6cd55bd35c12e834225e0fe40e87,django/django,117146.917648,0,repository_median,129931.4861505,True
matplotlib__matplotlib-22865,assignment-case-v1:e1205a1c3f2d57520402a0e50d5a62e4c6822e2620ded5c6da4c980abf43501d,matplotlib/matplotlib,124414.044018,0,repository_median,155152.16810850002,True
sphinx-doc__sphinx-10325,assignment-case-v1:e1656caa14ec355c8d0581a5384d8b33541a9cd90272fa60fd22c749c02ad163,sphinx-doc/sphinx,115495.503956,0,repository_median,117922.929243,True
django__django-13710,assignment-case-v1:e3b0167992e5f5d9e4eb42a20241f768c36b7347ae2a10c1ca54aacb25bf746f,django/django,110731.756968,0,repository_median,129931.4861505,True
sympy__sympy-21171,assignment-case-v1:e42d731af13d089206387006408d224b38ad2b14d5c7875f24f870fe9dd8c19a,sympy/sympy,99187.091852,0,repository_median,108605.284799,True
matplotlib__matplotlib-26466,assignment-case-v1:e4a9167152c2b68620324d2df439ca46d6d4b60f6625fa0dedab555c8fbd53bc,matplotlib/matplotlib,189506.881748,0,repository_median,155152.16810850002,True
astropy__astropy-8707,assignment-case-v1:ea8c504259bb654aaee75bff500d44aa5d2b2edf42ca5d7204644a628d97ba41,astropy/astropy,118753.138639,0,repository_median,132121.91167499998,True
django__django-17029,assignment-case-v1:f2768b0f63fca2b496f26769a82d8de98833fa73998848fea3d3e448b98b4015,django/django,236100.070365,0,repository_median,129931.4861505,False
matplotlib__matplotlib-22871,assignment-case-v1:f31b735961db4646a1738d97a56c19b8cd3082462a87154701451cae02683eff,matplotlib/matplotlib,260713.411607,0,repository_median,155152.16810850002,False
django__django-17029,assignment-case-v1:f3dcd1b7a96ab8c479ea68643b36d5348f8210e87879abdc295e9e79cfc27010,django/django,107791.673594,0,repository_median,129931.4861505,True
scikit-learn__scikit-learn-13779,assignment-case-v1:f6823c9d6e998acb9d32732a907a882d092b046b39fdf7ced2de2dd56d1d2a46,scikit-learn/scikit-learn,92567.117468,0,repository_median,124633.184828,False
sphinx-doc__sphinx-7440,assignment-case-v1:f6adeed8516729b5df24a97623f6a09c3d2b656b0bcfd51b379e7436d75bfb71,sphinx-doc/sphinx,128139.870163,0,repository_median,117922.929243,True
django__django-16100,assignment-case-v1:f6d860570ddf721bde33f6b2bfe64f47c05139e10062b63aec9f202ccd63168d,django/django,109606.93819,0,repository_median,129931.4861505,True
matplotlib__matplotlib-22719,assignment-case-v1:f6ee9bf57419826e5843b7bca7ff7582d5cca9dc0d9e4096c1c7dc8d8fbb2156,matplotlib/matplotlib,119130.514921,0,repository_median,155152.16810850002,False
sphinx-doc__sphinx-9367,assignment-case-v1:f8183d10ae5d16bc05c1c223ea4d189f0078b5ca8560e98ef03d8c9b9c273734,sphinx-doc/sphinx,113918.055579,0,repository_median,117922.929243,True
sympy__sympy-15976,assignment-case-v1:f88056bf8c3cd4ebb7d9b01b938b85f9b6143f7ce03837a34a4b34b3740afe39,sympy/sympy,141894.368077,0,repository_median,108605.284799,True
sympy__sympy-13480,assignment-case-v1:f8bfe9483ddbaf970043a4544bcf5a5175b5e06af30be6393205076c2e6aae3b,sympy/sympy,99310.081616,0,repository_median,108605.284799,True
django__django-16315,assignment-case-v1:fae1bb6595c1ccd152f8e86163d95674ce38307496629a293e7c4c54be2aa98c,django/django,76876.229941,0,repository_median,129931.4861505,False
scikit-learn__scikit-learn-13439,assignment-case-v1:fbf1c73638ad7e8757c3d81dbd49b6d7ad27db1a6f55ae52c70f3a7db111cadd,scikit-learn/scikit-learn,109044.744846,0,repository_median,124633.184828,True
scikit-learn__scikit-learn-13439,assignment-case-v1:fd32c73bbb957e5dbae3b9de9840b479a0536eb38565fde74d462b971a976ebe,scikit-learn/scikit-learn,126836.884335,0,repository_median,124633.184828,True
django__django-14034,assignment-case-v1:fd9d0abb251e65cf87cf808c41400c18147c6e7c07ddc7c59b3e0a87ed1afd99,django/django,122741.798465,0,repository_median,129931.4861505,True
sphinx-doc__sphinx-7748,assignment-case-v1:ff20778cfb95ac112b512c1867758ace649f2edf608920f96d6c2e14f272c660,sphinx-doc/sphinx,127930.142553,0,repository_median,117922.929243,True
sphinx-doc__sphinx-9367,assignment-case-v1:ff5d259f232b48f4c3548aa4e287d17d910ee8106ad411ae5b202243041a20ad,sphinx-doc/sphinx,121290.313857,0,repository_median,117922.929243,True
sympy__sympy-13437,assignment-case-v1:05f8e4a4ce4ec70f680215feacba3633096259501825e113c12879fa05123206,sympy/sympy,110749.618115,1,repository_median,113220.1229405,True
django__django-12453,assignment-case-v1:0605eeb81491a60be905d83b2e841d6c9e29173935db8b006d810f6fd6f54b1e,django/django,135846.166633,1,repository_median,128767.609811,True
django__django-11880,assignment-case-v1:084ba187739866edddb86de57de1fe1cf71ee28f6238919f5174be18601605d7,django/django,75970.102274,1,repository_median,128767.609811,False
sphinx-doc__sphinx-10435,assignment-case-v1:08943d7db31e523a78353a890f8444802b5c3b37d74dcca0f1ab773f47382a14,sphinx-doc/sphinx,105094.904243,1,repository_median,110602.803465,True
django__django-16502,assignment-case-v1:0b20d4189e6a881cb58e8557db2d02e1481c795bc385289eb32ee2e849cd0c56,django/django,140972.145655,1,repository_median,128767.609811,True
pylint-dev__pylint-8898,assignment-case-v1:0bea4a7128770a292be6f0ecfbb29e2d2b876fb0898c880e8c136447970f19a3,pylint-dev/pylint,89929.757873,1,repository_median,156671.01578750001,False
sphinx-doc__sphinx-10614,assignment-case-v1:1090236262429d752cfec359076d6b93809e09d21637790a646aa14e56307a96,sphinx-doc/sphinx,132056.744555,1,repository_median,110602.803465,True
django__django-16661,assignment-case-v1:152f1e13a3b947069da23e8c1e2236adb9a82f0425ab669d0dfe43b8e0f2d1f5,django/django,198660.202305,1,repository_median,128767.609811,False
astropy__astropy-7671,assignment-case-v1:1f0b8f40093557e30913de93fc950d10ed482d52f815c44a3c6d5eafcc71baf3,astropy/astropy,157520.027264,1,repository_median,125803.088976,True
sympy__sympy-19637,assignment-case-v1:1f47c129aa7c6b4761e37d886c0bcfab3e4d5c656af513e1743c1eaa82f8e133,sympy/sympy,97478.432574,1,repository_median,113220.1229405,True
sphinx-doc__sphinx-7454,assignment-case-v1:1fd8a40a954e97a6454657b596ef2f0e939e77f254f0042255bd6f147c45b1f0,sphinx-doc/sphinx,93689.108126,1,repository_median,110602.803465,True
sympy__sympy-22005,assignment-case-v1:21b9110eb053494e8b2dea7b697857bae88a34184edc8d69330f4092d9b07a81,sympy/sympy,166088.624845,1,repository_median,113220.1229405,False
django__django-16041,assignment-case-v1:231a6911087d5778045b5162e469d9d3cf1713a1a3353b516cf7afa3ed8167fc,django/django,207753.075087,1,repository_median,128767.609811,False
matplotlib__matplotlib-23562,assignment-case-v1:26941eab78114f062e45e91dfe1a2477de9cfa847e1097c220526a781e7dd53b,matplotlib/matplotlib,98134.562917,1,repository_median,155152.16810850002,False
django__django-16820,assignment-case-v1:270cea183bd3384ad7af01c8103dafb2e5aae9980f0d8e5b159dc40db2228ac8,django/django,114476.63133,1,repository_median,128767.609811,True
mwaskom__seaborn-3069,assignment-case-v1:281b8e4c0c9aeb2e2fdfb7be983bb98840acc83334e08c594d6f7ba5ad411633,mwaskom/seaborn,150862.031492,1,repository_median,191199.845217,False
pydata__xarray-2905,assignment-case-v1:2ecb59b52654c1db28b576fb6ed9560e59e6865b545f13c505bb442a42e4634d,pydata/xarray,309764.693321,1,repository_median,109111.783635,False
django__django-11133,assignment-case-v1:317abfaa934ac7d6b14829b2e095fb64a3c6af32fc70e6e7fcbdf427f1ea4fcd,django/django,96548.425582,1,repository_median,128767.609811,False
matplotlib__matplotlib-23562,assignment-case-v1:3192c22e9a7d2909be3d28f66f9fa6ad1881e730d7a802bfdf0b6fec8249f4fd,matplotlib/matplotlib,210954.960531,1,repository_median,155152.16810850002,False
pydata__xarray-3095,assignment-case-v1:322a405574b351f597159d575b4fded09534b21c6c29eeadbd37f4123103edd5,pydata/xarray,119949.419991,1,repository_median,109111.783635,True
django__django-13670,assignment-case-v1:3262c265c1ae3987ef526894b9518806e47912c6e8263d0badf6a3db3a8c75d0,django/django,110542.705992,1,repository_median,128767.609811,True
sphinx-doc__sphinx-9602,assignment-case-v1:37db7d744c10810854d116b112aecb47f9a1585c9f7f467a843075a9443a3a1a,sphinx-doc/sphinx,123903.02034,1,repository_median,110602.803465,True
django__django-17087,assignment-case-v1:3aa1d651668853e2cd6c18003ce50c7f465491ff9ba00855a3367924a6f0f6f9,django/django,170896.972582,1,repository_median,128767.609811,True
sphinx-doc__sphinx-11445,assignment-case-v1:3cd63cf010b78d93e18883031e3b0de39b27a76e429df7846c14433abe5fe101,sphinx-doc/sphinx,170827.34995,1,repository_median,110602.803465,False
pydata__xarray-6992,assignment-case-v1:4061d59680e830f46689a4d4c8b9383ab162ddb04a932550edfcd248f454ca2f,pydata/xarray,210922.150176,1,repository_median,109111.783635,False
sympy__sympy-12489,assignment-case-v1:4260dc8f5a80c7377bc07826a05cbb5fcacc0ada191dc147de9653da82c521d3,sympy/sympy,118940.66169,1,repository_median,113220.1229405,True
matplotlib__matplotlib-23562,assignment-case-v1:42b268cfbbca801e52b4f37ab3e16e164d1d9bfbd18911ae6e62aebbbbb1c2d1,matplotlib/matplotlib,119443.154106,1,repository_median,155152.16810850002,False
django__django-12419,assignment-case-v1:4525ad0ad258791bcf8de3b0a8a501327d14554f938fc64778b6ceb1334083ba,django/django,101664.493929,1,repository_median,128767.609811,False
django__django-16046,assignment-case-v1:45c793dcc7936ca69668559a83a70b21692058cba15c7df1c5f9d55fcd2856dd,django/django,133688.371877,1,repository_median,128767.609811,True
django__django-9296,assignment-case-v1:465a32a27e23c8faa4ac97544eb53cac761e79b9faeb1852d923a5dd26614d2e,django/django,92933.852585,1,repository_median,128767.609811,False
matplotlib__matplotlib-23562,assignment-case-v1:465de504dee955da0c29ba88b351b0545da6b3472cb344232aaf75c775d058f3,matplotlib/matplotlib,228009.102361,1,repository_median,155152.16810850002,False
matplotlib__matplotlib-23562,assignment-case-v1:476aa67b76b5ef050cbd0a4f14e347a6886ebacd20ad4fa4be3f66caaed84353,matplotlib/matplotlib,139282.481156,1,repository_median,155152.16810850002,True
sympy__sympy-16792,assignment-case-v1:48cc94a9e8db1a52f1bb06e522d267491fb34bdbaa7775e2e86036388421d043,sympy/sympy,106689.622974,1,repository_median,113220.1229405,True
pytest-dev__pytest-8906,assignment-case-v1:4a8f1cec1a4c6cb15ce029139ce15ad838b7e78c35299a5fb752e4e48822a3f3,pytest-dev/pytest,127246.771095,1,repository_median,135589.00115199998,True
sympy__sympy-17139,assignment-case-v1:50d30918f569736120aee4f860cc173ae91113ff545ba5e89fec85c200ac8a35,sympy/sympy,87490.16745,1,repository_median,113220.1229405,False
psf__requests-2931,assignment-case-v1:50d56f01076a72705aab6273a5a0c0756fa6d5f36b02e6a436fefcef15e8bac7,psf/requests,78514.166549,1,repository_median,160695.572266,False
django__django-14855,assignment-case-v1:5118d3dbc4fd895ad326c917d2f4d908be5f68f816d2b07774568e4ecf33555c,django/django,118945.202048,1,repository_median,128767.609811,True
django__django-11583,assignment-case-v1:51c3f2cf64d4bde39c0e4aad9c516e89c7d7ea32195d1c86347aa730f58e691b,django/django,125919.735809,1,repository_median,128767.609811,True
django__django-16819,assignment-case-v1:561fe973d39e206c766c53ae77d850874774b82cd9a7534294526ae1b513d35d,django/django,120775.915445,1,repository_median,128767.609811,True
sympy__sympy-21614,assignment-case-v1:566e748203c6e180d37592b975f5fbadef6958083af245431d25c51f67430bd4,sympy/sympy,112473.1358,1,repository_median,113220.1229405,True
django__django-17087,assignment-case-v1:56aeb6075ff9485d5a4b6a19cf22af6e3c281b303c1267292f2505a0c174dc57,django/django,136677.104107,1,repository_median,128767.609811,True
psf__requests-2674,assignment-case-v1:574645239572c61a06084afbe3a8a9be574efafadb305a05078e424ef41c28bc,psf/requests,127411.62839,1,repository_median,160695.572266,False
scikit-learn__scikit-learn-15535,assignment-case-v1:58d3714862c61484587bd005ebbfabdcf540efadb42ff1e18f9223a843a9f565,scikit-learn/scikit-learn,133756.981947,1,repository_median,114406.659809,True
matplotlib__matplotlib-23562,assignment-case-v1:598bb2bf5553700d397ead2ce870355364c4f8231b7639eee0f72c2019eb8f1c,matplotlib/matplotlib,159985.844991,1,repository_median,155152.16810850002,True
django__django-14580,assignment-case-v1:5b375dfc5f3cbfae29bc5fb3e3e844681060c7eb9a7cbdb83d28653ee17cee0d,django/django,131649.025795,1,repository_median,128767.609811,True
sympy__sympy-19487,assignment-case-v1:5d4c0ee2b70e5e5709271a61789f5145f96d89af709f81659e56b03d92d8af12,sympy/sympy,128582.427168,1,repository_median,113220.1229405,True
django__django-11422,assignment-case-v1:5de84268e5ec3f4000dcefb3c2b50dd51d8143799568980c1165bfe774bc6ae7,django/django,126014.181232,1,repository_median,128767.609811,True
django__django-12774,assignment-case-v1:5e2f8a79a101d9605e5f970837b21ddb8c97927d73535cba8708eb8830d7810c,django/django,146828.685257,1,repository_median,128767.609811,True
pydata__xarray-4629,assignment-case-v1:607e6a8468d56ea61bdcb76ec9e3d7a4ec9b34e4be19318a96804302dea17e23,pydata/xarray,218814.481329,1,repository_median,109111.783635,False
sympy__sympy-14317,assignment-case-v1:6361c1f472d9eb1f48f253fd7e6968d3a966adbc7ed02df4b29d96b655aad62c,sympy/sympy,103041.532799,1,repository_median,113220.1229405,True
django__django-15467,assignment-case-v1:655604436d538bff15739674e9a0c01f57d71b6f12e0e1e8013314d49743489b,django/django,127293.545056,1,repository_median,128767.609811,True
django__django-15789,assignment-case-v1:671f7ab8bee84225af33ed758be788b6f56f02d3b2bdebd3055356139a55d743,django/django,110496.830542,1,repository_median,128767.609811,True
sympy__sympy-16792,assignment-case-v1:67da2a0809a31ffbc2a84f55268a1f9caeb8f01497d6014094b46e7fef1f019f,sympy/sympy,119950.897132,1,repository_median,113220.1229405,True
pytest-dev__pytest-11143,assignment-case-v1:68c2a0295dd4fd15f2e525afe07428e6fad89dc8ffdd8e85b5cb0c70825dd9e0,pytest-dev/pytest,137275.233559,1,repository_median,135589.00115199998,True
django__django-16454,assignment-case-v1:699ba410e683bee9c424ba0dd0b6fa3ad20f4e72e9f75abec05ace2204309905,django/django,258995.856212,1,repository_median,128767.609811,False
matplotlib__matplotlib-23562,assignment-case-v1:6a678b8051db1d7a4278aab018a4f30a1b3fa202cee085a80d1b57413c390f3a,matplotlib/matplotlib,170431.524352,1,repository_median,155152.16810850002,True
sympy__sympy-13091,assignment-case-v1:6f47a74048cf7e1ad3969ccbbab7da735e0e157a79d2f33dfbf005cec692e2b7,sympy/sympy,94327.998893,1,repository_median,113220.1229405,True
sympy__sympy-11400,assignment-case-v1:6fca391a1ae20c88afc410322737149a9aaa4b3d5ef665fe20b82cdbd7566e83,sympy/sympy,98892.882283,1,repository_median,113220.1229405,True
pytest-dev__pytest-5221,assignment-case-v1:71e5dfccdfb62d34bdb61f7b3c43cd50e32e594f5c04b49bfe29ddb0ea093094,pytest-dev/pytest,147617.10302,1,repository_median,135589.00115199998,True
django__django-16631,assignment-case-v1:72138f86695117328feb1f648dff72a3b05416c9aa82f508d715af2353e7321f,django/django,120502.599167,1,repository_median,128767.609811,True
psf__requests-863,assignment-case-v1:73709d4c81bf9efa3ad27df6f9c76c7d99e5772d954b143de7002d05b54229d9,psf/requests,131823.217017,1,repository_median,160695.572266,True
sympy__sympy-17139,assignment-case-v1:751f2ce14ba414d86d57d18dc58c29ad822fe1b48959dbc7ee1d5c731517c389,sympy/sympy,85485.495931,1,repository_median,113220.1229405,False
matplotlib__matplotlib-23562,assignment-case-v1:754d36daccfb28d1e7144059ccabe57bfd7b04cf7915759b6b7e3ae677e25306,matplotlib/matplotlib,111940.274411,1,repository_median,155152.16810850002,False
scikit-learn__scikit-learn-10508,assignment-case-v1:7b0fd653d6efc58a8a6a41d8572839c8f0d2b7e2eb86b54f97f789fcaefb300f,scikit-learn/scikit-learn,156685.21341,1,repository_median,114406.659809,False
astropy__astropy-13579,assignment-case-v1:7c03ea9d98aab1f10d26faeb80cd5bed0d8cef9d760e52bfd787de72f88d873b,astropy/astropy,1099796.57475,1,repository_median,125803.088976,False
matplotlib__matplotlib-23562,assignment-case-v1:7de36729e82d6fcd3c7a51a17372a3f41293c46c82410cdf93391fbef647e331,matplotlib/matplotlib,161951.445348,1,repository_median,155152.16810850002,True
django__django-15498,assignment-case-v1:810d4c05bacc24cf10d172fbdc02e5c271273e2ceb5993c13fa2640e839a5164,django/django,239558.475353,1,repository_median,128767.609811,False
django__django-15103,assignment-case-v1:8473ef81f2d455f5d8c5eb5d52c83e3732e83768a0b56395142f9049f41d07ee,django/django,156191.456906,1,repository_median,128767.609811,True
pallets__flask-4045,assignment-case-v1:8677ab341c3f62770459dabacbe96e5f22e910d7d0b1ba3344f17bc3df13ae2b,pallets/flask,130138.912887,1,repository_median,124452.596539,True
django__django-11119,assignment-case-v1:8682b33e2a49a0927941e5b392c6102477695401f4edf383176a2e34e77be0c3,django/django,194044.918137,1,repository_median,128767.609811,False
sphinx-doc__sphinx-10673,assignment-case-v1:8795925182f26f46eb1dad480fe870f8bc5db7118257d817937edf84e1c66192,sphinx-doc/sphinx,118011.297018,1,repository_median,110602.803465,True
psf__requests-2317,assignment-case-v1:889922001e480be910f19319983931574f3984c1fab8488135a1ebbd44a80827,psf/requests,146951.135372,1,repository_median,160695.572266,True
psf__requests-2317,assignment-case-v1:8a34f41965ad59319dd89bc1a3bf424a95a7a2bdf1bdf5b30feffd61eefde93f,psf/requests,135356.743454,1,repository_median,160695.572266,True
sympy__sympy-20590,assignment-case-v1:8aa37389cd107ab359726576ded9f32bd6ec163ac842ffa050c08c0d2ad5d7dc,sympy/sympy,88646.776687,1,repository_median,113220.1229405,False
pytest-dev__pytest-7220,assignment-case-v1:927205c696a7dff3f7fc8449cb0554333ac0e6f92dc2cf49227227ede37d0bff,pytest-dev/pytest,116041.575642,1,repository_median,135589.00115199998,True
sympy__sympy-16281,assignment-case-v1:95252b3a0a8abeb81dba981984c0a4aec2931f77ce9a9009dccb2c7b55eabcdc,sympy/sympy,98698.044491,1,repository_median,113220.1229405,True
django__django-13590,assignment-case-v1:96fb5ee7c787b49d5572c8b0332c3cc83b2f280c8ff99aeb094a5dca7a5536cf,django/django,147211.920993,1,repository_median,128767.609811,True
matplotlib__matplotlib-23562,assignment-case-v1:986ef507e2864ce5e743aaf3cc342a35ff667392bcdf7dc8b2971140bf50d3ba,matplotlib/matplotlib,133820.680873,1,repository_median,155152.16810850002,True
django__django-12184,assignment-case-v1:9878ff73064041c21bfa6d2cd06f5edce8ec6d671c438f642a597fef45fdef49,django/django,207344.23321,1,repository_median,128767.609811,False
scikit-learn__scikit-learn-10844,assignment-case-v1:99412d1cc01684be4f4f9a08ed2a89d68498daa5f56dc08b95794690487bfeab,scikit-learn/scikit-learn,186168.993175,1,repository_median,114406.659809,False
django__django-11133,assignment-case-v1:9be7092907ca6e3c6223f485ecc665b4f91fdfa09db816f363ff9f62d3d79dc1,django/django,124499.549,1,repository_median,128767.609811,True
sphinx-doc__sphinx-11445,assignment-case-v1:9c2319368488fb22e134ad56bf4251db4833874652e10c33830290de56114c7c,sphinx-doc/sphinx,119809.349432,1,repository_median,110602.803465,True
django__django-14016,assignment-case-v1:9d4ac70960361969e863aecac5c626ee4a1427e4ce51a9a091dc400dae778a6e,django/django,132743.235585,1,repository_median,128767.609811,True
django__django-11283,assignment-case-v1:9dcbb952742546e33ff60dc46ee9816b0d6c4ddbe5f3ac27baf76fb909e0ceb4,django/django,146012.98323,1,repository_median,128767.609811,True
sphinx-doc__sphinx-8265,assignment-case-v1:a0d9511e507485d6bbcc800638381a860e4c4697d25ea5f0df6df71c9bd1deeb,sphinx-doc/sphinx,135803.321323,1,repository_median,110602.803465,True
django__django-13809,assignment-case-v1:a379fb19094654d48166eca93b10479ba8d0508d9fcdb0f45b7242fbf7044867,django/django,107993.447652,1,repository_median,128767.609811,True
django__django-16082,assignment-case-v1:a385cd29da6fc2f2a339f4edd4e88296cc26bf33091828dc692b3b574b9bdd53,django/django,106922.307464,1,repository_median,128767.609811,True
matplotlib__matplotlib-23562,assignment-case-v1:a5062d2d2cc54541effa1dc9d5a79005fe003b4c6f686f517d6143afa6e68ba7,matplotlib/matplotlib,224702.276184,1,repository_median,155152.16810850002,False
sphinx-doc__sphinx-8548,assignment-case-v1:ab6cf0a4ffc72a0c2b38d34c74386005452058fa7660e14d88ca57c25178f463,sphinx-doc/sphinx,92444.507509,1,repository_median,110602.803465,True
django__django-12325,assignment-case-v1:abeaba8669176c0e47d183bf15e7cc23d7079d41d51e58501138af3158120e02,django/django,117801.319253,1,repository_median,128767.609811,True
sphinx-doc__sphinx-7590,assignment-case-v1:ae6ac27aeb8f3691dbef6ab5f2023cb36529c0a76dcaba0940a86ba4bee58540,sphinx-doc/sphinx,73772.061345,1,repository_median,110602.803465,False
mwaskom__seaborn-2848,assignment-case-v1:b00a2507ec22972ead4c01a0d482f597c5b4d18d921bf357ae2fbdb93d026188,mwaskom/seaborn,110963.043702,1,repository_median,191199.845217,False
sympy__sympy-22080,assignment-case-v1:b179feb16e4c889012c4f3a3150d14e4421d5fb33a441b766d4b3e3cb0536a6b,sympy/sympy,143085.318986,1,repository_median,113220.1229405,True
django__django-14170,assignment-case-v1:b4cc6b40c69ce89ef4ba4c92f81865fbc537b96bbea2d0798daf110062eb5027,django/django,1197995.998757,1,repository_median,128767.609811,False
sympy__sympy-20590,assignment-case-v1:b707616474edeb5d174670ecc3a9464d48e7e0b303c0cb0a3d9cab9a3a830119,sympy/sympy,87183.626607,1,repository_median,113220.1229405,False
django__django-14580,assignment-case-v1:b87f3af1c7b25145a4f06e4603f855d45d1b72ff828f7346c6834b9bb0b96661,django/django,142615.372833,1,repository_median,128767.609811,True
sympy__sympy-15011,assignment-case-v1:b96490a974c4858e476ef9c2c97d424c98b8bec3c194615d628d5815d567945c,sympy/sympy,118916.390513,1,repository_median,113220.1229405,True
scikit-learn__scikit-learn-11281,assignment-case-v1:bed99fcfda30418ee500bcc1031f45768610c99eb3a7e1de4eda43b4665126b9,scikit-learn/scikit-learn,131240.388755,1,repository_median,114406.659809,True
django__django-11211,assignment-case-v1:c51912d3527c45567c4c459c6372da125a58255767c558f576f1a5b8e9f5abeb,django/django,171538.650364,1,repository_median,128767.609811,True
matplotlib__matplotlib-22711,assignment-case-v1:c67fa97aefbaff8cf87ec8c1b534a7baa3eeb5824ab4f450e15c0392aac7b485,matplotlib/matplotlib,297999.41505,1,repository_median,155152.16810850002,False
django__django-16612,assignment-case-v1:c6848279d80395a33f16471afe905fe85ae756c28651cee34271bd373e0f899e,django/django,119032.537201,1,repository_median,128767.609811,True
django__django-11749,assignment-case-v1:c879e38063fc4ce5013d5d8cff90778b200b77b824dbb3784c7951c8ae08f357,django/django,140412.52057,1,repository_median,128767.609811,True
pylint-dev__pylint-6386,assignment-case-v1:cdaa91098480edd5c3f9a1976f75a8e9af8a82a651ba659eba1c6c54a6bdd89b,pylint-dev/pylint,120685.254678,1,repository_median,156671.01578750001,False
django__django-11276,assignment-case-v1:ce9e78ecc92997532b4f5f2a075faf3f6d5e5c68088ab1af0162cae7e99cd9d6,django/django,107734.393653,1,repository_median,128767.609811,True
pallets__flask-5014,assignment-case-v1:cfb94c6f6062221eb6ec5936b27188481159f883ecec7ac2abc449b2f1aa9919,pallets/flask,122780.391945,1,repository_median,124452.596539,True
sympy__sympy-14308,assignment-case-v1:d01080a3e570f12e4c4bdb7f3050e24161003d3fd7ac9a820746c3e169a6be07,sympy/sympy,108266.133172,1,repository_median,113220.1229405,True
django__django-14855,assignment-case-v1:d3fa0b32aa4979b256b2320aaf006d557d7539ba1087aa9aa1783f37b15f0958,django/django,91195.560918,1,repository_median,128767.609811,False
matplotlib__matplotlib-23562,assignment-case-v1:dafdc96407cc637299157ea59d93e09e4097f4e5a4d9a7a196beb47722a0b422,matplotlib/matplotlib,60194.540819,1,repository_median,155152.16810850002,False
matplotlib__matplotlib-20859,assignment-case-v1:db05a7145305e9bcca80dc574a54b5a5254ad96972602b291050a8c3f69b9b90,matplotlib/matplotlib,297689.966078,1,repository_median,155152.16810850002,False
django__django-13590,assignment-case-v1:dd907f99a8cf73339d001a0d9a632dba07c80bb42f03d51e3a618548ff882dfb,django/django,189574.220707,1,repository_median,128767.609811,False
matplotlib__matplotlib-23562,assignment-case-v1:e1fccfb4b9b830a81ba6a6c5cd4658dc0e8d28a34307191651d32d01fdbd1736,matplotlib/matplotlib,103246.5903,1,repository_median,155152.16810850002,False
matplotlib__matplotlib-23964,assignment-case-v1:e52c33cdd2fc7d9437665fbd3be037109f246c47519e9cd1c34b953adb4feee7,matplotlib/matplotlib,204148.664258,1,repository_median,155152.16810850002,True
sympy__sympy-13773,assignment-case-v1:e6cbd6e25fbb8593a31b77dae2bcfa6866664ed1f610d084c6642104a6b1e056,sympy/sympy,121268.4527,1,repository_median,113220.1229405,True
django__django-11532,assignment-case-v1:efc5abf77617ac555f376e03a2b97eb1bb3a2eaf9efbe0be15ddefc93dad913a,django/django,121962.44297,1,repository_median,128767.609811,True
django__django-13448,assignment-case-v1:f0c78f0a748bdbb2074f7301a89208ebb7b54c119f6ed4280de5d2fb305b6799,django/django,147697.44727,1,repository_median,128767.609811,True
django__django-14315,assignment-case-v1:fcc7c11647d5296d8748d52c7fea5c956b0b0f6b71a5bf362901ee328c528bf2,django/django,169537.793997,1,repository_median,128767.609811,True
scikit-learn__scikit-learn-25232,assignment-case-v1:003fb85dfbc99179e5ea2986e1ca936c6dfa5dea71d2405a1bdc9ed2cdfb75c9,scikit-learn/scikit-learn,208202.901016,2,repository_median,113761.41695700001,False
django__django-11740,assignment-case-v1:04201a5dcfa4bdb6e47e9f64be40158628b25facb8c2c45736ef1f1aecfef788,django/django,151540.73886,2,repository_median,130572.987066,True
sympy__sympy-22456,assignment-case-v1:0434cd87f6248e9c413967773d95361bee2c8231587ad9c0443c3059ffaa2499,sympy/sympy,96088.705003,2,repository_median,112641.484147,True
scikit-learn__scikit-learn-13496,assignment-case-v1:080b2f5fd68e2c8eba6916f5b9eb307f2a4810fefd8eb1f6f6d10dbf2de35691,scikit-learn/scikit-learn,151996.762559,2,repository_median,113761.41695700001,False
scikit-learn__scikit-learn-14710,assignment-case-v1:082180b0384bd99692b93cde8dacfd8073c91d650c18efc51ac0de1c9899fd82,scikit-learn/scikit-learn,289835.961999,2,repository_median,113761.41695700001,False
django__django-11728,assignment-case-v1:0aaa78b08576a16853e928f18e8b8b18f89edd7fe4a09404b50f9030ded740e4,django/django,134620.786253,2,repository_median,130572.987066,True
pydata__xarray-4493,assignment-case-v1:1124d315f579e1da3095e8127b8d15731129517b70a290b51182944a87f20c54,pydata/xarray,92437.390398,2,repository_median,218814.481329,False
django__django-15252,assignment-case-v1:13283defa996e245d684fe27322ffe18294f66aabc91a78fce036cbdb5c96d23,django/django,136802.094523,2,repository_median,130572.987066,True
astropy__astropy-13453,assignment-case-v1:13d1ccc9ab2d5ecc54f5ed78148f741c52fe7afd4a4648e909f3d7426ad09db7,astropy/astropy,89291.293344,2,repository_median,126456.911351,False
django__django-13265,assignment-case-v1:142cac08530619701eebd9e6b0146062b67c8860a48ebedf0c77a53aeef1fedb,django/django,122244.817508,2,repository_median,130572.987066,True
sympy__sympy-18057,assignment-case-v1:15ebf286f4d547e6b3c6197827ecd887d81eabbc3f6a8e8b583a139c8f9b11c3,sympy/sympy,135822.462573,2,repository_median,112641.484147,True
sympy__sympy-14817,assignment-case-v1:16ce165dc4361e26ff9fafb1f1f54afbe38792d67d420a1ce182d64e1f4fa837,sympy/sympy,116935.827472,2,repository_median,112641.484147,True
astropy__astropy-6938,assignment-case-v1:16d4b3b193caa5640f1c381827015a5e02cc82eb83f8bd3ba10a1f03b1d33f05,astropy/astropy,121077.636072,2,repository_median,126456.911351,True
pylint-dev__pylint-6903,assignment-case-v1:16f1ebd6befc7630a235b427aabbbb05766f2d500cef05b02a82afedcb47db04,pylint-dev/pylint,207052.543566,2,repository_median,133957.04350949998,False
astropy__astropy-6938,assignment-case-v1:1737cba7805b150488b9b0d2bd4447d5008eaea7e25678219526f41330064da2,astropy/astropy,149027.619259,2,repository_median,126456.911351,True
django__django-15781,assignment-case-v1:17caa950d302b1a75e830e1b98fd4340432a7447a23caf5a255785bab5423541,django/django,152435.634415,2,repository_median,130572.987066,True
astropy__astropy-14182,assignment-case-v1:18310e941156a26dc0c031ece89fd988d1d2128e7a3c68c1d03868a32cb78252,astropy/astropy,200686.252675,2,repository_median,126456.911351,False
astropy__astropy-7336,assignment-case-v1:1988d9b0b91cf337f08091282119e2856033a4c8c80d9364d4aa1d5cb52dd5e9,astropy/astropy,84059.049304,2,repository_median,126456.911351,False
matplotlib__matplotlib-25442,assignment-case-v1:19d279b0bbfb7a0b2c8c9625ee62215ead7c1ce285fddab53afea72495e9e102,matplotlib/matplotlib,295502.153224,2,repository_median,157103.941989,False
django__django-11333,assignment-case-v1:1b72a394ddb0a6f18b8ad02027dd72fff19b4b21004df2cb4beb304d92175216,django/django,168375.848725,2,repository_median,130572.987066,True
sympy__sympy-14531,assignment-case-v1:1b82df1ede39f6db92d7a4074780a92a51d89223067c28091c3ea1d3f22f0127,sympy/sympy,117486.602667,2,repository_median,112641.484147,True
scikit-learn__scikit-learn-13328,assignment-case-v1:1d83b4e414d6d1d4b31602ea6a513e2e820b159220d5263f2b32fc697ed21695,scikit-learn/scikit-learn,102541.38222,2,repository_median,113761.41695700001,True
matplotlib__matplotlib-23987,assignment-case-v1:1f590e3bf53108fcf6c9936a45fd5c598975fbb638c89fcc1f6ed08547cea96a,matplotlib/matplotlib,294738.872084,2,repository_median,157103.941989,False
scikit-learn__scikit-learn-14496,assignment-case-v1:1fe20105c9e6ff40b755c01bf9bbacd123c2653ff085a894eb9a6aede2ba0b80,scikit-learn/scikit-learn,245928.106941,2,repository_median,113761.41695700001,False
django__django-12497,assignment-case-v1:20caa91d66fe2d4aca12449e7a165200d0a392c65c81f0be0358359cf0ae8b09,django/django,95103.628292,2,repository_median,130572.987066,False
django__django-11206,assignment-case-v1:218a0e9f763396fd4bd446fc71d9a849b3f1443f81a1774981d8ed34af32d34f,django/django,131895.738631,2,repository_median,130572.987066,True
django__django-11734,assignment-case-v1:2401919891426c6b8e18b5f25c6123c91e544ba8be5dfd2dbc56b02897c7278b,django/django,96306.065899,2,repository_median,130572.987066,False
scikit-learn__scikit-learn-10908,assignment-case-v1:2467dc9f403e46a9be65fe89de8ba2f68d726b7f04b690a112352b1466590dc3,scikit-learn/scikit-learn,141533.072712,2,repository_median,113761.41695700001,True
pydata__xarray-6461,assignment-case-v1:25525711011bec866556c928bd6fb0edd76e940ac8edeca1d2380bf0c97583bf,pydata/xarray,249765.437654,2,repository_median,218814.481329,True
pydata__xarray-6599,assignment-case-v1:2950f666cb7a139c16501b19eb91794232dd0a922ee3b780c7a17ed25b3f06d9,pydata/xarray,208773.590624,2,repository_median,218814.481329,True
django__django-13568,assignment-case-v1:299f5b349ed2688f7b86dde25429732c93ad88b06169811dd57d420011851ccd,django/django,122522.296905,2,repository_median,130572.987066,True
sphinx-doc__sphinx-7985,assignment-case-v1:2d6d52e374d50e5e39277319e8511919d4b15386ab69635a9209255c0c44088a,sphinx-doc/sphinx,117457.950625,2,repository_median,110140.72588,True
sympy__sympy-18199,assignment-case-v1:2e6a3248337a8ba540f707e6443c6501cc36c71a233915a4d52d9f8e49326ec6,sympy/sympy,132592.577243,2,repository_median,112641.484147,True
astropy__astropy-6938,assignment-case-v1:2efe4da1539214e304d99f425d701d47f19a496a4aaf5afcb4baf6cb07d2af52,astropy/astropy,125149.266601,2,repository_median,126456.911351,True
django__django-13741,assignment-case-v1:30e8fa631c3cb9d7b95636edaa1bbd028533c63f1f74d7b2f62508cbf5f22ef5,django/django,135272.198259,2,repository_median,130572.987066,True
astropy__astropy-13033,assignment-case-v1:30ea826b7e4e384d18c54c6a5bca18b15b9030ae78926033d8840a8c07218346,astropy/astropy,142895.477679,2,repository_median,126456.911351,True
django__django-13568,assignment-case-v1:311dbced573df9c69c434e6448a4dc342d00a6d463666a892e643cbfd0477208,django/django,127128.461781,2,repository_median,130572.987066,True
astropy__astropy-6938,assignment-case-v1:34551bff63d31af1a74181a4f7036bc4b16bda2551d4df10ec515fd4af1e5e81,astropy/astropy,162707.920988,2,repository_median,126456.911351,True
pydata__xarray-4493,assignment-case-v1:37d7bea5aaae9ad77aa346d845d6aeb458fa773d17039fdf98d6f88abf47b6de,pydata/xarray,131521.851672,2,repository_median,218814.481329,False
pytest-dev__pytest-7205,assignment-case-v1:382f671003fe29de8bc4cdbd1c6288fc2fc849192222dce1996e9d38f0ecfa37,pytest-dev/pytest,150719.69156,2,repository_median,126262.0991045,True
django__django-16255,assignment-case-v1:3916be77a777185f34d8a16866ff7b79a0ac221d3c15e63f74831dfcca6e7f59,django/django,131102.885995,2,repository_median,130572.987066,True
sympy__sympy-18211,assignment-case-v1:3980fdd708f3897f5befa98467ac8d19dbfd0a7b9c6e8ff1396c2faeed5d8416,sympy/sympy,81973.364231,2,repository_median,112641.484147,False
sympy__sympy-13895,assignment-case-v1:399be48cfa2f15301c6d2e0908305971a3717d87981c8d37938af99958dd17e1,sympy/sympy,122082.076527,2,repository_median,112641.484147,True
pydata__xarray-4493,assignment-case-v1:39fde18644d1d4b408cadc2e12d01dcb6896e330d6c9e1786001080f7af02277,pydata/xarray,106362.250188,2,repository_median,218814.481329,False
django__django-13568,assignment-case-v1:3bca505877993d6eb7d8f7859690a37bc588c2095046e5b3b5c21740385866bf,django/django,97958.238062,2,repository_median,130572.987066,False
pydata__xarray-4687,assignment-case-v1:3e7acb7eed45c576210d95e7a2cd118708910ef3546a7993501f379c26acda84,pydata/xarray,108098.701628,2,repository_median,218814.481329,False
sympy__sympy-22914,assignment-case-v1:40088aaee02f085091c494f33195a03759510b3b341ae4be97f04b383894a192,sympy/sympy,79566.526654,2,repository_median,112641.484147,False
matplotlib__matplotlib-24177,assignment-case-v1:42c494bd24d801fbb6789c138a0f8583b9611702473c7206166578c9cc470e73,matplotlib/matplotlib,164913.841361,2,repository_median,157103.941989,True
django__django-13925,assignment-case-v1:446fd632424ba366d80f2c4d59cd61686e8fa57c762effb355c8545a066754fa,django/django,128767.609811,2,repository_median,130572.987066,True
sympy__sympy-17655,assignment-case-v1:454648abe973bab25b771f1e52bf5ba06b0452d0c339ba937ba23dfd56ace999,sympy/sympy,119467.597868,2,repository_median,112641.484147,True
django__django-11630,assignment-case-v1:457ccc6de9ad79bb8012dd029a2e32d595fe4ec1c3f59914ec326c5427da882d,django/django,175511.275837,2,repository_median,130572.987066,False
django__django-14140,assignment-case-v1:465d3558f27172c75f16926d3422e415389cbf9a0ddd94d3976dd7996649a7b9,django/django,127468.524009,2,repository_median,130572.987066,True
pydata__xarray-4493,assignment-case-v1:47565c112de6dc803cff11b34da13553eb0ed50dcd1e46e0b653ad9238a48291,pydata/xarray,105753.705464,2,repository_median,218814.481329,False
sympy__sympy-22456,assignment-case-v1:49be8faf079d7bc759d012c238ec63d60d156f2b71c863da4ec2c5b7f710be35,sympy/sympy,89287.083865,2,repository_median,112641.484147,False
pylint-dev__pylint-4551,assignment-case-v1:49eaed15e36d369ba42d5b2da39b2c152a537d7ae6aba1e258ab81201269559a,pylint-dev/pylint,128634.14477,2,repository_median,133957.04350949998,True
mwaskom__seaborn-3010,assignment-case-v1:4b083fba8cd9dd3f75b3d0fbbfdacee8cf2da940d37577f71a024ed81a5e660f,mwaskom/seaborn,191199.845217,2,repository_median,161440.423545,True
django__django-15561,assignment-case-v1:4c2f7906f985ff690e4fc13336ef2d9c6637822b3cf68dcbfa59d68265ff7b15,django/django,141719.072106,2,repository_median,130572.987066,True
django__django-14787,assignment-case-v1:4c4f725a7173e7d5b8c18e6d1c201bd7e44258e199970abbe37b86ecc25c8b2a,django/django,148611.178823,2,repository_median,130572.987066,True
astropy__astropy-6938,assignment-case-v1:4c96582ea460b994f28fd0840ac327935090654656b3b9e0924233a1cde3edc9,astropy/astropy,124126.141712,2,repository_median,126456.911351,True
django__django-12308,assignment-case-v1:4d47c7bf73d2f97cdf0de934aea1af1e275452222fb34372c146d68403c4a8c1,django/django,108312.520382,2,repository_median,130572.987066,True
django__django-15499,assignment-case-v1:4e42151cf3975c50edaba183aacedbb6d2b662252cc350ded7f531e42c6be978,django/django,126040.609132,2,repository_median,130572.987066,True
pydata__xarray-3993,assignment-case-v1:4f3f9a7772c58155821b55639548c2fa2d98afae67267ee232d3ce43a4f16ff0,pydata/xarray,121560.135377,2,repository_median,218814.481329,False
django__django-15738,assignment-case-v1:53bb65871c0b28727bc3a86d235dd77ceea7ccae2e496c4e5ad20e397efb4415,django/django,165443.365098,2,repository_median,130572.987066,True
sympy__sympy-22456,assignment-case-v1:549c91eb8315e99667ee77077282fed8018187393a033164a8f9f7282a544c95,sympy/sympy,125912.978538,2,repository_median,112641.484147,True
django__django-13568,assignment-case-v1:5537318af6e91695c02b6decf8f5a511ae2a0df6fd4457c4e417979ddab350d0,django/django,127817.410785,2,repository_median,130572.987066,True
scikit-learn__scikit-learn-13142,assignment-case-v1:5a9e1703d1f654a894bacbc5182174904d51bba8ad8550a64d92a84aa2fd62e2,scikit-learn/scikit-learn,124633.184828,2,repository_median,113761.41695700001,True
django__django-15098,assignment-case-v1:5ae1be7f68d7dc9579a8cbcf285d48e393225969102a72310093227bfa9a834f,django/django,91561.93899,2,repository_median,130572.987066,False
django__django-16139,assignment-case-v1:5c14219541f8296d1e0671dd86b43d449488925d6f1cf8a9c3f7c1942bb30f05,django/django,93562.675638,2,repository_median,130572.987066,False
django__django-13568,assignment-case-v1:5c3d240f1bb8ff23dba6b312ebcc4b1c0ea72cb019dec7f59948926f276e2b84,django/django,118060.563419,2,repository_median,130572.987066,True
sympy__sympy-16450,assignment-case-v1:5db23e43d36ba267b068c87f7a71bdbff6262e5ed56ea9b4a607cd69e4b40476,sympy/sympy,103728.679343,2,repository_median,112641.484147,True
django__django-13925,assignment-case-v1:5e457c11c3bb9a945747cd925b465060768666501a2cde914a46658ade92fd77,django/django,104124.814246,2,repository_median,130572.987066,False
sympy__sympy-17655,assignment-case-v1:5e7dcac8f2047b5f3037aee1467a96facdc79350cf84aaa5bca9650288b0bf37,sympy/sympy,149381.984881,2,repository_median,112641.484147,True
pylint-dev__pylint-5859,assignment-case-v1:60accdfaf6789e4f698fc2fdac46bf58b4c049c46b65a014c20cb7148c24734e,pylint-dev/pylint,156576.884365,2,repository_median,133957.04350949998,True
scikit-learn__scikit-learn-25638,assignment-case-v1:668150bc46c2f8e2ac4f8a3c53427dc5eaddfc95f377022aa288102cb8c9c6cd,scikit-learn/scikit-learn,157043.916716,2,repository_median,113761.41695700001,False
pytest-dev__pytest-7571,assignment-case-v1:688b982a4a6c5848ae1bfdac9a3e5d2ed58a37d74201e4da95a0f3cb76dc2e44,pytest-dev/pytest,146344.047745,2,repository_median,126262.0991045,True
sphinx-doc__sphinx-8627,assignment-case-v1:68a62dbb984335b3bb6f4f920945d27c5289c14888b83b2cf93ce416e47720df,sphinx-doc/sphinx,135250.49296,2,repository_median,110140.72588,True
django__django-12304,assignment-case-v1:6a31ab633c7322a10bdc867ae475dc09e8df19d6f1e1abe288d89b554cbc1ea0,django/django,156953.716266,2,repository_median,130572.987066,True
sympy__sympy-22456,assignment-case-v1:6a3be302569fd364281e205bb9f8d0da7c55cdd453433ce9033464af88c10dfd,sympy/sympy,88186.063588,2,repository_median,112641.484147,False
pydata__xarray-4493,assignment-case-v1:6ac5ec167c205e5cab367eceafd1f82bc2d7b9736b8556e1bab961c226019dad,pydata/xarray,95158.11497,2,repository_median,218814.481329,False
astropy__astropy-6938,assignment-case-v1:6c61bb8347725605226a8c35f78e5e6aeb14e7d369d11791c7e981c63c6f5c8b,astropy/astropy,93281.662831,2,repository_median,126456.911351,False
sympy__sympy-22456,assignment-case-v1:6d95506676e4a041ded9bf0de18fd28ba3d198561d05dc7afcfaecd40a6f9e27,sympy/sympy,94027.435397,2,repository_median,112641.484147,True
pydata__xarray-4493,assignment-case-v1:6f52eb98afd78ac2f762b7e6def8a54a840e0758c71e393cdd165e1b08d7b251,pydata/xarray,57898.185043,2,repository_median,218814.481329,False
astropy__astropy-6938,assignment-case-v1:724da2b59948e411bd787005d73cc43039d495d52d03bcc5944455804c35c95a,astropy/astropy,228613.31327,2,repository_median,126456.911351,False
django__django-15629,assignment-case-v1:727a6819557867f793a8766a8aa3d649d889d1d02245ada81636cf4f4ace02e8,django/django,96641.722344,2,repository_median,130572.987066,False
sphinx-doc__sphinx-9281,assignment-case-v1:72ddadd96242d4e3e6e6629904266a033fae1eb359410313a26ff3a66dacf13e,sphinx-doc/sphinx,92663.963721,2,repository_median,110140.72588,True
django__django-13568,assignment-case-v1:74f051bcbfef63e1589eae0d157bcc1d086d45d15dcc6dccc91a29ff8ecb9ba8,django/django,121145.021056,2,repository_median,130572.987066,True
matplotlib__matplotlib-25332,assignment-case-v1:78dfd845f9ab6df5e4c351011de700c65497afe87d8348370b41bbb1066da066,matplotlib/matplotlib,136028.326364,2,repository_median,157103.941989,True
django__django-13568,assignment-case-v1:7a8b0ae526e799cdc918901f093ec0399ee66f831ac6c955e01af4b31d847ebb,django/django,112894.15653,2,repository_median,130572.987066,True
django__django-13568,assignment-case-v1:7c15611096a9b9205aa24f487bce0aff40a4b51632a2b50aa0753d3e7d6772e2,django/django,82561.306898,2,repository_median,130572.987066,False
django__django-13109,assignment-case-v1:8138f5ea96be022e3455871d828a7e86854214ed72a88e88c5143229eff164fc,django/django,175620.361988,2,repository_median,130572.987066,False
sympy__sympy-20916,assignment-case-v1:829dc8f59edb08b21e3941770285f542faadcddd490b228b1b41bd1537501797,sympy/sympy,123351.162461,2,repository_median,112641.484147,True
django__django-11299,assignment-case-v1:84b8daeba802044ab5f53e985859a8323f6a3e5cd57d105ab13a257df1a0ad68,django/django,93903.157627,2,repository_median,130572.987066,False
sphinx-doc__sphinx-8801,assignment-case-v1:86d0f5c624bbc9511f2eac52f3343b06dd6dccc2fda42897fc0d3aadc9f2cb46,sphinx-doc/sphinx,121964.371015,2,repository_median,110140.72588,True
sympy__sympy-22456,assignment-case-v1:86fee15cbdfe22953b45508be8bd5b64d4c68c924eceac21ac6bc04a9f5807d5,sympy/sympy,97030.049381,2,repository_median,112641.484147,True
astropy__astropy-6938,assignment-case-v1:8b064238a30e4ed9b5236fe44f1fd2f1c4c80e2758d4fbfdc6f13bb164714674,astropy/astropy,83489.931364,2,repository_median,126456.911351,False
django__django-16560,assignment-case-v1:8bc01be0419434eb60219fb9022a6bfbb7b0fbe894db0948ac6fe248cdbbf427,django/django,135567.898989,2,repository_median,130572.987066,True
sympy__sympy-18199,assignment-case-v1:8e156cd9adfb31f4fcc81761c427c1ff5fa471ea94ec6ca56fd297e6c82389fa,sympy/sympy,131815.844301,2,repository_median,112641.484147,True
astropy__astropy-6938,assignment-case-v1:8ee166bfc94dc7702f9fa3ca825115981a10165d4459f0240706f890962bbd54,astropy/astropy,229163.367982,2,repository_median,126456.911351,False
django__django-13568,assignment-case-v1:90a42d2fdfe010943a1c5fb5f05e9b7ee8625ddd60a0832a08fa7b874d76bf2b,django/django,137225.437125,2,repository_median,130572.987066,True
django__django-16493,assignment-case-v1:94c4627af89c1e44c029c232e56b9831b88f1c8d890d0c211fbeebbbceb9e7fc,django/django,233528.441052,2,repository_median,130572.987066,False
pydata__xarray-3677,assignment-case-v1:968a067984affe261c165e0f57c41ce99ce5c2930db9e21b670b9362f643ef0a,pydata/xarray,101692.623204,2,repository_median,218814.481329,False
astropy__astropy-7746,assignment-case-v1:980a79243f61944c999d709aa980c804cfad20ddb9005b9a6cf4bd191b8fa34a,astropy/astropy,141603.317674,2,repository_median,126456.911351,True
django__django-12754,assignment-case-v1:9bfa70e7a217bce61ead7a31baee9b35063c54c4a6673569864407596aeb0eb4,django/django,131252.675033,2,repository_median,130572.987066,True
scikit-learn__scikit-learn-14629,assignment-case-v1:9c03cb82e06db14fd2c4d388d49d54907f2c9700760476bace6c73e5376ce036,scikit-learn/scikit-learn,132467.925934,2,repository_median,113761.41695700001,True
astropy__astropy-6938,assignment-case-v1:9c054ca34e933f5d85124a872c79ef3818d115508b3fb8e305da8d5347549b1e,astropy/astropy,133099.89095,2,repository_median,126456.911351,True
django__django-12308,assignment-case-v1:9ceea0f6adec6bf5a517ea33faad3c0ec209408f4a9a265142d4a608388a5996,django/django,109644.348794,2,repository_median,130572.987066,True
django__django-14787,assignment-case-v1:9d1cd9b0a5daaf7970d618a360ca4f565e333dcb08f0dc37283efab8406736ba,django/django,142200.476769,2,repository_median,130572.987066,True
sympy__sympy-22456,assignment-case-v1:9dfb8db91844cdbba3dfa89d04cf9553e9462d4e452f4ffa076f4d22a37ff077,sympy/sympy,57957.74152,2,repository_median,112641.484147,False
pytest-dev__pytest-10051,assignment-case-v1:9ea7a9721cccb4ac848928171e7757ad2fc0f508078dd4d1ed01cd179de6786c,pytest-dev/pytest,136091.714759,2,repository_median,126262.0991045,True
django__django-14053,assignment-case-v1:9f50a188b7b415401eb7538eb7ecf139d8f57a6f3cd77c80cb96b91bb2dcd86a,django/django,120825.274753,2,repository_median,130572.987066,True
django__django-12915,assignment-case-v1:a1770852483b353a1541fcc1a452bcc65f9dddfaf44e1f12ee50efb750654830,django/django,125495.317506,2,repository_median,130572.987066,True
django__django-16139,assignment-case-v1:a2a61a112b1f4ff9a418224fcfbc89d377940562d7d106edc33c65a35a1a9bc2,django/django,85853.694173,2,repository_median,130572.987066,False
django__django-12155,assignment-case-v1:a3b2ebe2ac83cb4e542d08129085ce4b48ef3e9cf51649fbbbed3bdd1529dfbf,django/django,124562.84106,2,repository_median,130572.987066,True
sympy__sympy-17318,assignment-case-v1:a652750211d5059b2cf0e5d1233078aa5ba868c90f0c7ae0ac9c10af1efa86b3,sympy/sympy,92625.540182,2,repository_median,112641.484147,True
django__django-13297,assignment-case-v1:a76d6bd000b0deabdb1a0b2efd3c4b7387605abd517c4f27f3745cd57a3febd7,django/django,197239.660945,2,repository_median,130572.987066,False
pydata__xarray-4493,assignment-case-v1:a95cf812eae38a37497197f2cd962aee93990f3acf9f327df5bf87f50e2b8237,pydata/xarray,57865.04266,2,repository_median,218814.481329,False
sympy__sympy-20639,assignment-case-v1:ad27003e1ed7db3a2bfec12eadd4232604039b18762f3193aa5f1705f4f7eb36,sympy/sympy,100131.412922,2,repository_median,112641.484147,True
sympy__sympy-22456,assignment-case-v1:b5aeb83096246570537a1c4ec1124f8400e973cb8e61c6bd0bcbc5cc608b0cb4,sympy/sympy,118994.413824,2,repository_median,112641.484147,True
astropy__astropy-6938,assignment-case-v1:b80f9149e8a56b0632acd741f8f86e48ca77d551e82a79f472cf069e2129279b,astropy/astropy,210457.674794,2,repository_median,126456.911351,False
django__django-13568,assignment-case-v1:bdbe97367c993bdbaf95b332392f40f13ca429210942062dc8cc83c9a781120d,django/django,124618.020749,2,repository_median,130572.987066,True
pylint-dev__pylint-4604,assignment-case-v1:be10f4da5548d591ebd2434af03d116e6fe2954025afa13bd17894da5f37080c,pylint-dev/pylint,160945.573823,2,repository_median,133957.04350949998,True
pydata__xarray-4493,assignment-case-v1:beb77e7a886be626c6f02c531bfcf123165cd4dd2879ea98aef0a826c79a871a,pydata/xarray,116152.347543,2,repository_median,218814.481329,False
django__django-14730,assignment-case-v1:c0f04fd6ba3c31e3d1ee0f0cc23bb6cdacb5d791ac8e47a44bf59f4d3f29231f,django/django,130701.809192,2,repository_median,130572.987066,True
django__django-13220,assignment-case-v1:c1b87e551e1479e21e51e5b61818489f67538246fb1066fb65d1133b384a7a4e,django/django,134781.019092,2,repository_median,130572.987066,True
astropy__astropy-6938,assignment-case-v1:c509a1eebfc1188626f02badb6a7014d8193b715fe27f1234c15c59784b92f98,astropy/astropy,131143.9324,2,repository_median,126456.911351,True
scikit-learn__scikit-learn-13496,assignment-case-v1:c811b340015683b13e7fd044e86e1ac266c2156cbca6d6c701a7f4338e125e4f,scikit-learn/scikit-learn,109971.597163,2,repository_median,113761.41695700001,True
sympy__sympy-22456,assignment-case-v1:ca47bb49ab55c52b54ce3e8aad75e3a5bcd64626315612b7c304e814e4f1636d,sympy/sympy,69715.141587,2,repository_median,112641.484147,False
sphinx-doc__sphinx-10323,assignment-case-v1:ca962c903c73c3aebd22741174cfc57c046b044d5552eaae305321ce72fe44e0,sphinx-doc/sphinx,119053.383213,2,repository_median,110140.72588,True
sympy__sympy-22456,assignment-case-v1:cbe618aaa3f7a2ed49f10197c5133e584299820febb8240d8a8835cb5c0dffca,sympy/sympy,97327.475024,2,repository_median,112641.484147,True
matplotlib__matplotlib-25332,assignment-case-v1:d1d358803e1ab33d62fba7576b26054da0940ac1512abedd2196b85b5002ca8f,matplotlib/matplotlib,276839.698622,2,repository_median,157103.941989,False
django__django-11742,assignment-case-v1:d2ff38234f0d41ec773cfe9c5a020c9affd412a0cfb3cbbb4a5c97592beed492,django/django,137418.188586,2,repository_median,130572.987066,True
sympy__sympy-22456,assignment-case-v1:d33ab5b8059ba0e05579ed6877732139fcfb52c3a8be97ecf631e437575932ff,sympy/sympy,144525.267574,2,repository_median,112641.484147,True
sympy__sympy-20154,assignment-case-v1:d48be37f003352ae157ef57072dcd04b4e731a90f44b7eb39f04925862d7186a,sympy/sympy,85293.226694,2,repository_median,112641.484147,False
scikit-learn__scikit-learn-14141,assignment-case-v1:d4d00a4ef8d89a94f59d4998a10716fedd130181f60623339653ca8b5c7ee29f,scikit-learn/scikit-learn,98670.716763,2,repository_median,113761.41695700001,True
django__django-13568,assignment-case-v1:d5ef9c776ef1daaef65b7bb4c36b71db6891fe65c64c92a8bea444ee0443fa34,django/django,124288.06904,2,repository_median,130572.987066,True
pydata__xarray-4493,assignment-case-v1:d677281efdd800053f511f8f4858f2e48648784a111bb64634e5bc982583fd16,pydata/xarray,109111.783635,2,repository_median,218814.481329,False
django__django-15252,assignment-case-v1:d6dbb28add057cce397c91bc997b70f4e6849a374dc58248efaa6b21c3802a2a,django/django,127610.589773,2,repository_median,130572.987066,True
sympy__sympy-16886,assignment-case-v1:d91d50406fbca37e462087bbbc9eba7e8959f19627d3b858c168b8fa0ab411bb,sympy/sympy,101052.928121,2,repository_median,112641.484147,True
pydata__xarray-4493,assignment-case-v1:da2f85a5ecd7cd657462af1891209bcf24d261bc868d02017065e44a867e0f19,pydata/xarray,102849.05529,2,repository_median,218814.481329,False
django__django-13513,assignment-case-v1:dbfdd9deb89b2a5f2ead554f0fa1598f6b752219f3ac9642fc15f1895ca674b1,django/django,214994.623815,2,repository_median,130572.987066,False
matplotlib__matplotlib-24627,assignment-case-v1:dd96b2c2b72c1299244452c02a9d144d94dd9209b7de33a445641424be00114e,matplotlib/matplotlib,153200.394228,2,repository_median,157103.941989,True
pydata__xarray-4493,assignment-case-v1:df8d5a24fac71018874c5d56fb6ec2179530104e1a9df292364accd30cb44b06,pydata/xarray,103082.298806,2,repository_median,218814.481329,False
django__django-13568,assignment-case-v1:e12cdc83c2eae1fee8a30982507f05aeaa3356e4767d991786fcb7fecc5fcaff,django/django,46608.904902,2,repository_median,130572.987066,False
pydata__xarray-4493,assignment-case-v1:e13e06b1c1d028806d16e18d906ebc68efeb07d855312ff91b33fe526d2031c4,pydata/xarray,77648.54479,2,repository_median,218814.481329,False
sympy__sympy-15349,assignment-case-v1:e193689e1276ad40ece91611deddff57efb2f182aea41e4234a6028c1efb1fcf,sympy/sympy,165237.327051,2,repository_median,112641.484147,False
django__django-13568,assignment-case-v1:e3a1748a3f69fa915da9d60d4ec89c8dd54dfe3ae6ca68ad38e2c08150119266,django/django,145825.061295,2,repository_median,130572.987066,True
django__django-12143,assignment-case-v1:e3f8d5c8d945837b3cdb498493a2bd9ff249471d8d19bd21c1ff562ac833d918,django/django,124746.435591,2,repository_median,130572.987066,True
django__django-14765,assignment-case-v1:e4798686196b4e0a621f3d4e8e7e5fd53ab7e323538cb1b18f70333b74f3b9a5,django/django,102454.401804,2,repository_median,130572.987066,False
astropy__astropy-14182,assignment-case-v1:e4ddb13bd8f26c7ed61367a0844761301b43b9d7458f0903cd3657005274a5d4,astropy/astropy,96425.271024,2,repository_median,126456.911351,False
pytest-dev__pytest-5809,assignment-case-v1:e7e22fdd4d738e72a4d372dde587d8a0a45bd855e0454107c9f8e4edd12a6e4e,pytest-dev/pytest,229725.611617,2,repository_median,126262.0991045,False
sympy__sympy-14396,assignment-case-v1:e99e9eb435602e0bcfbccd1d1ff5f73496bdb04e6709114dcb6cccc0e7d4bb72,sympy/sympy,110966.872896,2,repository_median,112641.484147,True
django__django-15819,assignment-case-v1:ea499ee155b4c4ae333d3f5ec30d04822af0f5790869fd7a4f3e948738dd5e3c,django/django,106678.537211,2,repository_median,130572.987066,True
django__django-16255,assignment-case-v1:eb8a6cd9dc0d53d1539e37cb3554de218694949693c6be59f2cb6b57e513f067,django/django,172264.240604,2,repository_median,130572.987066,True
django__django-14631,assignment-case-v1:ec1a1f5ec2579ead434cbd990ccae69f5a68e30272a361e0593ce991d14b2395,django/django,112618.515918,2,repository_median,130572.987066,True
sympy__sympy-22456,assignment-case-v1:ec458d38b66349ed8d810747c332b66d68c74054a9487c9a8f51b650fe9279ae,sympy/sympy,88273.353803,2,repository_median,112641.484147,False
sympy__sympy-22456,assignment-case-v1:ef9671f9f112f4cfb742c2f8f51dd46c892c1887b1fcd00e090282ac873db0ae,sympy/sympy,98398.764565,2,repository_median,112641.484147,True
matplotlib__matplotlib-24570,assignment-case-v1:f1f08fb8c2a1c39e2d417507f98b71b523b2b38a978c2ead08ad950dbfd06286,matplotlib/matplotlib,103584.702907,2,repository_median,157103.941989,False
astropy__astropy-6938,assignment-case-v1:f4dccde98a473cea828373eb0ef5d39d5e8768e1861f6166b5f113a090e916ee,astropy/astropy,113627.953335,2,repository_median,126456.911351,True
django__django-15277,assignment-case-v1:f70b7000c10162a79673810483df303a1f6d5c22f3494c63f7b9d8de54690fe9,django/django,99924.107787,2,repository_median,130572.987066,False
sympy__sympy-20154,assignment-case-v1:f7447e96bd5eebb60e03289f09af9495344bc3ea782937656479f12599495e6a,sympy/sympy,117541.742945,2,repository_median,112641.484147,True
pydata__xarray-4493,assignment-case-v1:f757e348a595dcc7856bafec8b79784cbef0452bfb507301619b273a4991d3a0,pydata/xarray,181999.58906,2,repository_median,218814.481329,True
sympy__sympy-18835,assignment-case-v1:f837cda02d31873b8c38f8c325be44e08e931f6beea36b5b597a1b3996aa0dc0,sympy/sympy,127454.734258,2,repository_median,112641.484147,True
django__django-13821,assignment-case-v1:f88edde848fdc4ad5f80a1f715e36ad44fc174096f2502fcf132848311cf0666,django/django,161291.859692,2,repository_median,130572.987066,True
django__django-16667,assignment-case-v1:fa6bfdfe3a9b40846d03845371e7efa2d7708661d643a6ec49c4b39cafc87a21,django/django,117802.324243,2,repository_median,130572.987066,True
sphinx-doc__sphinx-7889,assignment-case-v1:fe1bd54652a88ad57afa06fa3d580bf73826b8c624f409ab0a90f0175a12c41a,sphinx-doc/sphinx,128605.138973,2,repository_median,110140.72588,True
django__django-15957,assignment-case-v1:fe69c872b5ce7d0f7c18e7c7fc53e9eabad5a242039f2a82c08b7a2f25694d2b,django/django,114824.746476,2,repository_median,130572.987066,True
scikit-learn__scikit-learn-13142,assignment-case-v1:fee081408ee253778c163f45168759c2da9a584ae0b0b544e4d5cd9e1f5de837,scikit-learn/scikit-learn,138484.392669,2,repository_median,113761.41695700001,True
sympy__sympy-12419,assignment-case-v1:0050fdfd5f21bfa855b0f03a76b55ed7c6a76b53e26d65eed59a0a698f0712c2,sympy/sympy,86831.359052,3,repository_median,104750.548881,True
sympy__sympy-19954,assignment-case-v1:00ba3a406cd67bc21b7a5aa182a6ca15a3df1821ca94ad8d8e2e671e42032c9d,sympy/sympy,105395.835818,3,repository_median,104750.548881,True
matplotlib__matplotlib-13989,assignment-case-v1:00c0f0c7163dcf16a4c73513d0e09e61ce1c5284c662b15b9aa3d5423a9f7866,matplotlib/matplotlib,76916.161167,3,repository_median,166986.42800850002,False
sympy__sympy-19346,assignment-case-v1:01d6ece3299ee960efab99aa2c46d0fecb08905a294eb77c96f110a04b7bb29a,sympy/sympy,116177.72439,3,repository_median,104750.548881,True
sympy__sympy-13647,assignment-case-v1:02cf3ad4fa8a2e6c60f7292944545b25f005866b0b4316aec1c8b8c86557dd3c,sympy/sympy,118598.766853,3,repository_median,104750.548881,True
django__django-15814,assignment-case-v1:0813248f9b972a14de18f990b279135d112702497a6dba10e015a8b97396e88d,django/django,106220.055333,3,repository_median,128954.75113650001,True
sympy__sympy-24213,assignment-case-v1:08e1b7c40292e11be0ab5645832113f4e990b1c86e657b230568706b32348b92,sympy/sympy,139064.616246,3,repository_median,104750.548881,True
django__django-11999,assignment-case-v1:0a7585c97772b74f29f6e028faf9f580b6bd663236af4fd1fff4d761a3f05764,django/django,133919.614611,3,repository_median,128954.75113650001,True
sympy__sympy-13647,assignment-case-v1:0c05ef52aa1d99d4f0ca4662c3cf9f71423eaad8593032412dd24a9f425f6f7b,sympy/sympy,148411.488718,3,repository_median,104750.548881,False
matplotlib__matplotlib-20676,assignment-case-v1:0c5365797dd313bfd6677c45f76faac58f6aa0e40b912b96b05240c297501f6b,matplotlib/matplotlib,243245.585203,3,repository_median,166986.42800850002,False
django__django-12983,assignment-case-v1:0cede4eeb275bffb62d306f95f725fb9316ed3b166f8efaf4fd317a34b5f7f48,django/django,207978.030055,3,repository_median,128954.75113650001,False
psf__requests-2148,assignment-case-v1:0d46eb654654368ddf2cf987d983e73c07dbf3d10d1131b43a2faeaa1546aec8,psf/requests,106052.660616,3,repository_median,133589.9802355,False
django__django-11179,assignment-case-v1:1016b2f5f94d93df860c6bbafa497206b5c445e35a9e1392bfa3835c460bfd91,django/django,172894.421479,3,repository_median,128954.75113650001,False
django__django-11790,assignment-case-v1:10c44b5937fb166aac3b4f3c7329a8e546b879a4f25168d6fc19e9cdbeba8271,django/django,176075.139633,3,repository_median,128954.75113650001,False
sympy__sympy-20801,assignment-case-v1:11f6b581b04ade389d18037829918c34b50a9dc119bd254dc9107665fa9ef661,sympy/sympy,87293.616689,3,repository_median,104750.548881,True
django__django-13315,assignment-case-v1:12f45ce138833a52df57df5df160e2df9f15d663d11c4de6acc58c00754449c0,django/django,146905.863284,3,repository_median,128954.75113650001,True
pylint-dev__pylint-7277,assignment-case-v1:150d1658fdc8ae2cac015ea565953811b8c8f0dcfed7c34dd309662acc8a487d,pylint-dev/pylint,248098.383657,3,repository_median,156576.884365,False
django__django-14349,assignment-case-v1:1798502b82224ea304cda58e27f807d8e1dba139dff23bef3e3d5b5416f70456,django/django,137563.008303,3,repository_median,128954.75113650001,True
django__django-16595,assignment-case-v1:183a6eaa194d8fb9068a11be23e432f34923f449e81e160fe95f246460c7c207,django/django,137017.688424,3,repository_median,128954.75113650001,True
django__django-13658,assignment-case-v1:18dc537d9feb56a0a0c7323b89fe218d865217c7964d440ac4142d8a2d87d7c3,django/django,210141.595626,3,repository_median,128954.75113650001,False
scikit-learn__scikit-learn-13124,assignment-case-v1:1bf55bac7d433ba579eb3318f4c2bf2163e8240925cdbd41d83d03ed510c6fe9,scikit-learn/scikit-learn,105016.40894,3,repository_median,114947.174394,True
psf__requests-6028,assignment-case-v1:1bf98b1e55043f8a665a6a12b88c2c7f6854388c531e5b191aa887a4b249274f,psf/requests,160695.572266,3,repository_median,133589.9802355,True
pytest-dev__pytest-5227,assignment-case-v1:1d2b866c5d05daa35f42bdc585f5ac46d4941663d5b25ac5db54b1668fe5e33e,pytest-dev/pytest,101629.926939,3,repository_median,136091.714759,False
django__django-15930,assignment-case-v1:21cc14f22723970739bd2cd0aaffca854e399ed6919f0869b441f9b6bb9c8f64,django/django,134780.867392,3,repository_median,128954.75113650001,True
sympy__sympy-23262,assignment-case-v1:2411c20b2b23486f99ec0d1e5033f9e439fa16cf8b95df70fe20e85bef0a2cad,sympy/sympy,115604.497252,3,repository_median,104750.548881,True
django__django-13658,assignment-case-v1:25c8713b9f07908f41c40a4dd0d15bba2c9a44f442318c90004d52a32d9f93a1,django/django,61130.054711,3,repository_median,128954.75113650001,False
django__django-15380,assignment-case-v1:2894190a3149cad310d395451e2227a4d9761b25740463b8f5b5444656d296ee,django/django,146636.466642,3,repository_median,128954.75113650001,True
django__django-13658,assignment-case-v1:296aaec7810b86d1c89dbc68f6591d35a1256dc34ab510bc41be260bdb0c16f4,django/django,145803.84284,3,repository_median,128954.75113650001,True
sympy__sympy-24152,assignment-case-v1:29cc43d8d494401fa58a074f2072714944451c60a4b4369bad44954aa747907f,sympy/sympy,152265.463015,3,repository_median,104750.548881,False
scikit-learn__scikit-learn-15100,assignment-case-v1:2b275df3f6ee55a7e545e6b8b5960fbdd7ea3c050adc1f5da9e2e6ecfa57f8b3,scikit-learn/scikit-learn,125093.219663,3,repository_median,114947.174394,True
matplotlib__matplotlib-26342,assignment-case-v1:2b8d9f2c6d10d80ad037ff5b1e76d6afbf7a38f09c467053e8c0c383a4b0441e,matplotlib/matplotlib,101384.368976,3,repository_median,166986.42800850002,False
django__django-13658,assignment-case-v1:2e085dc158bb9499532b6328022739c9d7ce10082c7d21a6d36900013b7a4110,django/django,96163.406913,3,repository_median,128954.75113650001,False
django__django-13794,assignment-case-v1:2e36256afeb0e251b000f6723c37d3b910bc6e9fd238b0e1a9836922974e40ee,django/django,91296.716762,3,repository_median,128954.75113650001,False
sphinx-doc__sphinx-8035,assignment-case-v1:2e59c80b6e80d14a37a34a71e84c44eab0c4dd90e6d3f59743320613bb6d2b61,sphinx-doc/sphinx,147476.555763,3,repository_median,113164.25287200001,True
django__django-13033,assignment-case-v1:33a73ff0444206ba16e57e3383cf384e9ff1fca047fda91817a39ef5e73320c6,django/django,240861.055743,3,repository_median,128954.75113650001,False
pytest-dev__pytest-5103,assignment-case-v1:355a6cac4bbdfcf61b32239c79b35bffb1f9213030c91b52b11d8102ea53ee5a,pytest-dev/pytest,125277.427114,3,repository_median,136091.714759,True
sphinx-doc__sphinx-7462,assignment-case-v1:37b4a5163a9274bcf9ba9bf434094befc5b31be046be3e066d720b49e8374c2b,sphinx-doc/sphinx,103207.857083,3,repository_median,113164.25287200001,True
sympy__sympy-13877,assignment-case-v1:3a1b480e3a1e566f1fabe56ae4a07354aa7a668e858b32250027e34ffd95730f,sympy/sympy,104984.554398,3,repository_median,104750.548881,True
django__django-11066,assignment-case-v1:3b138fa30c75f30bcec3e41faa995c93e09b363aa3f5bd6874e841d8116e5860,django/django,199372.130637,3,repository_median,128954.75113650001,False
scikit-learn__scikit-learn-12585,assignment-case-v1:3b69c0d23a13bbf3c7b4d488dffbfd823024f3cea6f294ab8e6b022c27728cd8,scikit-learn/scikit-learn,106236.086098,3,repository_median,114947.174394,True
django__django-15563,assignment-case-v1:3ef3cf6cce45836f3724f6fff9fd9dce494163ae145a8bc24aab52d62719b9d2,django/django,109555.277575,3,repository_median,128954.75113650001,True
django__django-16229,assignment-case-v1:3fd58dc5ec658c8110b31f66ca6ed373ab77e90d070e4195f9b01f70a722a1ab,django/django,152595.663115,3,repository_median,128954.75113650001,True
pydata__xarray-4248,assignment-case-v1:4001e3fe419593f1645938232c1e342a98b1192375b479b8541546d9bef597e5,pydata/xarray,104464.75588,3,repository_median,110251.857062,True
sympy__sympy-23262,assignment-case-v1:40a779b487f435ba2ad56ec566a433f3bc0a56600539293c4cbf8887faf49bbb,sympy/sympy,119561.59956,3,repository_median,104750.548881,True
pytest-dev__pytest-5495,assignment-case-v1:40f9f240c6f348eca50c95fb156df4c88d4ace27cefe7ff9cbfca2977b73a835,pytest-dev/pytest,156953.567346,3,repository_median,136091.714759,True
matplotlib__matplotlib-24334,assignment-case-v1:41d11dfb4e095fa6bb478768c45682cb0e0a0444dcbe1c660fe875a7b769d580,matplotlib/matplotlib,160447.549497,3,repository_median,166986.42800850002,True
pydata__xarray-7233,assignment-case-v1:447ea884f71df4b321b690551d426a98bd64dfa3419bfdefc5ed6993f5ee3067,pydata/xarray,160998.083996,3,repository_median,110251.857062,False
matplotlib__matplotlib-13989,assignment-case-v1:46398f6d52d20382b501124c75d6e04147edf38d576d156941a9730a771df697,matplotlib/matplotlib,125987.996269,3,repository_median,166986.42800850002,False
sympy__sympy-13177,assignment-case-v1:46751ed0ddab05869f8e3ac2411b820dc8fcd08daa1314a2f0cc9d364cbff609,sympy/sympy,148476.185655,3,repository_median,104750.548881,False
django__django-11001,assignment-case-v1:4826bccaf2d7ff7089c5ab655b5e0a6a2e0ec0c3d6e82d4c769cb778fc2039a4,django/django,238534.465443,3,repository_median,128954.75113650001,False
django__django-13658,assignment-case-v1:49e1253f5960dda6b8541fdb15594c1264ba6699b20226407dee6e29bef2d27b,django/django,107139.226381,3,repository_median,128954.75113650001,True
sympy__sympy-11618,assignment-case-v1:4be32827950e9a1ce44a8ddb6e8bd025bcbf7b79e063308250c413d4ffc1f0d6,sympy/sympy,119088.906431,3,repository_median,104750.548881,True
django__django-13658,assignment-case-v1:4cf19f999f9cf98473c824fea2a420c2edb0b6d54003648201d423d8264d1988,django/django,80476.646481,3,repository_median,128954.75113650001,False
django__django-13569,assignment-case-v1:4e562275a3f29039875cff4c13d92969eb90a6e6a81bdebf727513454f1e261d,django/django,149769.759652,3,repository_median,128954.75113650001,True
pylint-dev__pylint-4661,assignment-case-v1:4ea024011360708a8804b0e02bc6a378270bd23885acc0985d9e7124d3958f22,pylint-dev/pylint,131397.184803,3,repository_median,156576.884365,True
django__django-15400,assignment-case-v1:4f609114f328147e1b5073f344f94fca0716e2434806cbc74795f71a6b53489f,django/django,128168.414985,3,repository_median,128954.75113650001,True
django__django-13315,assignment-case-v1:50036fd6c57ba1bf15153dc169762bba7ef2ff1970cb22f4d98506ed020e851e,django/django,238876.338142,3,repository_median,128954.75113650001,False
sympy__sympy-13551,assignment-case-v1:51407073ae2777a1fa29bb7b457302b1a7faf8809d755e42373d346507571117,sympy/sympy,137852.030439,3,repository_median,104750.548881,True
psf__requests-1142,assignment-case-v1:525f0d1ea300743aa07c656c53dff9ffc4f63491e17c86eaef1d7c91286838e9,psf/requests,75805.403411,3,repository_median,133589.9802355,False
django__django-13658,assignment-case-v1:5452264dba3318665546752df96c3261c2363ee1d774a5e77bd55a13c97f3b73,django/django,100219.419438,3,repository_median,128954.75113650001,False
django__django-16263,assignment-case-v1:57705f2007f3073c890cc01ff14f4c0df7e69d1d2475237cabbb7bb6d8fcd19c,django/django,126736.384236,3,repository_median,128954.75113650001,True
django__django-13658,assignment-case-v1:585324ee94ae2d2a6962d354a5d5b8dc03b3abe135f574aa4362ffd711423a48,django/django,238227.418312,3,repository_median,128954.75113650001,False
django__django-16910,assignment-case-v1:58977c778da53d9423da3d0d3a07e59965951515309f07522a8c3650435c3207,django/django,201945.990732,3,repository_median,128954.75113650001,False
django__django-13658,assignment-case-v1:592b2227f4ac2b51486c64cf3034610f37d356cd8113a3e82393f71f4093a323,django/django,115567.504179,3,repository_median,128954.75113650001,True
scikit-learn__scikit-learn-25102,assignment-case-v1:59d4d56edccf0ae016a97ca680d7b3ec2a226e1cacf2b86ebbc1b7e394cd363a,scikit-learn/scikit-learn,150213.731732,3,repository_median,114947.174394,True
django__django-13786,assignment-case-v1:5a1a02159fa58b5f4011dc8adf6c88886ba0300f0c23ffa3eb011d04a4d41e2a,django/django,104573.302046,3,repository_median,128954.75113650001,True
django__django-14011,assignment-case-v1:5c45cf5cfecbffe997ccf7a4e0aa2c154396fad56b3746d71b6affc2f6eb1ae8,django/django,135792.606666,3,repository_median,128954.75113650001,True
django__django-13028,assignment-case-v1:6255d68ceb05ea01c28f2300625a25e944b884ae643cfcacfa31be03da96476e,django/django,121267.618174,3,repository_median,128954.75113650001,True
sympy__sympy-13915,assignment-case-v1:62a41b04d0e3c1b15b4c6de77b6e4f97a40f83974d12e8c9b6d80d2da8df8306,sympy/sympy,132834.647366,3,repository_median,104750.548881,True
django__django-13658,assignment-case-v1:647b5d697fcad9b88dd5c4bbce133b935cc75373a9f19d2f0433823ccc1f6a0b,django/django,101920.731132,3,repository_median,128954.75113650001,False
django__django-13658,assignment-case-v1:683ae5e2c0ab785fb2c7f8d83b3bbc4b2b26fdc468ebdcb1e245cce1432a2cd9,django/django,122462.890201,3,repository_median,128954.75113650001,True
django__django-13658,assignment-case-v1:6b9b47fed4cc6bfb00a0fe2504c0b1fab2cf1804d6b3671387e823537ce765e5,django/django,116294.249298,3,repository_median,128954.75113650001,True
django__django-11163,assignment-case-v1:6ba199ef7dbc43b7d722dcb38e939796ae4f66df0d09cbcc1c9cb501a653df2d,django/django,125970.234473,3,repository_median,128954.75113650001,True
pytest-dev__pytest-7521,assignment-case-v1:73145a632583a980e5f9cf93d03bb838415ec0f10ba57a6750999e41402a78da,pytest-dev/pytest,152169.567093,3,repository_median,136091.714759,True
django__django-13658,assignment-case-v1:7321df8d4478b55817393a2201fdfbf9dafcfab67d199557ffcaedf847bebe9b,django/django,111223.838621,3,repository_median,128954.75113650001,True
django__django-15814,assignment-case-v1:7446d884a11b1d745610aefd7cf6c7b615c7fbba2f2474d2ebbf5465b758cd0e,django/django,125244.263685,3,repository_median,128954.75113650001,True
django__django-14559,assignment-case-v1:752d581b0fe9d74ff1b242296dbba9941f6a9e6859006dfbb8eed0345c14cce4,django/django,168568.338631,3,repository_median,128954.75113650001,True
sympy__sympy-12419,assignment-case-v1:759de6632400ee62e8a781d754bf20a90280c9746b3d7958f478d36ef5ce3820,sympy/sympy,100502.251598,3,repository_median,104750.548881,True
django__django-13658,assignment-case-v1:75c5f71c9af1913d2f5d3d54988c84758aa81abb14ea8c280822342909718295,django/django,113241.064424,3,repository_median,128954.75113650001,True
django__django-11999,assignment-case-v1:779d23a6be1d6d065d893037b67ce08c7ddbecdee4814a79889ff9a604957104,django/django,182244.210685,3,repository_median,128954.75113650001,False
pytest-dev__pytest-6202,assignment-case-v1:7f096b783a76d0a551addb4fc63b32f868139c79804a3871eff43f732995d4c3,pytest-dev/pytest,109960.028814,3,repository_median,136091.714759,True
django__django-13658,assignment-case-v1:7fa2c8bdcdd4ecf63bd3e236376a2d6563f0f174eda7aff3f9db28d2a056ba00,django/django,111209.556751,3,repository_median,128954.75113650001,True
matplotlib__matplotlib-13989,assignment-case-v1:853bb880ec5d64cf0ef48943bfba758a6655331b7c64a00dff4f14d58b2c6fd5,matplotlib/matplotlib,109400.428499,3,repository_median,166986.42800850002,False
matplotlib__matplotlib-13989,assignment-case-v1:8615d49b6a879e9e445e6c6ec1d2dcc3cc3c960f6eb01453946b74e2c48ce22c,matplotlib/matplotlib,46552.263749,3,repository_median,166986.42800850002,False
django__django-12741,assignment-case-v1:87f3da37bf8635fb168a2a7796e58f47c874633d132175d01f41d2ca89da3e56,django/django,138641.913062,3,repository_median,128954.75113650001,True
sympy__sympy-12096,assignment-case-v1:88429770977a9d0e314d166e228a5e2021abb28f5c80f68470f11bbf0826c77b,sympy/sympy,119969.275227,3,repository_median,104750.548881,True
sympy__sympy-15875,assignment-case-v1:884ee9e19fd2ebb7b5f7036d7a84e84ffe87de9723106cb630cccdf4c10622ee,sympy/sympy,106758.999174,3,repository_median,104750.548881,True
psf__requests-1963,assignment-case-v1:89a20c09c6ed98b28496a248b9ca695836290b44f3d793d0b4771e924767554f,psf/requests,1246309.240232,3,repository_median,133589.9802355,False
django__django-15104,assignment-case-v1:8a5b0db8601a14cc7e165935841477a5bfb957b111e082edd0bfa4a567073fda,django/django,121256.167495,3,repository_median,128954.75113650001,True
scikit-learn__scikit-learn-14087,assignment-case-v1:8c53121222e13e925ac7ce1ed626f1da06c9a2f8a7570c4c7c464fa8215b0135,scikit-learn/scikit-learn,121440.522302,3,repository_median,114947.174394,True
sympy__sympy-13878,assignment-case-v1:8d515eb02f2a4b1dbc3370f84eee71a2c1c140e082c5b3eed1363ae9f7d6f54f,sympy/sympy,190929.455811,3,repository_median,104750.548881,False
sympy__sympy-19783,assignment-case-v1:8dc98cdcf4da736a8827dffd35166546feaf8120659e9f2291a1532833fc75e1,sympy/sympy,90377.031458,3,repository_median,104750.548881,True
sympy__sympy-21596,assignment-case-v1:8e17f9189457d2cfe45938a765ddbbebf873eaeaa84f5c642658cf9beab97518,sympy/sympy,130081.068992,3,repository_median,104750.548881,True
sympy__sympy-15017,assignment-case-v1:8ed4e126a7d0ded35790423a1c037c4c60b8a50d9c97888a2057e73f0c3a9d6a,sympy/sympy,99663.390102,3,repository_median,104750.548881,True
django__django-12470,assignment-case-v1:8fefad0a6e9b7a7e38e5b34e5434fbd4063a44f04c2fdaf070f09e7348efbb81,django/django,83338.870042,3,repository_median,128954.75113650001,False
django__django-13658,assignment-case-v1:903a7872e3ddd3b4f0fc8bbe22983b4ea6c75ddef2766815dfc122064559adb7,django/django,98913.711801,3,repository_median,128954.75113650001,False
matplotlib__matplotlib-13989,assignment-case-v1:92bebca7e752d78da8a261acf3f14fe173711132b86e4b8a1ed9ecba333a49d8,matplotlib/matplotlib,112308.177125,3,repository_median,166986.42800850002,False
sympy__sympy-13146,assignment-case-v1:93e28d35fd515f141f548c45309ce169a2925e6e5c340e1c359e9f2a789ec2bc,sympy/sympy,123995.878778,3,repository_median,104750.548881,True
django__django-14089,assignment-case-v1:9466cb2ae9a1d185a7a08a879fdb001125dc72394abdccc1072226446f822575,django/django,84971.659807,3,repository_median,128954.75113650001,False
sympy__sympy-14711,assignment-case-v1:94adaef9a32a10cd326645754322d1ff61604eac2d504dadc623af028d75a73b,sympy/sympy,121095.835137,3,repository_median,104750.548881,True
pylint-dev__pylint-4970,assignment-case-v1:96ad0544b677349b8fd5e5ff92f67725381c890f3be010514a1d636d7e7ee630,pylint-dev/pylint,131080.139449,3,repository_median,156576.884365,True
django__django-11087,assignment-case-v1:98f98d734750ba63efbb3d623df12b1a173b3e3ee85f62a3de01327b8c22405a,django/django,115682.09692,3,repository_median,128954.75113650001,True
scikit-learn__scikit-learn-14894,assignment-case-v1:9c0c2ff42af108a91ed9d0f388f95e4b69981abff39dacce7a19f4b058c529d5,scikit-learn/scikit-learn,137013.29542,3,repository_median,114947.174394,True
django__django-13658,assignment-case-v1:9ca43b20eec547c60809174653b450522b71800b62e3bf9710ef51b203ffe79e,django/django,120441.597203,3,repository_median,128954.75113650001,True
django__django-13658,assignment-case-v1:9d51eb8dfc66177982c17a33704167817bc54ffe22f484b35c014d0b9cf9524b,django/django,128507.874643,3,repository_median,128954.75113650001,True
django__django-13658,assignment-case-v1:9e62c38a0e27efa8eadb9a6b45c1e6108ac704db003249f949be19698c2a73f1,django/django,129713.780729,3,repository_median,128954.75113650001,True
django__django-13028,assignment-case-v1:a01c88daa0a55d2f609ee894435cb3da6b4970f7319d15f9dd0b50c4a29b1ccb,django/django,145450.436926,3,repository_median,128954.75113650001,True
matplotlib__matplotlib-23913,assignment-case-v1:a0d2d4e56a234c2f876ae503dc37927f1bb24ef46732d27c8a0e673eccb3a47f,matplotlib/matplotlib,248720.584158,3,repository_median,166986.42800850002,False
pydata__xarray-7229,assignment-case-v1:a24371707a489af293a0d4e27c47e62b9badf56adeceaa595bbc118680830f17,pydata/xarray,258924.063394,3,repository_median,110251.857062,False
django__django-15902,assignment-case-v1:a2a131459131ce063fdc3e26737d03df81ebc65fe6426121f407d9a2ca7bc068,django/django,95410.288516,3,repository_median,128954.75113650001,False
sympy__sympy-20428,assignment-case-v1:a359b7cda2fdc71edb4dc955730c791ebcbb9067309899e6e36b0d64a686a0db,sympy/sympy,166522.530137,3,repository_median,104750.548881,False
django__django-11179,assignment-case-v1:a4124ef264cc8e5a10bf7cc7864876e4cbdefc7eb8c4db03a1b36cb5a03e473e,django/django,1011728.134794,3,repository_median,128954.75113650001,False
django__django-13658,assignment-case-v1:a46bc8849c4ae3fa6fc87c3973785d2684a0e53bdd7a37b00f3862acc5d1b795,django/django,144225.803819,3,repository_median,128954.75113650001,True
sympy__sympy-19040,assignment-case-v1:a51bf3b48c5db61db9fd6b169ecf79d12e3c375dd252013ba8d90e104a6d7ea3,sympy/sympy,117542.104762,3,repository_median,104750.548881,True
sympy__sympy-11870,assignment-case-v1:a87892ac9bfc164287c991e61a3d3aee34973fe2ea1fd9563e7102dfd72e4404,sympy/sympy,117646.143256,3,repository_median,104750.548881,True
astropy__astropy-14508,assignment-case-v1:aac5fa1abca0bdcceec065624aae423fc3ae7a03a2dda8efeaf0240f38ce8737,astropy/astropy,114623.751521,3,repository_median,129996.911572,True
matplotlib__matplotlib-13989,assignment-case-v1:ac314ef636e6c5e55c788aa62b05246473b29bf1a471164924d2a73d06476d65,matplotlib/matplotlib,113918.07485,3,repository_median,166986.42800850002,False
matplotlib__matplotlib-25122,assignment-case-v1:ac59eb416a74d31782dbb3b8ac06abbfcb59dd81ea5733f7e16c0420bead3fdf,matplotlib/matplotlib,314899.280774,3,repository_median,166986.42800850002,False
pytest-dev__pytest-5787,assignment-case-v1:b1d7e51d565cbafa01b2fbf93ab8ab6435654ae1913001730370353ffa7bd48b,pytest-dev/pytest,135086.287545,3,repository_median,136091.714759,True
pytest-dev__pytest-11148,assignment-case-v1:b21ee240bedbe1be67c9ce9ee822bc1350466fffe6817bea6f2e5e3d29c29a82,pytest-dev/pytest,181605.885444,3,repository_median,136091.714759,False
sphinx-doc__sphinx-8120,assignment-case-v1:b24653892aa86410249961aa5f8fed2aa0f556668d4ee1940a29320b17c4cdaa,sphinx-doc/sphinx,140786.476012,3,repository_median,113164.25287200001,True
matplotlib__matplotlib-24970,assignment-case-v1:b26f45446c4cc28c57fe02e45bf8e2f6876f2e64919c850bc25a8af8e7c6f330,matplotlib/matplotlib,157103.941989,3,repository_median,166986.42800850002,True
django__django-13658,assignment-case-v1:b95b7efecd90c374619b4f01ceb1f0b2a8bc8fae204edf40668dd8c8e9277a2f,django/django,121684.283351,3,repository_median,128954.75113650001,True
scikit-learn__scikit-learn-11310,assignment-case-v1:b9d2f5245465b4aabed908acea4fb9fa38a7cd8ec3255fc73bc1ccc2487c0d1a,scikit-learn/scikit-learn,178940.534821,3,repository_median,114947.174394,False
sympy__sympy-20438,assignment-case-v1:ba0803f7b8803f5fcb18d88711e23703337a403612fd7022ae82f7e27054546c,sympy/sympy,99385.984043,3,repository_median,104750.548881,True
matplotlib__matplotlib-26113,assignment-case-v1:ba81d45d1a97326f4c4ea2df2ee62061c316e649943da6007f12f79b0af4a946,matplotlib/matplotlib,152298.674544,3,repository_median,166986.42800850002,True
django__django-14997,assignment-case-v1:ba9c98a683bef5f122e183293a74c8b53a58c921d9b4bb94b3718003ac93bdfa,django/django,122421.323492,3,repository_median,128954.75113650001,True
pydata__xarray-6721,assignment-case-v1:baf7b93fbc0e16cffafd26cb1f78f0b97ca6990d2b5790c61ca92f82bbf17c38,pydata/xarray,220837.344788,3,repository_median,110251.857062,False
sympy__sympy-18189,assignment-case-v1:bc97ad7e5b5db385221ae96009a2b8498805bd50c5fba07c3acd5d3ef8cf4d08,sympy/sympy,90319.090441,3,repository_median,104750.548881,True
django__django-13658,assignment-case-v1:bfa37214312270e14e35612b4da3211c90acd3d84feb7cbe42b3ba7b6941e464,django/django,93952.205851,3,repository_median,128954.75113650001,False
django__django-12284,assignment-case-v1:c393a31cc50e3e528716ae6f2e065b78030cfc9cb7aefdfa713ea9238e246a1c,django/django,224503.679229,3,repository_median,128954.75113650001,False
pydata__xarray-3151,assignment-case-v1:c3e0f55100584bb4789ab14db27b9a4f7a0bf6ea28bbc79072cc83e0d4c7836d,pydata/xarray,244331.985969,3,repository_median,110251.857062,False
django__django-13012,assignment-case-v1:c57487d8ceaacb854f490aa1f1df98e1659866b0d29a90047472c7180ff05354,django/django,173584.583217,3,repository_median,128954.75113650001,False
sphinx-doc__sphinx-9673,assignment-case-v1:c59287bcc16ec7ccf5e995cc7bfeaf2947315493b82489438a6f7f42d9df8d86,sphinx-doc/sphinx,107391.096542,3,repository_median,113164.25287200001,True
scikit-learn__scikit-learn-14894,assignment-case-v1:c5cfdf49c592c960596fd00c660cc635b860f1a3d7d4e977f775b11133f270e1,scikit-learn/scikit-learn,110302.341421,3,repository_median,114947.174394,True
django__django-13658,assignment-case-v1:c5d195a10f4675e8014bd4bfee68612532a2e69d4099a3ca5c47092c82a25343,django/django,114475.57731,3,repository_median,128954.75113650001,True
matplotlib__matplotlib-13989,assignment-case-v1:c76f5ee40306ae84980c5ec7efd683852ae8a7331976386925d5adb3f710248c,matplotlib/matplotlib,141890.390726,3,repository_median,166986.42800850002,True
matplotlib__matplotlib-24970,assignment-case-v1:c7e8f90a8c86ea0a1430edcfe8882e8cbb2dcfc009ef137bd1fa9598bef7276f,matplotlib/matplotlib,128386.393297,3,repository_median,166986.42800850002,False
django__django-11400,assignment-case-v1:c89374fe5b731e655753f9ba494ddb7e5d7d5982c9c1d1fff4be0093b436b1c0,django/django,133389.831382,3,repository_median,128954.75113650001,True
sympy__sympy-20442,assignment-case-v1:c9e54fca578a9257a6bd12b84c0712ab836d459b6130ce740fbcc9cec3be3d72,sympy/sympy,129649.179386,3,repository_median,104750.548881,True
sympy__sympy-18189,assignment-case-v1:ca1ced7e53167e69ae839e8afce6fb63c26c67f0292bb3ee14f5c46a169d2586,sympy/sympy,107688.448864,3,repository_median,104750.548881,True
matplotlib__matplotlib-13989,assignment-case-v1:ca20c0420e9543b1a9b97da17fb4552eaaa287d7182e84da0ef86db418a8d895,matplotlib/matplotlib,165176.128334,3,repository_median,166986.42800850002,True
sphinx-doc__sphinx-8551,assignment-case-v1:cbce4409c98203fa614c98bdfc5fd1ce49f3d3cb1d63bada6878e950b7868405,sphinx-doc/sphinx,140133.456862,3,repository_median,113164.25287200001,True
django__django-13658,assignment-case-v1:cc96d5bf59cf8ba7d1a70d170ee1a1d17c557f23f741a39d855dd4b8882d0b02,django/django,94121.471552,3,repository_median,128954.75113650001,False
scikit-learn__scikit-learn-14087,assignment-case-v1:d0ed39d553cff9c5d3376f0c927705c167ab495fd0582234a002c69785f62355,scikit-learn/scikit-learn,150912.217025,3,repository_median,114947.174394,True
django__django-13658,assignment-case-v1:d1333ae2b4a0d3b9add70bf83f887259a1d738801d629a457cc420834555bd50,django/django,121485.269911,3,repository_median,128954.75113650001,True
django__django-16595,assignment-case-v1:d26036a17afaae24eefc19afe2aab2b348c03ac13e3f896f87c1f7e73626216b,django/django,150114.971495,3,repository_median,128954.75113650001,True
django__django-16400,assignment-case-v1:d5018453b95870adeedc0aadc055ff31dbcbbc3787ab2f1cd17ad243f00593d7,django/django,222654.676985,3,repository_median,128954.75113650001,False
matplotlib__matplotlib-13989,assignment-case-v1:d7cce24c718deaf5c5325120fb37feed1651e0b61fc7f4416cddfc155860d274,matplotlib/matplotlib,147936.733424,3,repository_median,166986.42800850002,True
sphinx-doc__sphinx-8638,assignment-case-v1:d8e10a845fbfd2df676abe7db22672755b861df5ee68941298deef1b9b4a99d1,sphinx-doc/sphinx,86195.670136,3,repository_median,113164.25287200001,False
django__django-12406,assignment-case-v1:dc7643b985b42eba48c8c8bc666565b40ca2ed7694a2b789305458d657ed448f,django/django,97754.871313,3,repository_median,128954.75113650001,False
sphinx-doc__sphinx-9698,assignment-case-v1:e0348645ebd18c7ba776f789d9b1600fc70bc077cd82fae7fc27bbbbd68c2b7b,sphinx-doc/sphinx,100616.730928,3,repository_median,113164.25287200001,True
django__django-11039,assignment-case-v1:e03bb5e78d4faa5f2dd6323f3dfc1ac6de0cfee0fe09a99cd7754c100eaa406f,django/django,136236.821697,3,repository_median,128954.75113650001,True
django__django-13033,assignment-case-v1:e5dc247216f3407564e65c96bac2411ce57c70b4da13210359b1d21be9225ed0,django/django,210959.01774,3,repository_median,128954.75113650001,False
sympy__sympy-24909,assignment-case-v1:e871e37eb54f88abe2eb5283d3fa42efb75d18d2319df9861c57ec46634a8b20,sympy/sympy,145413.604893,3,repository_median,104750.548881,False
django__django-16816,assignment-case-v1:eab1b5ed04a17add724481b72ffb5b185a97be4271d9f7db2e11c19f9683cfd6,django/django,1179394.532684,3,repository_median,128954.75113650001,False
matplotlib__matplotlib-13989,assignment-case-v1:edae4b02811c237a62fbfe5a87208e9b4e6dba1164c675a4579806792aac3547,matplotlib/matplotlib,88504.224394,3,repository_median,166986.42800850002,False
matplotlib__matplotlib-13989,assignment-case-v1:ee3b762c3f310d8c26ba1c4137762fdc596da5a103684811cd02568a86bebc1d,matplotlib/matplotlib,109245.457593,3,repository_median,166986.42800850002,False
django__django-15128,assignment-case-v1:f137ca8b39ec593fe336f918e13999337d76b68bd2b4fb9298f4fefa3725e02e,django/django,95600.655839,3,repository_median,128954.75113650001,False
django__django-15996,assignment-case-v1:f2963397443789c0c59955ff14804ecf287dd38e0c1a1bb0ba9c71ac2f408251,django/django,219747.322449,3,repository_median,128954.75113650001,False
django__django-13121,assignment-case-v1:f80866fb98b2655d4c79a897f7c940abde4e6d49895cd26973a4e718b6d35ecb,django/django,183872.348997,3,repository_median,128954.75113650001,False
sympy__sympy-24213,assignment-case-v1:fa3360db043ff790cee30536476b79de84d0b2c18c65ff46dc550e8efcce6b3f,sympy/sympy,121497.820942,3,repository_median,104750.548881,True
django__django-12858,assignment-case-v1:fb2a65d94c82bd1030bd62ace02004b7d82d9f75de9e040c7b75a508f521aef1,django/django,88576.216515,3,repository_median,128954.75113650001,False
django__django-13658,assignment-case-v1:fd46d6fd552c4019c70d5ea1aa0103558926807856dadc12d713b81b24326378,django/django,133427.218109,3,repository_median,128954.75113650001,True
matplotlib__matplotlib-13989,assignment-case-v1:fde41015acc8ec0b55ec7a5ab9911b6439df2d92eae6e9e2c863e4f489751abb,matplotlib/matplotlib,135239.437351,3,repository_median,166986.42800850002,True
django__django-12663,assignment-case-v1:fe1e4f66674ef17205e8f9884658775788e59b7342e4c5cfd5f7f26ead2daac1,django/django,131938.135728,3,repository_median,128954.75113650001,True
matplotlib__matplotlib-13989,assignment-case-v1:fe3768d266d884bf15dca24859e82ac70c1d0a3024f68c18718b7b74009a21c7,matplotlib/matplotlib,178714.757102,3,repository_median,166986.42800850002,True
django__django-14122,assignment-case-v1:fe92a02d48834881ffb40f81b0fa74cda68c6deeec0ee7823af9c89e5540f709,django/django,138861.730405,3,repository_median,128954.75113650001,True
sympy__sympy-18532,assignment-case-v1:febdb8130566a31a20f81f4255e3f2319201a54f3e67a08a68eb5caccd52fb9b,sympy/sympy,137365.551149,3,repository_median,104750.548881,True
matplotlib__matplotlib-18869,assignment-case-v1:ff159be01be197ef644d99a50422ac6f6b0554a61f492f9a8a878aa5c59cc448,matplotlib/matplotlib,182422.903033,3,repository_median,166986.42800850002,True
sympy__sympy-13974,assignment-case-v1:ffa565feeba1ec11fe70c438671b4c1947620d8f318d3a57b18fee640c1f379f,sympy/sympy,131847.105255,3,repository_median,104750.548881,True
django__django-13401,assignment-case-v1:012b1d6bec9cb005da8283490eb20ce2370ac8ec397a0a0878a9a9c6213c1a01,django/django,110565.857865,4,repository_median,127695.212933,True
django__django-14351,assignment-case-v1:03fcb3f0cd186822946a3b34edecb76b9c21435ee4ccfb4411f10d605e9434d2,django/django,810683.200791,4,repository_median,127695.212933,False
django__django-16527,assignment-case-v1:04d239f074d9a6a911c217b89bd882114df70d2d2f2167ec19dec6da087c179f,django/django,143821.577343,4,repository_median,127695.212933,True
django__django-12276,assignment-case-v1:0594f0cf1237c4056e7441e50ade1acd55dc653998725a46eef43acc220f6698,django/django,131803.505397,4,repository_median,127695.212933,True
django__django-13023,assignment-case-v1:06ad3af76d272f808add1583bee40ef2b52b74d711a917f25aac0163299806ac,django/django,129373.871885,4,repository_median,127695.212933,True
django__django-11815,assignment-case-v1:0794f259e6815e802495ec955b90ce530d50ed7fa662e071caeb0e3a96ba6398,django/django,130813.337499,4,repository_median,127695.212933,True
django__django-14351,assignment-case-v1:0b0396d1e5470b0316d95560e6f54b03850c3d9072e78d3a1e6072c16866c05d,django/django,98086.042394,4,repository_median,127695.212933,False
sphinx-doc__sphinx-9229,assignment-case-v1:0b7ea917c359ea877d851343834dd79939ad595ffd3f75b1c567b83594769815,sphinx-doc/sphinx,109443.279426,4,repository_median,113560.885615,True
django__django-14672,assignment-case-v1:0ba7ea04258a3d59a4027001f1ef69935cacb514a89ec77be726462dab930924,django/django,102321.566167,4,repository_median,127695.212933,True
sympy__sympy-18698,assignment-case-v1:0bb6dc2cfe5c12973ecf64135c22b5e7c9086df5ad5d0cc1e7e997bb24fdc520,sympy/sympy,97441.28661,4,repository_median,117486.602667,True
django__django-13158,assignment-case-v1:0c3e0b7731fbea3964807819ffe060b973179b58debbbd77a546584f1edfba49,django/django,142529.101165,4,repository_median,127695.212933,True
django__django-14672,assignment-case-v1:0edcf5cb9f170b7ebde2be261cb3bf86b006d2fd0b68e53b493d1ba963943026,django/django,136999.511298,4,repository_median,127695.212933,True
django__django-11551,assignment-case-v1:0f065410b308260975654054cb8fadc4b0abca375fec91a0827b863658354980,django/django,140337.671791,4,repository_median,127695.212933,True
django__django-15315,assignment-case-v1:0f44a3916facc25d5c41a397686454e46d2cfdc23449811b29f5d8a105f0a321,django/django,117327.515275,4,repository_median,127695.212933,True
sympy__sympy-15599,assignment-case-v1:1158d16a5ff444e322596a6ba34f7eab479b812bf9fae364da9b37dcefa25eb5,sympy/sympy,75315.277941,4,repository_median,117486.602667,False
scikit-learn__scikit-learn-13584,assignment-case-v1:12b861c0cc9bb4bb73a097919a7c9cefbe5f4a17ce0715e9708ab2ceb7f6765c,scikit-learn/scikit-learn,106749.368568,4,repository_median,125965.05199899999,True
django__django-11815,assignment-case-v1:13943e27210444fa0c592694c65790f9bd9f75c55b2be74e3ea1a68114dfe898,django/django,149486.205983,4,repository_median,127695.212933,True
django__django-11815,assignment-case-v1:14273e8d1089a4a90dd8416d4bbd8d25cdc49a3d1dbc6985d44ec7e2b9ee1926,django/django,77242.156782,4,repository_median,127695.212933,False
django__django-11451,assignment-case-v1:16a45eafe4bbd4e428b57b199d32aa2e28d7b6ff12f59931cf4838231b78ff24,django/django,116377.517771,4,repository_median,127695.212933,True
django__django-12700,assignment-case-v1:18105acd69f6846ac5a27227fa9b5b33cb2e6ddc2eac91590c4238d88ebe3208,django/django,123428.480859,4,repository_median,127695.212933,True
sympy__sympy-15346,assignment-case-v1:19847bab93df5ef1337c2852c5dfe193f8750c0ca248c38da1c89e1ee74bc01c,sympy/sympy,102515.686727,4,repository_median,117486.602667,True
sympy__sympy-23191,assignment-case-v1:1af9a6149f125de883540e2964a79b9920a54459cbbaf39fc3a47e344f74a6fc,sympy/sympy,81997.280372,4,repository_median,117486.602667,False
sympy__sympy-13615,assignment-case-v1:1b3d2fc487fe7217f6e8752f8021a19aa7319f56dd1105079c0121135a245f60,sympy/sympy,125520.073012,4,repository_median,117486.602667,True
django__django-11815,assignment-case-v1:1bd056a857cacaad428b4a4cc1c31541e96e10a5979fec1191d578199102241f,django/django,191193.579052,4,repository_median,127695.212933,False
sphinx-doc__sphinx-9711,assignment-case-v1:1bd56536f095b7b4d58ae764b803a7039e77254a1be1611f684a4fbaaa9e3817,sphinx-doc/sphinx,97816.509253,4,repository_median,113560.885615,True
django__django-10999,assignment-case-v1:1bd8457f2c9e9caf2844af7e311320cb0133f710ed6ae7e18db444472778387f,django/django,138754.992439,4,repository_median,127695.212933,True
django__django-11564,assignment-case-v1:1e2725448eb687e25fcb0ca4a3535f810d08c6736173f92f26f279d1bfd9c912,django/django,127838.369044,4,repository_median,127695.212933,True
django__django-16256,assignment-case-v1:1efd3a1991afb14ce0b556dae39134c501128c98e40108abd1a8e17522e16068,django/django,170218.148354,4,repository_median,127695.212933,True
scikit-learn__scikit-learn-13584,assignment-case-v1:1f6c4569ca3ee5f9af16174ea787673611cf05fa388cc5c639e1e160b5f23ec1,scikit-learn/scikit-learn,113656.68869,4,repository_median,125965.05199899999,True
django__django-16256,assignment-case-v1:21031974b68d8a131e053f300c72814246bb0bb308e23cddc320bd932a1eecf5,django/django,149571.433509,4,repository_median,127695.212933,True
sympy__sympy-23191,assignment-case-v1:21ff8faf5e35e4bbeaa663459378da16b52bd88fdd68c96b1b48d2578a0c4d4f,sympy/sympy,95528.684468,4,repository_median,117486.602667,True
matplotlib__matplotlib-25079,assignment-case-v1:24816b3cb4057a3f0d5665dbcaca992241d90a1d19b47a74ede3e612da938742,matplotlib/matplotlib,240385.386659,4,repository_median,153200.394228,False
sympy__sympy-22714,assignment-case-v1:2bc1826d52a1255e0d6aa0d93ea5386e98d77830dbaffe300a3cd0da9eccb705,sympy/sympy,103770.144,4,repository_median,117486.602667,True
django__django-15851,assignment-case-v1:2ddd442ef3e5620d073f06b7f0efec3d4f05216977d0bdf29da6e4ff705bbd98,django/django,178158.727174,4,repository_median,127695.212933,False
matplotlib__matplotlib-26291,assignment-case-v1:2f0f57afafb64f250bd8ac18e80c19491d193fa6195299ca5121903de7daa0b4,matplotlib/matplotlib,141283.691053,4,repository_median,153200.394228,True
sympy__sympy-14024,assignment-case-v1:3088f46d42ba9bbc888e6e31d53bb2a893adaa7f9b728b49079197fdf9177a59,sympy/sympy,102228.122865,4,repository_median,117486.602667,True
sympy__sympy-14774,assignment-case-v1:331ea9a8fd205b7c10a4acb4293f6a3d1cfa96fa093b5f91ee83b77ef1b91bca,sympy/sympy,114466.058661,4,repository_median,117486.602667,True
sympy__sympy-16503,assignment-case-v1:3326271f2aa05bb007d8018244393df955cadb165dc3088833892c3382e0cdb9,sympy/sympy,129736.306873,4,repository_median,117486.602667,True
astropy__astropy-14309,assignment-case-v1:3426890a15c829149bd47c08f960adb6693c1f00b4200deafb3e8334bb7fc7ee,astropy/astropy,211893.240726,4,repository_median,124637.7041565,False
scikit-learn__scikit-learn-25570,assignment-case-v1:344742f5344c6aa240153500a68c24a4f444aa1a86b5931d211a00bb69bbc49b,scikit-learn/scikit-learn,100949.221781,4,repository_median,125965.05199899999,True
django__django-15382,assignment-case-v1:3476f64f7bb302eb90cf200409cea095f15809b505cb5ed92a2a71f6d4af99e6,django/django,103948.913585,4,repository_median,127695.212933,True
django__django-13516,assignment-case-v1:350ba631bcd91d0d9f2825ba7e70ae7138e0732964d0d03ac8bb13fe5c7e377d,django/django,127196.927571,4,repository_median,127695.212933,True
matplotlib__matplotlib-25960,assignment-case-v1:3adc9a7af37426ccea9368b7478fb98c83fc0f1f59be6384f9ef7905164dadea,matplotlib/matplotlib,126446.462511,4,repository_median,153200.394228,True
sympy__sympy-23191,assignment-case-v1:3d32d21597ed7f6da62b0d741a0287a4731ed5467e5bd667253c025a975a9e1c,sympy/sympy,104173.229314,4,repository_median,117486.602667,True
matplotlib__matplotlib-24870,assignment-case-v1:3e75c1e1ea99d5001474afd9b0752fa8d3c5a79b9879de16c8d8340469d6a7b1,matplotlib/matplotlib,314146.531732,4,repository_median,153200.394228,False
django__django-15127,assignment-case-v1:3e7fbf7f0d875c365a86114e17db035aa9707ee809b41e25075d2c9e7d6def77,django/django,118020.940105,4,repository_median,127695.212933,True
sphinx-doc__sphinx-9230,assignment-case-v1:3f2c1eb55084228765afa92ec4331fd867e4c81c9e9867f8629aa83f027c4d32,sphinx-doc/sphinx,117922.929243,4,repository_median,113560.885615,True
scikit-learn__scikit-learn-10297,assignment-case-v1:3faafd664de28fe014a80f6708917a3f0a2fa90b01cf60e01f96466deee81be5,scikit-learn/scikit-learn,164802.475269,4,repository_median,125965.05199899999,True
sympy__sympy-23191,assignment-case-v1:4059b27e65f5689193de2e21d55a3c081fa896f41103bc561f9c6c3c8de64e73,sympy/sympy,104750.548881,4,repository_median,117486.602667,True
sympy__sympy-23191,assignment-case-v1:414b72f26dfb6ba2bce344d0e84a3ce012d3b9fae9366e139bdbff211d4fe2fb,sympy/sympy,114328.899741,4,repository_median,117486.602667,True
sympy__sympy-24066,assignment-case-v1:42c9535adc263444e4afb0d12cd4a04d05bba852c3894b1d9cd54ee0628d63fd,sympy/sympy,108605.284799,4,repository_median,117486.602667,True
django__django-13410,assignment-case-v1:438747af686f2a9ca93d75b04c2c9ad5ad87c212973fe42552f712f391f49e07,django/django,125808.27007,4,repository_median,127695.212933,True
sympy__sympy-16597,assignment-case-v1:45d10ac0bc82f763a8ce308170eb2ff2041f2b35d300f738d7236543a9e8e3ed,sympy/sympy,81692.255594,4,repository_median,117486.602667,False
sympy__sympy-23191,assignment-case-v1:4793868ce5aa70d5578aa92d2383adae7d918c3816ff7039e0491df9be3c4100,sympy/sympy,118181.853207,4,repository_median,117486.602667,True
django__django-11138,assignment-case-v1:486cf8ad6adda774d315acdd1dc0c80f54cf60c1ef903ecb371971e4abdefa0c,django/django,98022.766709,4,repository_median,127695.212933,False
django__django-14351,assignment-case-v1:48b4293203f97dcc78e274ca3ec1463203ede2e0f2e461115733080a17a6970a,django/django,96498.442479,4,repository_median,127695.212933,False
django__django-11815,assignment-case-v1:49f2c3cea4e480dd864ef985d15c78fbc8634536c78aa2ebd5af24b1945d04e1,django/django,205895.923425,4,repository_median,127695.212933,False
sympy__sympy-23191,assignment-case-v1:4ad6f9809603d99ac4c6793aa20511487d6fd648e31a83d179dc3233778dded9,sympy/sympy,125521.572429,4,repository_median,117486.602667,True
django__django-14351,assignment-case-v1:4d7478766defc938e6da3449bbd5fa2218ca47630f84b9e9ce618f8312d3913a,django/django,102008.852832,4,repository_median,127695.212933,False
django__django-14404,assignment-case-v1:4efefb0ab50dd274ea71b10d87d7eedb3fbf7ddf68a18bb6ee3d300ad9e30864,django/django,122067.397902,4,repository_median,127695.212933,True
django__django-15202,assignment-case-v1:512cb93857a97a7cbf22dbbc844cd4832e08665bccd17325495b900737efcab7,django/django,173589.228368,4,repository_median,127695.212933,False
django__django-14351,assignment-case-v1:5288165d1b5b439579ec6af622e45bc549457135c6a67becb06ef6e80ffc66d9,django/django,120807.759226,4,repository_median,127695.212933,True
pytest-dev__pytest-6116,assignment-case-v1:52a795f368d985eaa1279d7208177c88e95df1ebdb9b28b955c4473cf7e22a9c,pytest-dev/pytest,100363.088045,4,repository_median,136683.47415899998,False
sympy__sympy-23191,assignment-case-v1:551b8929e52f41dd3c0f7da18e22b17a4934b7fc083dc6b577a2fa35efcf24ae,sympy/sympy,102476.993873,4,repository_median,117486.602667,True
django__django-14351,assignment-case-v1:554f81f81d2cd4fda5954ef93833d98e48138ed11af505781fa7d90b31218372,django/django,152573.765385,4,repository_median,127695.212933,True
django__django-14771,assignment-case-v1:55c11565d8b9a5ca8e35ec65c8633420a591541a3b45e638ea830259085789b4,django/django,110652.275019,4,repository_median,127695.212933,True
sympy__sympy-23191,assignment-case-v1:57189ebdaf0e2c4371ff8e8ecd18c9dc4161e280188fd19c40a8c36ef27501cc,sympy/sympy,171088.815025,4,repository_median,117486.602667,False
django__django-14351,assignment-case-v1:5821185cc481582a3883542eee9eb03ef3a812a91c1125d171c56e49010b4446,django/django,107326.243205,4,repository_median,127695.212933,True
django__django-14351,assignment-case-v1:5888ac8a92320faeffca27b25638677bd4ebacef4820905aec782824a30e3322,django/django,150857.544894,4,repository_median,127695.212933,True
django__django-11099,assignment-case-v1:59604633a272b14d29fce6c29c559ee397635d2fe45beac5d146f0d8ab79d93a,django/django,133932.258691,4,repository_median,127695.212933,True
django__django-13807,assignment-case-v1:5ab50c034a3dde223c9184d0d8c8f540cb9674394ac9b855304b7ecd8420c9d0,django/django,119857.95774,4,repository_median,127695.212933,True
sympy__sympy-23191,assignment-case-v1:5c5a0e285d5e81101e103952be5017aea69db638fd45ed31fc682b9b6580a659,sympy/sympy,112813.626377,4,repository_median,117486.602667,True
django__django-10924,assignment-case-v1:5eaf5e44890b026902d439f2efde3618d4e01485de435b5b245fa400e68a42f1,django/django,154534.275269,4,repository_median,127695.212933,True
django__django-11555,assignment-case-v1:5f48890d11aca76b33783bd13fa7296c21159fb29942efad506dfe73a9df7cb3,django/django,114148.547315,4,repository_median,127695.212933,True
django__django-11815,assignment-case-v1:613968df89222098c54cf6bc72d7eeed81207507864e949f206b28fa353ae405,django/django,152421.953463,4,repository_median,127695.212933,True
django__django-12708,assignment-case-v1:64929221fd5dfec1713e8b40bd068a43949bd00cc7ce15f53557ac394678fb5c,django/django,117002.214371,4,repository_median,127695.212933,True
django__django-12113,assignment-case-v1:67eea6c14dd2f70aae50a187410eabb16398036f60c7480d53befbc15abb6abc,django/django,232226.331645,4,repository_median,127695.212933,False
django__django-16527,assignment-case-v1:68442e8f5b5b4b7f0657dca5e0e7d895052d574eb1eac2439388ba801d6ed26d,django/django,136375.904129,4,repository_median,127695.212933,True
sympy__sympy-23191,assignment-case-v1:69c649001031fca9d5e35d301db93125e9e6fc9844309e022446f34e4e74bd23,sympy/sympy,51920.753879,4,repository_median,117486.602667,False
django__django-13660,assignment-case-v1:6a9e3d61d94cfd54bee06859dbde5528221601a3c1c156c5a3d6e26fdec0c23d,django/django,107805.077776,4,repository_median,127695.212933,True
django__django-16408,assignment-case-v1:6eaa0843d9869c3a3e4daba0d6f9a507ac21cfacaf47d98dbf9aa740611213e6,django/django,123662.089923,4,repository_median,127695.212933,True
sphinx-doc__sphinx-8459,assignment-case-v1:725509c8de715e2420b73c4d48ebcae82c75def6c68b8a40414305406f59d4cf,sphinx-doc/sphinx,83256.509863,4,repository_median,113560.885615,False
psf__requests-1766,assignment-case-v1:729107455469616282318e67e6e6125408f3cf28964cd048f9c800ce02e69a7e,psf/requests,168406.072377,4,repository_median,131823.217017,True
django__django-16256,assignment-case-v1:730a630220c7d92b269ec1cbd855c688941c1b7cb4a307cf29710547e2aba432,django/django,1068478.22039,4,repository_median,127695.212933,False
django__django-15320,assignment-case-v1:7374c7c738edb2381a817a93387f5b08b1883936ab93756097d2ea6bb220870c,django/django,105681.702011,4,repository_median,127695.212933,True
sphinx-doc__sphinx-7910,assignment-case-v1:752cd4703d4100506d1f9a5e65ca63fb2e5c5e150b27b3d6408a530e9d646ade,sphinx-doc/sphinx,184969.765211,4,repository_median,113560.885615,False
django__django-13810,assignment-case-v1:7593042d206fe77eb7a942424ee401a14a443b6794284bb9ca63eb4cb076eb80,django/django,124452.596539,4,repository_median,127695.212933,True
astropy__astropy-14995,assignment-case-v1:77d428ed98d5a118cd6e81c8693f3a45181e8bd21870a6b0bce11c278a0d9832,astropy/astropy,121452.014845,4,repository_median,124637.7041565,True
matplotlib__matplotlib-24265,assignment-case-v1:7861eccebbc54b8383894a3ddb5f92399afeee80793af8ebd112dbfe884bf480,matplotlib/matplotlib,133911.126413,4,repository_median,153200.394228,True
django__django-15268,assignment-case-v1:78e12fa9ff4067664f162a63af390cc44857f988a954f0abe118661b11bda92c,django/django,143634.492667,4,repository_median,127695.212933,True
astropy__astropy-13977,assignment-case-v1:7a302ad31c3fdc416152a8a7f5dbdd89361c83e0d4ea0d51d87723daa05da37f,astropy/astropy,103176.548518,4,repository_median,124637.7041565,True
scikit-learn__scikit-learn-14053,assignment-case-v1:7f8c7e9c4075be3456d433ad283adbd24cae1c6970ac47f5f207a3ab20f94e9e,scikit-learn/scikit-learn,126087.46742,4,repository_median,125965.05199899999,True
django__django-16256,assignment-case-v1:80fb0d2acf1dc547db524d1eec160db9efc0a36bc92d049937c9661a2b117cfe,django/django,103985.259859,4,repository_median,127695.212933,True
django__django-11620,assignment-case-v1:817603479dd48aeea5b7295b83588ce5d410d0decd5a2a8206a2ccb656da413b,django/django,167165.078752,4,repository_median,127695.212933,True
scikit-learn__scikit-learn-13584,assignment-case-v1:820253cf4198d82d5167a7d9302218c57e81e3732ba36c4bf99f98509ad75ba4,scikit-learn/scikit-learn,101304.027272,4,repository_median,125965.05199899999,True
django__django-16256,assignment-case-v1:8324403bf4ab42db38a4237a3e683ac5b256e4800f3fef9af8fd20c1ed787179,django/django,136024.297758,4,repository_median,127695.212933,True
django__django-11815,assignment-case-v1:843a5d2960de51cdf8f46c9cb42421ca056c45f4cac99c1e75690e9f0552e0b0,django/django,133467.136693,4,repository_median,127695.212933,True
mwaskom__seaborn-3407,assignment-case-v1:84cd06ec58b90cb6d62e69d4b020d8bd0e6bf83a81c01c049d1ce7d8113de7e9,mwaskom/seaborn,172018.815598,4,repository_median,150862.031492,True
astropy__astropy-7166,assignment-case-v1:85a80e46cd63390877eec84a78f638483c9eb421090a709d0309d7ce56b29aed,astropy/astropy,134380.961956,4,repository_median,124637.7041565,True
scikit-learn__scikit-learn-13241,assignment-case-v1:86484410dbfedd5cab716cfd64c0f91e85a5841d96f2415a47d6f204f202d07b,scikit-learn/scikit-learn,149353.670416,4,repository_median,125965.05199899999,True
matplotlib__matplotlib-20488,assignment-case-v1:879033569cedd72ef09ebba4397ead58e7a2064500a8013155d2d1f6196f1f70,matplotlib/matplotlib,169059.014656,4,repository_median,153200.394228,True
scikit-learn__scikit-learn-13584,assignment-case-v1:87fd12b63af31c6868e10f5c4ae6cdbdc3183ba5c46e63683b2b8c4822df9d90,scikit-learn/scikit-learn,99978.445087,4,repository_median,125965.05199899999,False
sympy__sympy-18698,assignment-case-v1:884a53bcdccb8a4b1ef007c168aeca5f79a51ed365a92421b6b3cb814882d8b4,sympy/sympy,75554.561079,4,repository_median,117486.602667,False
django__django-15987,assignment-case-v1:88c6826fc97f803a02c904c273c6c2b92cda59b9c91d30e4e17d4a30cf2f097a,django/django,151040.901979,4,repository_median,127695.212933,True
django__django-13158,assignment-case-v1:8967b82c445541d914667dacafe1c91d1090a53022ac228f6b8f53f4f0edb5f4,django/django,1309406.510747,4,repository_median,127695.212933,False
sympy__sympy-14248,assignment-case-v1:8baced33b66ab4f395268370adebfd1b7769cf40ff1006e5c20b137fec15726d,sympy/sympy,87385.658458,4,repository_median,117486.602667,False
sympy__sympy-24102,assignment-case-v1:8c24993b52f456fe79319e43e6466c8e777ecdd8fdd6818d3306279bc8226a9d,sympy/sympy,118792.409323,4,repository_median,117486.602667,True
sympy__sympy-23191,assignment-case-v1:8e153d7385ffcd40fe36c420c932998b71e2875a9969d55abc94c3b683c394d6,sympy/sympy,98838.75605,4,repository_median,117486.602667,True
django__django-11815,assignment-case-v1:8e7e4a75b338b3d50cf7a5da39c95b546e320418830755faa26136672b4220d1,django/django,143485.992548,4,repository_median,127695.212933,True
scikit-learn__scikit-learn-13584,assignment-case-v1:8f19fdec99611f442997b50f8ea2cdf17f0f9dc1915106f63290fbdd8ad77bdd,scikit-learn/scikit-learn,112535.665225,4,repository_median,125965.05199899999,True
scikit-learn__scikit-learn-13584,assignment-case-v1:91d84155cb8709f4e7d417f19ddf10e019a93cc382befec72b0f67557c2bb60a,scikit-learn/scikit-learn,63309.372018,4,repository_median,125965.05199899999,False
scikit-learn__scikit-learn-15512,assignment-case-v1:91f20cfbff27367fb5fcea5480ca07c595ea8c5ebfc96b18e439a0bc751307d5,scikit-learn/scikit-learn,148189.299413,4,repository_median,125965.05199899999,True
django__django-16032,assignment-case-v1:942d4b9b3137a84272f46d1f62b9f7749fb7bf082461a2efc3dd3b161788c69f,django/django,94599.252673,4,repository_median,127695.212933,False
django__django-13128,assignment-case-v1:97414efb5f5c55ca0a3d649d7c11511d9a6d69bdfc7add80f0cb066166b83b7c,django/django,130779.137179,4,repository_median,127695.212933,True
django__django-14351,assignment-case-v1:974b50b95bf3c463f64e07953fd787bd5439ed580fe9d2300e63103520b10d92,django/django,113144.564399,4,repository_median,127695.212933,True
django__django-11815,assignment-case-v1:9911f9f61d30c5f7793110b177e39f72b879750695dd527502eb8a8ec4d7fe52,django/django,105464.7227,4,repository_median,127695.212933,True
django__django-11099,assignment-case-v1:99435b896d3b81b583e405eac609fce6050a29ba713dbd88a6afb15d2b8c872d,django/django,172382.48062,4,repository_median,127695.212933,False
scikit-learn__scikit-learn-13497,assignment-case-v1:9a9727379935b065dc8bf627ac949de1156463de8b946916f6f374a9fb3e643d,scikit-learn/scikit-learn,119666.565642,4,repository_median,125965.05199899999,True
sympy__sympy-15345,assignment-case-v1:9af15000c41058d2863d42753b43d4419f8f83fdeff84281808f1605f0562d43,sympy/sympy,129582.664789,4,repository_median,117486.602667,True
astropy__astropy-14096,assignment-case-v1:9c52e80d1293b2f33b6b8e21e3ce977fdf188b55561ed3ad0bf0897d21f75219,astropy/astropy,129996.911572,4,repository_median,124637.7041565,True
scikit-learn__scikit-learn-13584,assignment-case-v1:9d57ad035401c3efa47531ff497573dbefd3187f318f55a1557c8dbe5f53473e,scikit-learn/scikit-learn,113866.145224,4,repository_median,125965.05199899999,True
matplotlib__matplotlib-23314,assignment-case-v1:9e30d6a9093a4aca04e4b977834fc9fcdb41efa04e746202a51d0298cdd78211,matplotlib/matplotlib,202098.943727,4,repository_median,153200.394228,True
django__django-16256,assignment-case-v1:a04fd5354ba61d5fe8640fd1a1b3d2020e593166aa819c64910e24b85269f846,django/django,172175.631504,4,repository_median,127695.212933,False
django__django-15695,assignment-case-v1:a1d00bbc4240f49ed5b150eb900e9d2800c14d8e0744d6129af7f5268b13a2b4,django/django,163991.255602,4,repository_median,127695.212933,True
django__django-13964,assignment-case-v1:a1ea7409094d8641be55f5319cd3fc0b0a32d145f121edad36ba66e0f69945c8,django/django,992417.263218,4,repository_median,127695.212933,False
pytest-dev__pytest-7324,assignment-case-v1:a1ed9f5d6de77ffd4083d61c45e8ec1fd17aab4fae782b401e62eb6c03424649,pytest-dev/pytest,114353.298829,4,repository_median,136683.47415899998,True
pytest-dev__pytest-7490,assignment-case-v1:a455f84b8a8a98922d0f0d878b5e9a547a4ded1a67d36d797be882c1ab45bf0c,pytest-dev/pytest,113616.172684,4,repository_median,136683.47415899998,True
django__django-13401,assignment-case-v1:a7d226a48a98da2425f80cb37942238f1d60e79b062397ff43584e4819510e4a,django/django,129141.892462,4,repository_median,127695.212933,True
astropy__astropy-7606,assignment-case-v1:a8ef5c1d6888807d84235d8f1bacbae74c6af6d55c165526955ddb048f727fca,astropy/astropy,126456.911351,4,repository_median,124637.7041565,True
sympy__sympy-15345,assignment-case-v1:ab4cc527a1c8e5293bc636527c6125a06ab2772a614ceb7669ef33ec40576238,sympy/sympy,102975.935283,4,repository_median,117486.602667,True
django__django-15695,assignment-case-v1:ae549aff6c0094d1775816e1a13e009769fdb515c4cde2932543a0d2ca687984,django/django,159279.72513,4,repository_median,127695.212933,True
django__django-12273,assignment-case-v1:af0504e6122e45b5694ecead62a7b9ca8216208f3a7b6a1e602ac4daddd07e04,django/django,191864.179431,4,repository_median,127695.212933,False
matplotlib__matplotlib-23314,assignment-case-v1:b1587275431d9c1e493c311f012e0a502bd71a84e52f37173ace94fa9ba0a488,matplotlib/matplotlib,320175.371485,4,repository_median,153200.394228,False
sympy__sympy-15809,assignment-case-v1:b4d42d0ff481720777fac78d45e7cd1d6ba82aea8d6e048b87e468b31c52be49,sympy/sympy,89230.778023,4,repository_median,117486.602667,False
django__django-12708,assignment-case-v1:b53269e4a45706f0ffc80c40f6f423a032eb522ef2829425335a3ca26f655302,django/django,115794.753839,4,repository_median,127695.212933,True
scikit-learn__scikit-learn-13584,assignment-case-v1:b5cc486ac2a296da3b1c7ee978532d1e476b93ee0b35bf0c15ce682349257fd5,scikit-learn/scikit-learn,98862.778097,4,repository_median,125965.05199899999,False
django__django-15347,assignment-case-v1:b67fa6aafa63ccdd9f1bdda069beb32f68949bb906851f999580221483462549,django/django,137819.555598,4,repository_median,127695.212933,True
django__django-15280,assignment-case-v1:b777d74a80a10389320b35f438b5aa85bc5088faed1efa32fb44aad1e1fe15d9,django/django,109847.892892,4,repository_median,127695.212933,True
django__django-11885,assignment-case-v1:ba2f3eb01a65806f6af23acc172c9a2280d5ab9ad68eae4a4471e01bab9898d6,django/django,153136.355608,4,repository_median,127695.212933,True
django__django-14351,assignment-case-v1:bb1bef986dc55d547d8b57702c66369afda621973e86c1020eab4068546e1416,django/django,132262.802794,4,repository_median,127695.212933,True
django__django-10914,assignment-case-v1:bb92fe709b9c5038de54895100bc11f897b5aa00a94f517e86a0c1f440422520,django/django,150288.703458,4,repository_median,127695.212933,True
django__django-11815,assignment-case-v1:bc4b05d5f13625e58de7d418823c9db2e7bf50f6cc17f599bf180382502803ca,django/django,259309.75076,4,repository_median,127695.212933,False
sympy__sympy-24066,assignment-case-v1:bd163ea6b8b68798a450445067c538fa8c946bb74c55fd263f9006194d21db30,sympy/sympy,178801.53862,4,repository_median,117486.602667,False
astropy__astropy-14995,assignment-case-v1:bd9a5f86f225b75a329ec80978e730b5f7a0c8c8db143b425d5d1a84cec7ccc7,astropy/astropy,241798.517391,4,repository_median,124637.7041565,False
django__django-16256,assignment-case-v1:bed30dac43776650dd4b8d4b7f993650a5aab3b4f8bb50ac89c420510b889cb3,django/django,148807.636886,4,repository_median,127695.212933,True
mwaskom__seaborn-3187,assignment-case-v1:bfdaf4b0b48fe179cde4ca9c34d5a6b282094c0705afa55befda6bbebf441006,mwaskom/seaborn,201139.028644,4,repository_median,150862.031492,True
sympy__sympy-22714,assignment-case-v1:c0efde6fdb3a807f1ca03033b18689273e237a22a6709af4a9e3054d89432f2b,sympy/sympy,101934.370543,4,repository_median,117486.602667,True
sympy__sympy-18087,assignment-case-v1:c3025c2ef4adea178414707d7a35c1eab3632cb5651189308089daaece2d14cc,sympy/sympy,47735.227222,4,repository_median,117486.602667,False
sympy__sympy-15609,assignment-case-v1:c36a612a784baff8f799467c54fe3574b7bca5778339d7a9b00f00bd4a927a71,sympy/sympy,112641.484147,4,repository_median,117486.602667,True
astropy__astropy-14598,assignment-case-v1:c42969813ab98d3788e643d3f47d59a358fed008b074d4c882347e7e5f9d0ffb,astropy/astropy,160007.40483,4,repository_median,124637.7041565,True
sympy__sympy-18763,assignment-case-v1:c65fe18ade7200073c516210d6bc53167d9d15632cefa4988c9acff2a8ecec4e,sympy/sympy,91846.968179,4,repository_median,117486.602667,False
django__django-11265,assignment-case-v1:c9e8f96f666081cde813b7c1b561b601d24c98a63a7ae1a667cc590453a1bc17,django/django,92004.931586,4,repository_median,127695.212933,False
django__django-13212,assignment-case-v1:cb376575c658644e91d55b5e702641704027686f1fef91366964d0fb4cd08f23,django/django,130149.191572,4,repository_median,127695.212933,True
django__django-11049,assignment-case-v1:cb7048bd6f9c166ce005ace1033d5e7d5187e913be84cd0820b57a58cd0bbc7b,django/django,124143.292567,4,repository_median,127695.212933,True
django__django-13195,assignment-case-v1:cbbb5f692fca99b2710f9b10385b838c5b2bea5d3a0df3173c79a0d74f8448ce,django/django,152737.985885,4,repository_median,127695.212933,True
django__django-16642,assignment-case-v1:d25586467f9f2149a0cd5bea6433342706aa79348fb0c6f5e2ff7b5efb13872d,django/django,107181.107937,4,repository_median,127695.212933,True
scikit-learn__scikit-learn-13584,assignment-case-v1:d3171c886b7e4dee907fd1299bf28a89f15af982571fdbf1834b3fbb97246c5d,scikit-learn/scikit-learn,102266.184608,4,repository_median,125965.05199899999,True
scikit-learn__scikit-learn-13584,assignment-case-v1:d89777024654b230d623eca4dd4ecc002dab80eba3278f47f42be0175ce16e89,scikit-learn/scikit-learn,95409.501581,4,repository_median,125965.05199899999,False
django__django-15061,assignment-case-v1:db6ca197fb5edb1eafeebd43693f62d9a79744e7366859280b68f33404396a38,django/django,153788.274934,4,repository_median,127695.212933,True
matplotlib__matplotlib-26208,assignment-case-v1:db9bb5b00f9b3e40f504e29f5c2d63166216918214ef84328b5e929cfd7fdad8,matplotlib/matplotlib,162626.969553,4,repository_median,153200.394228,True
django__django-11490,assignment-case-v1:dcb72a6797080ae7e58ba82d9719ebb377d89e064d86435d574bf4c63f088a5a,django/django,143091.162145,4,repository_median,127695.212933,True
django__django-14493,assignment-case-v1:dde138aec895c494f00a48afe443f5d1efc12fd364f24340a674c042213bc943,django/django,124216.181581,4,repository_median,127695.212933,True
sphinx-doc__sphinx-8282,assignment-case-v1:ddeeb3d8eb88f8804597271f77bccfc883fe3f6d3fd1cb0919b0ce097dd66959,sphinx-doc/sphinx,109566.417205,4,repository_median,113560.885615,True
scikit-learn__scikit-learn-10297,assignment-case-v1:dfb3cc098307acacc57089da49193dcfe17d6ad9866ed690a4343f2ac25bb084,scikit-learn/scikit-learn,130000.838056,4,repository_median,125965.05199899999,True
django__django-11815,assignment-case-v1:dfdc5aa67519637d08f6c219233606201cb257512fbbf0e91973776f7a932e0b,django/django,150348.17373,4,repository_median,127695.212933,True
django__django-16256,assignment-case-v1:e112ec09774c7765de4bde455c4f695b81afedaf61afaf7a2367e1d666480c5d,django/django,123215.345352,4,repository_median,127695.212933,True
scikit-learn__scikit-learn-13584,assignment-case-v1:e19d0cd61641bbac4fa0fb4aab76233df0c49ad0a47e77ca1bcb49e4390a1c47,scikit-learn/scikit-learn,119853.985997,4,repository_median,125965.05199899999,True
django__django-16116,assignment-case-v1:e24c9b60fa819f46e7fa04b15ee46a41184e7852fce39fa705df63e2853b69fb,django/django,94385.955392,4,repository_median,127695.212933,False
scikit-learn__scikit-learn-13584,assignment-case-v1:e26b953b8a6af52439219422938a0a24c367f2a76769cbfb57d94abdac4adb93,scikit-learn/scikit-learn,111591.466145,4,repository_median,125965.05199899999,True
django__django-14155,assignment-case-v1:e3141317086e0fea67faa9aa4c06315bebddfc0ca49f5655927cfee638f19f57,django/django,114589.417339,4,repository_median,127695.212933,True
django__django-11815,assignment-case-v1:e3ed706fed697cce1b7352bf7e01103d12da4d0527cf108304ecdc37e2fb855f,django/django,129466.305436,4,repository_median,127695.212933,True
sympy__sympy-24539,assignment-case-v1:e55921dd6a9280a7c83fe90742330deaf3694f706563f3bde736f92978caf8b1,sympy/sympy,96742.665986,4,repository_median,117486.602667,True
sympy__sympy-23191,assignment-case-v1:e84c42f58d87814515712cd4175938a1777e453bccc313bedc2cd8d81c54aa2d,sympy/sympy,104242.761155,4,repository_median,117486.602667,True
django__django-14667,assignment-case-v1:ebbe0c2bfa75cefd8afda1e98d0637f92d5a59c5eddaadaf1d3aed3c6c0e5e5a,django/django,127952.762305,4,repository_median,127695.212933,True
django__django-16256,assignment-case-v1:ed2d265372ed9f6f4713b853f00671e6e9f3732c5ae24c73bda9787f84f2f274,django/django,127736.820716,4,repository_median,127695.212933,True
django__django-14351,assignment-case-v1:ee469232595b108e12fa6d709b7e3dccf367b44655ea7b834b80f84806c659bb,django/django,142070.778195,4,repository_median,127695.212933,True
django__django-14351,assignment-case-v1:eec913bb1fcee2034f9b8f41e51ae2f978c327250e5c912ecc1497e2bc874a71,django/django,55529.480144,4,repository_median,127695.212933,False
django__django-10914,assignment-case-v1:f00ccb5d293f81f52229cf10b6036ee73903cb4bbc1540ae5afe95bc960d04af,django/django,205747.323644,4,repository_median,127695.212933,False
django__django-16938,assignment-case-v1:f11e018669284ec8ee050991d068c46b443af70590e9abd4afe77a6a1063c068,django/django,164073.378115,4,repository_median,127695.212933,True
django__django-16256,assignment-case-v1:f1593780e4e9aff2d5772b52f016f15ed4d9facd15a692bc3f1d0a783b9e5d87,django/django,124403.178193,4,repository_median,127695.212933,True
django__django-14155,assignment-case-v1:f1f7abbd07d92360ad329b832f209e9e9a6901162dbb61e6bc20263382bb5750,django/django,141411.108725,4,repository_median,127695.212933,True
django__django-16256,assignment-case-v1:f2ed310c9357fad0215861f78bf3e1cb483eac9c6b47a39f40663ef5acb52617,django/django,132490.367243,4,repository_median,127695.212933,True
django__django-11815,assignment-case-v1:f54c472786c38f53968efdddeeafa00c11fead732d118257053f33d42b913b11,django/django,114041.599959,4,repository_median,127695.212933,True
django__django-16256,assignment-case-v1:f5f1eff2ad27391ef4cdf20fa2a903f5574b4af426d52ba9f940fead575a08f4,django/django,54287.267415,4,repository_median,127695.212933,False
django__django-11815,assignment-case-v1:f61f392239c79a4da8e54e9fb813ac74e41b7ae264093db82f105f79aad980c2,django/django,145269.579217,4,repository_median,127695.212933,True
django__django-15790,assignment-case-v1:f6982513b6d62485fdf626518a5f021e33fc58c4d54be1f4bd0de1758ee58fec,django/django,118269.054514,4,repository_median,127695.212933,True
django__django-13964,assignment-case-v1:f6cd4c89889727fdcb8d7cda2ec7f4c6107a02c29481ea3092562944089b0583,django/django,134493.359641,4,repository_median,127695.212933,True
scikit-learn__scikit-learn-13584,assignment-case-v1:f8d6893ed1f2292868d6194f9960bb24d46cb21079d89f9caf1cff03dfa2e2e7,scikit-learn/scikit-learn,122508.50897,4,repository_median,125965.05199899999,True
django__django-14351,assignment-case-v1:fb5b58d2065f9cb7fa3584b0954e9e2e99193569513cf46506606b8f6745648d,django/django,100786.736783,4,repository_median,127695.212933,False
django__django-15851,assignment-case-v1:fce63cf4fd1c36f01cf62c19b7105e9a6f732e92dea73a8319aae114bc2966eb,django/django,174508.663968,4,repository_median,127695.212933,False
pytest-dev__pytest-7490,assignment-case-v1:fd586d6bbf8de140ea87fac3132c4ab889fc28b460b6792a4d9b673be4b7b6bc,pytest-dev/pytest,168594.208044,4,repository_median,136683.47415899998,True
django__django-12856,assignment-case-v1:fd9e97538667718ec28cda5bfd4f7266d72a4502f81d29ce50e2f6754dbff0ab,django/django,118246.171594,4,repository_median,127695.212933,True
django__django-16256,assignment-case-v1:ffe8a2c3613c3da7b443b805dac5838da048ede22b197542531638fedf2e527c,django/django,1347129.159161,4,repository_median,127695.212933,False
django__django-17029,assignment-case-v1:00a98b5222ae0b560df13973a829033e022f789411689a76c75c86185ecdf799,django/django,109868.087849,0,repository_log_shrink,139329.9252142773,False
sphinx-doc__sphinx-9367,assignment-case-v1:019e48545f8b4df6e16f54adb67988818100bf35c86f89c3f00cbb7d56f210d5,sphinx-doc/sphinx,78775.093025,0,repository_log_shrink,118749.29510317897,False
sphinx-doc__sphinx-9367,assignment-case-v1:03f146f02750595e40d79df3736614566ddc3784d5a583c40762ce12b292f7aa,sphinx-doc/sphinx,89869.912492,0,repository_log_shrink,118749.29510317897,False
django__django-17084,assignment-case-v1:05ceffc69c44e8fbeeceffda66a28f24d25ecaae234d55bc34e74002a10189b8,django/django,140082.16595,0,repository_log_shrink,139329.9252142773,True
sympy__sympy-21612,assignment-case-v1:0645b1a474b4d2ddb9f4ca771dd1c29d5550846e02b8c5569eae688b3ffe0898,sympy/sympy,105229.008302,0,repository_log_shrink,113719.41972107936,True
django__django-11603,assignment-case-v1:06f08a392b6dfcb683338b13de748457832dfeb21655d9b578f204559b451988,django/django,149505.44073,0,repository_log_shrink,139329.9252142773,True
sphinx-doc__sphinx-10325,assignment-case-v1:0794c7d7114d1fed3e281106f47ad72592749f0ad5fbb303144ebba8980f9f22,sphinx-doc/sphinx,109182.616998,0,repository_log_shrink,118749.29510317897,True
sphinx-doc__sphinx-9258,assignment-case-v1:08c0c23e0d7261698b168d4d12d8ca939a628500b3a57765b5dfe05eb9655526,sphinx-doc/sphinx,105785.09635,0,repository_log_shrink,118749.29510317897,True
django__django-15161,assignment-case-v1:14fd65389b798724dfa7d28ee48ca19db7ad1d818d9a494769e3b7a25199c538,django/django,134711.798726,0,repository_log_shrink,139329.9252142773,True
django__django-13757,assignment-case-v1:15334bfc89a03314b3ebd304df04f6d05d14f1fd7a6b48f4b7d79e81fa44afab,django/django,144414.846995,0,repository_log_shrink,139329.9252142773,True
django__django-15368,assignment-case-v1:163326e2370fa3b7576c2c9deed060009d17922afe8e6d25f084b5f27b0260bd,django/django,146709.762712,0,repository_log_shrink,139329.9252142773,True
astropy__astropy-14539,assignment-case-v1:164bc0089deb9287c43c4a4705f118e8b0201a4c0a950759f3df3f1301d664df,astropy/astropy,124057.550482,0,repository_log_shrink,143913.77280822193,True
matplotlib__matplotlib-25311,assignment-case-v1:17d40e3e61622392a4d701107cf550578a53a447bcd9b05150c87539eff8b146,matplotlib/matplotlib,241389.287851,0,repository_log_shrink,169832.347138707,False
pydata__xarray-3364,assignment-case-v1:17e6cc971acecd406a23c9efb228baad37bd4ab10af24bdd57395821624636d6,pydata/xarray,111391.930489,0,repository_log_shrink,153639.2250786325,False
sympy__sympy-12454,assignment-case-v1:19e2c904ef7dc98416d35e6c4d5cb3a104756896961c0ea99069fbbc8770c7e7,sympy/sympy,122484.638289,0,repository_log_shrink,113719.41972107936,True
sphinx-doc__sphinx-9367,assignment-case-v1:1ac2da9869eea123af154477ae8e850112af3dac066a74569b8e0474557584d6,sphinx-doc/sphinx,113560.885615,0,repository_log_shrink,118749.29510317897,True
django__django-11797,assignment-case-v1:1c5e3fc85a6bca3a0f7b39f001b3513d732efc4f30964e1fb2f4c7f6371263e5,django/django,108174.07589,0,repository_log_shrink,139329.9252142773,False
sympy__sympy-16766,assignment-case-v1:1e57ed8cbe9c079cc393dc000de30cb7d86203b27290a90676913a094f4ef8b7,sympy/sympy,85153.815807,0,repository_log_shrink,113719.41972107936,False
sphinx-doc__sphinx-9320,assignment-case-v1:1e704f3dac66227ff332c1e00e345643f6f71903fc8d4abb80b9e05f5fcdf528,sphinx-doc/sphinx,171060.489958,0,repository_log_shrink,118749.29510317897,False
sphinx-doc__sphinx-9367,assignment-case-v1:223b6fb1f9d809804e7d74392aa3025c65c1b37f5842c1990fe3048c91cd6559,sphinx-doc/sphinx,146681.187964,0,repository_log_shrink,118749.29510317897,True
django__django-13449,assignment-case-v1:22ae18f2fbe436543d0916eaad9d9ffa13f7804cf829f1f381cb1b665bb998dd,django/django,97095.837014,0,repository_log_shrink,139329.9252142773,False
astropy__astropy-13398,assignment-case-v1:2372969c8194ef2010619926722b6e51db6cee21071e65c3d7d033e953077c32,astropy/astropy,90346.071418,0,repository_log_shrink,143913.77280822193,False
scikit-learn__scikit-learn-13439,assignment-case-v1:23e27af45d332d0cb03a987761ca95867b4f0834b68f5db5a4893e285b09c299,scikit-learn/scikit-learn,127870.423014,0,repository_log_shrink,137948.5665384548,True
sympy__sympy-13471,assignment-case-v1:26f9e0c2b3178fd2348934969e7aba249ca1e66dc98c0d5eb0142b772da93b94,sympy/sympy,140560.580627,0,repository_log_shrink,113719.41972107936,True
sphinx-doc__sphinx-7975,assignment-case-v1:2a2115c55922e05bdf428596a2c83e2b7666a56636533c7c3e5fd21a8e6fddfa,sphinx-doc/sphinx,131844.371236,0,repository_log_shrink,118749.29510317897,True
matplotlib__matplotlib-25287,assignment-case-v1:2c871eee6b0a67302561bb1ecdb3964e78d649b218d06416f445da253acd0db8,matplotlib/matplotlib,232087.162518,0,repository_log_shrink,169832.347138707,False
django__django-16485,assignment-case-v1:2f43a31584da47ec75675b3829ba3ddad44e547ccf1b4fbaa6f390ba7a22edad,django/django,93269.324801,0,repository_log_shrink,139329.9252142773,False
django__django-14373,assignment-case-v1:31d35f0150d9a567a479771105e030471485a1f467b99d5ac32e78a42b3d3aec,django/django,117251.96435,0,repository_log_shrink,139329.9252142773,True
pallets__flask-4992,assignment-case-v1:33d371a5d1ab02146b95fcc4d7bc4f4c8177fcd26bf4a5f844f19478afd9f276,pallets/flask,148757.605752,0,repository_log_shrink,131422.78126850404,True
django__django-13343,assignment-case-v1:34df16ce0905e2471bfe3a41e4c26ebbc02be5ad9448da346bdafcbd18d0322e,django/django,159771.980563,0,repository_log_shrink,139329.9252142773,True
django__django-15731,assignment-case-v1:367670b7e7c1e795fdd7c2bf813d8dfa1562aa658e4c9130b18ee3ddc681ac3d,django/django,134035.014832,0,repository_log_shrink,139329.9252142773,True
sphinx-doc__sphinx-9367,assignment-case-v1:3694eaf60a21cf8771d2b625266a51bad1b1d0213cd86e2aca78b6d558f5f3a2,sphinx-doc/sphinx,95450.601168,0,repository_log_shrink,118749.29510317897,True
pytest-dev__pytest-5413,assignment-case-v1:3e148cb3ce71d9ea5122d3bab11f5b978239194b81cfb99ea363281ef50601ab,pytest-dev/pytest,110120.142952,0,repository_log_shrink,135007.49543570823,True
sphinx-doc__sphinx-8621,assignment-case-v1:3e1ee1be1ece436cab2c17d409c312345401c709d4c20003c4a7faefd5fbe2b8,sphinx-doc/sphinx,142685.289246,0,repository_log_shrink,118749.29510317897,True
scikit-learn__scikit-learn-13439,assignment-case-v1:3f16cc7f5303c75def977c2afecfb2cd777656116c0fb34957ff714c03ca4cf9,scikit-learn/scikit-learn,114947.174394,0,repository_log_shrink,137948.5665384548,True
pylint-dev__pylint-7993,assignment-case-v1:3f247c9a5ac442a0f0f435c3a4fe2ec4f637ebba612f1bedf0fccf7fab990982,pylint-dev/pylint,156765.14721,0,repository_log_shrink,138939.0083030215,True
django__django-15973,assignment-case-v1:404ca64e4e8b4ebcd9019da3221d075a906979c67fe8aea501564330f6bc4d29,django/django,118344.92339,0,repository_log_shrink,139329.9252142773,True
sympy__sympy-21612,assignment-case-v1:421ae8d48f07be0c1c5cb7ce4e12325a3ea6dcb1fffb861abbfc970839477633,sympy/sympy,149955.959845,0,repository_log_shrink,113719.41972107936,True
django__django-11239,assignment-case-v1:433920efe5ab1b4faf1773f64a5e5389c705f0330d55a9ebef0ae7d0679ced22,django/django,141621.089349,0,repository_log_shrink,139329.9252142773,True
scikit-learn__scikit-learn-13439,assignment-case-v1:43fc862d67ec7abdc2588302cd80dd9538303f2bc7a58c79ca7bb458bb0caf86,scikit-learn/scikit-learn,100986.378924,0,repository_log_shrink,137948.5665384548,False
sympy__sympy-14976,assignment-case-v1:45432e7550e7296d94a38aa5567a4d45eb3699f28dd81bf8dbe36b3068b402e1,sympy/sympy,85859.836627,0,repository_log_shrink,113719.41972107936,False
sphinx-doc__sphinx-9461,assignment-case-v1:47ce193e42b3793658c4461bfeb9dad0b89aeee09405fc21ef8ec2c580d00a81,sphinx-doc/sphinx,114583.468685,0,repository_log_shrink,118749.29510317897,True
sympy__sympy-23413,assignment-case-v1:4971f980bc7bd0df4cc4fbd1551e7e5cb1628c3e13b9094c4f41c38487a677be,sympy/sympy,150305.499614,0,repository_log_shrink,113719.41972107936,True
django__django-13820,assignment-case-v1:49d2aa1e13dbff4c7158583825aad0749505c80a0701f39c321bed82680d7f68,django/django,156628.908321,0,repository_log_shrink,139329.9252142773,True
sphinx-doc__sphinx-9367,assignment-case-v1:4ad34d011fc07891eb785da5aae7869fa4c4194a1a4513c04f60ec6686f5972a,sphinx-doc/sphinx,84462.909576,0,repository_log_shrink,118749.29510317897,False
django__django-17051,assignment-case-v1:4c1c271d383aed660d70edc39064654b95603ce6c4a7b371503cb69561695dd5,django/django,98365.166169,0,repository_log_shrink,139329.9252142773,False
sympy__sympy-20322,assignment-case-v1:4c5b679678a8c7b0e8034272edce3ff2fe0d35026c44de6b1a9d27bf6e2d2c23,sympy/sympy,99185.24371,0,repository_log_shrink,113719.41972107936,True
sphinx-doc__sphinx-10325,assignment-case-v1:4cd0fdf8a8bbd47bad8e774a1bbabd16c08ad5031a4500902983de2860328dc6,sphinx-doc/sphinx,110140.72588,0,repository_log_shrink,118749.29510317897,True
django__django-11964,assignment-case-v1:4d7b41ed9ad46bbec64178e4103e68c6fedc245a75996c400808c5d9098f2e99,django/django,154108.757666,0,repository_log_shrink,139329.9252142773,True
sphinx-doc__sphinx-10325,assignment-case-v1:4ea178b49215e825b0136195c00528860769a73258fdbbbbf30f898a164f7dfb,sphinx-doc/sphinx,110602.803465,0,repository_log_shrink,118749.29510317897,True
sphinx-doc__sphinx-10325,assignment-case-v1:4efdd45fb89295e10a9b64c272e82f09ec60c7a6aedd4360a4362289f392037c,sphinx-doc/sphinx,127255.014572,0,repository_log_shrink,118749.29510317897,True
django__django-14311,assignment-case-v1:50c45f2de277876caae5287115a5c812d4abde60154e824ed13ee67e000b7550,django/django,124077.625062,0,repository_log_shrink,139329.9252142773,True
scikit-learn__scikit-learn-14983,assignment-case-v1:51c3e846206a6c49ae74c8df1b94866173c4f044cd7b49b770552ef2251f647c,scikit-learn/scikit-learn,107887.187307,0,repository_log_shrink,137948.5665384548,False
matplotlib__matplotlib-25311,assignment-case-v1:523286408899ca73bf07252f5ee10f7942b89376d7637511b28cdc70a08b4a79,matplotlib/matplotlib,285854.481805,0,repository_log_shrink,169832.347138707,False
scikit-learn__scikit-learn-13439,assignment-case-v1:53e87654db72dbbfed38981464642bca377841fb04269a549c3d5446364352f8,scikit-learn/scikit-learn,86476.103929,0,repository_log_shrink,137948.5665384548,False
django__django-17029,assignment-case-v1:55060c9d500aee4e1d4f9cf54528b92922ba9a0cacd107a35222b7933af6828d,django/django,185210.598793,0,repository_log_shrink,139329.9252142773,True
sympy__sympy-21847,assignment-case-v1:57a081155f0d09f0a3a74df0e68cb1209c2fc76bede090cb9bc34114d237d603,sympy/sympy,103993.565757,0,repository_log_shrink,113719.41972107936,True
sphinx-doc__sphinx-10325,assignment-case-v1:5a408f6e52b0e008daccb4f3625644e1ea2f4fd75dfddd2d0a8efe36c544bc79,sphinx-doc/sphinx,93512.756144,0,repository_log_shrink,118749.29510317897,False
django__django-13346,assignment-case-v1:5be2c10ef9a810bae9039f2d3582ebd1339f3ef86dc4229f35fc492ae6f75c93,django/django,217272.674774,0,repository_log_shrink,139329.9252142773,False
sphinx-doc__sphinx-9367,assignment-case-v1:5be46863bb7bdf75d2bcf8682c7a94c0bbbb2c89ab606bd29209d722039b9756,sphinx-doc/sphinx,62690.236807,0,repository_log_shrink,118749.29510317897,False
scikit-learn__scikit-learn-11578,assignment-case-v1:5dbe32d18b0a70f659393b7965497e0c1e3718f38bc8bc72db0841cac3514559,scikit-learn/scikit-learn,169602.229941,0,repository_log_shrink,137948.5665384548,True
sphinx-doc__sphinx-9591,assignment-case-v1:5ed1a38653baedd52eb8c0d0c4e73330c548709a1e59230c5b08e708a671ccfb,sphinx-doc/sphinx,88636.004425,0,repository_log_shrink,118749.29510317897,False
pylint-dev__pylint-7080,assignment-case-v1:5f0c70caa22a3809a59116855fd5d4ca44fba8e33f1f42acf09c24507087cf83,pylint-dev/pylint,136516.902216,0,repository_log_shrink,138939.0083030215,True
django__django-15569,assignment-case-v1:5f3d5680e7e706689c1361a07dd3128185a2de4868a627a833922f17a1a2541a,django/django,122578.236035,0,repository_log_shrink,139329.9252142773,True
django__django-15037,assignment-case-v1:60e30fec882ab25dfc48e8bacfe6f3d62d55d224c31cf9bc9eb461d52874f56e,django/django,118560.274764,0,repository_log_shrink,139329.9252142773,True
sphinx-doc__sphinx-10325,assignment-case-v1:6105f873eed7d1cce547061174c6ec0a1f2c6941d618862d0b9eef8737427925,sphinx-doc/sphinx,77509.454286,0,repository_log_shrink,118749.29510317897,False
sphinx-doc__sphinx-8474,assignment-case-v1:628eb43ce57c0cde844e8d3c2cf053f37ff3ec1007c31defa838dc66b7254468,sphinx-doc/sphinx,1094516.078083,0,repository_log_shrink,118749.29510317897,False
sympy__sympy-23950,assignment-case-v1:630fbda2df927a38dc93c70eff6e4d5ccc03b3107cb6e14fe3975bea20037206,sympy/sympy,123653.083716,0,repository_log_shrink,113719.41972107936,True
django__django-17029,assignment-case-v1:6375f2b7903b7be4e1b73a3e63324ad4a2d4e704c5f0b6698a5001600894af8b,django/django,70250.791808,0,repository_log_shrink,139329.9252142773,False
sympy__sympy-12236,assignment-case-v1:64829b38be6fa645f92a7d2a1ea27965d7283f8c9918058e7e6d70c915739f9a,sympy/sympy,125493.457514,0,repository_log_shrink,113719.41972107936,True
sphinx-doc__sphinx-10325,assignment-case-v1:66d58e4d9ad93654a2dbeddfdda279f4e086e00dc0438a36c5865b2f79e72bd2,sphinx-doc/sphinx,78959.258133,0,repository_log_shrink,118749.29510317897,False
django__django-13512,assignment-case-v1:66f1f68cfb0625c9cbfb98d661c9510974eb589de2bfb2a8917ce01a1f609bea,django/django,110099.898653,0,repository_log_shrink,139329.9252142773,False
django__django-15554,assignment-case-v1:6731fd6cf04798649ac4d1730a2dd8bc9d4791bd7e576bc34a0cd2eb09ff8866,django/django,103324.486109,0,repository_log_shrink,139329.9252142773,False
scikit-learn__scikit-learn-13439,assignment-case-v1:67bb54a9bf4b08a87f91b69f97a34d6b3ea4c2e49619aeb4eec919c6b3d58d78,scikit-learn/scikit-learn,165169.505358,0,repository_log_shrink,137948.5665384548,True
pylint-dev__pylint-7080,assignment-case-v1:69aa1902d7a1890ae0642b3c5cc928a359aabf2a4db961c076f712f8e9560c84,pylint-dev/pylint,168149.549377,0,repository_log_shrink,138939.0083030215,True
pylint-dev__pylint-7114,assignment-case-v1:69e1378ddb0df9eefaa1253dc19a3d7cab4f90c760fbeeadbe66cf35ab641d02,pylint-dev/pylint,166206.079688,0,repository_log_shrink,138939.0083030215,True
matplotlib__matplotlib-22835,assignment-case-v1:6afc0bc58cefe7c58b07382179dcee4d72235641cd1de82618c7e00b450c07a4,matplotlib/matplotlib,190227.711393,0,repository_log_shrink,169832.347138707,True
django__django-12286,assignment-case-v1:6db55bbde94c6855c56154207749b517dd88d6430f6faa9cf053fa2775dfa36c,django/django,130796.135215,0,repository_log_shrink,139329.9252142773,True
django__django-12050,assignment-case-v1:6e4e07527475ed0ccce874dd3988449464ab901a4257e858e981f819f76ff48b,django/django,119564.822553,0,repository_log_shrink,139329.9252142773,True
django__django-11095,assignment-case-v1:6f3e6cbdff25652feb2b502582d2e3182696c8987ab50cadaf6d96ad69ceb76e,django/django,164915.917804,0,repository_log_shrink,139329.9252142773,True
django__django-11820,assignment-case-v1:708aaa35f709abdf123885446da7f705fbaabc2899256c3b5f8538ce95afaf53,django/django,149724.061861,0,repository_log_shrink,139329.9252142773,True
sphinx-doc__sphinx-8273,assignment-case-v1:737b71a84a2b91169b9997cb650d5b4e55c8405329342de429c325292d1de50b,sphinx-doc/sphinx,89288.141626,0,repository_log_shrink,118749.29510317897,False
sphinx-doc__sphinx-9367,assignment-case-v1:78c6f0d8db5c949a9cb2f9b630fe843ab536412430b6adf9d68c88d7a3fee1a4,sphinx-doc/sphinx,91190.687905,0,repository_log_shrink,118749.29510317897,False
scikit-learn__scikit-learn-13439,assignment-case-v1:7c0b0d0c26f8a879fb4b3dd8b37af6bd84c0c42b49ac4e490638a44fcc52b911,scikit-learn/scikit-learn,140191.796906,0,repository_log_shrink,137948.5665384548,True
sphinx-doc__sphinx-9367,assignment-case-v1:7c12db5dafc1b018890a94aed02102b48c68bc05f02bb6e18d5397399bd7db70,sphinx-doc/sphinx,94694.999513,0,repository_log_shrink,118749.29510317897,False
django__django-17029,assignment-case-v1:7e391de89309f2f9bf59b370a1cc5716924a79fe7d1655c05784baf8019527d6,django/django,133147.951582,0,repository_log_shrink,139329.9252142773,True
sphinx-doc__sphinx-10451,assignment-case-v1:7ebb25d7fde0c08f5ba33c0e407cfb9b854992bdb3efa496fd8323e82f9d7874,sphinx-doc/sphinx,1159805.41822,0,repository_log_shrink,118749.29510317897,False
django__django-14017,assignment-case-v1:7ed6a368f99faf10820b9749d59406f88510a2fb9296ef78549f184906729f0f,django/django,117493.680052,0,repository_log_shrink,139329.9252142773,True
django__django-10973,assignment-case-v1:7f91eba309be5c4cad96d8da4e89131503b0a5ffba5863509a23819c115573b5,django/django,180012.119023,0,repository_log_shrink,139329.9252142773,True
django__django-13406,assignment-case-v1:811de7a9c07cfb18d7bd7231b668166f98d5f887be09c7fbc9c8a6a155fc14d7,django/django,152705.255355,0,repository_log_shrink,139329.9252142773,True
django__django-12193,assignment-case-v1:83e587a9e248708fdb6a70ff1871bfa7da672a9c1d52fe94e4feb07d11866a14,django/django,142228.10097,0,repository_log_shrink,139329.9252142773,True
matplotlib__matplotlib-23563,assignment-case-v1:8424aa289ec3060d1bb39eb55b9d375c3eaa1c4b89ad6ff40bd2c1e204af31ff,matplotlib/matplotlib,147838.739414,0,repository_log_shrink,169832.347138707,True
sphinx-doc__sphinx-10325,assignment-case-v1:84429f015ecb5abef50035f50ba3898afaacaa101013195d4d56bc033d4ccfe2,sphinx-doc/sphinx,73548.068766,0,repository_log_shrink,118749.29510317897,False
scikit-learn__scikit-learn-9288,assignment-case-v1:85e2abd9362f6c2da45926a8c246aadd68f7bf7be5685cdac677974956c83a17,scikit-learn/scikit-learn,169725.899741,0,repository_log_shrink,137948.5665384548,True
django__django-15375,assignment-case-v1:864a256a48a264622da95f6ca73d18f64cbd452d1c4d4a6ce4980c8fd2e22191,django/django,130572.987066,0,repository_log_shrink,139329.9252142773,True
sphinx-doc__sphinx-7738,assignment-case-v1:877b9c0d403fc2964fe818e2e715ecd07d3d00d285ecbdbad5f51004a64d66e9,sphinx-doc/sphinx,100918.365894,0,repository_log_shrink,118749.29510317897,True
scikit-learn__scikit-learn-13779,assignment-case-v1:8bab5da177e4115cfdf9633451578ad7689ff0ebba204dabf79e1f9150fae7c1,scikit-learn/scikit-learn,105584.421375,0,repository_log_shrink,137948.5665384548,False
sphinx-doc__sphinx-8593,assignment-case-v1:8bcbbfce984308131b6f425bbb4e8ceb09fc37a50194b48e54147475b337b76b,sphinx-doc/sphinx,80701.329714,0,repository_log_shrink,118749.29510317897,False
django__django-17029,assignment-case-v1:8fb715bf53ad2417890ed23e6b92567af7ae4da13f08000bc4f62c98d8c64115,django/django,110574.172861,0,repository_log_shrink,139329.9252142773,False
django__django-11964,assignment-case-v1:8fec2908bac366037b24d1fea33db30df82b626a9c4be0ad860c07499fd3e22e,django/django,113388.641505,0,repository_log_shrink,139329.9252142773,True
scikit-learn__scikit-learn-13439,assignment-case-v1:90f9a21752ccfb61c4cfb131c4ec79bf542dcfaaf469028b0038bed408bbcf7c,scikit-learn/scikit-learn,102956.768485,0,repository_log_shrink,137948.5665384548,False
scikit-learn__scikit-learn-13439,assignment-case-v1:919e94f2198b7fb6367f5140cc8a1250da8fe409a16f07096cdc0eec2f91c413,scikit-learn/scikit-learn,79447.602541,0,repository_log_shrink,137948.5665384548,False
sympy__sympy-12171,assignment-case-v1:943901d0921d248aff8e6f052ba2f84bc3108f01a25309f1b29341d9b6d8d678,sympy/sympy,165738.150747,0,repository_log_shrink,113719.41972107936,False
django__django-17029,assignment-case-v1:96cb64497bd94b199c656fcca8d1513f6da055e944871c3aa802a4313c415ead,django/django,160517.344359,0,repository_log_shrink,139329.9252142773,True
sphinx-doc__sphinx-7686,assignment-case-v1:98d47b1902560a216dc54a07fe4faf9e0704a59149c16fc7522dbae0bd84ff4a,sphinx-doc/sphinx,123479.783083,0,repository_log_shrink,118749.29510317897,True
sympy__sympy-13798,assignment-case-v1:99b45277091c717395c9258e5fb12aadd835fc48707b981ba368f8bcc3e4cec1,sympy/sympy,133636.690312,0,repository_log_shrink,113719.41972107936,True
scikit-learn__scikit-learn-13439,assignment-case-v1:9ab2cf3818992c9a375ae4472b7ddbe8feab01983f6fa66b96ba76127ce5c3ba,scikit-learn/scikit-learn,84065.821291,0,repository_log_shrink,137948.5665384548,False
matplotlib__matplotlib-26020,assignment-case-v1:9b49b65290ff3088ad443e95c06c286b186fdf7c5308f47abd318814d658256f,matplotlib/matplotlib,206404.173732,0,repository_log_shrink,169832.347138707,True
sympy__sympy-13852,assignment-case-v1:9c85825fc09251aa965f336b23b574d3c8a56b5e549ffe52ba492a5da88b0168,sympy/sympy,95204.119151,0,repository_log_shrink,113719.41972107936,True
sympy__sympy-16106,assignment-case-v1:9d83f27820d374684d50cd56bb063c95d6a55f808c076aced0b4213fb00b073e,sympy/sympy,122312.208187,0,repository_log_shrink,113719.41972107936,True
sympy__sympy-17630,assignment-case-v1:9d87fb8e72a9c48321e5bc67910012e9a491929859681ca18ee65613802d82e6,sympy/sympy,140723.439731,0,repository_log_shrink,113719.41972107936,True
django__django-13447,assignment-case-v1:9fa5df67c5048c03cb3a6e5f8cb5dfae71c86f78c47ba81c005fcda90b92b109,django/django,125670.120809,0,repository_log_shrink,139329.9252142773,True
django__django-11910,assignment-case-v1:a05b9f9f17024d04797c094c4f124d99e21099750d663b8e4dfb1ca28d9e9331,django/django,115279.562791,0,repository_log_shrink,139329.9252142773,True
sympy__sympy-13372,assignment-case-v1:a2de6ae5a4781043473cf670edad5b218c070b1f0add3db79f0c43783f59b63f,sympy/sympy,132077.916083,0,repository_log_shrink,113719.41972107936,True
astropy__astropy-14369,assignment-case-v1:a62b58b9fbf2939a7a209efba496abdb9a94d5afe5a3c341f3897dae440c3b8e,astropy/astropy,108947.058949,0,repository_log_shrink,143913.77280822193,False
sympy__sympy-13480,assignment-case-v1:a7abbeac43a1cc7573a7f9b6bbe8c42a85d154cb4e6f56a576c031472c4b50c3,sympy/sympy,78337.440806,0,repository_log_shrink,113719.41972107936,False
django__django-17029,assignment-case-v1:a85f6d7a8adfc13febdeb452d86a6a656c7c8728a0ad68520cfb84525d54d8fc,django/django,134147.16576,0,repository_log_shrink,139329.9252142773,True
sphinx-doc__sphinx-9367,assignment-case-v1:a960991b5d822c8f10030c6cd73435c3cba461fb0d0241588412d8ea6b7d8328,sphinx-doc/sphinx,92542.266065,0,repository_log_shrink,118749.29510317897,False
matplotlib__matplotlib-20826,assignment-case-v1:ac9a920a818af1f18016f58b01e951d9db0b8974791106a6ccd70cfda6758af9,matplotlib/matplotlib,83955.700574,0,repository_log_shrink,169832.347138707,False
django__django-17029,assignment-case-v1:ae1b4357b048d4562d7b1abdd3ce3719c65141f76cb459918aab66f3d2510769,django/django,116153.767875,0,repository_log_shrink,139329.9252142773,True
django__django-15525,assignment-case-v1:ae97d4de9d3623b73a18468434b76e17f407282c49a97fd90a704142eaf6a12c,django/django,118981.418472,0,repository_log_shrink,139329.9252142773,True
pallets__flask-5063,assignment-case-v1:ae9aa67d1defdc6a8e2b9e3a2e82dd1d187647c0fbad89e89d73d05494cbf8d9,pallets/flask,136652.022342,0,repository_log_shrink,131422.78126850404,True
django__django-14017,assignment-case-v1:b0523f6890f7b6727f43187fbae6f0bab651723d7572cbaaef49266a02ae8b7a,django/django,196468.312032,0,repository_log_shrink,139329.9252142773,False
django__django-17029,assignment-case-v1:b778dbeae28aec1d5963469ceda48b4655c05d10f52a9e6f4a4efd5e8d856e28,django/django,142746.967389,0,repository_log_shrink,139329.9252142773,True
scikit-learn__scikit-learn-13439,assignment-case-v1:b80dbf74c498d2b38f16c92bd03b0dc3f44c8bcb0de4824a8e229ae6265a5e1a,scikit-learn/scikit-learn,100025.861958,0,repository_log_shrink,137948.5665384548,False
django__django-13230,assignment-case-v1:b86837ec5283894c5f3202b1e337b00f62b1564dadaf439f8701fb31b2f70957,django/django,239709.321165,0,repository_log_shrink,139329.9252142773,False
pylint-dev__pylint-6528,assignment-case-v1:b920a784dfb64206ec0d95a1ba69b55e9b3eec5845140ab24a1660937c95bf4c,pylint-dev/pylint,125588.163507,0,repository_log_shrink,138939.0083030215,True
django__django-12747,assignment-case-v1:b9d6d4b0face4be8f4d574cfd6f1bd68539357dc33fd81e40aac0704cd6d13c0,django/django,127779.836093,0,repository_log_shrink,139329.9252142773,True
scikit-learn__scikit-learn-14983,assignment-case-v1:baf26e1b38c4a20abd5d66803105c80ad960cd3144a19ac0aba8445c0f0376d4,scikit-learn/scikit-learn,101535.610046,0,repository_log_shrink,137948.5665384548,False
sphinx-doc__sphinx-8475,assignment-case-v1:bcbf671804fb0acf43fbc17ee7ee3bb928866525ef05ec5e34d78a8cfab89d45,sphinx-doc/sphinx,90462.730478,0,repository_log_shrink,118749.29510317897,False
sphinx-doc__sphinx-10325,assignment-case-v1:bfc6a79e32941b43d55b55fe4b5f141a88a6a9898d6d209d5a10e6ed00e9a1f5,sphinx-doc/sphinx,141985.552299,0,repository_log_shrink,118749.29510317897,True
matplotlib__matplotlib-26011,assignment-case-v1:c03311349bf68a3f046f5fff924dfbba57d9e97f1739fd1433fb971838474d17,matplotlib/matplotlib,148315.535394,0,repository_log_shrink,169832.347138707,True
scikit-learn__scikit-learn-13439,assignment-case-v1:c255f4cfc6de416d8560f03c891bc1990a4a66bd705e1f700dd1efb23dbce25f,scikit-learn/scikit-learn,144003.035063,0,repository_log_shrink,137948.5665384548,True
scikit-learn__scikit-learn-25973,assignment-case-v1:c28adc478a94e4edf952ec1c15404e64bc44842b23df3996ac4eb695a20dc7f1,scikit-learn/scikit-learn,96510.103202,0,repository_log_shrink,137948.5665384548,False
sympy__sympy-21847,assignment-case-v1:c5c6fe07715b8fdf65cbbd2b13316a247743826363b76bfee0459a40f5a893c5,sympy/sympy,132653.224167,0,repository_log_shrink,113719.41972107936,True
django__django-15278,assignment-case-v1:c5f79a37fb9eac8014ea79e28e10668a2d26053dd243e89332abdebd3e478776,django/django,109546.759198,0,repository_log_shrink,139329.9252142773,False
sphinx-doc__sphinx-10325,assignment-case-v1:c6347a20a6716a55a8f0a24868122ab12498bed6933725f9e8218e17a98ed8c5,sphinx-doc/sphinx,138624.581639,0,repository_log_shrink,118749.29510317897,True
django__django-17029,assignment-case-v1:c95028f358ef7137529f30f3be64a3bdb94169ba83a9504fdc214507c90de951,django/django,91909.500201,0,repository_log_shrink,139329.9252142773,False
sympy__sympy-15308,assignment-case-v1:c9c2edce8c29b093645d024452652c05e015adc1b5b5de651683b7a13e5993f5,sympy/sympy,97094.085871,0,repository_log_shrink,113719.41972107936,True
scikit-learn__scikit-learn-13439,assignment-case-v1:cec015d633bdc65341abf2b8a74f74c5ce146ad7b6ac9bac04572e50219c357a,scikit-learn/scikit-learn,110567.402515,0,repository_log_shrink,137948.5665384548,True
sphinx-doc__sphinx-10325,assignment-case-v1:d0227f9d0260f2dfc9ff81c8fef49d98e23458f70ed61bfc7eb44ff86ce2a9dc,sphinx-doc/sphinx,91517.16481,0,repository_log_shrink,118749.29510317897,False
sphinx-doc__sphinx-8269,assignment-case-v1:d0fc01cf5a6b2e341027625ce777a99e6c0fafc9b55d2e31257cca8aec041ab3,sphinx-doc/sphinx,146858.015947,0,repository_log_shrink,118749.29510317897,True
sympy__sympy-21627,assignment-case-v1:d1111f01c84c4256a578f7077998abc0f68cf0470bf8a91e81a28ea10855e167,sympy/sympy,125272.959259,0,repository_log_shrink,113719.41972107936,True
sympy__sympy-17630,assignment-case-v1:d2d613ef7ca39298b36f1f593756777ef426ca23f5bea42067fce786ada56f70,sympy/sympy,113626.619504,0,repository_log_shrink,113719.41972107936,True
sphinx-doc__sphinx-10325,assignment-case-v1:d617c76cf868692569552cd88f489f73dc645b0d6e80d5a1fe61ea3a42015a34,sphinx-doc/sphinx,112767.620129,0,repository_log_shrink,118749.29510317897,True
pydata__xarray-6744,assignment-case-v1:d6f9778cbcecdc5fd742e8e4b07100fd6a9ae160ce64b7166562cd59e9ef1c6f,pydata/xarray,235506.764045,0,repository_log_shrink,153639.2250786325,False
django__django-15022,assignment-case-v1:d783020466b09626643253a60317612cba4d2a09170a3c615f1d5b2f6981d572,django/django,115111.838553,0,repository_log_shrink,139329.9252142773,True
django__django-13768,assignment-case-v1:d8978b66bf9973869e33a80c38024e7aaeb9b01f6a1c4e6fb976eaf3bec28efb,django/django,99550.511362,0,repository_log_shrink,139329.9252142773,False
sphinx-doc__sphinx-9367,assignment-case-v1:d9dc66bb71f10ba27774abd221d15e35fc0c8fef30de58ef54af831ae79ec695,sphinx-doc/sphinx,120999.23504,0,repository_log_shrink,118749.29510317897,True
django__django-17029,assignment-case-v1:df43b76d7f33997abe354fbbb1dec07c76fb6cd55bd35c12e834225e0fe40e87,django/django,117146.917648,0,repository_log_shrink,139329.9252142773,True
matplotlib__matplotlib-22865,assignment-case-v1:e1205a1c3f2d57520402a0e50d5a62e4c6822e2620ded5c6da4c980abf43501d,matplotlib/matplotlib,124414.044018,0,repository_log_shrink,169832.347138707,False
sphinx-doc__sphinx-10325,assignment-case-v1:e1656caa14ec355c8d0581a5384d8b33541a9cd90272fa60fd22c749c02ad163,sphinx-doc/sphinx,115495.503956,0,repository_log_shrink,118749.29510317897,True
django__django-13710,assignment-case-v1:e3b0167992e5f5d9e4eb42a20241f768c36b7347ae2a10c1ca54aacb25bf746f,django/django,110731.756968,0,repository_log_shrink,139329.9252142773,False
sympy__sympy-21171,assignment-case-v1:e42d731af13d089206387006408d224b38ad2b14d5c7875f24f870fe9dd8c19a,sympy/sympy,99187.091852,0,repository_log_shrink,113719.41972107936,True
matplotlib__matplotlib-26466,assignment-case-v1:e4a9167152c2b68620324d2df439ca46d6d4b60f6625fa0dedab555c8fbd53bc,matplotlib/matplotlib,189506.881748,0,repository_log_shrink,169832.347138707,True
astropy__astropy-8707,assignment-case-v1:ea8c504259bb654aaee75bff500d44aa5d2b2edf42ca5d7204644a628d97ba41,astropy/astropy,118753.138639,0,repository_log_shrink,143913.77280822193,True
django__django-17029,assignment-case-v1:f2768b0f63fca2b496f26769a82d8de98833fa73998848fea3d3e448b98b4015,django/django,236100.070365,0,repository_log_shrink,139329.9252142773,False
matplotlib__matplotlib-22871,assignment-case-v1:f31b735961db4646a1738d97a56c19b8cd3082462a87154701451cae02683eff,matplotlib/matplotlib,260713.411607,0,repository_log_shrink,169832.347138707,False
django__django-17029,assignment-case-v1:f3dcd1b7a96ab8c479ea68643b36d5348f8210e87879abdc295e9e79cfc27010,django/django,107791.673594,0,repository_log_shrink,139329.9252142773,False
scikit-learn__scikit-learn-13779,assignment-case-v1:f6823c9d6e998acb9d32732a907a882d092b046b39fdf7ced2de2dd56d1d2a46,scikit-learn/scikit-learn,92567.117468,0,repository_log_shrink,137948.5665384548,False
sphinx-doc__sphinx-7440,assignment-case-v1:f6adeed8516729b5df24a97623f6a09c3d2b656b0bcfd51b379e7436d75bfb71,sphinx-doc/sphinx,128139.870163,0,repository_log_shrink,118749.29510317897,True
django__django-16100,assignment-case-v1:f6d860570ddf721bde33f6b2bfe64f47c05139e10062b63aec9f202ccd63168d,django/django,109606.93819,0,repository_log_shrink,139329.9252142773,False
matplotlib__matplotlib-22719,assignment-case-v1:f6ee9bf57419826e5843b7bca7ff7582d5cca9dc0d9e4096c1c7dc8d8fbb2156,matplotlib/matplotlib,119130.514921,0,repository_log_shrink,169832.347138707,False
sphinx-doc__sphinx-9367,assignment-case-v1:f8183d10ae5d16bc05c1c223ea4d189f0078b5ca8560e98ef03d8c9b9c273734,sphinx-doc/sphinx,113918.055579,0,repository_log_shrink,118749.29510317897,True
sympy__sympy-15976,assignment-case-v1:f88056bf8c3cd4ebb7d9b01b938b85f9b6143f7ce03837a34a4b34b3740afe39,sympy/sympy,141894.368077,0,repository_log_shrink,113719.41972107936,True
sympy__sympy-13480,assignment-case-v1:f8bfe9483ddbaf970043a4544bcf5a5175b5e06af30be6393205076c2e6aae3b,sympy/sympy,99310.081616,0,repository_log_shrink,113719.41972107936,True
django__django-16315,assignment-case-v1:fae1bb6595c1ccd152f8e86163d95674ce38307496629a293e7c4c54be2aa98c,django/django,76876.229941,0,repository_log_shrink,139329.9252142773,False
scikit-learn__scikit-learn-13439,assignment-case-v1:fbf1c73638ad7e8757c3d81dbd49b6d7ad27db1a6f55ae52c70f3a7db111cadd,scikit-learn/scikit-learn,109044.744846,0,repository_log_shrink,137948.5665384548,False
scikit-learn__scikit-learn-13439,assignment-case-v1:fd32c73bbb957e5dbae3b9de9840b479a0536eb38565fde74d462b971a976ebe,scikit-learn/scikit-learn,126836.884335,0,repository_log_shrink,137948.5665384548,True
django__django-14034,assignment-case-v1:fd9d0abb251e65cf87cf808c41400c18147c6e7c07ddc7c59b3e0a87ed1afd99,django/django,122741.798465,0,repository_log_shrink,139329.9252142773,True
sphinx-doc__sphinx-7748,assignment-case-v1:ff20778cfb95ac112b512c1867758ace649f2edf608920f96d6c2e14f272c660,sphinx-doc/sphinx,127930.142553,0,repository_log_shrink,118749.29510317897,True
sphinx-doc__sphinx-9367,assignment-case-v1:ff5d259f232b48f4c3548aa4e287d17d910ee8106ad411ae5b202243041a20ad,sphinx-doc/sphinx,121290.313857,0,repository_log_shrink,118749.29510317897,True
sympy__sympy-13437,assignment-case-v1:05f8e4a4ce4ec70f680215feacba3633096259501825e113c12879fa05123206,sympy/sympy,110749.618115,1,repository_log_shrink,114769.29804988815,True
django__django-12453,assignment-case-v1:0605eeb81491a60be905d83b2e841d6c9e29173935db8b006d810f6fd6f54b1e,django/django,135846.166633,1,repository_log_shrink,135962.89258966024,True
django__django-11880,assignment-case-v1:084ba187739866edddb86de57de1fe1cf71ee28f6238919f5174be18601605d7,django/django,75970.102274,1,repository_log_shrink,135962.89258966024,False
sphinx-doc__sphinx-10435,assignment-case-v1:08943d7db31e523a78353a890f8444802b5c3b37d74dcca0f1ab773f47382a14,sphinx-doc/sphinx,105094.904243,1,repository_log_shrink,129622.53990217298,True
django__django-16502,assignment-case-v1:0b20d4189e6a881cb58e8557db2d02e1481c795bc385289eb32ee2e849cd0c56,django/django,140972.145655,1,repository_log_shrink,135962.89258966024,True
pylint-dev__pylint-8898,assignment-case-v1:0bea4a7128770a292be6f0ecfbb29e2d2b876fb0898c880e8c136447970f19a3,pylint-dev/pylint,89929.757873,1,repository_log_shrink,143461.9045976037,False
sphinx-doc__sphinx-10614,assignment-case-v1:1090236262429d752cfec359076d6b93809e09d21637790a646aa14e56307a96,sphinx-doc/sphinx,132056.744555,1,repository_log_shrink,129622.53990217298,True
django__django-16661,assignment-case-v1:152f1e13a3b947069da23e8c1e2236adb9a82f0425ab669d0dfe43b8e0f2d1f5,django/django,198660.202305,1,repository_log_shrink,135962.89258966024,False
astropy__astropy-7671,assignment-case-v1:1f0b8f40093557e30913de93fc950d10ed482d52f815c44a3c6d5eafcc71baf3,astropy/astropy,157520.027264,1,repository_log_shrink,127470.6587261211,True
sympy__sympy-19637,assignment-case-v1:1f47c129aa7c6b4761e37d886c0bcfab3e4d5c656af513e1743c1eaa82f8e133,sympy/sympy,97478.432574,1,repository_log_shrink,114769.29804988815,True
sphinx-doc__sphinx-7454,assignment-case-v1:1fd8a40a954e97a6454657b596ef2f0e939e77f254f0042255bd6f147c45b1f0,sphinx-doc/sphinx,93689.108126,1,repository_log_shrink,129622.53990217298,False
sympy__sympy-22005,assignment-case-v1:21b9110eb053494e8b2dea7b697857bae88a34184edc8d69330f4092d9b07a81,sympy/sympy,166088.624845,1,repository_log_shrink,114769.29804988815,False
django__django-16041,assignment-case-v1:231a6911087d5778045b5162e469d9d3cf1713a1a3353b516cf7afa3ed8167fc,django/django,207753.075087,1,repository_log_shrink,135962.89258966024,False
matplotlib__matplotlib-23562,assignment-case-v1:26941eab78114f062e45e91dfe1a2477de9cfa847e1097c220526a781e7dd53b,matplotlib/matplotlib,98134.562917,1,repository_log_shrink,164717.6655384641,False
django__django-16820,assignment-case-v1:270cea183bd3384ad7af01c8103dafb2e5aae9980f0d8e5b159dc40db2228ac8,django/django,114476.63133,1,repository_log_shrink,135962.89258966024,True
mwaskom__seaborn-3069,assignment-case-v1:281b8e4c0c9aeb2e2fdfb7be983bb98840acc83334e08c594d6f7ba5ad411633,mwaskom/seaborn,150862.031492,1,repository_log_shrink,141482.9070216523,True
pydata__xarray-2905,assignment-case-v1:2ecb59b52654c1db28b576fb6ed9560e59e6865b545f13c505bb442a42e4634d,pydata/xarray,309764.693321,1,repository_log_shrink,145783.04906047953,False
django__django-11133,assignment-case-v1:317abfaa934ac7d6b14829b2e095fb64a3c6af32fc70e6e7fcbdf427f1ea4fcd,django/django,96548.425582,1,repository_log_shrink,135962.89258966024,False
matplotlib__matplotlib-23562,assignment-case-v1:3192c22e9a7d2909be3d28f66f9fa6ad1881e730d7a802bfdf0b6fec8249f4fd,matplotlib/matplotlib,210954.960531,1,repository_log_shrink,164717.6655384641,True
pydata__xarray-3095,assignment-case-v1:322a405574b351f597159d575b4fded09534b21c6c29eeadbd37f4123103edd5,pydata/xarray,119949.419991,1,repository_log_shrink,145783.04906047953,True
django__django-13670,assignment-case-v1:3262c265c1ae3987ef526894b9518806e47912c6e8263d0badf6a3db3a8c75d0,django/django,110542.705992,1,repository_log_shrink,135962.89258966024,True
sphinx-doc__sphinx-9602,assignment-case-v1:37db7d744c10810854d116b112aecb47f9a1585c9f7f467a843075a9443a3a1a,sphinx-doc/sphinx,123903.02034,1,repository_log_shrink,129622.53990217298,True
django__django-17087,assignment-case-v1:3aa1d651668853e2cd6c18003ce50c7f465491ff9ba00855a3367924a6f0f6f9,django/django,170896.972582,1,repository_log_shrink,135962.89258966024,True
sphinx-doc__sphinx-11445,assignment-case-v1:3cd63cf010b78d93e18883031e3b0de39b27a76e429df7846c14433abe5fe101,sphinx-doc/sphinx,170827.34995,1,repository_log_shrink,129622.53990217298,True
pydata__xarray-6992,assignment-case-v1:4061d59680e830f46689a4d4c8b9383ab162ddb04a932550edfcd248f454ca2f,pydata/xarray,210922.150176,1,repository_log_shrink,145783.04906047953,False
sympy__sympy-12489,assignment-case-v1:4260dc8f5a80c7377bc07826a05cbb5fcacc0ada191dc147de9653da82c521d3,sympy/sympy,118940.66169,1,repository_log_shrink,114769.29804988815,True
matplotlib__matplotlib-23562,assignment-case-v1:42b268cfbbca801e52b4f37ab3e16e164d1d9bfbd18911ae6e62aebbbbb1c2d1,matplotlib/matplotlib,119443.154106,1,repository_log_shrink,164717.6655384641,False
django__django-12419,assignment-case-v1:4525ad0ad258791bcf8de3b0a8a501327d14554f938fc64778b6ceb1334083ba,django/django,101664.493929,1,repository_log_shrink,135962.89258966024,False
django__django-16046,assignment-case-v1:45c793dcc7936ca69668559a83a70b21692058cba15c7df1c5f9d55fcd2856dd,django/django,133688.371877,1,repository_log_shrink,135962.89258966024,True
django__django-9296,assignment-case-v1:465a32a27e23c8faa4ac97544eb53cac761e79b9faeb1852d923a5dd26614d2e,django/django,92933.852585,1,repository_log_shrink,135962.89258966024,False
matplotlib__matplotlib-23562,assignment-case-v1:465de504dee955da0c29ba88b351b0545da6b3472cb344232aaf75c775d058f3,matplotlib/matplotlib,228009.102361,1,repository_log_shrink,164717.6655384641,False
matplotlib__matplotlib-23562,assignment-case-v1:476aa67b76b5ef050cbd0a4f14e347a6886ebacd20ad4fa4be3f66caaed84353,matplotlib/matplotlib,139282.481156,1,repository_log_shrink,164717.6655384641,True
sympy__sympy-16792,assignment-case-v1:48cc94a9e8db1a52f1bb06e522d267491fb34bdbaa7775e2e86036388421d043,sympy/sympy,106689.622974,1,repository_log_shrink,114769.29804988815,True
pytest-dev__pytest-8906,assignment-case-v1:4a8f1cec1a4c6cb15ce029139ce15ad838b7e78c35299a5fb752e4e48822a3f3,pytest-dev/pytest,127246.771095,1,repository_log_shrink,133462.46249619668,True
sympy__sympy-17139,assignment-case-v1:50d30918f569736120aee4f860cc173ae91113ff545ba5e89fec85c200ac8a35,sympy/sympy,87490.16745,1,repository_log_shrink,114769.29804988815,False
psf__requests-2931,assignment-case-v1:50d56f01076a72705aab6273a5a0c0756fa6d5f36b02e6a436fefcef15e8bac7,psf/requests,78514.166549,1,repository_log_shrink,148406.66387403224,False
django__django-14855,assignment-case-v1:5118d3dbc4fd895ad326c917d2f4d908be5f68f816d2b07774568e4ecf33555c,django/django,118945.202048,1,repository_log_shrink,135962.89258966024,True
django__django-11583,assignment-case-v1:51c3f2cf64d4bde39c0e4aad9c516e89c7d7ea32195d1c86347aa730f58e691b,django/django,125919.735809,1,repository_log_shrink,135962.89258966024,True
django__django-16819,assignment-case-v1:561fe973d39e206c766c53ae77d850874774b82cd9a7534294526ae1b513d35d,django/django,120775.915445,1,repository_log_shrink,135962.89258966024,True
sympy__sympy-21614,assignment-case-v1:566e748203c6e180d37592b975f5fbadef6958083af245431d25c51f67430bd4,sympy/sympy,112473.1358,1,repository_log_shrink,114769.29804988815,True
django__django-17087,assignment-case-v1:56aeb6075ff9485d5a4b6a19cf22af6e3c281b303c1267292f2505a0c174dc57,django/django,136677.104107,1,repository_log_shrink,135962.89258966024,True
psf__requests-2674,assignment-case-v1:574645239572c61a06084afbe3a8a9be574efafadb305a05078e424ef41c28bc,psf/requests,127411.62839,1,repository_log_shrink,148406.66387403224,True
scikit-learn__scikit-learn-15535,assignment-case-v1:58d3714862c61484587bd005ebbfabdcf540efadb42ff1e18f9223a843a9f565,scikit-learn/scikit-learn,133756.981947,1,repository_log_shrink,133530.81646879466,True
matplotlib__matplotlib-23562,assignment-case-v1:598bb2bf5553700d397ead2ce870355364c4f8231b7639eee0f72c2019eb8f1c,matplotlib/matplotlib,159985.844991,1,repository_log_shrink,164717.6655384641,True
django__django-14580,assignment-case-v1:5b375dfc5f3cbfae29bc5fb3e3e844681060c7eb9a7cbdb83d28653ee17cee0d,django/django,131649.025795,1,repository_log_shrink,135962.89258966024,True
sympy__sympy-19487,assignment-case-v1:5d4c0ee2b70e5e5709271a61789f5145f96d89af709f81659e56b03d92d8af12,sympy/sympy,128582.427168,1,repository_log_shrink,114769.29804988815,True
django__django-11422,assignment-case-v1:5de84268e5ec3f4000dcefb3c2b50dd51d8143799568980c1165bfe774bc6ae7,django/django,126014.181232,1,repository_log_shrink,135962.89258966024,True
django__django-12774,assignment-case-v1:5e2f8a79a101d9605e5f970837b21ddb8c97927d73535cba8708eb8830d7810c,django/django,146828.685257,1,repository_log_shrink,135962.89258966024,True
pydata__xarray-4629,assignment-case-v1:607e6a8468d56ea61bdcb76ec9e3d7a4ec9b34e4be19318a96804302dea17e23,pydata/xarray,218814.481329,1,repository_log_shrink,145783.04906047953,False
sympy__sympy-14317,assignment-case-v1:6361c1f472d9eb1f48f253fd7e6968d3a966adbc7ed02df4b29d96b655aad62c,sympy/sympy,103041.532799,1,repository_log_shrink,114769.29804988815,True
django__django-15467,assignment-case-v1:655604436d538bff15739674e9a0c01f57d71b6f12e0e1e8013314d49743489b,django/django,127293.545056,1,repository_log_shrink,135962.89258966024,True
django__django-15789,assignment-case-v1:671f7ab8bee84225af33ed758be788b6f56f02d3b2bdebd3055356139a55d743,django/django,110496.830542,1,repository_log_shrink,135962.89258966024,True
sympy__sympy-16792,assignment-case-v1:67da2a0809a31ffbc2a84f55268a1f9caeb8f01497d6014094b46e7fef1f019f,sympy/sympy,119950.897132,1,repository_log_shrink,114769.29804988815,True
pytest-dev__pytest-11143,assignment-case-v1:68c2a0295dd4fd15f2e525afe07428e6fad89dc8ffdd8e85b5cb0c70825dd9e0,pytest-dev/pytest,137275.233559,1,repository_log_shrink,133462.46249619668,True
django__django-16454,assignment-case-v1:699ba410e683bee9c424ba0dd0b6fa3ad20f4e72e9f75abec05ace2204309905,django/django,258995.856212,1,repository_log_shrink,135962.89258966024,False
matplotlib__matplotlib-23562,assignment-case-v1:6a678b8051db1d7a4278aab018a4f30a1b3fa202cee085a80d1b57413c390f3a,matplotlib/matplotlib,170431.524352,1,repository_log_shrink,164717.6655384641,True
sympy__sympy-13091,assignment-case-v1:6f47a74048cf7e1ad3969ccbbab7da735e0e157a79d2f33dfbf005cec692e2b7,sympy/sympy,94327.998893,1,repository_log_shrink,114769.29804988815,True
sympy__sympy-11400,assignment-case-v1:6fca391a1ae20c88afc410322737149a9aaa4b3d5ef665fe20b82cdbd7566e83,sympy/sympy,98892.882283,1,repository_log_shrink,114769.29804988815,True
pytest-dev__pytest-5221,assignment-case-v1:71e5dfccdfb62d34bdb61f7b3c43cd50e32e594f5c04b49bfe29ddb0ea093094,pytest-dev/pytest,147617.10302,1,repository_log_shrink,133462.46249619668,True
django__django-16631,assignment-case-v1:72138f86695117328feb1f648dff72a3b05416c9aa82f508d715af2353e7321f,django/django,120502.599167,1,repository_log_shrink,135962.89258966024,True
psf__requests-863,assignment-case-v1:73709d4c81bf9efa3ad27df6f9c76c7d99e5772d954b143de7002d05b54229d9,psf/requests,131823.217017,1,repository_log_shrink,148406.66387403224,True
sympy__sympy-17139,assignment-case-v1:751f2ce14ba414d86d57d18dc58c29ad822fe1b48959dbc7ee1d5c731517c389,sympy/sympy,85485.495931,1,repository_log_shrink,114769.29804988815,False
matplotlib__matplotlib-23562,assignment-case-v1:754d36daccfb28d1e7144059ccabe57bfd7b04cf7915759b6b7e3ae677e25306,matplotlib/matplotlib,111940.274411,1,repository_log_shrink,164717.6655384641,False
scikit-learn__scikit-learn-10508,assignment-case-v1:7b0fd653d6efc58a8a6a41d8572839c8f0d2b7e2eb86b54f97f789fcaefb300f,scikit-learn/scikit-learn,156685.21341,1,repository_log_shrink,133530.81646879466,True
astropy__astropy-13579,assignment-case-v1:7c03ea9d98aab1f10d26faeb80cd5bed0d8cef9d760e52bfd787de72f88d873b,astropy/astropy,1099796.57475,1,repository_log_shrink,127470.6587261211,False
matplotlib__matplotlib-23562,assignment-case-v1:7de36729e82d6fcd3c7a51a17372a3f41293c46c82410cdf93391fbef647e331,matplotlib/matplotlib,161951.445348,1,repository_log_shrink,164717.6655384641,True
django__django-15498,assignment-case-v1:810d4c05bacc24cf10d172fbdc02e5c271273e2ceb5993c13fa2640e839a5164,django/django,239558.475353,1,repository_log_shrink,135962.89258966024,False
django__django-15103,assignment-case-v1:8473ef81f2d455f5d8c5eb5d52c83e3732e83768a0b56395142f9049f41d07ee,django/django,156191.456906,1,repository_log_shrink,135962.89258966024,True
pallets__flask-4045,assignment-case-v1:8677ab341c3f62770459dabacbe96e5f22e910d7d0b1ba3344f17bc3df13ae2b,pallets/flask,130138.912887,1,repository_log_shrink,131994.93188904301,True
django__django-11119,assignment-case-v1:8682b33e2a49a0927941e5b392c6102477695401f4edf383176a2e34e77be0c3,django/django,194044.918137,1,repository_log_shrink,135962.89258966024,False
sphinx-doc__sphinx-10673,assignment-case-v1:8795925182f26f46eb1dad480fe870f8bc5db7118257d817937edf84e1c66192,sphinx-doc/sphinx,118011.297018,1,repository_log_shrink,129622.53990217298,True
psf__requests-2317,assignment-case-v1:889922001e480be910f19319983931574f3984c1fab8488135a1ebbd44a80827,psf/requests,146951.135372,1,repository_log_shrink,148406.66387403224,True
psf__requests-2317,assignment-case-v1:8a34f41965ad59319dd89bc1a3bf424a95a7a2bdf1bdf5b30feffd61eefde93f,psf/requests,135356.743454,1,repository_log_shrink,148406.66387403224,True
sympy__sympy-20590,assignment-case-v1:8aa37389cd107ab359726576ded9f32bd6ec163ac842ffa050c08c0d2ad5d7dc,sympy/sympy,88646.776687,1,repository_log_shrink,114769.29804988815,False
pytest-dev__pytest-7220,assignment-case-v1:927205c696a7dff3f7fc8449cb0554333ac0e6f92dc2cf49227227ede37d0bff,pytest-dev/pytest,116041.575642,1,repository_log_shrink,133462.46249619668,True
sympy__sympy-16281,assignment-case-v1:95252b3a0a8abeb81dba981984c0a4aec2931f77ce9a9009dccb2c7b55eabcdc,sympy/sympy,98698.044491,1,repository_log_shrink,114769.29804988815,True
django__django-13590,assignment-case-v1:96fb5ee7c787b49d5572c8b0332c3cc83b2f280c8ff99aeb094a5dca7a5536cf,django/django,147211.920993,1,repository_log_shrink,135962.89258966024,True
matplotlib__matplotlib-23562,assignment-case-v1:986ef507e2864ce5e743aaf3cc342a35ff667392bcdf7dc8b2971140bf50d3ba,matplotlib/matplotlib,133820.680873,1,repository_log_shrink,164717.6655384641,True
django__django-12184,assignment-case-v1:9878ff73064041c21bfa6d2cd06f5edce8ec6d671c438f642a597fef45fdef49,django/django,207344.23321,1,repository_log_shrink,135962.89258966024,False
scikit-learn__scikit-learn-10844,assignment-case-v1:99412d1cc01684be4f4f9a08ed2a89d68498daa5f56dc08b95794690487bfeab,scikit-learn/scikit-learn,186168.993175,1,repository_log_shrink,133530.81646879466,False
django__django-11133,assignment-case-v1:9be7092907ca6e3c6223f485ecc665b4f91fdfa09db816f363ff9f62d3d79dc1,django/django,124499.549,1,repository_log_shrink,135962.89258966024,True
sphinx-doc__sphinx-11445,assignment-case-v1:9c2319368488fb22e134ad56bf4251db4833874652e10c33830290de56114c7c,sphinx-doc/sphinx,119809.349432,1,repository_log_shrink,129622.53990217298,True
django__django-14016,assignment-case-v1:9d4ac70960361969e863aecac5c626ee4a1427e4ce51a9a091dc400dae778a6e,django/django,132743.235585,1,repository_log_shrink,135962.89258966024,True
django__django-11283,assignment-case-v1:9dcbb952742546e33ff60dc46ee9816b0d6c4ddbe5f3ac27baf76fb909e0ceb4,django/django,146012.98323,1,repository_log_shrink,135962.89258966024,True
sphinx-doc__sphinx-8265,assignment-case-v1:a0d9511e507485d6bbcc800638381a860e4c4697d25ea5f0df6df71c9bd1deeb,sphinx-doc/sphinx,135803.321323,1,repository_log_shrink,129622.53990217298,True
django__django-13809,assignment-case-v1:a379fb19094654d48166eca93b10479ba8d0508d9fcdb0f45b7242fbf7044867,django/django,107993.447652,1,repository_log_shrink,135962.89258966024,False
django__django-16082,assignment-case-v1:a385cd29da6fc2f2a339f4edd4e88296cc26bf33091828dc692b3b574b9bdd53,django/django,106922.307464,1,repository_log_shrink,135962.89258966024,False
matplotlib__matplotlib-23562,assignment-case-v1:a5062d2d2cc54541effa1dc9d5a79005fe003b4c6f686f517d6143afa6e68ba7,matplotlib/matplotlib,224702.276184,1,repository_log_shrink,164717.6655384641,False
sphinx-doc__sphinx-8548,assignment-case-v1:ab6cf0a4ffc72a0c2b38d34c74386005452058fa7660e14d88ca57c25178f463,sphinx-doc/sphinx,92444.507509,1,repository_log_shrink,129622.53990217298,False
django__django-12325,assignment-case-v1:abeaba8669176c0e47d183bf15e7cc23d7079d41d51e58501138af3158120e02,django/django,117801.319253,1,repository_log_shrink,135962.89258966024,True
sphinx-doc__sphinx-7590,assignment-case-v1:ae6ac27aeb8f3691dbef6ab5f2023cb36529c0a76dcaba0940a86ba4bee58540,sphinx-doc/sphinx,73772.061345,1,repository_log_shrink,129622.53990217298,False
mwaskom__seaborn-2848,assignment-case-v1:b00a2507ec22972ead4c01a0d482f597c5b4d18d921bf357ae2fbdb93d026188,mwaskom/seaborn,110963.043702,1,repository_log_shrink,141482.9070216523,False
sympy__sympy-22080,assignment-case-v1:b179feb16e4c889012c4f3a3150d14e4421d5fb33a441b766d4b3e3cb0536a6b,sympy/sympy,143085.318986,1,repository_log_shrink,114769.29804988815,True
django__django-14170,assignment-case-v1:b4cc6b40c69ce89ef4ba4c92f81865fbc537b96bbea2d0798daf110062eb5027,django/django,1197995.998757,1,repository_log_shrink,135962.89258966024,False
sympy__sympy-20590,assignment-case-v1:b707616474edeb5d174670ecc3a9464d48e7e0b303c0cb0a3d9cab9a3a830119,sympy/sympy,87183.626607,1,repository_log_shrink,114769.29804988815,False
django__django-14580,assignment-case-v1:b87f3af1c7b25145a4f06e4603f855d45d1b72ff828f7346c6834b9bb0b96661,django/django,142615.372833,1,repository_log_shrink,135962.89258966024,True
sympy__sympy-15011,assignment-case-v1:b96490a974c4858e476ef9c2c97d424c98b8bec3c194615d628d5815d567945c,sympy/sympy,118916.390513,1,repository_log_shrink,114769.29804988815,True
scikit-learn__scikit-learn-11281,assignment-case-v1:bed99fcfda30418ee500bcc1031f45768610c99eb3a7e1de4eda43b4665126b9,scikit-learn/scikit-learn,131240.388755,1,repository_log_shrink,133530.81646879466,True
django__django-11211,assignment-case-v1:c51912d3527c45567c4c459c6372da125a58255767c558f576f1a5b8e9f5abeb,django/django,171538.650364,1,repository_log_shrink,135962.89258966024,True
matplotlib__matplotlib-22711,assignment-case-v1:c67fa97aefbaff8cf87ec8c1b534a7baa3eeb5824ab4f450e15c0392aac7b485,matplotlib/matplotlib,297999.41505,1,repository_log_shrink,164717.6655384641,False
django__django-16612,assignment-case-v1:c6848279d80395a33f16471afe905fe85ae756c28651cee34271bd373e0f899e,django/django,119032.537201,1,repository_log_shrink,135962.89258966024,True
django__django-11749,assignment-case-v1:c879e38063fc4ce5013d5d8cff90778b200b77b824dbb3784c7951c8ae08f357,django/django,140412.52057,1,repository_log_shrink,135962.89258966024,True
pylint-dev__pylint-6386,assignment-case-v1:cdaa91098480edd5c3f9a1976f75a8e9af8a82a651ba659eba1c6c54a6bdd89b,pylint-dev/pylint,120685.254678,1,repository_log_shrink,143461.9045976037,True
django__django-11276,assignment-case-v1:ce9e78ecc92997532b4f5f2a075faf3f6d5e5c68088ab1af0162cae7e99cd9d6,django/django,107734.393653,1,repository_log_shrink,135962.89258966024,False
pallets__flask-5014,assignment-case-v1:cfb94c6f6062221eb6ec5936b27188481159f883ecec7ac2abc449b2f1aa9919,pallets/flask,122780.391945,1,repository_log_shrink,131994.93188904301,True
sympy__sympy-14308,assignment-case-v1:d01080a3e570f12e4c4bdb7f3050e24161003d3fd7ac9a820746c3e169a6be07,sympy/sympy,108266.133172,1,repository_log_shrink,114769.29804988815,True
django__django-14855,assignment-case-v1:d3fa0b32aa4979b256b2320aaf006d557d7539ba1087aa9aa1783f37b15f0958,django/django,91195.560918,1,repository_log_shrink,135962.89258966024,False
matplotlib__matplotlib-23562,assignment-case-v1:dafdc96407cc637299157ea59d93e09e4097f4e5a4d9a7a196beb47722a0b422,matplotlib/matplotlib,60194.540819,1,repository_log_shrink,164717.6655384641,False
matplotlib__matplotlib-20859,assignment-case-v1:db05a7145305e9bcca80dc574a54b5a5254ad96972602b291050a8c3f69b9b90,matplotlib/matplotlib,297689.966078,1,repository_log_shrink,164717.6655384641,False
django__django-13590,assignment-case-v1:dd907f99a8cf73339d001a0d9a632dba07c80bb42f03d51e3a618548ff882dfb,django/django,189574.220707,1,repository_log_shrink,135962.89258966024,False
matplotlib__matplotlib-23562,assignment-case-v1:e1fccfb4b9b830a81ba6a6c5cd4658dc0e8d28a34307191651d32d01fdbd1736,matplotlib/matplotlib,103246.5903,1,repository_log_shrink,164717.6655384641,False
matplotlib__matplotlib-23964,assignment-case-v1:e52c33cdd2fc7d9437665fbd3be037109f246c47519e9cd1c34b953adb4feee7,matplotlib/matplotlib,204148.664258,1,repository_log_shrink,164717.6655384641,True
sympy__sympy-13773,assignment-case-v1:e6cbd6e25fbb8593a31b77dae2bcfa6866664ed1f610d084c6642104a6b1e056,sympy/sympy,121268.4527,1,repository_log_shrink,114769.29804988815,True
django__django-11532,assignment-case-v1:efc5abf77617ac555f376e03a2b97eb1bb3a2eaf9efbe0be15ddefc93dad913a,django/django,121962.44297,1,repository_log_shrink,135962.89258966024,True
django__django-13448,assignment-case-v1:f0c78f0a748bdbb2074f7301a89208ebb7b54c119f6ed4280de5d2fb305b6799,django/django,147697.44727,1,repository_log_shrink,135962.89258966024,True
django__django-14315,assignment-case-v1:fcc7c11647d5296d8748d52c7fea5c956b0b0f6b71a5bf362901ee328c528bf2,django/django,169537.793997,1,repository_log_shrink,135962.89258966024,True
scikit-learn__scikit-learn-25232,assignment-case-v1:003fb85dfbc99179e5ea2986e1ca936c6dfa5dea71d2405a1bdc9ed2cdfb75c9,scikit-learn/scikit-learn,208202.901016,2,repository_log_shrink,130530.39331041179,False
django__django-11740,assignment-case-v1:04201a5dcfa4bdb6e47e9f64be40158628b25facb8c2c45736ef1f1aecfef788,django/django,151540.73886,2,repository_log_shrink,138942.40885415225,True
sympy__sympy-22456,assignment-case-v1:0434cd87f6248e9c413967773d95361bee2c8231587ad9c0443c3059ffaa2499,sympy/sympy,96088.705003,2,repository_log_shrink,114884.62038269348,True
scikit-learn__scikit-learn-13496,assignment-case-v1:080b2f5fd68e2c8eba6916f5b9eb307f2a4810fefd8eb1f6f6d10dbf2de35691,scikit-learn/scikit-learn,151996.762559,2,repository_log_shrink,130530.39331041179,True
scikit-learn__scikit-learn-14710,assignment-case-v1:082180b0384bd99692b93cde8dacfd8073c91d650c18efc51ac0de1c9899fd82,scikit-learn/scikit-learn,289835.961999,2,repository_log_shrink,130530.39331041179,False
django__django-11728,assignment-case-v1:0aaa78b08576a16853e928f18e8b8b18f89edd7fe4a09404b50f9030ded740e4,django/django,134620.786253,2,repository_log_shrink,138942.40885415225,True
pydata__xarray-4493,assignment-case-v1:1124d315f579e1da3095e8127b8d15731129517b70a290b51182944a87f20c54,pydata/xarray,92437.390398,2,repository_log_shrink,159184.36589778386,False
django__django-15252,assignment-case-v1:13283defa996e245d684fe27322ffe18294f66aabc91a78fce036cbdb5c96d23,django/django,136802.094523,2,repository_log_shrink,138942.40885415225,True
astropy__astropy-13453,assignment-case-v1:13d1ccc9ab2d5ecc54f5ed78148f741c52fe7afd4a4648e909f3d7426ad09db7,astropy/astropy,89291.293344,2,repository_log_shrink,143950.33070892814,False
django__django-13265,assignment-case-v1:142cac08530619701eebd9e6b0146062b67c8860a48ebedf0c77a53aeef1fedb,django/django,122244.817508,2,repository_log_shrink,138942.40885415225,True
sympy__sympy-18057,assignment-case-v1:15ebf286f4d547e6b3c6197827ecd887d81eabbc3f6a8e8b583a139c8f9b11c3,sympy/sympy,135822.462573,2,repository_log_shrink,114884.62038269348,True
sympy__sympy-14817,assignment-case-v1:16ce165dc4361e26ff9fafb1f1f54afbe38792d67d420a1ce182d64e1f4fa837,sympy/sympy,116935.827472,2,repository_log_shrink,114884.62038269348,True
astropy__astropy-6938,assignment-case-v1:16d4b3b193caa5640f1c381827015a5e02cc82eb83f8bd3ba10a1f03b1d33f05,astropy/astropy,121077.636072,2,repository_log_shrink,143950.33070892814,True
pylint-dev__pylint-6903,assignment-case-v1:16f1ebd6befc7630a235b427aabbbb05766f2d500cef05b02a82afedcb47db04,pylint-dev/pylint,207052.543566,2,repository_log_shrink,136663.49896973293,False
astropy__astropy-6938,assignment-case-v1:1737cba7805b150488b9b0d2bd4447d5008eaea7e25678219526f41330064da2,astropy/astropy,149027.619259,2,repository_log_shrink,143950.33070892814,True
django__django-15781,assignment-case-v1:17caa950d302b1a75e830e1b98fd4340432a7447a23caf5a255785bab5423541,django/django,152435.634415,2,repository_log_shrink,138942.40885415225,True
astropy__astropy-14182,assignment-case-v1:18310e941156a26dc0c031ece89fd988d1d2128e7a3c68c1d03868a32cb78252,astropy/astropy,200686.252675,2,repository_log_shrink,143950.33070892814,False
astropy__astropy-7336,assignment-case-v1:1988d9b0b91cf337f08091282119e2856033a4c8c80d9364d4aa1d5cb52dd5e9,astropy/astropy,84059.049304,2,repository_log_shrink,143950.33070892814,False
matplotlib__matplotlib-25442,assignment-case-v1:19d279b0bbfb7a0b2c8c9625ee62215ead7c1ce285fddab53afea72495e9e102,matplotlib/matplotlib,295502.153224,2,repository_log_shrink,167137.3933379928,False
django__django-11333,assignment-case-v1:1b72a394ddb0a6f18b8ad02027dd72fff19b4b21004df2cb4beb304d92175216,django/django,168375.848725,2,repository_log_shrink,138942.40885415225,True
sympy__sympy-14531,assignment-case-v1:1b82df1ede39f6db92d7a4074780a92a51d89223067c28091c3ea1d3f22f0127,sympy/sympy,117486.602667,2,repository_log_shrink,114884.62038269348,True
scikit-learn__scikit-learn-13328,assignment-case-v1:1d83b4e414d6d1d4b31602ea6a513e2e820b159220d5263f2b32fc697ed21695,scikit-learn/scikit-learn,102541.38222,2,repository_log_shrink,130530.39331041179,False
matplotlib__matplotlib-23987,assignment-case-v1:1f590e3bf53108fcf6c9936a45fd5c598975fbb638c89fcc1f6ed08547cea96a,matplotlib/matplotlib,294738.872084,2,repository_log_shrink,167137.3933379928,False
scikit-learn__scikit-learn-14496,assignment-case-v1:1fe20105c9e6ff40b755c01bf9bbacd123c2653ff085a894eb9a6aede2ba0b80,scikit-learn/scikit-learn,245928.106941,2,repository_log_shrink,130530.39331041179,False
django__django-12497,assignment-case-v1:20caa91d66fe2d4aca12449e7a165200d0a392c65c81f0be0358359cf0ae8b09,django/django,95103.628292,2,repository_log_shrink,138942.40885415225,False
django__django-11206,assignment-case-v1:218a0e9f763396fd4bd446fc71d9a849b3f1443f81a1774981d8ed34af32d34f,django/django,131895.738631,2,repository_log_shrink,138942.40885415225,True
django__django-11734,assignment-case-v1:2401919891426c6b8e18b5f25c6123c91e544ba8be5dfd2dbc56b02897c7278b,django/django,96306.065899,2,repository_log_shrink,138942.40885415225,False
scikit-learn__scikit-learn-10908,assignment-case-v1:2467dc9f403e46a9be65fe89de8ba2f68d726b7f04b690a112352b1466590dc3,scikit-learn/scikit-learn,141533.072712,2,repository_log_shrink,130530.39331041179,True
pydata__xarray-6461,assignment-case-v1:25525711011bec866556c928bd6fb0edd76e940ac8edeca1d2380bf0c97583bf,pydata/xarray,249765.437654,2,repository_log_shrink,159184.36589778386,False
pydata__xarray-6599,assignment-case-v1:2950f666cb7a139c16501b19eb91794232dd0a922ee3b780c7a17ed25b3f06d9,pydata/xarray,208773.590624,2,repository_log_shrink,159184.36589778386,True
django__django-13568,assignment-case-v1:299f5b349ed2688f7b86dde25429732c93ad88b06169811dd57d420011851ccd,django/django,122522.296905,2,repository_log_shrink,138942.40885415225,True
sphinx-doc__sphinx-7985,assignment-case-v1:2d6d52e374d50e5e39277319e8511919d4b15386ab69635a9209255c0c44088a,sphinx-doc/sphinx,117457.950625,2,repository_log_shrink,127851.43007149133,True
sympy__sympy-18199,assignment-case-v1:2e6a3248337a8ba540f707e6443c6501cc36c71a233915a4d52d9f8e49326ec6,sympy/sympy,132592.577243,2,repository_log_shrink,114884.62038269348,True
astropy__astropy-6938,assignment-case-v1:2efe4da1539214e304d99f425d701d47f19a496a4aaf5afcb4baf6cb07d2af52,astropy/astropy,125149.266601,2,repository_log_shrink,143950.33070892814,True
django__django-13741,assignment-case-v1:30e8fa631c3cb9d7b95636edaa1bbd028533c63f1f74d7b2f62508cbf5f22ef5,django/django,135272.198259,2,repository_log_shrink,138942.40885415225,True
astropy__astropy-13033,assignment-case-v1:30ea826b7e4e384d18c54c6a5bca18b15b9030ae78926033d8840a8c07218346,astropy/astropy,142895.477679,2,repository_log_shrink,143950.33070892814,True
django__django-13568,assignment-case-v1:311dbced573df9c69c434e6448a4dc342d00a6d463666a892e643cbfd0477208,django/django,127128.461781,2,repository_log_shrink,138942.40885415225,True
astropy__astropy-6938,assignment-case-v1:34551bff63d31af1a74181a4f7036bc4b16bda2551d4df10ec515fd4af1e5e81,astropy/astropy,162707.920988,2,repository_log_shrink,143950.33070892814,True
pydata__xarray-4493,assignment-case-v1:37d7bea5aaae9ad77aa346d845d6aeb458fa773d17039fdf98d6f88abf47b6de,pydata/xarray,131521.851672,2,repository_log_shrink,159184.36589778386,True
pytest-dev__pytest-7205,assignment-case-v1:382f671003fe29de8bc4cdbd1c6288fc2fc849192222dce1996e9d38f0ecfa37,pytest-dev/pytest,150719.69156,2,repository_log_shrink,130000.1586921917,True
django__django-16255,assignment-case-v1:3916be77a777185f34d8a16866ff7b79a0ac221d3c15e63f74831dfcca6e7f59,django/django,131102.885995,2,repository_log_shrink,138942.40885415225,True
sympy__sympy-18211,assignment-case-v1:3980fdd708f3897f5befa98467ac8d19dbfd0a7b9c6e8ff1396c2faeed5d8416,sympy/sympy,81973.364231,2,repository_log_shrink,114884.62038269348,False
sympy__sympy-13895,assignment-case-v1:399be48cfa2f15301c6d2e0908305971a3717d87981c8d37938af99958dd17e1,sympy/sympy,122082.076527,2,repository_log_shrink,114884.62038269348,True
pydata__xarray-4493,assignment-case-v1:39fde18644d1d4b408cadc2e12d01dcb6896e330d6c9e1786001080f7af02277,pydata/xarray,106362.250188,2,repository_log_shrink,159184.36589778386,False
django__django-13568,assignment-case-v1:3bca505877993d6eb7d8f7859690a37bc588c2095046e5b3b5c21740385866bf,django/django,97958.238062,2,repository_log_shrink,138942.40885415225,False
pydata__xarray-4687,assignment-case-v1:3e7acb7eed45c576210d95e7a2cd118708910ef3546a7993501f379c26acda84,pydata/xarray,108098.701628,2,repository_log_shrink,159184.36589778386,False
sympy__sympy-22914,assignment-case-v1:40088aaee02f085091c494f33195a03759510b3b341ae4be97f04b383894a192,sympy/sympy,79566.526654,2,repository_log_shrink,114884.62038269348,False
matplotlib__matplotlib-24177,assignment-case-v1:42c494bd24d801fbb6789c138a0f8583b9611702473c7206166578c9cc470e73,matplotlib/matplotlib,164913.841361,2,repository_log_shrink,167137.3933379928,True
django__django-13925,assignment-case-v1:446fd632424ba366d80f2c4d59cd61686e8fa57c762effb355c8545a066754fa,django/django,128767.609811,2,repository_log_shrink,138942.40885415225,True
sympy__sympy-17655,assignment-case-v1:454648abe973bab25b771f1e52bf5ba06b0452d0c339ba937ba23dfd56ace999,sympy/sympy,119467.597868,2,repository_log_shrink,114884.62038269348,True
django__django-11630,assignment-case-v1:457ccc6de9ad79bb8012dd029a2e32d595fe4ec1c3f59914ec326c5427da882d,django/django,175511.275837,2,repository_log_shrink,138942.40885415225,True
django__django-14140,assignment-case-v1:465d3558f27172c75f16926d3422e415389cbf9a0ddd94d3976dd7996649a7b9,django/django,127468.524009,2,repository_log_shrink,138942.40885415225,True
pydata__xarray-4493,assignment-case-v1:47565c112de6dc803cff11b34da13553eb0ed50dcd1e46e0b653ad9238a48291,pydata/xarray,105753.705464,2,repository_log_shrink,159184.36589778386,False
sympy__sympy-22456,assignment-case-v1:49be8faf079d7bc759d012c238ec63d60d156f2b71c863da4ec2c5b7f710be35,sympy/sympy,89287.083865,2,repository_log_shrink,114884.62038269348,False
pylint-dev__pylint-4551,assignment-case-v1:49eaed15e36d369ba42d5b2da39b2c152a537d7ae6aba1e258ab81201269559a,pylint-dev/pylint,128634.14477,2,repository_log_shrink,136663.49896973293,True
mwaskom__seaborn-3010,assignment-case-v1:4b083fba8cd9dd3f75b3d0fbbfdacee8cf2da940d37577f71a024ed81a5e660f,mwaskom/seaborn,191199.845217,2,repository_log_shrink,138462.2200730761,False
django__django-15561,assignment-case-v1:4c2f7906f985ff690e4fc13336ef2d9c6637822b3cf68dcbfa59d68265ff7b15,django/django,141719.072106,2,repository_log_shrink,138942.40885415225,True
django__django-14787,assignment-case-v1:4c4f725a7173e7d5b8c18e6d1c201bd7e44258e199970abbe37b86ecc25c8b2a,django/django,148611.178823,2,repository_log_shrink,138942.40885415225,True
astropy__astropy-6938,assignment-case-v1:4c96582ea460b994f28fd0840ac327935090654656b3b9e0924233a1cde3edc9,astropy/astropy,124126.141712,2,repository_log_shrink,143950.33070892814,True
django__django-12308,assignment-case-v1:4d47c7bf73d2f97cdf0de934aea1af1e275452222fb34372c146d68403c4a8c1,django/django,108312.520382,2,repository_log_shrink,138942.40885415225,False
django__django-15499,assignment-case-v1:4e42151cf3975c50edaba183aacedbb6d2b662252cc350ded7f531e42c6be978,django/django,126040.609132,2,repository_log_shrink,138942.40885415225,True
pydata__xarray-3993,assignment-case-v1:4f3f9a7772c58155821b55639548c2fa2d98afae67267ee232d3ce43a4f16ff0,pydata/xarray,121560.135377,2,repository_log_shrink,159184.36589778386,False
django__django-15738,assignment-case-v1:53bb65871c0b28727bc3a86d235dd77ceea7ccae2e496c4e5ad20e397efb4415,django/django,165443.365098,2,repository_log_shrink,138942.40885415225,True
sympy__sympy-22456,assignment-case-v1:549c91eb8315e99667ee77077282fed8018187393a033164a8f9f7282a544c95,sympy/sympy,125912.978538,2,repository_log_shrink,114884.62038269348,True
django__django-13568,assignment-case-v1:5537318af6e91695c02b6decf8f5a511ae2a0df6fd4457c4e417979ddab350d0,django/django,127817.410785,2,repository_log_shrink,138942.40885415225,True
scikit-learn__scikit-learn-13142,assignment-case-v1:5a9e1703d1f654a894bacbc5182174904d51bba8ad8550a64d92a84aa2fd62e2,scikit-learn/scikit-learn,124633.184828,2,repository_log_shrink,130530.39331041179,True
django__django-15098,assignment-case-v1:5ae1be7f68d7dc9579a8cbcf285d48e393225969102a72310093227bfa9a834f,django/django,91561.93899,2,repository_log_shrink,138942.40885415225,False
django__django-16139,assignment-case-v1:5c14219541f8296d1e0671dd86b43d449488925d6f1cf8a9c3f7c1942bb30f05,django/django,93562.675638,2,repository_log_shrink,138942.40885415225,False
django__django-13568,assignment-case-v1:5c3d240f1bb8ff23dba6b312ebcc4b1c0ea72cb019dec7f59948926f276e2b84,django/django,118060.563419,2,repository_log_shrink,138942.40885415225,True
sympy__sympy-16450,assignment-case-v1:5db23e43d36ba267b068c87f7a71bdbff6262e5ed56ea9b4a607cd69e4b40476,sympy/sympy,103728.679343,2,repository_log_shrink,114884.62038269348,True
django__django-13925,assignment-case-v1:5e457c11c3bb9a945747cd925b465060768666501a2cde914a46658ade92fd77,django/django,104124.814246,2,repository_log_shrink,138942.40885415225,False
sympy__sympy-17655,assignment-case-v1:5e7dcac8f2047b5f3037aee1467a96facdc79350cf84aaa5bca9650288b0bf37,sympy/sympy,149381.984881,2,repository_log_shrink,114884.62038269348,True
pylint-dev__pylint-5859,assignment-case-v1:60accdfaf6789e4f698fc2fdac46bf58b4c049c46b65a014c20cb7148c24734e,pylint-dev/pylint,156576.884365,2,repository_log_shrink,136663.49896973293,True
scikit-learn__scikit-learn-25638,assignment-case-v1:668150bc46c2f8e2ac4f8a3c53427dc5eaddfc95f377022aa288102cb8c9c6cd,scikit-learn/scikit-learn,157043.916716,2,repository_log_shrink,130530.39331041179,True
pytest-dev__pytest-7571,assignment-case-v1:688b982a4a6c5848ae1bfdac9a3e5d2ed58a37d74201e4da95a0f3cb76dc2e44,pytest-dev/pytest,146344.047745,2,repository_log_shrink,130000.1586921917,True
sphinx-doc__sphinx-8627,assignment-case-v1:68a62dbb984335b3bb6f4f920945d27c5289c14888b83b2cf93ce416e47720df,sphinx-doc/sphinx,135250.49296,2,repository_log_shrink,127851.43007149133,True
django__django-12304,assignment-case-v1:6a31ab633c7322a10bdc867ae475dc09e8df19d6f1e1abe288d89b554cbc1ea0,django/django,156953.716266,2,repository_log_shrink,138942.40885415225,True
sympy__sympy-22456,assignment-case-v1:6a3be302569fd364281e205bb9f8d0da7c55cdd453433ce9033464af88c10dfd,sympy/sympy,88186.063588,2,repository_log_shrink,114884.62038269348,False
pydata__xarray-4493,assignment-case-v1:6ac5ec167c205e5cab367eceafd1f82bc2d7b9736b8556e1bab961c226019dad,pydata/xarray,95158.11497,2,repository_log_shrink,159184.36589778386,False
astropy__astropy-6938,assignment-case-v1:6c61bb8347725605226a8c35f78e5e6aeb14e7d369d11791c7e981c63c6f5c8b,astropy/astropy,93281.662831,2,repository_log_shrink,143950.33070892814,False
sympy__sympy-22456,assignment-case-v1:6d95506676e4a041ded9bf0de18fd28ba3d198561d05dc7afcfaecd40a6f9e27,sympy/sympy,94027.435397,2,repository_log_shrink,114884.62038269348,True
pydata__xarray-4493,assignment-case-v1:6f52eb98afd78ac2f762b7e6def8a54a840e0758c71e393cdd165e1b08d7b251,pydata/xarray,57898.185043,2,repository_log_shrink,159184.36589778386,False
astropy__astropy-6938,assignment-case-v1:724da2b59948e411bd787005d73cc43039d495d52d03bcc5944455804c35c95a,astropy/astropy,228613.31327,2,repository_log_shrink,143950.33070892814,False
django__django-15629,assignment-case-v1:727a6819557867f793a8766a8aa3d649d889d1d02245ada81636cf4f4ace02e8,django/django,96641.722344,2,repository_log_shrink,138942.40885415225,False
sphinx-doc__sphinx-9281,assignment-case-v1:72ddadd96242d4e3e6e6629904266a033fae1eb359410313a26ff3a66dacf13e,sphinx-doc/sphinx,92663.963721,2,repository_log_shrink,127851.43007149133,False
django__django-13568,assignment-case-v1:74f051bcbfef63e1589eae0d157bcc1d086d45d15dcc6dccc91a29ff8ecb9ba8,django/django,121145.021056,2,repository_log_shrink,138942.40885415225,True
matplotlib__matplotlib-25332,assignment-case-v1:78dfd845f9ab6df5e4c351011de700c65497afe87d8348370b41bbb1066da066,matplotlib/matplotlib,136028.326364,2,repository_log_shrink,167137.3933379928,True
django__django-13568,assignment-case-v1:7a8b0ae526e799cdc918901f093ec0399ee66f831ac6c955e01af4b31d847ebb,django/django,112894.15653,2,repository_log_shrink,138942.40885415225,True
django__django-13568,assignment-case-v1:7c15611096a9b9205aa24f487bce0aff40a4b51632a2b50aa0753d3e7d6772e2,django/django,82561.306898,2,repository_log_shrink,138942.40885415225,False
django__django-13109,assignment-case-v1:8138f5ea96be022e3455871d828a7e86854214ed72a88e88c5143229eff164fc,django/django,175620.361988,2,repository_log_shrink,138942.40885415225,True
sympy__sympy-20916,assignment-case-v1:829dc8f59edb08b21e3941770285f542faadcddd490b228b1b41bd1537501797,sympy/sympy,123351.162461,2,repository_log_shrink,114884.62038269348,True
django__django-11299,assignment-case-v1:84b8daeba802044ab5f53e985859a8323f6a3e5cd57d105ab13a257df1a0ad68,django/django,93903.157627,2,repository_log_shrink,138942.40885415225,False
sphinx-doc__sphinx-8801,assignment-case-v1:86d0f5c624bbc9511f2eac52f3343b06dd6dccc2fda42897fc0d3aadc9f2cb46,sphinx-doc/sphinx,121964.371015,2,repository_log_shrink,127851.43007149133,True
sympy__sympy-22456,assignment-case-v1:86fee15cbdfe22953b45508be8bd5b64d4c68c924eceac21ac6bc04a9f5807d5,sympy/sympy,97030.049381,2,repository_log_shrink,114884.62038269348,True
astropy__astropy-6938,assignment-case-v1:8b064238a30e4ed9b5236fe44f1fd2f1c4c80e2758d4fbfdc6f13bb164714674,astropy/astropy,83489.931364,2,repository_log_shrink,143950.33070892814,False
django__django-16560,assignment-case-v1:8bc01be0419434eb60219fb9022a6bfbb7b0fbe894db0948ac6fe248cdbbf427,django/django,135567.898989,2,repository_log_shrink,138942.40885415225,True
sympy__sympy-18199,assignment-case-v1:8e156cd9adfb31f4fcc81761c427c1ff5fa471ea94ec6ca56fd297e6c82389fa,sympy/sympy,131815.844301,2,repository_log_shrink,114884.62038269348,True
astropy__astropy-6938,assignment-case-v1:8ee166bfc94dc7702f9fa3ca825115981a10165d4459f0240706f890962bbd54,astropy/astropy,229163.367982,2,repository_log_shrink,143950.33070892814,False
django__django-13568,assignment-case-v1:90a42d2fdfe010943a1c5fb5f05e9b7ee8625ddd60a0832a08fa7b874d76bf2b,django/django,137225.437125,2,repository_log_shrink,138942.40885415225,True
django__django-16493,assignment-case-v1:94c4627af89c1e44c029c232e56b9831b88f1c8d890d0c211fbeebbbceb9e7fc,django/django,233528.441052,2,repository_log_shrink,138942.40885415225,False
pydata__xarray-3677,assignment-case-v1:968a067984affe261c165e0f57c41ce99ce5c2930db9e21b670b9362f643ef0a,pydata/xarray,101692.623204,2,repository_log_shrink,159184.36589778386,False
astropy__astropy-7746,assignment-case-v1:980a79243f61944c999d709aa980c804cfad20ddb9005b9a6cf4bd191b8fa34a,astropy/astropy,141603.317674,2,repository_log_shrink,143950.33070892814,True
django__django-12754,assignment-case-v1:9bfa70e7a217bce61ead7a31baee9b35063c54c4a6673569864407596aeb0eb4,django/django,131252.675033,2,repository_log_shrink,138942.40885415225,True
scikit-learn__scikit-learn-14629,assignment-case-v1:9c03cb82e06db14fd2c4d388d49d54907f2c9700760476bace6c73e5376ce036,scikit-learn/scikit-learn,132467.925934,2,repository_log_shrink,130530.39331041179,True
astropy__astropy-6938,assignment-case-v1:9c054ca34e933f5d85124a872c79ef3818d115508b3fb8e305da8d5347549b1e,astropy/astropy,133099.89095,2,repository_log_shrink,143950.33070892814,True
django__django-12308,assignment-case-v1:9ceea0f6adec6bf5a517ea33faad3c0ec209408f4a9a265142d4a608388a5996,django/django,109644.348794,2,repository_log_shrink,138942.40885415225,False
django__django-14787,assignment-case-v1:9d1cd9b0a5daaf7970d618a360ca4f565e333dcb08f0dc37283efab8406736ba,django/django,142200.476769,2,repository_log_shrink,138942.40885415225,True
sympy__sympy-22456,assignment-case-v1:9dfb8db91844cdbba3dfa89d04cf9553e9462d4e452f4ffa076f4d22a37ff077,sympy/sympy,57957.74152,2,repository_log_shrink,114884.62038269348,False
pytest-dev__pytest-10051,assignment-case-v1:9ea7a9721cccb4ac848928171e7757ad2fc0f508078dd4d1ed01cd179de6786c,pytest-dev/pytest,136091.714759,2,repository_log_shrink,130000.1586921917,True
django__django-14053,assignment-case-v1:9f50a188b7b415401eb7538eb7ecf139d8f57a6f3cd77c80cb96b91bb2dcd86a,django/django,120825.274753,2,repository_log_shrink,138942.40885415225,True
django__django-12915,assignment-case-v1:a1770852483b353a1541fcc1a452bcc65f9dddfaf44e1f12ee50efb750654830,django/django,125495.317506,2,repository_log_shrink,138942.40885415225,True
django__django-16139,assignment-case-v1:a2a61a112b1f4ff9a418224fcfbc89d377940562d7d106edc33c65a35a1a9bc2,django/django,85853.694173,2,repository_log_shrink,138942.40885415225,False
django__django-12155,assignment-case-v1:a3b2ebe2ac83cb4e542d08129085ce4b48ef3e9cf51649fbbbed3bdd1529dfbf,django/django,124562.84106,2,repository_log_shrink,138942.40885415225,True
sympy__sympy-17318,assignment-case-v1:a652750211d5059b2cf0e5d1233078aa5ba868c90f0c7ae0ac9c10af1efa86b3,sympy/sympy,92625.540182,2,repository_log_shrink,114884.62038269348,True
django__django-13297,assignment-case-v1:a76d6bd000b0deabdb1a0b2efd3c4b7387605abd517c4f27f3745cd57a3febd7,django/django,197239.660945,2,repository_log_shrink,138942.40885415225,False
pydata__xarray-4493,assignment-case-v1:a95cf812eae38a37497197f2cd962aee93990f3acf9f327df5bf87f50e2b8237,pydata/xarray,57865.04266,2,repository_log_shrink,159184.36589778386,False
sympy__sympy-20639,assignment-case-v1:ad27003e1ed7db3a2bfec12eadd4232604039b18762f3193aa5f1705f4f7eb36,sympy/sympy,100131.412922,2,repository_log_shrink,114884.62038269348,True
sympy__sympy-22456,assignment-case-v1:b5aeb83096246570537a1c4ec1124f8400e973cb8e61c6bd0bcbc5cc608b0cb4,sympy/sympy,118994.413824,2,repository_log_shrink,114884.62038269348,True
astropy__astropy-6938,assignment-case-v1:b80f9149e8a56b0632acd741f8f86e48ca77d551e82a79f472cf069e2129279b,astropy/astropy,210457.674794,2,repository_log_shrink,143950.33070892814,False
django__django-13568,assignment-case-v1:bdbe97367c993bdbaf95b332392f40f13ca429210942062dc8cc83c9a781120d,django/django,124618.020749,2,repository_log_shrink,138942.40885415225,True
pylint-dev__pylint-4604,assignment-case-v1:be10f4da5548d591ebd2434af03d116e6fe2954025afa13bd17894da5f37080c,pylint-dev/pylint,160945.573823,2,repository_log_shrink,136663.49896973293,True
pydata__xarray-4493,assignment-case-v1:beb77e7a886be626c6f02c531bfcf123165cd4dd2879ea98aef0a826c79a871a,pydata/xarray,116152.347543,2,repository_log_shrink,159184.36589778386,False
django__django-14730,assignment-case-v1:c0f04fd6ba3c31e3d1ee0f0cc23bb6cdacb5d791ac8e47a44bf59f4d3f29231f,django/django,130701.809192,2,repository_log_shrink,138942.40885415225,True
django__django-13220,assignment-case-v1:c1b87e551e1479e21e51e5b61818489f67538246fb1066fb65d1133b384a7a4e,django/django,134781.019092,2,repository_log_shrink,138942.40885415225,True
astropy__astropy-6938,assignment-case-v1:c509a1eebfc1188626f02badb6a7014d8193b715fe27f1234c15c59784b92f98,astropy/astropy,131143.9324,2,repository_log_shrink,143950.33070892814,True
scikit-learn__scikit-learn-13496,assignment-case-v1:c811b340015683b13e7fd044e86e1ac266c2156cbca6d6c701a7f4338e125e4f,scikit-learn/scikit-learn,109971.597163,2,repository_log_shrink,130530.39331041179,True
sympy__sympy-22456,assignment-case-v1:ca47bb49ab55c52b54ce3e8aad75e3a5bcd64626315612b7c304e814e4f1636d,sympy/sympy,69715.141587,2,repository_log_shrink,114884.62038269348,False
sphinx-doc__sphinx-10323,assignment-case-v1:ca962c903c73c3aebd22741174cfc57c046b044d5552eaae305321ce72fe44e0,sphinx-doc/sphinx,119053.383213,2,repository_log_shrink,127851.43007149133,True
sympy__sympy-22456,assignment-case-v1:cbe618aaa3f7a2ed49f10197c5133e584299820febb8240d8a8835cb5c0dffca,sympy/sympy,97327.475024,2,repository_log_shrink,114884.62038269348,True
matplotlib__matplotlib-25332,assignment-case-v1:d1d358803e1ab33d62fba7576b26054da0940ac1512abedd2196b85b5002ca8f,matplotlib/matplotlib,276839.698622,2,repository_log_shrink,167137.3933379928,False
django__django-11742,assignment-case-v1:d2ff38234f0d41ec773cfe9c5a020c9affd412a0cfb3cbbb4a5c97592beed492,django/django,137418.188586,2,repository_log_shrink,138942.40885415225,True
sympy__sympy-22456,assignment-case-v1:d33ab5b8059ba0e05579ed6877732139fcfb52c3a8be97ecf631e437575932ff,sympy/sympy,144525.267574,2,repository_log_shrink,114884.62038269348,True
sympy__sympy-20154,assignment-case-v1:d48be37f003352ae157ef57072dcd04b4e731a90f44b7eb39f04925862d7186a,sympy/sympy,85293.226694,2,repository_log_shrink,114884.62038269348,False
scikit-learn__scikit-learn-14141,assignment-case-v1:d4d00a4ef8d89a94f59d4998a10716fedd130181f60623339653ca8b5c7ee29f,scikit-learn/scikit-learn,98670.716763,2,repository_log_shrink,130530.39331041179,False
django__django-13568,assignment-case-v1:d5ef9c776ef1daaef65b7bb4c36b71db6891fe65c64c92a8bea444ee0443fa34,django/django,124288.06904,2,repository_log_shrink,138942.40885415225,True
pydata__xarray-4493,assignment-case-v1:d677281efdd800053f511f8f4858f2e48648784a111bb64634e5bc982583fd16,pydata/xarray,109111.783635,2,repository_log_shrink,159184.36589778386,False
django__django-15252,assignment-case-v1:d6dbb28add057cce397c91bc997b70f4e6849a374dc58248efaa6b21c3802a2a,django/django,127610.589773,2,repository_log_shrink,138942.40885415225,True
sympy__sympy-16886,assignment-case-v1:d91d50406fbca37e462087bbbc9eba7e8959f19627d3b858c168b8fa0ab411bb,sympy/sympy,101052.928121,2,repository_log_shrink,114884.62038269348,True
pydata__xarray-4493,assignment-case-v1:da2f85a5ecd7cd657462af1891209bcf24d261bc868d02017065e44a867e0f19,pydata/xarray,102849.05529,2,repository_log_shrink,159184.36589778386,False
django__django-13513,assignment-case-v1:dbfdd9deb89b2a5f2ead554f0fa1598f6b752219f3ac9642fc15f1895ca674b1,django/django,214994.623815,2,repository_log_shrink,138942.40885415225,False
matplotlib__matplotlib-24627,assignment-case-v1:dd96b2c2b72c1299244452c02a9d144d94dd9209b7de33a445641424be00114e,matplotlib/matplotlib,153200.394228,2,repository_log_shrink,167137.3933379928,True
pydata__xarray-4493,assignment-case-v1:df8d5a24fac71018874c5d56fb6ec2179530104e1a9df292364accd30cb44b06,pydata/xarray,103082.298806,2,repository_log_shrink,159184.36589778386,False
django__django-13568,assignment-case-v1:e12cdc83c2eae1fee8a30982507f05aeaa3356e4767d991786fcb7fecc5fcaff,django/django,46608.904902,2,repository_log_shrink,138942.40885415225,False
pydata__xarray-4493,assignment-case-v1:e13e06b1c1d028806d16e18d906ebc68efeb07d855312ff91b33fe526d2031c4,pydata/xarray,77648.54479,2,repository_log_shrink,159184.36589778386,False
sympy__sympy-15349,assignment-case-v1:e193689e1276ad40ece91611deddff57efb2f182aea41e4234a6028c1efb1fcf,sympy/sympy,165237.327051,2,repository_log_shrink,114884.62038269348,False
django__django-13568,assignment-case-v1:e3a1748a3f69fa915da9d60d4ec89c8dd54dfe3ae6ca68ad38e2c08150119266,django/django,145825.061295,2,repository_log_shrink,138942.40885415225,True
django__django-12143,assignment-case-v1:e3f8d5c8d945837b3cdb498493a2bd9ff249471d8d19bd21c1ff562ac833d918,django/django,124746.435591,2,repository_log_shrink,138942.40885415225,True
django__django-14765,assignment-case-v1:e4798686196b4e0a621f3d4e8e7e5fd53ab7e323538cb1b18f70333b74f3b9a5,django/django,102454.401804,2,repository_log_shrink,138942.40885415225,False
astropy__astropy-14182,assignment-case-v1:e4ddb13bd8f26c7ed61367a0844761301b43b9d7458f0903cd3657005274a5d4,astropy/astropy,96425.271024,2,repository_log_shrink,143950.33070892814,False
pytest-dev__pytest-5809,assignment-case-v1:e7e22fdd4d738e72a4d372dde587d8a0a45bd855e0454107c9f8e4edd12a6e4e,pytest-dev/pytest,229725.611617,2,repository_log_shrink,130000.1586921917,False
sympy__sympy-14396,assignment-case-v1:e99e9eb435602e0bcfbccd1d1ff5f73496bdb04e6709114dcb6cccc0e7d4bb72,sympy/sympy,110966.872896,2,repository_log_shrink,114884.62038269348,True
django__django-15819,assignment-case-v1:ea499ee155b4c4ae333d3f5ec30d04822af0f5790869fd7a4f3e948738dd5e3c,django/django,106678.537211,2,repository_log_shrink,138942.40885415225,False
django__django-16255,assignment-case-v1:eb8a6cd9dc0d53d1539e37cb3554de218694949693c6be59f2cb6b57e513f067,django/django,172264.240604,2,repository_log_shrink,138942.40885415225,True
django__django-14631,assignment-case-v1:ec1a1f5ec2579ead434cbd990ccae69f5a68e30272a361e0593ce991d14b2395,django/django,112618.515918,2,repository_log_shrink,138942.40885415225,True
sympy__sympy-22456,assignment-case-v1:ec458d38b66349ed8d810747c332b66d68c74054a9487c9a8f51b650fe9279ae,sympy/sympy,88273.353803,2,repository_log_shrink,114884.62038269348,False
sympy__sympy-22456,assignment-case-v1:ef9671f9f112f4cfb742c2f8f51dd46c892c1887b1fcd00e090282ac873db0ae,sympy/sympy,98398.764565,2,repository_log_shrink,114884.62038269348,True
matplotlib__matplotlib-24570,assignment-case-v1:f1f08fb8c2a1c39e2d417507f98b71b523b2b38a978c2ead08ad950dbfd06286,matplotlib/matplotlib,103584.702907,2,repository_log_shrink,167137.3933379928,False
astropy__astropy-6938,assignment-case-v1:f4dccde98a473cea828373eb0ef5d39d5e8768e1861f6166b5f113a090e916ee,astropy/astropy,113627.953335,2,repository_log_shrink,143950.33070892814,False
django__django-15277,assignment-case-v1:f70b7000c10162a79673810483df303a1f6d5c22f3494c63f7b9d8de54690fe9,django/django,99924.107787,2,repository_log_shrink,138942.40885415225,False
sympy__sympy-20154,assignment-case-v1:f7447e96bd5eebb60e03289f09af9495344bc3ea782937656479f12599495e6a,sympy/sympy,117541.742945,2,repository_log_shrink,114884.62038269348,True
pydata__xarray-4493,assignment-case-v1:f757e348a595dcc7856bafec8b79784cbef0452bfb507301619b273a4991d3a0,pydata/xarray,181999.58906,2,repository_log_shrink,159184.36589778386,True
sympy__sympy-18835,assignment-case-v1:f837cda02d31873b8c38f8c325be44e08e931f6beea36b5b597a1b3996aa0dc0,sympy/sympy,127454.734258,2,repository_log_shrink,114884.62038269348,True
django__django-13821,assignment-case-v1:f88edde848fdc4ad5f80a1f715e36ad44fc174096f2502fcf132848311cf0666,django/django,161291.859692,2,repository_log_shrink,138942.40885415225,True
django__django-16667,assignment-case-v1:fa6bfdfe3a9b40846d03845371e7efa2d7708661d643a6ec49c4b39cafc87a21,django/django,117802.324243,2,repository_log_shrink,138942.40885415225,True
sphinx-doc__sphinx-7889,assignment-case-v1:fe1bd54652a88ad57afa06fa3d580bf73826b8c624f409ab0a90f0175a12c41a,sphinx-doc/sphinx,128605.138973,2,repository_log_shrink,127851.43007149133,True
django__django-15957,assignment-case-v1:fe69c872b5ce7d0f7c18e7c7fc53e9eabad5a242039f2a82c08b7a2f25694d2b,django/django,114824.746476,2,repository_log_shrink,138942.40885415225,True
scikit-learn__scikit-learn-13142,assignment-case-v1:fee081408ee253778c163f45168759c2da9a584ae0b0b544e4d5cd9e1f5de837,scikit-learn/scikit-learn,138484.392669,2,repository_log_shrink,130530.39331041179,True
sympy__sympy-12419,assignment-case-v1:0050fdfd5f21bfa855b0f03a76b55ed7c6a76b53e26d65eed59a0a698f0712c2,sympy/sympy,86831.359052,3,repository_log_shrink,111621.39296416767,False
sympy__sympy-19954,assignment-case-v1:00ba3a406cd67bc21b7a5aa182a6ca15a3df1821ca94ad8d8e2e671e42032c9d,sympy/sympy,105395.835818,3,repository_log_shrink,111621.39296416767,True
matplotlib__matplotlib-13989,assignment-case-v1:00c0f0c7163dcf16a4c73513d0e09e61ce1c5284c662b15b9aa3d5423a9f7866,matplotlib/matplotlib,76916.161167,3,repository_log_shrink,167952.61508854508,False
sympy__sympy-19346,assignment-case-v1:01d6ece3299ee960efab99aa2c46d0fecb08905a294eb77c96f110a04b7bb29a,sympy/sympy,116177.72439,3,repository_log_shrink,111621.39296416767,True
sympy__sympy-13647,assignment-case-v1:02cf3ad4fa8a2e6c60f7292944545b25f005866b0b4316aec1c8b8c86557dd3c,sympy/sympy,118598.766853,3,repository_log_shrink,111621.39296416767,True
django__django-15814,assignment-case-v1:0813248f9b972a14de18f990b279135d112702497a6dba10e015a8b97396e88d,django/django,106220.055333,3,repository_log_shrink,134357.73158622746,False
sympy__sympy-24213,assignment-case-v1:08e1b7c40292e11be0ab5645832113f4e990b1c86e657b230568706b32348b92,sympy/sympy,139064.616246,3,repository_log_shrink,111621.39296416767,True
django__django-11999,assignment-case-v1:0a7585c97772b74f29f6e028faf9f580b6bd663236af4fd1fff4d761a3f05764,django/django,133919.614611,3,repository_log_shrink,134357.73158622746,True
sympy__sympy-13647,assignment-case-v1:0c05ef52aa1d99d4f0ca4662c3cf9f71423eaad8593032412dd24a9f425f6f7b,sympy/sympy,148411.488718,3,repository_log_shrink,111621.39296416767,True
matplotlib__matplotlib-20676,assignment-case-v1:0c5365797dd313bfd6677c45f76faac58f6aa0e40b912b96b05240c297501f6b,matplotlib/matplotlib,243245.585203,3,repository_log_shrink,167952.61508854508,False
django__django-12983,assignment-case-v1:0cede4eeb275bffb62d306f95f725fb9316ed3b166f8efaf4fd317a34b5f7f48,django/django,207978.030055,3,repository_log_shrink,134357.73158622746,False
psf__requests-2148,assignment-case-v1:0d46eb654654368ddf2cf987d983e73c07dbf3d10d1131b43a2faeaa1546aec8,psf/requests,106052.660616,3,repository_log_shrink,128252.46919825964,True
django__django-11179,assignment-case-v1:1016b2f5f94d93df860c6bbafa497206b5c445e35a9e1392bfa3835c460bfd91,django/django,172894.421479,3,repository_log_shrink,134357.73158622746,True
django__django-11790,assignment-case-v1:10c44b5937fb166aac3b4f3c7329a8e546b879a4f25168d6fc19e9cdbeba8271,django/django,176075.139633,3,repository_log_shrink,134357.73158622746,True
sympy__sympy-20801,assignment-case-v1:11f6b581b04ade389d18037829918c34b50a9dc119bd254dc9107665fa9ef661,sympy/sympy,87293.616689,3,repository_log_shrink,111621.39296416767,False
django__django-13315,assignment-case-v1:12f45ce138833a52df57df5df160e2df9f15d663d11c4de6acc58c00754449c0,django/django,146905.863284,3,repository_log_shrink,134357.73158622746,True
pylint-dev__pylint-7277,assignment-case-v1:150d1658fdc8ae2cac015ea565953811b8c8f0dcfed7c34dd309662acc8a487d,pylint-dev/pylint,248098.383657,3,repository_log_shrink,136188.99360707533,False
django__django-14349,assignment-case-v1:1798502b82224ea304cda58e27f807d8e1dba139dff23bef3e3d5b5416f70456,django/django,137563.008303,3,repository_log_shrink,134357.73158622746,True
django__django-16595,assignment-case-v1:183a6eaa194d8fb9068a11be23e432f34923f449e81e160fe95f246460c7c207,django/django,137017.688424,3,repository_log_shrink,134357.73158622746,True
django__django-13658,assignment-case-v1:18dc537d9feb56a0a0c7323b89fe218d865217c7964d440ac4142d8a2d87d7c3,django/django,210141.595626,3,repository_log_shrink,134357.73158622746,False
scikit-learn__scikit-learn-13124,assignment-case-v1:1bf55bac7d433ba579eb3318f4c2bf2163e8240925cdbd41d83d03ed510c6fe9,scikit-learn/scikit-learn,105016.40894,3,repository_log_shrink,135854.52023391097,False
psf__requests-6028,assignment-case-v1:1bf98b1e55043f8a665a6a12b88c2c7f6854388c531e5b191aa887a4b249274f,psf/requests,160695.572266,3,repository_log_shrink,128252.46919825964,True
pytest-dev__pytest-5227,assignment-case-v1:1d2b866c5d05daa35f42bdc585f5ac46d4941663d5b25ac5db54b1668fe5e33e,pytest-dev/pytest,101629.926939,3,repository_log_shrink,132414.18367153028,False
django__django-15930,assignment-case-v1:21cc14f22723970739bd2cd0aaffca854e399ed6919f0869b441f9b6bb9c8f64,django/django,134780.867392,3,repository_log_shrink,134357.73158622746,True
sympy__sympy-23262,assignment-case-v1:2411c20b2b23486f99ec0d1e5033f9e439fa16cf8b95df70fe20e85bef0a2cad,sympy/sympy,115604.497252,3,repository_log_shrink,111621.39296416767,True
django__django-13658,assignment-case-v1:25c8713b9f07908f41c40a4dd0d15bba2c9a44f442318c90004d52a32d9f93a1,django/django,61130.054711,3,repository_log_shrink,134357.73158622746,False
django__django-15380,assignment-case-v1:2894190a3149cad310d395451e2227a4d9761b25740463b8f5b5444656d296ee,django/django,146636.466642,3,repository_log_shrink,134357.73158622746,True
django__django-13658,assignment-case-v1:296aaec7810b86d1c89dbc68f6591d35a1256dc34ab510bc41be260bdb0c16f4,django/django,145803.84284,3,repository_log_shrink,134357.73158622746,True
sympy__sympy-24152,assignment-case-v1:29cc43d8d494401fa58a074f2072714944451c60a4b4369bad44954aa747907f,sympy/sympy,152265.463015,3,repository_log_shrink,111621.39296416767,False
scikit-learn__scikit-learn-15100,assignment-case-v1:2b275df3f6ee55a7e545e6b8b5960fbdd7ea3c050adc1f5da9e2e6ecfa57f8b3,scikit-learn/scikit-learn,125093.219663,3,repository_log_shrink,135854.52023391097,True
matplotlib__matplotlib-26342,assignment-case-v1:2b8d9f2c6d10d80ad037ff5b1e76d6afbf7a38f09c467053e8c0c383a4b0441e,matplotlib/matplotlib,101384.368976,3,repository_log_shrink,167952.61508854508,False
django__django-13658,assignment-case-v1:2e085dc158bb9499532b6328022739c9d7ce10082c7d21a6d36900013b7a4110,django/django,96163.406913,3,repository_log_shrink,134357.73158622746,False
django__django-13794,assignment-case-v1:2e36256afeb0e251b000f6723c37d3b910bc6e9fd238b0e1a9836922974e40ee,django/django,91296.716762,3,repository_log_shrink,134357.73158622746,False
sphinx-doc__sphinx-8035,assignment-case-v1:2e59c80b6e80d14a37a34a71e84c44eab0c4dd90e6d3f59743320613bb6d2b61,sphinx-doc/sphinx,147476.555763,3,repository_log_shrink,127902.8307055128,True
django__django-13033,assignment-case-v1:33a73ff0444206ba16e57e3383cf384e9ff1fca047fda91817a39ef5e73320c6,django/django,240861.055743,3,repository_log_shrink,134357.73158622746,False
pytest-dev__pytest-5103,assignment-case-v1:355a6cac4bbdfcf61b32239c79b35bffb1f9213030c91b52b11d8102ea53ee5a,pytest-dev/pytest,125277.427114,3,repository_log_shrink,132414.18367153028,True
sphinx-doc__sphinx-7462,assignment-case-v1:37b4a5163a9274bcf9ba9bf434094befc5b31be046be3e066d720b49e8374c2b,sphinx-doc/sphinx,103207.857083,3,repository_log_shrink,127902.8307055128,True
sympy__sympy-13877,assignment-case-v1:3a1b480e3a1e566f1fabe56ae4a07354aa7a668e858b32250027e34ffd95730f,sympy/sympy,104984.554398,3,repository_log_shrink,111621.39296416767,True
django__django-11066,assignment-case-v1:3b138fa30c75f30bcec3e41faa995c93e09b363aa3f5bd6874e841d8116e5860,django/django,199372.130637,3,repository_log_shrink,134357.73158622746,False
scikit-learn__scikit-learn-12585,assignment-case-v1:3b69c0d23a13bbf3c7b4d488dffbfd823024f3cea6f294ab8e6b022c27728cd8,scikit-learn/scikit-learn,106236.086098,3,repository_log_shrink,135854.52023391097,False
django__django-15563,assignment-case-v1:3ef3cf6cce45836f3724f6fff9fd9dce494163ae145a8bc24aab52d62719b9d2,django/django,109555.277575,3,repository_log_shrink,134357.73158622746,True
django__django-16229,assignment-case-v1:3fd58dc5ec658c8110b31f66ca6ed373ab77e90d070e4195f9b01f70a722a1ab,django/django,152595.663115,3,repository_log_shrink,134357.73158622746,True
pydata__xarray-4248,assignment-case-v1:4001e3fe419593f1645938232c1e342a98b1192375b479b8541546d9bef597e5,pydata/xarray,104464.75588,3,repository_log_shrink,145988.8826952159,False
sympy__sympy-23262,assignment-case-v1:40a779b487f435ba2ad56ec566a433f3bc0a56600539293c4cbf8887faf49bbb,sympy/sympy,119561.59956,3,repository_log_shrink,111621.39296416767,True
pytest-dev__pytest-5495,assignment-case-v1:40f9f240c6f348eca50c95fb156df4c88d4ace27cefe7ff9cbfca2977b73a835,pytest-dev/pytest,156953.567346,3,repository_log_shrink,132414.18367153028,True
matplotlib__matplotlib-24334,assignment-case-v1:41d11dfb4e095fa6bb478768c45682cb0e0a0444dcbe1c660fe875a7b769d580,matplotlib/matplotlib,160447.549497,3,repository_log_shrink,167952.61508854508,True
pydata__xarray-7233,assignment-case-v1:447ea884f71df4b321b690551d426a98bd64dfa3419bfdefc5ed6993f5ee3067,pydata/xarray,160998.083996,3,repository_log_shrink,145988.8826952159,True
matplotlib__matplotlib-13989,assignment-case-v1:46398f6d52d20382b501124c75d6e04147edf38d576d156941a9730a771df697,matplotlib/matplotlib,125987.996269,3,repository_log_shrink,167952.61508854508,False
sympy__sympy-13177,assignment-case-v1:46751ed0ddab05869f8e3ac2411b820dc8fcd08daa1314a2f0cc9d364cbff609,sympy/sympy,148476.185655,3,repository_log_shrink,111621.39296416767,True
django__django-11001,assignment-case-v1:4826bccaf2d7ff7089c5ab655b5e0a6a2e0ec0c3d6e82d4c769cb778fc2039a4,django/django,238534.465443,3,repository_log_shrink,134357.73158622746,False
django__django-13658,assignment-case-v1:49e1253f5960dda6b8541fdb15594c1264ba6699b20226407dee6e29bef2d27b,django/django,107139.226381,3,repository_log_shrink,134357.73158622746,False
sympy__sympy-11618,assignment-case-v1:4be32827950e9a1ce44a8ddb6e8bd025bcbf7b79e063308250c413d4ffc1f0d6,sympy/sympy,119088.906431,3,repository_log_shrink,111621.39296416767,True
django__django-13658,assignment-case-v1:4cf19f999f9cf98473c824fea2a420c2edb0b6d54003648201d423d8264d1988,django/django,80476.646481,3,repository_log_shrink,134357.73158622746,False
django__django-13569,assignment-case-v1:4e562275a3f29039875cff4c13d92969eb90a6e6a81bdebf727513454f1e261d,django/django,149769.759652,3,repository_log_shrink,134357.73158622746,True
pylint-dev__pylint-4661,assignment-case-v1:4ea024011360708a8804b0e02bc6a378270bd23885acc0985d9e7124d3958f22,pylint-dev/pylint,131397.184803,3,repository_log_shrink,136188.99360707533,True
django__django-15400,assignment-case-v1:4f609114f328147e1b5073f344f94fca0716e2434806cbc74795f71a6b53489f,django/django,128168.414985,3,repository_log_shrink,134357.73158622746,True
django__django-13315,assignment-case-v1:50036fd6c57ba1bf15153dc169762bba7ef2ff1970cb22f4d98506ed020e851e,django/django,238876.338142,3,repository_log_shrink,134357.73158622746,False
sympy__sympy-13551,assignment-case-v1:51407073ae2777a1fa29bb7b457302b1a7faf8809d755e42373d346507571117,sympy/sympy,137852.030439,3,repository_log_shrink,111621.39296416767,True
psf__requests-1142,assignment-case-v1:525f0d1ea300743aa07c656c53dff9ffc4f63491e17c86eaef1d7c91286838e9,psf/requests,75805.403411,3,repository_log_shrink,128252.46919825964,False
django__django-13658,assignment-case-v1:5452264dba3318665546752df96c3261c2363ee1d774a5e77bd55a13c97f3b73,django/django,100219.419438,3,repository_log_shrink,134357.73158622746,False
django__django-16263,assignment-case-v1:57705f2007f3073c890cc01ff14f4c0df7e69d1d2475237cabbb7bb6d8fcd19c,django/django,126736.384236,3,repository_log_shrink,134357.73158622746,True
django__django-13658,assignment-case-v1:585324ee94ae2d2a6962d354a5d5b8dc03b3abe135f574aa4362ffd711423a48,django/django,238227.418312,3,repository_log_shrink,134357.73158622746,False
django__django-16910,assignment-case-v1:58977c778da53d9423da3d0d3a07e59965951515309f07522a8c3650435c3207,django/django,201945.990732,3,repository_log_shrink,134357.73158622746,False
django__django-13658,assignment-case-v1:592b2227f4ac2b51486c64cf3034610f37d356cd8113a3e82393f71f4093a323,django/django,115567.504179,3,repository_log_shrink,134357.73158622746,True
scikit-learn__scikit-learn-25102,assignment-case-v1:59d4d56edccf0ae016a97ca680d7b3ec2a226e1cacf2b86ebbc1b7e394cd363a,scikit-learn/scikit-learn,150213.731732,3,repository_log_shrink,135854.52023391097,True
django__django-13786,assignment-case-v1:5a1a02159fa58b5f4011dc8adf6c88886ba0300f0c23ffa3eb011d04a4d41e2a,django/django,104573.302046,3,repository_log_shrink,134357.73158622746,False
django__django-14011,assignment-case-v1:5c45cf5cfecbffe997ccf7a4e0aa2c154396fad56b3746d71b6affc2f6eb1ae8,django/django,135792.606666,3,repository_log_shrink,134357.73158622746,True
django__django-13028,assignment-case-v1:6255d68ceb05ea01c28f2300625a25e944b884ae643cfcacfa31be03da96476e,django/django,121267.618174,3,repository_log_shrink,134357.73158622746,True
sympy__sympy-13915,assignment-case-v1:62a41b04d0e3c1b15b4c6de77b6e4f97a40f83974d12e8c9b6d80d2da8df8306,sympy/sympy,132834.647366,3,repository_log_shrink,111621.39296416767,True
django__django-13658,assignment-case-v1:647b5d697fcad9b88dd5c4bbce133b935cc75373a9f19d2f0433823ccc1f6a0b,django/django,101920.731132,3,repository_log_shrink,134357.73158622746,False
django__django-13658,assignment-case-v1:683ae5e2c0ab785fb2c7f8d83b3bbc4b2b26fdc468ebdcb1e245cce1432a2cd9,django/django,122462.890201,3,repository_log_shrink,134357.73158622746,True
django__django-13658,assignment-case-v1:6b9b47fed4cc6bfb00a0fe2504c0b1fab2cf1804d6b3671387e823537ce765e5,django/django,116294.249298,3,repository_log_shrink,134357.73158622746,True
django__django-11163,assignment-case-v1:6ba199ef7dbc43b7d722dcb38e939796ae4f66df0d09cbcc1c9cb501a653df2d,django/django,125970.234473,3,repository_log_shrink,134357.73158622746,True
pytest-dev__pytest-7521,assignment-case-v1:73145a632583a980e5f9cf93d03bb838415ec0f10ba57a6750999e41402a78da,pytest-dev/pytest,152169.567093,3,repository_log_shrink,132414.18367153028,True
django__django-13658,assignment-case-v1:7321df8d4478b55817393a2201fdfbf9dafcfab67d199557ffcaedf847bebe9b,django/django,111223.838621,3,repository_log_shrink,134357.73158622746,True
django__django-15814,assignment-case-v1:7446d884a11b1d745610aefd7cf6c7b615c7fbba2f2474d2ebbf5465b758cd0e,django/django,125244.263685,3,repository_log_shrink,134357.73158622746,True
django__django-14559,assignment-case-v1:752d581b0fe9d74ff1b242296dbba9941f6a9e6859006dfbb8eed0345c14cce4,django/django,168568.338631,3,repository_log_shrink,134357.73158622746,True
sympy__sympy-12419,assignment-case-v1:759de6632400ee62e8a781d754bf20a90280c9746b3d7958f478d36ef5ce3820,sympy/sympy,100502.251598,3,repository_log_shrink,111621.39296416767,True
django__django-13658,assignment-case-v1:75c5f71c9af1913d2f5d3d54988c84758aa81abb14ea8c280822342909718295,django/django,113241.064424,3,repository_log_shrink,134357.73158622746,True
django__django-11999,assignment-case-v1:779d23a6be1d6d065d893037b67ce08c7ddbecdee4814a79889ff9a604957104,django/django,182244.210685,3,repository_log_shrink,134357.73158622746,False
pytest-dev__pytest-6202,assignment-case-v1:7f096b783a76d0a551addb4fc63b32f868139c79804a3871eff43f732995d4c3,pytest-dev/pytest,109960.028814,3,repository_log_shrink,132414.18367153028,True
django__django-13658,assignment-case-v1:7fa2c8bdcdd4ecf63bd3e236376a2d6563f0f174eda7aff3f9db28d2a056ba00,django/django,111209.556751,3,repository_log_shrink,134357.73158622746,True
matplotlib__matplotlib-13989,assignment-case-v1:853bb880ec5d64cf0ef48943bfba758a6655331b7c64a00dff4f14d58b2c6fd5,matplotlib/matplotlib,109400.428499,3,repository_log_shrink,167952.61508854508,False
matplotlib__matplotlib-13989,assignment-case-v1:8615d49b6a879e9e445e6c6ec1d2dcc3cc3c960f6eb01453946b74e2c48ce22c,matplotlib/matplotlib,46552.263749,3,repository_log_shrink,167952.61508854508,False
django__django-12741,assignment-case-v1:87f3da37bf8635fb168a2a7796e58f47c874633d132175d01f41d2ca89da3e56,django/django,138641.913062,3,repository_log_shrink,134357.73158622746,True
sympy__sympy-12096,assignment-case-v1:88429770977a9d0e314d166e228a5e2021abb28f5c80f68470f11bbf0826c77b,sympy/sympy,119969.275227,3,repository_log_shrink,111621.39296416767,True
sympy__sympy-15875,assignment-case-v1:884ee9e19fd2ebb7b5f7036d7a84e84ffe87de9723106cb630cccdf4c10622ee,sympy/sympy,106758.999174,3,repository_log_shrink,111621.39296416767,True
psf__requests-1963,assignment-case-v1:89a20c09c6ed98b28496a248b9ca695836290b44f3d793d0b4771e924767554f,psf/requests,1246309.240232,3,repository_log_shrink,128252.46919825964,False
django__django-15104,assignment-case-v1:8a5b0db8601a14cc7e165935841477a5bfb957b111e082edd0bfa4a567073fda,django/django,121256.167495,3,repository_log_shrink,134357.73158622746,True
scikit-learn__scikit-learn-14087,assignment-case-v1:8c53121222e13e925ac7ce1ed626f1da06c9a2f8a7570c4c7c464fa8215b0135,scikit-learn/scikit-learn,121440.522302,3,repository_log_shrink,135854.52023391097,True
sympy__sympy-13878,assignment-case-v1:8d515eb02f2a4b1dbc3370f84eee71a2c1c140e082c5b3eed1363ae9f7d6f54f,sympy/sympy,190929.455811,3,repository_log_shrink,111621.39296416767,False
sympy__sympy-19783,assignment-case-v1:8dc98cdcf4da736a8827dffd35166546feaf8120659e9f2291a1532833fc75e1,sympy/sympy,90377.031458,3,repository_log_shrink,111621.39296416767,True
sympy__sympy-21596,assignment-case-v1:8e17f9189457d2cfe45938a765ddbbebf873eaeaa84f5c642658cf9beab97518,sympy/sympy,130081.068992,3,repository_log_shrink,111621.39296416767,True
sympy__sympy-15017,assignment-case-v1:8ed4e126a7d0ded35790423a1c037c4c60b8a50d9c97888a2057e73f0c3a9d6a,sympy/sympy,99663.390102,3,repository_log_shrink,111621.39296416767,True
django__django-12470,assignment-case-v1:8fefad0a6e9b7a7e38e5b34e5434fbd4063a44f04c2fdaf070f09e7348efbb81,django/django,83338.870042,3,repository_log_shrink,134357.73158622746,False
django__django-13658,assignment-case-v1:903a7872e3ddd3b4f0fc8bbe22983b4ea6c75ddef2766815dfc122064559adb7,django/django,98913.711801,3,repository_log_shrink,134357.73158622746,False
matplotlib__matplotlib-13989,assignment-case-v1:92bebca7e752d78da8a261acf3f14fe173711132b86e4b8a1ed9ecba333a49d8,matplotlib/matplotlib,112308.177125,3,repository_log_shrink,167952.61508854508,False
sympy__sympy-13146,assignment-case-v1:93e28d35fd515f141f548c45309ce169a2925e6e5c340e1c359e9f2a789ec2bc,sympy/sympy,123995.878778,3,repository_log_shrink,111621.39296416767,True
django__django-14089,assignment-case-v1:9466cb2ae9a1d185a7a08a879fdb001125dc72394abdccc1072226446f822575,django/django,84971.659807,3,repository_log_shrink,134357.73158622746,False
sympy__sympy-14711,assignment-case-v1:94adaef9a32a10cd326645754322d1ff61604eac2d504dadc623af028d75a73b,sympy/sympy,121095.835137,3,repository_log_shrink,111621.39296416767,True
pylint-dev__pylint-4970,assignment-case-v1:96ad0544b677349b8fd5e5ff92f67725381c890f3be010514a1d636d7e7ee630,pylint-dev/pylint,131080.139449,3,repository_log_shrink,136188.99360707533,True
django__django-11087,assignment-case-v1:98f98d734750ba63efbb3d623df12b1a173b3e3ee85f62a3de01327b8c22405a,django/django,115682.09692,3,repository_log_shrink,134357.73158622746,True
scikit-learn__scikit-learn-14894,assignment-case-v1:9c0c2ff42af108a91ed9d0f388f95e4b69981abff39dacce7a19f4b058c529d5,scikit-learn/scikit-learn,137013.29542,3,repository_log_shrink,135854.52023391097,True
django__django-13658,assignment-case-v1:9ca43b20eec547c60809174653b450522b71800b62e3bf9710ef51b203ffe79e,django/django,120441.597203,3,repository_log_shrink,134357.73158622746,True
django__django-13658,assignment-case-v1:9d51eb8dfc66177982c17a33704167817bc54ffe22f484b35c014d0b9cf9524b,django/django,128507.874643,3,repository_log_shrink,134357.73158622746,True
django__django-13658,assignment-case-v1:9e62c38a0e27efa8eadb9a6b45c1e6108ac704db003249f949be19698c2a73f1,django/django,129713.780729,3,repository_log_shrink,134357.73158622746,True
django__django-13028,assignment-case-v1:a01c88daa0a55d2f609ee894435cb3da6b4970f7319d15f9dd0b50c4a29b1ccb,django/django,145450.436926,3,repository_log_shrink,134357.73158622746,True
matplotlib__matplotlib-23913,assignment-case-v1:a0d2d4e56a234c2f876ae503dc37927f1bb24ef46732d27c8a0e673eccb3a47f,matplotlib/matplotlib,248720.584158,3,repository_log_shrink,167952.61508854508,False
pydata__xarray-7229,assignment-case-v1:a24371707a489af293a0d4e27c47e62b9badf56adeceaa595bbc118680830f17,pydata/xarray,258924.063394,3,repository_log_shrink,145988.8826952159,False
django__django-15902,assignment-case-v1:a2a131459131ce063fdc3e26737d03df81ebc65fe6426121f407d9a2ca7bc068,django/django,95410.288516,3,repository_log_shrink,134357.73158622746,False
sympy__sympy-20428,assignment-case-v1:a359b7cda2fdc71edb4dc955730c791ebcbb9067309899e6e36b0d64a686a0db,sympy/sympy,166522.530137,3,repository_log_shrink,111621.39296416767,False
django__django-11179,assignment-case-v1:a4124ef264cc8e5a10bf7cc7864876e4cbdefc7eb8c4db03a1b36cb5a03e473e,django/django,1011728.134794,3,repository_log_shrink,134357.73158622746,False
django__django-13658,assignment-case-v1:a46bc8849c4ae3fa6fc87c3973785d2684a0e53bdd7a37b00f3862acc5d1b795,django/django,144225.803819,3,repository_log_shrink,134357.73158622746,True
sympy__sympy-19040,assignment-case-v1:a51bf3b48c5db61db9fd6b169ecf79d12e3c375dd252013ba8d90e104a6d7ea3,sympy/sympy,117542.104762,3,repository_log_shrink,111621.39296416767,True
sympy__sympy-11870,assignment-case-v1:a87892ac9bfc164287c991e61a3d3aee34973fe2ea1fd9563e7102dfd72e4404,sympy/sympy,117646.143256,3,repository_log_shrink,111621.39296416767,True
astropy__astropy-14508,assignment-case-v1:aac5fa1abca0bdcceec065624aae423fc3ae7a03a2dda8efeaf0240f38ce8737,astropy/astropy,114623.751521,3,repository_log_shrink,138669.20774962078,True
matplotlib__matplotlib-13989,assignment-case-v1:ac314ef636e6c5e55c788aa62b05246473b29bf1a471164924d2a73d06476d65,matplotlib/matplotlib,113918.07485,3,repository_log_shrink,167952.61508854508,False
matplotlib__matplotlib-25122,assignment-case-v1:ac59eb416a74d31782dbb3b8ac06abbfcb59dd81ea5733f7e16c0420bead3fdf,matplotlib/matplotlib,314899.280774,3,repository_log_shrink,167952.61508854508,False
pytest-dev__pytest-5787,assignment-case-v1:b1d7e51d565cbafa01b2fbf93ab8ab6435654ae1913001730370353ffa7bd48b,pytest-dev/pytest,135086.287545,3,repository_log_shrink,132414.18367153028,True
pytest-dev__pytest-11148,assignment-case-v1:b21ee240bedbe1be67c9ce9ee822bc1350466fffe6817bea6f2e5e3d29c29a82,pytest-dev/pytest,181605.885444,3,repository_log_shrink,132414.18367153028,False
sphinx-doc__sphinx-8120,assignment-case-v1:b24653892aa86410249961aa5f8fed2aa0f556668d4ee1940a29320b17c4cdaa,sphinx-doc/sphinx,140786.476012,3,repository_log_shrink,127902.8307055128,True
matplotlib__matplotlib-24970,assignment-case-v1:b26f45446c4cc28c57fe02e45bf8e2f6876f2e64919c850bc25a8af8e7c6f330,matplotlib/matplotlib,157103.941989,3,repository_log_shrink,167952.61508854508,True
django__django-13658,assignment-case-v1:b95b7efecd90c374619b4f01ceb1f0b2a8bc8fae204edf40668dd8c8e9277a2f,django/django,121684.283351,3,repository_log_shrink,134357.73158622746,True
scikit-learn__scikit-learn-11310,assignment-case-v1:b9d2f5245465b4aabed908acea4fb9fa38a7cd8ec3255fc73bc1ccc2487c0d1a,scikit-learn/scikit-learn,178940.534821,3,repository_log_shrink,135854.52023391097,True
sympy__sympy-20438,assignment-case-v1:ba0803f7b8803f5fcb18d88711e23703337a403612fd7022ae82f7e27054546c,sympy/sympy,99385.984043,3,repository_log_shrink,111621.39296416767,True
matplotlib__matplotlib-26113,assignment-case-v1:ba81d45d1a97326f4c4ea2df2ee62061c316e649943da6007f12f79b0af4a946,matplotlib/matplotlib,152298.674544,3,repository_log_shrink,167952.61508854508,True
django__django-14997,assignment-case-v1:ba9c98a683bef5f122e183293a74c8b53a58c921d9b4bb94b3718003ac93bdfa,django/django,122421.323492,3,repository_log_shrink,134357.73158622746,True
pydata__xarray-6721,assignment-case-v1:baf7b93fbc0e16cffafd26cb1f78f0b97ca6990d2b5790c61ca92f82bbf17c38,pydata/xarray,220837.344788,3,repository_log_shrink,145988.8826952159,False
sympy__sympy-18189,assignment-case-v1:bc97ad7e5b5db385221ae96009a2b8498805bd50c5fba07c3acd5d3ef8cf4d08,sympy/sympy,90319.090441,3,repository_log_shrink,111621.39296416767,True
django__django-13658,assignment-case-v1:bfa37214312270e14e35612b4da3211c90acd3d84feb7cbe42b3ba7b6941e464,django/django,93952.205851,3,repository_log_shrink,134357.73158622746,False
django__django-12284,assignment-case-v1:c393a31cc50e3e528716ae6f2e065b78030cfc9cb7aefdfa713ea9238e246a1c,django/django,224503.679229,3,repository_log_shrink,134357.73158622746,False
pydata__xarray-3151,assignment-case-v1:c3e0f55100584bb4789ab14db27b9a4f7a0bf6ea28bbc79072cc83e0d4c7836d,pydata/xarray,244331.985969,3,repository_log_shrink,145988.8826952159,False
django__django-13012,assignment-case-v1:c57487d8ceaacb854f490aa1f1df98e1659866b0d29a90047472c7180ff05354,django/django,173584.583217,3,repository_log_shrink,134357.73158622746,True
sphinx-doc__sphinx-9673,assignment-case-v1:c59287bcc16ec7ccf5e995cc7bfeaf2947315493b82489438a6f7f42d9df8d86,sphinx-doc/sphinx,107391.096542,3,repository_log_shrink,127902.8307055128,True
scikit-learn__scikit-learn-14894,assignment-case-v1:c5cfdf49c592c960596fd00c660cc635b860f1a3d7d4e977f775b11133f270e1,scikit-learn/scikit-learn,110302.341421,3,repository_log_shrink,135854.52023391097,True
django__django-13658,assignment-case-v1:c5d195a10f4675e8014bd4bfee68612532a2e69d4099a3ca5c47092c82a25343,django/django,114475.57731,3,repository_log_shrink,134357.73158622746,True
matplotlib__matplotlib-13989,assignment-case-v1:c76f5ee40306ae84980c5ec7efd683852ae8a7331976386925d5adb3f710248c,matplotlib/matplotlib,141890.390726,3,repository_log_shrink,167952.61508854508,True
matplotlib__matplotlib-24970,assignment-case-v1:c7e8f90a8c86ea0a1430edcfe8882e8cbb2dcfc009ef137bd1fa9598bef7276f,matplotlib/matplotlib,128386.393297,3,repository_log_shrink,167952.61508854508,False
django__django-11400,assignment-case-v1:c89374fe5b731e655753f9ba494ddb7e5d7d5982c9c1d1fff4be0093b436b1c0,django/django,133389.831382,3,repository_log_shrink,134357.73158622746,True
sympy__sympy-20442,assignment-case-v1:c9e54fca578a9257a6bd12b84c0712ab836d459b6130ce740fbcc9cec3be3d72,sympy/sympy,129649.179386,3,repository_log_shrink,111621.39296416767,True
sympy__sympy-18189,assignment-case-v1:ca1ced7e53167e69ae839e8afce6fb63c26c67f0292bb3ee14f5c46a169d2586,sympy/sympy,107688.448864,3,repository_log_shrink,111621.39296416767,True
matplotlib__matplotlib-13989,assignment-case-v1:ca20c0420e9543b1a9b97da17fb4552eaaa287d7182e84da0ef86db418a8d895,matplotlib/matplotlib,165176.128334,3,repository_log_shrink,167952.61508854508,True
sphinx-doc__sphinx-8551,assignment-case-v1:cbce4409c98203fa614c98bdfc5fd1ce49f3d3cb1d63bada6878e950b7868405,sphinx-doc/sphinx,140133.456862,3,repository_log_shrink,127902.8307055128,True
django__django-13658,assignment-case-v1:cc96d5bf59cf8ba7d1a70d170ee1a1d17c557f23f741a39d855dd4b8882d0b02,django/django,94121.471552,3,repository_log_shrink,134357.73158622746,False
scikit-learn__scikit-learn-14087,assignment-case-v1:d0ed39d553cff9c5d3376f0c927705c167ab495fd0582234a002c69785f62355,scikit-learn/scikit-learn,150912.217025,3,repository_log_shrink,135854.52023391097,True
django__django-13658,assignment-case-v1:d1333ae2b4a0d3b9add70bf83f887259a1d738801d629a457cc420834555bd50,django/django,121485.269911,3,repository_log_shrink,134357.73158622746,True
django__django-16595,assignment-case-v1:d26036a17afaae24eefc19afe2aab2b348c03ac13e3f896f87c1f7e73626216b,django/django,150114.971495,3,repository_log_shrink,134357.73158622746,True
django__django-16400,assignment-case-v1:d5018453b95870adeedc0aadc055ff31dbcbbc3787ab2f1cd17ad243f00593d7,django/django,222654.676985,3,repository_log_shrink,134357.73158622746,False
matplotlib__matplotlib-13989,assignment-case-v1:d7cce24c718deaf5c5325120fb37feed1651e0b61fc7f4416cddfc155860d274,matplotlib/matplotlib,147936.733424,3,repository_log_shrink,167952.61508854508,True
sphinx-doc__sphinx-8638,assignment-case-v1:d8e10a845fbfd2df676abe7db22672755b861df5ee68941298deef1b9b4a99d1,sphinx-doc/sphinx,86195.670136,3,repository_log_shrink,127902.8307055128,False
django__django-12406,assignment-case-v1:dc7643b985b42eba48c8c8bc666565b40ca2ed7694a2b789305458d657ed448f,django/django,97754.871313,3,repository_log_shrink,134357.73158622746,False
sphinx-doc__sphinx-9698,assignment-case-v1:e0348645ebd18c7ba776f789d9b1600fc70bc077cd82fae7fc27bbbbd68c2b7b,sphinx-doc/sphinx,100616.730928,3,repository_log_shrink,127902.8307055128,False
django__django-11039,assignment-case-v1:e03bb5e78d4faa5f2dd6323f3dfc1ac6de0cfee0fe09a99cd7754c100eaa406f,django/django,136236.821697,3,repository_log_shrink,134357.73158622746,True
django__django-13033,assignment-case-v1:e5dc247216f3407564e65c96bac2411ce57c70b4da13210359b1d21be9225ed0,django/django,210959.01774,3,repository_log_shrink,134357.73158622746,False
sympy__sympy-24909,assignment-case-v1:e871e37eb54f88abe2eb5283d3fa42efb75d18d2319df9861c57ec46634a8b20,sympy/sympy,145413.604893,3,repository_log_shrink,111621.39296416767,True
django__django-16816,assignment-case-v1:eab1b5ed04a17add724481b72ffb5b185a97be4271d9f7db2e11c19f9683cfd6,django/django,1179394.532684,3,repository_log_shrink,134357.73158622746,False
matplotlib__matplotlib-13989,assignment-case-v1:edae4b02811c237a62fbfe5a87208e9b4e6dba1164c675a4579806792aac3547,matplotlib/matplotlib,88504.224394,3,repository_log_shrink,167952.61508854508,False
matplotlib__matplotlib-13989,assignment-case-v1:ee3b762c3f310d8c26ba1c4137762fdc596da5a103684811cd02568a86bebc1d,matplotlib/matplotlib,109245.457593,3,repository_log_shrink,167952.61508854508,False
django__django-15128,assignment-case-v1:f137ca8b39ec593fe336f918e13999337d76b68bd2b4fb9298f4fefa3725e02e,django/django,95600.655839,3,repository_log_shrink,134357.73158622746,False
django__django-15996,assignment-case-v1:f2963397443789c0c59955ff14804ecf287dd38e0c1a1bb0ba9c71ac2f408251,django/django,219747.322449,3,repository_log_shrink,134357.73158622746,False
django__django-13121,assignment-case-v1:f80866fb98b2655d4c79a897f7c940abde4e6d49895cd26973a4e718b6d35ecb,django/django,183872.348997,3,repository_log_shrink,134357.73158622746,False
sympy__sympy-24213,assignment-case-v1:fa3360db043ff790cee30536476b79de84d0b2c18c65ff46dc550e8efcce6b3f,sympy/sympy,121497.820942,3,repository_log_shrink,111621.39296416767,True
django__django-12858,assignment-case-v1:fb2a65d94c82bd1030bd62ace02004b7d82d9f75de9e040c7b75a508f521aef1,django/django,88576.216515,3,repository_log_shrink,134357.73158622746,False
django__django-13658,assignment-case-v1:fd46d6fd552c4019c70d5ea1aa0103558926807856dadc12d713b81b24326378,django/django,133427.218109,3,repository_log_shrink,134357.73158622746,True
matplotlib__matplotlib-13989,assignment-case-v1:fde41015acc8ec0b55ec7a5ab9911b6439df2d92eae6e9e2c863e4f489751abb,matplotlib/matplotlib,135239.437351,3,repository_log_shrink,167952.61508854508,True
django__django-12663,assignment-case-v1:fe1e4f66674ef17205e8f9884658775788e59b7342e4c5cfd5f7f26ead2daac1,django/django,131938.135728,3,repository_log_shrink,134357.73158622746,True
matplotlib__matplotlib-13989,assignment-case-v1:fe3768d266d884bf15dca24859e82ac70c1d0a3024f68c18718b7b74009a21c7,matplotlib/matplotlib,178714.757102,3,repository_log_shrink,167952.61508854508,True
django__django-14122,assignment-case-v1:fe92a02d48834881ffb40f81b0fa74cda68c6deeec0ee7823af9c89e5540f709,django/django,138861.730405,3,repository_log_shrink,134357.73158622746,True
sympy__sympy-18532,assignment-case-v1:febdb8130566a31a20f81f4255e3f2319201a54f3e67a08a68eb5caccd52fb9b,sympy/sympy,137365.551149,3,repository_log_shrink,111621.39296416767,True
matplotlib__matplotlib-18869,assignment-case-v1:ff159be01be197ef644d99a50422ac6f6b0554a61f492f9a8a878aa5c59cc448,matplotlib/matplotlib,182422.903033,3,repository_log_shrink,167952.61508854508,True
sympy__sympy-13974,assignment-case-v1:ffa565feeba1ec11fe70c438671b4c1947620d8f318d3a57b18fee640c1f379f,sympy/sympy,131847.105255,3,repository_log_shrink,111621.39296416767,True
django__django-13401,assignment-case-v1:012b1d6bec9cb005da8283490eb20ce2370ac8ec397a0a0878a9a9c6213c1a01,django/django,110565.857865,4,repository_log_shrink,137555.9905503444,True
django__django-14351,assignment-case-v1:03fcb3f0cd186822946a3b34edecb76b9c21435ee4ccfb4411f10d605e9434d2,django/django,810683.200791,4,repository_log_shrink,137555.9905503444,False
django__django-16527,assignment-case-v1:04d239f074d9a6a911c217b89bd882114df70d2d2f2167ec19dec6da087c179f,django/django,143821.577343,4,repository_log_shrink,137555.9905503444,True
django__django-12276,assignment-case-v1:0594f0cf1237c4056e7441e50ade1acd55dc653998725a46eef43acc220f6698,django/django,131803.505397,4,repository_log_shrink,137555.9905503444,True
django__django-13023,assignment-case-v1:06ad3af76d272f808add1583bee40ef2b52b74d711a917f25aac0163299806ac,django/django,129373.871885,4,repository_log_shrink,137555.9905503444,True
django__django-11815,assignment-case-v1:0794f259e6815e802495ec955b90ce530d50ed7fa662e071caeb0e3a96ba6398,django/django,130813.337499,4,repository_log_shrink,137555.9905503444,True
django__django-14351,assignment-case-v1:0b0396d1e5470b0316d95560e6f54b03850c3d9072e78d3a1e6072c16866c05d,django/django,98086.042394,4,repository_log_shrink,137555.9905503444,False
sphinx-doc__sphinx-9229,assignment-case-v1:0b7ea917c359ea877d851343834dd79939ad595ffd3f75b1c567b83594769815,sphinx-doc/sphinx,109443.279426,4,repository_log_shrink,128145.11045912006,True
django__django-14672,assignment-case-v1:0ba7ea04258a3d59a4027001f1ef69935cacb514a89ec77be726462dab930924,django/django,102321.566167,4,repository_log_shrink,137555.9905503444,False
sympy__sympy-18698,assignment-case-v1:0bb6dc2cfe5c12973ecf64135c22b5e7c9086df5ad5d0cc1e7e997bb24fdc520,sympy/sympy,97441.28661,4,repository_log_shrink,117536.26251668733,True
django__django-13158,assignment-case-v1:0c3e0b7731fbea3964807819ffe060b973179b58debbbd77a546584f1edfba49,django/django,142529.101165,4,repository_log_shrink,137555.9905503444,True
django__django-14672,assignment-case-v1:0edcf5cb9f170b7ebde2be261cb3bf86b006d2fd0b68e53b493d1ba963943026,django/django,136999.511298,4,repository_log_shrink,137555.9905503444,True
django__django-11551,assignment-case-v1:0f065410b308260975654054cb8fadc4b0abca375fec91a0827b863658354980,django/django,140337.671791,4,repository_log_shrink,137555.9905503444,True
django__django-15315,assignment-case-v1:0f44a3916facc25d5c41a397686454e46d2cfdc23449811b29f5d8a105f0a321,django/django,117327.515275,4,repository_log_shrink,137555.9905503444,True
sympy__sympy-15599,assignment-case-v1:1158d16a5ff444e322596a6ba34f7eab479b812bf9fae364da9b37dcefa25eb5,sympy/sympy,75315.277941,4,repository_log_shrink,117536.26251668733,False
scikit-learn__scikit-learn-13584,assignment-case-v1:12b861c0cc9bb4bb73a097919a7c9cefbe5f4a17ce0715e9708ab2ceb7f6765c,scikit-learn/scikit-learn,106749.368568,4,repository_log_shrink,136844.60599393264,False
django__django-11815,assignment-case-v1:13943e27210444fa0c592694c65790f9bd9f75c55b2be74e3ea1a68114dfe898,django/django,149486.205983,4,repository_log_shrink,137555.9905503444,True
django__django-11815,assignment-case-v1:14273e8d1089a4a90dd8416d4bbd8d25cdc49a3d1dbc6985d44ec7e2b9ee1926,django/django,77242.156782,4,repository_log_shrink,137555.9905503444,False
django__django-11451,assignment-case-v1:16a45eafe4bbd4e428b57b199d32aa2e28d7b6ff12f59931cf4838231b78ff24,django/django,116377.517771,4,repository_log_shrink,137555.9905503444,True
django__django-12700,assignment-case-v1:18105acd69f6846ac5a27227fa9b5b33cb2e6ddc2eac91590c4238d88ebe3208,django/django,123428.480859,4,repository_log_shrink,137555.9905503444,True
sympy__sympy-15346,assignment-case-v1:19847bab93df5ef1337c2852c5dfe193f8750c0ca248c38da1c89e1ee74bc01c,sympy/sympy,102515.686727,4,repository_log_shrink,117536.26251668733,True
sympy__sympy-23191,assignment-case-v1:1af9a6149f125de883540e2964a79b9920a54459cbbaf39fc3a47e344f74a6fc,sympy/sympy,81997.280372,4,repository_log_shrink,117536.26251668733,False
sympy__sympy-13615,assignment-case-v1:1b3d2fc487fe7217f6e8752f8021a19aa7319f56dd1105079c0121135a245f60,sympy/sympy,125520.073012,4,repository_log_shrink,117536.26251668733,True
django__django-11815,assignment-case-v1:1bd056a857cacaad428b4a4cc1c31541e96e10a5979fec1191d578199102241f,django/django,191193.579052,4,repository_log_shrink,137555.9905503444,False
sphinx-doc__sphinx-9711,assignment-case-v1:1bd56536f095b7b4d58ae764b803a7039e77254a1be1611f684a4fbaaa9e3817,sphinx-doc/sphinx,97816.509253,4,repository_log_shrink,128145.11045912006,False
django__django-10999,assignment-case-v1:1bd8457f2c9e9caf2844af7e311320cb0133f710ed6ae7e18db444472778387f,django/django,138754.992439,4,repository_log_shrink,137555.9905503444,True
django__django-11564,assignment-case-v1:1e2725448eb687e25fcb0ca4a3535f810d08c6736173f92f26f279d1bfd9c912,django/django,127838.369044,4,repository_log_shrink,137555.9905503444,True
django__django-16256,assignment-case-v1:1efd3a1991afb14ce0b556dae39134c501128c98e40108abd1a8e17522e16068,django/django,170218.148354,4,repository_log_shrink,137555.9905503444,True
scikit-learn__scikit-learn-13584,assignment-case-v1:1f6c4569ca3ee5f9af16174ea787673611cf05fa388cc5c639e1e160b5f23ec1,scikit-learn/scikit-learn,113656.68869,4,repository_log_shrink,136844.60599393264,True
django__django-16256,assignment-case-v1:21031974b68d8a131e053f300c72814246bb0bb308e23cddc320bd932a1eecf5,django/django,149571.433509,4,repository_log_shrink,137555.9905503444,True
sympy__sympy-23191,assignment-case-v1:21ff8faf5e35e4bbeaa663459378da16b52bd88fdd68c96b1b48d2578a0c4d4f,sympy/sympy,95528.684468,4,repository_log_shrink,117536.26251668733,True
matplotlib__matplotlib-25079,assignment-case-v1:24816b3cb4057a3f0d5665dbcaca992241d90a1d19b47a74ede3e612da938742,matplotlib/matplotlib,240385.386659,4,repository_log_shrink,166459.29840418254,False
sympy__sympy-22714,assignment-case-v1:2bc1826d52a1255e0d6aa0d93ea5386e98d77830dbaffe300a3cd0da9eccb705,sympy/sympy,103770.144,4,repository_log_shrink,117536.26251668733,True
django__django-15851,assignment-case-v1:2ddd442ef3e5620d073f06b7f0efec3d4f05216977d0bdf29da6e4ff705bbd98,django/django,178158.727174,4,repository_log_shrink,137555.9905503444,True
matplotlib__matplotlib-26291,assignment-case-v1:2f0f57afafb64f250bd8ac18e80c19491d193fa6195299ca5121903de7daa0b4,matplotlib/matplotlib,141283.691053,4,repository_log_shrink,166459.29840418254,True
sympy__sympy-14024,assignment-case-v1:3088f46d42ba9bbc888e6e31d53bb2a893adaa7f9b728b49079197fdf9177a59,sympy/sympy,102228.122865,4,repository_log_shrink,117536.26251668733,True
sympy__sympy-14774,assignment-case-v1:331ea9a8fd205b7c10a4acb4293f6a3d1cfa96fa093b5f91ee83b77ef1b91bca,sympy/sympy,114466.058661,4,repository_log_shrink,117536.26251668733,True
sympy__sympy-16503,assignment-case-v1:3326271f2aa05bb007d8018244393df955cadb165dc3088833892c3382e0cdb9,sympy/sympy,129736.306873,4,repository_log_shrink,117536.26251668733,True
astropy__astropy-14309,assignment-case-v1:3426890a15c829149bd47c08f960adb6693c1f00b4200deafb3e8334bb7fc7ee,astropy/astropy,211893.240726,4,repository_log_shrink,136177.4931734738,False
scikit-learn__scikit-learn-25570,assignment-case-v1:344742f5344c6aa240153500a68c24a4f444aa1a86b5931d211a00bb69bbc49b,scikit-learn/scikit-learn,100949.221781,4,repository_log_shrink,136844.60599393264,False
django__django-15382,assignment-case-v1:3476f64f7bb302eb90cf200409cea095f15809b505cb5ed92a2a71f6d4af99e6,django/django,103948.913585,4,repository_log_shrink,137555.9905503444,False
django__django-13516,assignment-case-v1:350ba631bcd91d0d9f2825ba7e70ae7138e0732964d0d03ac8bb13fe5c7e377d,django/django,127196.927571,4,repository_log_shrink,137555.9905503444,True
matplotlib__matplotlib-25960,assignment-case-v1:3adc9a7af37426ccea9368b7478fb98c83fc0f1f59be6384f9ef7905164dadea,matplotlib/matplotlib,126446.462511,4,repository_log_shrink,166459.29840418254,False
sympy__sympy-23191,assignment-case-v1:3d32d21597ed7f6da62b0d741a0287a4731ed5467e5bd667253c025a975a9e1c,sympy/sympy,104173.229314,4,repository_log_shrink,117536.26251668733,True
matplotlib__matplotlib-24870,assignment-case-v1:3e75c1e1ea99d5001474afd9b0752fa8d3c5a79b9879de16c8d8340469d6a7b1,matplotlib/matplotlib,314146.531732,4,repository_log_shrink,166459.29840418254,False
django__django-15127,assignment-case-v1:3e7fbf7f0d875c365a86114e17db035aa9707ee809b41e25075d2c9e7d6def77,django/django,118020.940105,4,repository_log_shrink,137555.9905503444,True
sphinx-doc__sphinx-9230,assignment-case-v1:3f2c1eb55084228765afa92ec4331fd867e4c81c9e9867f8629aa83f027c4d32,sphinx-doc/sphinx,117922.929243,4,repository_log_shrink,128145.11045912006,True
scikit-learn__scikit-learn-10297,assignment-case-v1:3faafd664de28fe014a80f6708917a3f0a2fa90b01cf60e01f96466deee81be5,scikit-learn/scikit-learn,164802.475269,4,repository_log_shrink,136844.60599393264,True
sympy__sympy-23191,assignment-case-v1:4059b27e65f5689193de2e21d55a3c081fa896f41103bc561f9c6c3c8de64e73,sympy/sympy,104750.548881,4,repository_log_shrink,117536.26251668733,True
sympy__sympy-23191,assignment-case-v1:414b72f26dfb6ba2bce344d0e84a3ce012d3b9fae9366e139bdbff211d4fe2fb,sympy/sympy,114328.899741,4,repository_log_shrink,117536.26251668733,True
sympy__sympy-24066,assignment-case-v1:42c9535adc263444e4afb0d12cd4a04d05bba852c3894b1d9cd54ee0628d63fd,sympy/sympy,108605.284799,4,repository_log_shrink,117536.26251668733,True
django__django-13410,assignment-case-v1:438747af686f2a9ca93d75b04c2c9ad5ad87c212973fe42552f712f391f49e07,django/django,125808.27007,4,repository_log_shrink,137555.9905503444,True
sympy__sympy-16597,assignment-case-v1:45d10ac0bc82f763a8ce308170eb2ff2041f2b35d300f738d7236543a9e8e3ed,sympy/sympy,81692.255594,4,repository_log_shrink,117536.26251668733,False
sympy__sympy-23191,assignment-case-v1:4793868ce5aa70d5578aa92d2383adae7d918c3816ff7039e0491df9be3c4100,sympy/sympy,118181.853207,4,repository_log_shrink,117536.26251668733,True
django__django-11138,assignment-case-v1:486cf8ad6adda774d315acdd1dc0c80f54cf60c1ef903ecb371971e4abdefa0c,django/django,98022.766709,4,repository_log_shrink,137555.9905503444,False
django__django-14351,assignment-case-v1:48b4293203f97dcc78e274ca3ec1463203ede2e0f2e461115733080a17a6970a,django/django,96498.442479,4,repository_log_shrink,137555.9905503444,False
django__django-11815,assignment-case-v1:49f2c3cea4e480dd864ef985d15c78fbc8634536c78aa2ebd5af24b1945d04e1,django/django,205895.923425,4,repository_log_shrink,137555.9905503444,False
sympy__sympy-23191,assignment-case-v1:4ad6f9809603d99ac4c6793aa20511487d6fd648e31a83d179dc3233778dded9,sympy/sympy,125521.572429,4,repository_log_shrink,117536.26251668733,True
django__django-14351,assignment-case-v1:4d7478766defc938e6da3449bbd5fa2218ca47630f84b9e9ce618f8312d3913a,django/django,102008.852832,4,repository_log_shrink,137555.9905503444,False
django__django-14404,assignment-case-v1:4efefb0ab50dd274ea71b10d87d7eedb3fbf7ddf68a18bb6ee3d300ad9e30864,django/django,122067.397902,4,repository_log_shrink,137555.9905503444,True
django__django-15202,assignment-case-v1:512cb93857a97a7cbf22dbbc844cd4832e08665bccd17325495b900737efcab7,django/django,173589.228368,4,repository_log_shrink,137555.9905503444,True
django__django-14351,assignment-case-v1:5288165d1b5b439579ec6af622e45bc549457135c6a67becb06ef6e80ffc66d9,django/django,120807.759226,4,repository_log_shrink,137555.9905503444,True
pytest-dev__pytest-6116,assignment-case-v1:52a795f368d985eaa1279d7208177c88e95df1ebdb9b28b955c4473cf7e22a9c,pytest-dev/pytest,100363.088045,4,repository_log_shrink,135438.2217492836,False
sympy__sympy-23191,assignment-case-v1:551b8929e52f41dd3c0f7da18e22b17a4934b7fc083dc6b577a2fa35efcf24ae,sympy/sympy,102476.993873,4,repository_log_shrink,117536.26251668733,True
django__django-14351,assignment-case-v1:554f81f81d2cd4fda5954ef93833d98e48138ed11af505781fa7d90b31218372,django/django,152573.765385,4,repository_log_shrink,137555.9905503444,True
django__django-14771,assignment-case-v1:55c11565d8b9a5ca8e35ec65c8633420a591541a3b45e638ea830259085789b4,django/django,110652.275019,4,repository_log_shrink,137555.9905503444,True
sympy__sympy-23191,assignment-case-v1:57189ebdaf0e2c4371ff8e8ecd18c9dc4161e280188fd19c40a8c36ef27501cc,sympy/sympy,171088.815025,4,repository_log_shrink,117536.26251668733,False
django__django-14351,assignment-case-v1:5821185cc481582a3883542eee9eb03ef3a812a91c1125d171c56e49010b4446,django/django,107326.243205,4,repository_log_shrink,137555.9905503444,False
django__django-14351,assignment-case-v1:5888ac8a92320faeffca27b25638677bd4ebacef4820905aec782824a30e3322,django/django,150857.544894,4,repository_log_shrink,137555.9905503444,True
django__django-11099,assignment-case-v1:59604633a272b14d29fce6c29c559ee397635d2fe45beac5d146f0d8ab79d93a,django/django,133932.258691,4,repository_log_shrink,137555.9905503444,True
django__django-13807,assignment-case-v1:5ab50c034a3dde223c9184d0d8c8f540cb9674394ac9b855304b7ecd8420c9d0,django/django,119857.95774,4,repository_log_shrink,137555.9905503444,True
sympy__sympy-23191,assignment-case-v1:5c5a0e285d5e81101e103952be5017aea69db638fd45ed31fc682b9b6580a659,sympy/sympy,112813.626377,4,repository_log_shrink,117536.26251668733,True
django__django-10924,assignment-case-v1:5eaf5e44890b026902d439f2efde3618d4e01485de435b5b245fa400e68a42f1,django/django,154534.275269,4,repository_log_shrink,137555.9905503444,True
django__django-11555,assignment-case-v1:5f48890d11aca76b33783bd13fa7296c21159fb29942efad506dfe73a9df7cb3,django/django,114148.547315,4,repository_log_shrink,137555.9905503444,True
django__django-11815,assignment-case-v1:613968df89222098c54cf6bc72d7eeed81207507864e949f206b28fa353ae405,django/django,152421.953463,4,repository_log_shrink,137555.9905503444,True
django__django-12708,assignment-case-v1:64929221fd5dfec1713e8b40bd068a43949bd00cc7ce15f53557ac394678fb5c,django/django,117002.214371,4,repository_log_shrink,137555.9905503444,True
django__django-12113,assignment-case-v1:67eea6c14dd2f70aae50a187410eabb16398036f60c7480d53befbc15abb6abc,django/django,232226.331645,4,repository_log_shrink,137555.9905503444,False
django__django-16527,assignment-case-v1:68442e8f5b5b4b7f0657dca5e0e7d895052d574eb1eac2439388ba801d6ed26d,django/django,136375.904129,4,repository_log_shrink,137555.9905503444,True
sympy__sympy-23191,assignment-case-v1:69c649001031fca9d5e35d301db93125e9e6fc9844309e022446f34e4e74bd23,sympy/sympy,51920.753879,4,repository_log_shrink,117536.26251668733,False
django__django-13660,assignment-case-v1:6a9e3d61d94cfd54bee06859dbde5528221601a3c1c156c5a3d6e26fdec0c23d,django/django,107805.077776,4,repository_log_shrink,137555.9905503444,False
django__django-16408,assignment-case-v1:6eaa0843d9869c3a3e4daba0d6f9a507ac21cfacaf47d98dbf9aa740611213e6,django/django,123662.089923,4,repository_log_shrink,137555.9905503444,True
sphinx-doc__sphinx-8459,assignment-case-v1:725509c8de715e2420b73c4d48ebcae82c75def6c68b8a40414305406f59d4cf,sphinx-doc/sphinx,83256.509863,4,repository_log_shrink,128145.11045912006,False
psf__requests-1766,assignment-case-v1:729107455469616282318e67e6e6125408f3cf28964cd048f9c800ce02e69a7e,psf/requests,168406.072377,4,repository_log_shrink,140015.81275255323,True
django__django-16256,assignment-case-v1:730a630220c7d92b269ec1cbd855c688941c1b7cb4a307cf29710547e2aba432,django/django,1068478.22039,4,repository_log_shrink,137555.9905503444,False
django__django-15320,assignment-case-v1:7374c7c738edb2381a817a93387f5b08b1883936ab93756097d2ea6bb220870c,django/django,105681.702011,4,repository_log_shrink,137555.9905503444,False
sphinx-doc__sphinx-7910,assignment-case-v1:752cd4703d4100506d1f9a5e65ca63fb2e5c5e150b27b3d6408a530e9d646ade,sphinx-doc/sphinx,184969.765211,4,repository_log_shrink,128145.11045912006,False
django__django-13810,assignment-case-v1:7593042d206fe77eb7a942424ee401a14a443b6794284bb9ca63eb4cb076eb80,django/django,124452.596539,4,repository_log_shrink,137555.9905503444,True
astropy__astropy-14995,assignment-case-v1:77d428ed98d5a118cd6e81c8693f3a45181e8bd21870a6b0bce11c278a0d9832,astropy/astropy,121452.014845,4,repository_log_shrink,136177.4931734738,True
matplotlib__matplotlib-24265,assignment-case-v1:7861eccebbc54b8383894a3ddb5f92399afeee80793af8ebd112dbfe884bf480,matplotlib/matplotlib,133911.126413,4,repository_log_shrink,166459.29840418254,True
django__django-15268,assignment-case-v1:78e12fa9ff4067664f162a63af390cc44857f988a954f0abe118661b11bda92c,django/django,143634.492667,4,repository_log_shrink,137555.9905503444,True
astropy__astropy-13977,assignment-case-v1:7a302ad31c3fdc416152a8a7f5dbdd89361c83e0d4ea0d51d87723daa05da37f,astropy/astropy,103176.548518,4,repository_log_shrink,136177.4931734738,False
scikit-learn__scikit-learn-14053,assignment-case-v1:7f8c7e9c4075be3456d433ad283adbd24cae1c6970ac47f5f207a3ab20f94e9e,scikit-learn/scikit-learn,126087.46742,4,repository_log_shrink,136844.60599393264,True
django__django-16256,assignment-case-v1:80fb0d2acf1dc547db524d1eec160db9efc0a36bc92d049937c9661a2b117cfe,django/django,103985.259859,4,repository_log_shrink,137555.9905503444,False
django__django-11620,assignment-case-v1:817603479dd48aeea5b7295b83588ce5d410d0decd5a2a8206a2ccb656da413b,django/django,167165.078752,4,repository_log_shrink,137555.9905503444,True
scikit-learn__scikit-learn-13584,assignment-case-v1:820253cf4198d82d5167a7d9302218c57e81e3732ba36c4bf99f98509ad75ba4,scikit-learn/scikit-learn,101304.027272,4,repository_log_shrink,136844.60599393264,False
django__django-16256,assignment-case-v1:8324403bf4ab42db38a4237a3e683ac5b256e4800f3fef9af8fd20c1ed787179,django/django,136024.297758,4,repository_log_shrink,137555.9905503444,True
django__django-11815,assignment-case-v1:843a5d2960de51cdf8f46c9cb42421ca056c45f4cac99c1e75690e9f0552e0b0,django/django,133467.136693,4,repository_log_shrink,137555.9905503444,True
mwaskom__seaborn-3407,assignment-case-v1:84cd06ec58b90cb6d62e69d4b020d8bd0e6bf83a81c01c049d1ce7d8113de7e9,mwaskom/seaborn,172018.815598,4,repository_log_shrink,134183.9280822549,True
astropy__astropy-7166,assignment-case-v1:85a80e46cd63390877eec84a78f638483c9eb421090a709d0309d7ce56b29aed,astropy/astropy,134380.961956,4,repository_log_shrink,136177.4931734738,True
scikit-learn__scikit-learn-13241,assignment-case-v1:86484410dbfedd5cab716cfd64c0f91e85a5841d96f2415a47d6f204f202d07b,scikit-learn/scikit-learn,149353.670416,4,repository_log_shrink,136844.60599393264,True
matplotlib__matplotlib-20488,assignment-case-v1:879033569cedd72ef09ebba4397ead58e7a2064500a8013155d2d1f6196f1f70,matplotlib/matplotlib,169059.014656,4,repository_log_shrink,166459.29840418254,True
scikit-learn__scikit-learn-13584,assignment-case-v1:87fd12b63af31c6868e10f5c4ae6cdbdc3183ba5c46e63683b2b8c4822df9d90,scikit-learn/scikit-learn,99978.445087,4,repository_log_shrink,136844.60599393264,False
sympy__sympy-18698,assignment-case-v1:884a53bcdccb8a4b1ef007c168aeca5f79a51ed365a92421b6b3cb814882d8b4,sympy/sympy,75554.561079,4,repository_log_shrink,117536.26251668733,False
django__django-15987,assignment-case-v1:88c6826fc97f803a02c904c273c6c2b92cda59b9c91d30e4e17d4a30cf2f097a,django/django,151040.901979,4,repository_log_shrink,137555.9905503444,True
django__django-13158,assignment-case-v1:8967b82c445541d914667dacafe1c91d1090a53022ac228f6b8f53f4f0edb5f4,django/django,1309406.510747,4,repository_log_shrink,137555.9905503444,False
sympy__sympy-14248,assignment-case-v1:8baced33b66ab4f395268370adebfd1b7769cf40ff1006e5c20b137fec15726d,sympy/sympy,87385.658458,4,repository_log_shrink,117536.26251668733,False
sympy__sympy-24102,assignment-case-v1:8c24993b52f456fe79319e43e6466c8e777ecdd8fdd6818d3306279bc8226a9d,sympy/sympy,118792.409323,4,repository_log_shrink,117536.26251668733,True
sympy__sympy-23191,assignment-case-v1:8e153d7385ffcd40fe36c420c932998b71e2875a9969d55abc94c3b683c394d6,sympy/sympy,98838.75605,4,repository_log_shrink,117536.26251668733,True
django__django-11815,assignment-case-v1:8e7e4a75b338b3d50cf7a5da39c95b546e320418830755faa26136672b4220d1,django/django,143485.992548,4,repository_log_shrink,137555.9905503444,True
scikit-learn__scikit-learn-13584,assignment-case-v1:8f19fdec99611f442997b50f8ea2cdf17f0f9dc1915106f63290fbdd8ad77bdd,scikit-learn/scikit-learn,112535.665225,4,repository_log_shrink,136844.60599393264,True
scikit-learn__scikit-learn-13584,assignment-case-v1:91d84155cb8709f4e7d417f19ddf10e019a93cc382befec72b0f67557c2bb60a,scikit-learn/scikit-learn,63309.372018,4,repository_log_shrink,136844.60599393264,False
scikit-learn__scikit-learn-15512,assignment-case-v1:91f20cfbff27367fb5fcea5480ca07c595ea8c5ebfc96b18e439a0bc751307d5,scikit-learn/scikit-learn,148189.299413,4,repository_log_shrink,136844.60599393264,True
django__django-16032,assignment-case-v1:942d4b9b3137a84272f46d1f62b9f7749fb7bf082461a2efc3dd3b161788c69f,django/django,94599.252673,4,repository_log_shrink,137555.9905503444,False
django__django-13128,assignment-case-v1:97414efb5f5c55ca0a3d649d7c11511d9a6d69bdfc7add80f0cb066166b83b7c,django/django,130779.137179,4,repository_log_shrink,137555.9905503444,True
django__django-14351,assignment-case-v1:974b50b95bf3c463f64e07953fd787bd5439ed580fe9d2300e63103520b10d92,django/django,113144.564399,4,repository_log_shrink,137555.9905503444,True
django__django-11815,assignment-case-v1:9911f9f61d30c5f7793110b177e39f72b879750695dd527502eb8a8ec4d7fe52,django/django,105464.7227,4,repository_log_shrink,137555.9905503444,False
django__django-11099,assignment-case-v1:99435b896d3b81b583e405eac609fce6050a29ba713dbd88a6afb15d2b8c872d,django/django,172382.48062,4,repository_log_shrink,137555.9905503444,True
scikit-learn__scikit-learn-13497,assignment-case-v1:9a9727379935b065dc8bf627ac949de1156463de8b946916f6f374a9fb3e643d,scikit-learn/scikit-learn,119666.565642,4,repository_log_shrink,136844.60599393264,True
sympy__sympy-15345,assignment-case-v1:9af15000c41058d2863d42753b43d4419f8f83fdeff84281808f1605f0562d43,sympy/sympy,129582.664789,4,repository_log_shrink,117536.26251668733,True
astropy__astropy-14096,assignment-case-v1:9c52e80d1293b2f33b6b8e21e3ce977fdf188b55561ed3ad0bf0897d21f75219,astropy/astropy,129996.911572,4,repository_log_shrink,136177.4931734738,True
scikit-learn__scikit-learn-13584,assignment-case-v1:9d57ad035401c3efa47531ff497573dbefd3187f318f55a1557c8dbe5f53473e,scikit-learn/scikit-learn,113866.145224,4,repository_log_shrink,136844.60599393264,True
matplotlib__matplotlib-23314,assignment-case-v1:9e30d6a9093a4aca04e4b977834fc9fcdb41efa04e746202a51d0298cdd78211,matplotlib/matplotlib,202098.943727,4,repository_log_shrink,166459.29840418254,True
django__django-16256,assignment-case-v1:a04fd5354ba61d5fe8640fd1a1b3d2020e593166aa819c64910e24b85269f846,django/django,172175.631504,4,repository_log_shrink,137555.9905503444,True
django__django-15695,assignment-case-v1:a1d00bbc4240f49ed5b150eb900e9d2800c14d8e0744d6129af7f5268b13a2b4,django/django,163991.255602,4,repository_log_shrink,137555.9905503444,True
django__django-13964,assignment-case-v1:a1ea7409094d8641be55f5319cd3fc0b0a32d145f121edad36ba66e0f69945c8,django/django,992417.263218,4,repository_log_shrink,137555.9905503444,False
pytest-dev__pytest-7324,assignment-case-v1:a1ed9f5d6de77ffd4083d61c45e8ec1fd17aab4fae782b401e62eb6c03424649,pytest-dev/pytest,114353.298829,4,repository_log_shrink,135438.2217492836,True
pytest-dev__pytest-7490,assignment-case-v1:a455f84b8a8a98922d0f0d878b5e9a547a4ded1a67d36d797be882c1ab45bf0c,pytest-dev/pytest,113616.172684,4,repository_log_shrink,135438.2217492836,True
django__django-13401,assignment-case-v1:a7d226a48a98da2425f80cb37942238f1d60e79b062397ff43584e4819510e4a,django/django,129141.892462,4,repository_log_shrink,137555.9905503444,True
astropy__astropy-7606,assignment-case-v1:a8ef5c1d6888807d84235d8f1bacbae74c6af6d55c165526955ddb048f727fca,astropy/astropy,126456.911351,4,repository_log_shrink,136177.4931734738,True
sympy__sympy-15345,assignment-case-v1:ab4cc527a1c8e5293bc636527c6125a06ab2772a614ceb7669ef33ec40576238,sympy/sympy,102975.935283,4,repository_log_shrink,117536.26251668733,True
django__django-15695,assignment-case-v1:ae549aff6c0094d1775816e1a13e009769fdb515c4cde2932543a0d2ca687984,django/django,159279.72513,4,repository_log_shrink,137555.9905503444,True
django__django-12273,assignment-case-v1:af0504e6122e45b5694ecead62a7b9ca8216208f3a7b6a1e602ac4daddd07e04,django/django,191864.179431,4,repository_log_shrink,137555.9905503444,False
matplotlib__matplotlib-23314,assignment-case-v1:b1587275431d9c1e493c311f012e0a502bd71a84e52f37173ace94fa9ba0a488,matplotlib/matplotlib,320175.371485,4,repository_log_shrink,166459.29840418254,False
sympy__sympy-15809,assignment-case-v1:b4d42d0ff481720777fac78d45e7cd1d6ba82aea8d6e048b87e468b31c52be49,sympy/sympy,89230.778023,4,repository_log_shrink,117536.26251668733,False
django__django-12708,assignment-case-v1:b53269e4a45706f0ffc80c40f6f423a032eb522ef2829425335a3ca26f655302,django/django,115794.753839,4,repository_log_shrink,137555.9905503444,True
scikit-learn__scikit-learn-13584,assignment-case-v1:b5cc486ac2a296da3b1c7ee978532d1e476b93ee0b35bf0c15ce682349257fd5,scikit-learn/scikit-learn,98862.778097,4,repository_log_shrink,136844.60599393264,False
django__django-15347,assignment-case-v1:b67fa6aafa63ccdd9f1bdda069beb32f68949bb906851f999580221483462549,django/django,137819.555598,4,repository_log_shrink,137555.9905503444,True
django__django-15280,assignment-case-v1:b777d74a80a10389320b35f438b5aa85bc5088faed1efa32fb44aad1e1fe15d9,django/django,109847.892892,4,repository_log_shrink,137555.9905503444,False
django__django-11885,assignment-case-v1:ba2f3eb01a65806f6af23acc172c9a2280d5ab9ad68eae4a4471e01bab9898d6,django/django,153136.355608,4,repository_log_shrink,137555.9905503444,True
django__django-14351,assignment-case-v1:bb1bef986dc55d547d8b57702c66369afda621973e86c1020eab4068546e1416,django/django,132262.802794,4,repository_log_shrink,137555.9905503444,True
django__django-10914,assignment-case-v1:bb92fe709b9c5038de54895100bc11f897b5aa00a94f517e86a0c1f440422520,django/django,150288.703458,4,repository_log_shrink,137555.9905503444,True
django__django-11815,assignment-case-v1:bc4b05d5f13625e58de7d418823c9db2e7bf50f6cc17f599bf180382502803ca,django/django,259309.75076,4,repository_log_shrink,137555.9905503444,False
sympy__sympy-24066,assignment-case-v1:bd163ea6b8b68798a450445067c538fa8c946bb74c55fd263f9006194d21db30,sympy/sympy,178801.53862,4,repository_log_shrink,117536.26251668733,False
astropy__astropy-14995,assignment-case-v1:bd9a5f86f225b75a329ec80978e730b5f7a0c8c8db143b425d5d1a84cec7ccc7,astropy/astropy,241798.517391,4,repository_log_shrink,136177.4931734738,False
django__django-16256,assignment-case-v1:bed30dac43776650dd4b8d4b7f993650a5aab3b4f8bb50ac89c420510b889cb3,django/django,148807.636886,4,repository_log_shrink,137555.9905503444,True
mwaskom__seaborn-3187,assignment-case-v1:bfdaf4b0b48fe179cde4ca9c34d5a6b282094c0705afa55befda6bbebf441006,mwaskom/seaborn,201139.028644,4,repository_log_shrink,134183.9280822549,False
sympy__sympy-22714,assignment-case-v1:c0efde6fdb3a807f1ca03033b18689273e237a22a6709af4a9e3054d89432f2b,sympy/sympy,101934.370543,4,repository_log_shrink,117536.26251668733,True
sympy__sympy-18087,assignment-case-v1:c3025c2ef4adea178414707d7a35c1eab3632cb5651189308089daaece2d14cc,sympy/sympy,47735.227222,4,repository_log_shrink,117536.26251668733,False
sympy__sympy-15609,assignment-case-v1:c36a612a784baff8f799467c54fe3574b7bca5778339d7a9b00f00bd4a927a71,sympy/sympy,112641.484147,4,repository_log_shrink,117536.26251668733,True
astropy__astropy-14598,assignment-case-v1:c42969813ab98d3788e643d3f47d59a358fed008b074d4c882347e7e5f9d0ffb,astropy/astropy,160007.40483,4,repository_log_shrink,136177.4931734738,True
sympy__sympy-18763,assignment-case-v1:c65fe18ade7200073c516210d6bc53167d9d15632cefa4988c9acff2a8ecec4e,sympy/sympy,91846.968179,4,repository_log_shrink,117536.26251668733,False
django__django-11265,assignment-case-v1:c9e8f96f666081cde813b7c1b561b601d24c98a63a7ae1a667cc590453a1bc17,django/django,92004.931586,4,repository_log_shrink,137555.9905503444,False
django__django-13212,assignment-case-v1:cb376575c658644e91d55b5e702641704027686f1fef91366964d0fb4cd08f23,django/django,130149.191572,4,repository_log_shrink,137555.9905503444,True
django__django-11049,assignment-case-v1:cb7048bd6f9c166ce005ace1033d5e7d5187e913be84cd0820b57a58cd0bbc7b,django/django,124143.292567,4,repository_log_shrink,137555.9905503444,True
django__django-13195,assignment-case-v1:cbbb5f692fca99b2710f9b10385b838c5b2bea5d3a0df3173c79a0d74f8448ce,django/django,152737.985885,4,repository_log_shrink,137555.9905503444,True
django__django-16642,assignment-case-v1:d25586467f9f2149a0cd5bea6433342706aa79348fb0c6f5e2ff7b5efb13872d,django/django,107181.107937,4,repository_log_shrink,137555.9905503444,False
scikit-learn__scikit-learn-13584,assignment-case-v1:d3171c886b7e4dee907fd1299bf28a89f15af982571fdbf1834b3fbb97246c5d,scikit-learn/scikit-learn,102266.184608,4,repository_log_shrink,136844.60599393264,False
scikit-learn__scikit-learn-13584,assignment-case-v1:d89777024654b230d623eca4dd4ecc002dab80eba3278f47f42be0175ce16e89,scikit-learn/scikit-learn,95409.501581,4,repository_log_shrink,136844.60599393264,False
django__django-15061,assignment-case-v1:db6ca197fb5edb1eafeebd43693f62d9a79744e7366859280b68f33404396a38,django/django,153788.274934,4,repository_log_shrink,137555.9905503444,True
matplotlib__matplotlib-26208,assignment-case-v1:db9bb5b00f9b3e40f504e29f5c2d63166216918214ef84328b5e929cfd7fdad8,matplotlib/matplotlib,162626.969553,4,repository_log_shrink,166459.29840418254,True
django__django-11490,assignment-case-v1:dcb72a6797080ae7e58ba82d9719ebb377d89e064d86435d574bf4c63f088a5a,django/django,143091.162145,4,repository_log_shrink,137555.9905503444,True
django__django-14493,assignment-case-v1:dde138aec895c494f00a48afe443f5d1efc12fd364f24340a674c042213bc943,django/django,124216.181581,4,repository_log_shrink,137555.9905503444,True
sphinx-doc__sphinx-8282,assignment-case-v1:ddeeb3d8eb88f8804597271f77bccfc883fe3f6d3fd1cb0919b0ce097dd66959,sphinx-doc/sphinx,109566.417205,4,repository_log_shrink,128145.11045912006,True
scikit-learn__scikit-learn-10297,assignment-case-v1:dfb3cc098307acacc57089da49193dcfe17d6ad9866ed690a4343f2ac25bb084,scikit-learn/scikit-learn,130000.838056,4,repository_log_shrink,136844.60599393264,True
django__django-11815,assignment-case-v1:dfdc5aa67519637d08f6c219233606201cb257512fbbf0e91973776f7a932e0b,django/django,150348.17373,4,repository_log_shrink,137555.9905503444,True
django__django-16256,assignment-case-v1:e112ec09774c7765de4bde455c4f695b81afedaf61afaf7a2367e1d666480c5d,django/django,123215.345352,4,repository_log_shrink,137555.9905503444,True
scikit-learn__scikit-learn-13584,assignment-case-v1:e19d0cd61641bbac4fa0fb4aab76233df0c49ad0a47e77ca1bcb49e4390a1c47,scikit-learn/scikit-learn,119853.985997,4,repository_log_shrink,136844.60599393264,True
django__django-16116,assignment-case-v1:e24c9b60fa819f46e7fa04b15ee46a41184e7852fce39fa705df63e2853b69fb,django/django,94385.955392,4,repository_log_shrink,137555.9905503444,False
scikit-learn__scikit-learn-13584,assignment-case-v1:e26b953b8a6af52439219422938a0a24c367f2a76769cbfb57d94abdac4adb93,scikit-learn/scikit-learn,111591.466145,4,repository_log_shrink,136844.60599393264,True
django__django-14155,assignment-case-v1:e3141317086e0fea67faa9aa4c06315bebddfc0ca49f5655927cfee638f19f57,django/django,114589.417339,4,repository_log_shrink,137555.9905503444,True
django__django-11815,assignment-case-v1:e3ed706fed697cce1b7352bf7e01103d12da4d0527cf108304ecdc37e2fb855f,django/django,129466.305436,4,repository_log_shrink,137555.9905503444,True
sympy__sympy-24539,assignment-case-v1:e55921dd6a9280a7c83fe90742330deaf3694f706563f3bde736f92978caf8b1,sympy/sympy,96742.665986,4,repository_log_shrink,117536.26251668733,True
sympy__sympy-23191,assignment-case-v1:e84c42f58d87814515712cd4175938a1777e453bccc313bedc2cd8d81c54aa2d,sympy/sympy,104242.761155,4,repository_log_shrink,117536.26251668733,True
django__django-14667,assignment-case-v1:ebbe0c2bfa75cefd8afda1e98d0637f92d5a59c5eddaadaf1d3aed3c6c0e5e5a,django/django,127952.762305,4,repository_log_shrink,137555.9905503444,True
django__django-16256,assignment-case-v1:ed2d265372ed9f6f4713b853f00671e6e9f3732c5ae24c73bda9787f84f2f274,django/django,127736.820716,4,repository_log_shrink,137555.9905503444,True
django__django-14351,assignment-case-v1:ee469232595b108e12fa6d709b7e3dccf367b44655ea7b834b80f84806c659bb,django/django,142070.778195,4,repository_log_shrink,137555.9905503444,True
django__django-14351,assignment-case-v1:eec913bb1fcee2034f9b8f41e51ae2f978c327250e5c912ecc1497e2bc874a71,django/django,55529.480144,4,repository_log_shrink,137555.9905503444,False
django__django-10914,assignment-case-v1:f00ccb5d293f81f52229cf10b6036ee73903cb4bbc1540ae5afe95bc960d04af,django/django,205747.323644,4,repository_log_shrink,137555.9905503444,False
django__django-16938,assignment-case-v1:f11e018669284ec8ee050991d068c46b443af70590e9abd4afe77a6a1063c068,django/django,164073.378115,4,repository_log_shrink,137555.9905503444,True
django__django-16256,assignment-case-v1:f1593780e4e9aff2d5772b52f016f15ed4d9facd15a692bc3f1d0a783b9e5d87,django/django,124403.178193,4,repository_log_shrink,137555.9905503444,True
django__django-14155,assignment-case-v1:f1f7abbd07d92360ad329b832f209e9e9a6901162dbb61e6bc20263382bb5750,django/django,141411.108725,4,repository_log_shrink,137555.9905503444,True
django__django-16256,assignment-case-v1:f2ed310c9357fad0215861f78bf3e1cb483eac9c6b47a39f40663ef5acb52617,django/django,132490.367243,4,repository_log_shrink,137555.9905503444,True
django__django-11815,assignment-case-v1:f54c472786c38f53968efdddeeafa00c11fead732d118257053f33d42b913b11,django/django,114041.599959,4,repository_log_shrink,137555.9905503444,True
django__django-16256,assignment-case-v1:f5f1eff2ad27391ef4cdf20fa2a903f5574b4af426d52ba9f940fead575a08f4,django/django,54287.267415,4,repository_log_shrink,137555.9905503444,False
django__django-11815,assignment-case-v1:f61f392239c79a4da8e54e9fb813ac74e41b7ae264093db82f105f79aad980c2,django/django,145269.579217,4,repository_log_shrink,137555.9905503444,True
django__django-15790,assignment-case-v1:f6982513b6d62485fdf626518a5f021e33fc58c4d54be1f4bd0de1758ee58fec,django/django,118269.054514,4,repository_log_shrink,137555.9905503444,True
django__django-13964,assignment-case-v1:f6cd4c89889727fdcb8d7cda2ec7f4c6107a02c29481ea3092562944089b0583,django/django,134493.359641,4,repository_log_shrink,137555.9905503444,True
scikit-learn__scikit-learn-13584,assignment-case-v1:f8d6893ed1f2292868d6194f9960bb24d46cb21079d89f9caf1cff03dfa2e2e7,scikit-learn/scikit-learn,122508.50897,4,repository_log_shrink,136844.60599393264,True
django__django-14351,assignment-case-v1:fb5b58d2065f9cb7fa3584b0954e9e2e99193569513cf46506606b8f6745648d,django/django,100786.736783,4,repository_log_shrink,137555.9905503444,False
django__django-15851,assignment-case-v1:fce63cf4fd1c36f01cf62c19b7105e9a6f732e92dea73a8319aae114bc2966eb,django/django,174508.663968,4,repository_log_shrink,137555.9905503444,True
pytest-dev__pytest-7490,assignment-case-v1:fd586d6bbf8de140ea87fac3132c4ab889fc28b460b6792a4d9b673be4b7b6bc,pytest-dev/pytest,168594.208044,4,repository_log_shrink,135438.2217492836,True
django__django-12856,assignment-case-v1:fd9e97538667718ec28cda5bfd4f7266d72a4502f81d29ce50e2f6754dbff0ab,django/django,118246.171594,4,repository_log_shrink,137555.9905503444,True
django__django-16256,assignment-case-v1:ffe8a2c3613c3da7b443b805dac5838da048ede22b197542531638fedf2e527c,django/django,1347129.159161,4,repository_log_shrink,137555.9905503444,False
django__django-17029,assignment-case-v1:00a98b5222ae0b560df13973a829033e022f789411689a76c75c86185ecdf799,django/django,109868.087849,0,nested_selected,125970.234473,True
sphinx-doc__sphinx-9367,assignment-case-v1:019e48545f8b4df6e16f54adb67988818100bf35c86f89c3f00cbb7d56f210d5,sphinx-doc/sphinx,78775.093025,0,nested_selected,125970.234473,False
sphinx-doc__sphinx-9367,assignment-case-v1:03f146f02750595e40d79df3736614566ddc3784d5a583c40762ce12b292f7aa,sphinx-doc/sphinx,89869.912492,0,nested_selected,125970.234473,False
django__django-17084,assignment-case-v1:05ceffc69c44e8fbeeceffda66a28f24d25ecaae234d55bc34e74002a10189b8,django/django,140082.16595,0,nested_selected,125970.234473,True
sympy__sympy-21612,assignment-case-v1:0645b1a474b4d2ddb9f4ca771dd1c29d5550846e02b8c5569eae688b3ffe0898,sympy/sympy,105229.008302,0,nested_selected,125970.234473,True
django__django-11603,assignment-case-v1:06f08a392b6dfcb683338b13de748457832dfeb21655d9b578f204559b451988,django/django,149505.44073,0,nested_selected,125970.234473,True
sphinx-doc__sphinx-10325,assignment-case-v1:0794c7d7114d1fed3e281106f47ad72592749f0ad5fbb303144ebba8980f9f22,sphinx-doc/sphinx,109182.616998,0,nested_selected,125970.234473,True
sphinx-doc__sphinx-9258,assignment-case-v1:08c0c23e0d7261698b168d4d12d8ca939a628500b3a57765b5dfe05eb9655526,sphinx-doc/sphinx,105785.09635,0,nested_selected,125970.234473,True
django__django-15161,assignment-case-v1:14fd65389b798724dfa7d28ee48ca19db7ad1d818d9a494769e3b7a25199c538,django/django,134711.798726,0,nested_selected,125970.234473,True
django__django-13757,assignment-case-v1:15334bfc89a03314b3ebd304df04f6d05d14f1fd7a6b48f4b7d79e81fa44afab,django/django,144414.846995,0,nested_selected,125970.234473,True
django__django-15368,assignment-case-v1:163326e2370fa3b7576c2c9deed060009d17922afe8e6d25f084b5f27b0260bd,django/django,146709.762712,0,nested_selected,125970.234473,True
astropy__astropy-14539,assignment-case-v1:164bc0089deb9287c43c4a4705f118e8b0201a4c0a950759f3df3f1301d664df,astropy/astropy,124057.550482,0,nested_selected,125970.234473,True
matplotlib__matplotlib-25311,assignment-case-v1:17d40e3e61622392a4d701107cf550578a53a447bcd9b05150c87539eff8b146,matplotlib/matplotlib,241389.287851,0,nested_selected,125970.234473,False
pydata__xarray-3364,assignment-case-v1:17e6cc971acecd406a23c9efb228baad37bd4ab10af24bdd57395821624636d6,pydata/xarray,111391.930489,0,nested_selected,125970.234473,True
sympy__sympy-12454,assignment-case-v1:19e2c904ef7dc98416d35e6c4d5cb3a104756896961c0ea99069fbbc8770c7e7,sympy/sympy,122484.638289,0,nested_selected,125970.234473,True
sphinx-doc__sphinx-9367,assignment-case-v1:1ac2da9869eea123af154477ae8e850112af3dac066a74569b8e0474557584d6,sphinx-doc/sphinx,113560.885615,0,nested_selected,125970.234473,True
django__django-11797,assignment-case-v1:1c5e3fc85a6bca3a0f7b39f001b3513d732efc4f30964e1fb2f4c7f6371263e5,django/django,108174.07589,0,nested_selected,125970.234473,True
sympy__sympy-16766,assignment-case-v1:1e57ed8cbe9c079cc393dc000de30cb7d86203b27290a90676913a094f4ef8b7,sympy/sympy,85153.815807,0,nested_selected,125970.234473,False
sphinx-doc__sphinx-9320,assignment-case-v1:1e704f3dac66227ff332c1e00e345643f6f71903fc8d4abb80b9e05f5fcdf528,sphinx-doc/sphinx,171060.489958,0,nested_selected,125970.234473,False
sphinx-doc__sphinx-9367,assignment-case-v1:223b6fb1f9d809804e7d74392aa3025c65c1b37f5842c1990fe3048c91cd6559,sphinx-doc/sphinx,146681.187964,0,nested_selected,125970.234473,True
django__django-13449,assignment-case-v1:22ae18f2fbe436543d0916eaad9d9ffa13f7804cf829f1f381cb1b665bb998dd,django/django,97095.837014,0,nested_selected,125970.234473,False
astropy__astropy-13398,assignment-case-v1:2372969c8194ef2010619926722b6e51db6cee21071e65c3d7d033e953077c32,astropy/astropy,90346.071418,0,nested_selected,125970.234473,False
scikit-learn__scikit-learn-13439,assignment-case-v1:23e27af45d332d0cb03a987761ca95867b4f0834b68f5db5a4893e285b09c299,scikit-learn/scikit-learn,127870.423014,0,nested_selected,125970.234473,True
sympy__sympy-13471,assignment-case-v1:26f9e0c2b3178fd2348934969e7aba249ca1e66dc98c0d5eb0142b772da93b94,sympy/sympy,140560.580627,0,nested_selected,125970.234473,True
sphinx-doc__sphinx-7975,assignment-case-v1:2a2115c55922e05bdf428596a2c83e2b7666a56636533c7c3e5fd21a8e6fddfa,sphinx-doc/sphinx,131844.371236,0,nested_selected,125970.234473,True
matplotlib__matplotlib-25287,assignment-case-v1:2c871eee6b0a67302561bb1ecdb3964e78d649b218d06416f445da253acd0db8,matplotlib/matplotlib,232087.162518,0,nested_selected,125970.234473,False
django__django-16485,assignment-case-v1:2f43a31584da47ec75675b3829ba3ddad44e547ccf1b4fbaa6f390ba7a22edad,django/django,93269.324801,0,nested_selected,125970.234473,False
django__django-14373,assignment-case-v1:31d35f0150d9a567a479771105e030471485a1f467b99d5ac32e78a42b3d3aec,django/django,117251.96435,0,nested_selected,125970.234473,True
pallets__flask-4992,assignment-case-v1:33d371a5d1ab02146b95fcc4d7bc4f4c8177fcd26bf4a5f844f19478afd9f276,pallets/flask,148757.605752,0,nested_selected,125970.234473,True
django__django-13343,assignment-case-v1:34df16ce0905e2471bfe3a41e4c26ebbc02be5ad9448da346bdafcbd18d0322e,django/django,159771.980563,0,nested_selected,125970.234473,True
django__django-15731,assignment-case-v1:367670b7e7c1e795fdd7c2bf813d8dfa1562aa658e4c9130b18ee3ddc681ac3d,django/django,134035.014832,0,nested_selected,125970.234473,True
sphinx-doc__sphinx-9367,assignment-case-v1:3694eaf60a21cf8771d2b625266a51bad1b1d0213cd86e2aca78b6d558f5f3a2,sphinx-doc/sphinx,95450.601168,0,nested_selected,125970.234473,False
pytest-dev__pytest-5413,assignment-case-v1:3e148cb3ce71d9ea5122d3bab11f5b978239194b81cfb99ea363281ef50601ab,pytest-dev/pytest,110120.142952,0,nested_selected,125970.234473,True
sphinx-doc__sphinx-8621,assignment-case-v1:3e1ee1be1ece436cab2c17d409c312345401c709d4c20003c4a7faefd5fbe2b8,sphinx-doc/sphinx,142685.289246,0,nested_selected,125970.234473,True
scikit-learn__scikit-learn-13439,assignment-case-v1:3f16cc7f5303c75def977c2afecfb2cd777656116c0fb34957ff714c03ca4cf9,scikit-learn/scikit-learn,114947.174394,0,nested_selected,125970.234473,True
pylint-dev__pylint-7993,assignment-case-v1:3f247c9a5ac442a0f0f435c3a4fe2ec4f637ebba612f1bedf0fccf7fab990982,pylint-dev/pylint,156765.14721,0,nested_selected,125970.234473,True
django__django-15973,assignment-case-v1:404ca64e4e8b4ebcd9019da3221d075a906979c67fe8aea501564330f6bc4d29,django/django,118344.92339,0,nested_selected,125970.234473,True
sympy__sympy-21612,assignment-case-v1:421ae8d48f07be0c1c5cb7ce4e12325a3ea6dcb1fffb861abbfc970839477633,sympy/sympy,149955.959845,0,nested_selected,125970.234473,True
django__django-11239,assignment-case-v1:433920efe5ab1b4faf1773f64a5e5389c705f0330d55a9ebef0ae7d0679ced22,django/django,141621.089349,0,nested_selected,125970.234473,True
scikit-learn__scikit-learn-13439,assignment-case-v1:43fc862d67ec7abdc2588302cd80dd9538303f2bc7a58c79ca7bb458bb0caf86,scikit-learn/scikit-learn,100986.378924,0,nested_selected,125970.234473,True
sympy__sympy-14976,assignment-case-v1:45432e7550e7296d94a38aa5567a4d45eb3699f28dd81bf8dbe36b3068b402e1,sympy/sympy,85859.836627,0,nested_selected,125970.234473,False
sphinx-doc__sphinx-9461,assignment-case-v1:47ce193e42b3793658c4461bfeb9dad0b89aeee09405fc21ef8ec2c580d00a81,sphinx-doc/sphinx,114583.468685,0,nested_selected,125970.234473,True
sympy__sympy-23413,assignment-case-v1:4971f980bc7bd0df4cc4fbd1551e7e5cb1628c3e13b9094c4f41c38487a677be,sympy/sympy,150305.499614,0,nested_selected,125970.234473,True
django__django-13820,assignment-case-v1:49d2aa1e13dbff4c7158583825aad0749505c80a0701f39c321bed82680d7f68,django/django,156628.908321,0,nested_selected,125970.234473,True
sphinx-doc__sphinx-9367,assignment-case-v1:4ad34d011fc07891eb785da5aae7869fa4c4194a1a4513c04f60ec6686f5972a,sphinx-doc/sphinx,84462.909576,0,nested_selected,125970.234473,False
django__django-17051,assignment-case-v1:4c1c271d383aed660d70edc39064654b95603ce6c4a7b371503cb69561695dd5,django/django,98365.166169,0,nested_selected,125970.234473,False
sympy__sympy-20322,assignment-case-v1:4c5b679678a8c7b0e8034272edce3ff2fe0d35026c44de6b1a9d27bf6e2d2c23,sympy/sympy,99185.24371,0,nested_selected,125970.234473,False
sphinx-doc__sphinx-10325,assignment-case-v1:4cd0fdf8a8bbd47bad8e774a1bbabd16c08ad5031a4500902983de2860328dc6,sphinx-doc/sphinx,110140.72588,0,nested_selected,125970.234473,True
django__django-11964,assignment-case-v1:4d7b41ed9ad46bbec64178e4103e68c6fedc245a75996c400808c5d9098f2e99,django/django,154108.757666,0,nested_selected,125970.234473,True
sphinx-doc__sphinx-10325,assignment-case-v1:4ea178b49215e825b0136195c00528860769a73258fdbbbbf30f898a164f7dfb,sphinx-doc/sphinx,110602.803465,0,nested_selected,125970.234473,True
sphinx-doc__sphinx-10325,assignment-case-v1:4efdd45fb89295e10a9b64c272e82f09ec60c7a6aedd4360a4362289f392037c,sphinx-doc/sphinx,127255.014572,0,nested_selected,125970.234473,True
django__django-14311,assignment-case-v1:50c45f2de277876caae5287115a5c812d4abde60154e824ed13ee67e000b7550,django/django,124077.625062,0,nested_selected,125970.234473,True
scikit-learn__scikit-learn-14983,assignment-case-v1:51c3e846206a6c49ae74c8df1b94866173c4f044cd7b49b770552ef2251f647c,scikit-learn/scikit-learn,107887.187307,0,nested_selected,125970.234473,True
matplotlib__matplotlib-25311,assignment-case-v1:523286408899ca73bf07252f5ee10f7942b89376d7637511b28cdc70a08b4a79,matplotlib/matplotlib,285854.481805,0,nested_selected,125970.234473,False
scikit-learn__scikit-learn-13439,assignment-case-v1:53e87654db72dbbfed38981464642bca377841fb04269a549c3d5446364352f8,scikit-learn/scikit-learn,86476.103929,0,nested_selected,125970.234473,False
django__django-17029,assignment-case-v1:55060c9d500aee4e1d4f9cf54528b92922ba9a0cacd107a35222b7933af6828d,django/django,185210.598793,0,nested_selected,125970.234473,False
sympy__sympy-21847,assignment-case-v1:57a081155f0d09f0a3a74df0e68cb1209c2fc76bede090cb9bc34114d237d603,sympy/sympy,103993.565757,0,nested_selected,125970.234473,True
sphinx-doc__sphinx-10325,assignment-case-v1:5a408f6e52b0e008daccb4f3625644e1ea2f4fd75dfddd2d0a8efe36c544bc79,sphinx-doc/sphinx,93512.756144,0,nested_selected,125970.234473,False
django__django-13346,assignment-case-v1:5be2c10ef9a810bae9039f2d3582ebd1339f3ef86dc4229f35fc492ae6f75c93,django/django,217272.674774,0,nested_selected,125970.234473,False
sphinx-doc__sphinx-9367,assignment-case-v1:5be46863bb7bdf75d2bcf8682c7a94c0bbbb2c89ab606bd29209d722039b9756,sphinx-doc/sphinx,62690.236807,0,nested_selected,125970.234473,False
scikit-learn__scikit-learn-11578,assignment-case-v1:5dbe32d18b0a70f659393b7965497e0c1e3718f38bc8bc72db0841cac3514559,scikit-learn/scikit-learn,169602.229941,0,nested_selected,125970.234473,False
sphinx-doc__sphinx-9591,assignment-case-v1:5ed1a38653baedd52eb8c0d0c4e73330c548709a1e59230c5b08e708a671ccfb,sphinx-doc/sphinx,88636.004425,0,nested_selected,125970.234473,False
pylint-dev__pylint-7080,assignment-case-v1:5f0c70caa22a3809a59116855fd5d4ca44fba8e33f1f42acf09c24507087cf83,pylint-dev/pylint,136516.902216,0,nested_selected,125970.234473,True
django__django-15569,assignment-case-v1:5f3d5680e7e706689c1361a07dd3128185a2de4868a627a833922f17a1a2541a,django/django,122578.236035,0,nested_selected,125970.234473,True
django__django-15037,assignment-case-v1:60e30fec882ab25dfc48e8bacfe6f3d62d55d224c31cf9bc9eb461d52874f56e,django/django,118560.274764,0,nested_selected,125970.234473,True
sphinx-doc__sphinx-10325,assignment-case-v1:6105f873eed7d1cce547061174c6ec0a1f2c6941d618862d0b9eef8737427925,sphinx-doc/sphinx,77509.454286,0,nested_selected,125970.234473,False
sphinx-doc__sphinx-8474,assignment-case-v1:628eb43ce57c0cde844e8d3c2cf053f37ff3ec1007c31defa838dc66b7254468,sphinx-doc/sphinx,1094516.078083,0,nested_selected,125970.234473,False
sympy__sympy-23950,assignment-case-v1:630fbda2df927a38dc93c70eff6e4d5ccc03b3107cb6e14fe3975bea20037206,sympy/sympy,123653.083716,0,nested_selected,125970.234473,True
django__django-17029,assignment-case-v1:6375f2b7903b7be4e1b73a3e63324ad4a2d4e704c5f0b6698a5001600894af8b,django/django,70250.791808,0,nested_selected,125970.234473,False
sympy__sympy-12236,assignment-case-v1:64829b38be6fa645f92a7d2a1ea27965d7283f8c9918058e7e6d70c915739f9a,sympy/sympy,125493.457514,0,nested_selected,125970.234473,True
sphinx-doc__sphinx-10325,assignment-case-v1:66d58e4d9ad93654a2dbeddfdda279f4e086e00dc0438a36c5865b2f79e72bd2,sphinx-doc/sphinx,78959.258133,0,nested_selected,125970.234473,False
django__django-13512,assignment-case-v1:66f1f68cfb0625c9cbfb98d661c9510974eb589de2bfb2a8917ce01a1f609bea,django/django,110099.898653,0,nested_selected,125970.234473,True
django__django-15554,assignment-case-v1:6731fd6cf04798649ac4d1730a2dd8bc9d4791bd7e576bc34a0cd2eb09ff8866,django/django,103324.486109,0,nested_selected,125970.234473,True
scikit-learn__scikit-learn-13439,assignment-case-v1:67bb54a9bf4b08a87f91b69f97a34d6b3ea4c2e49619aeb4eec919c6b3d58d78,scikit-learn/scikit-learn,165169.505358,0,nested_selected,125970.234473,True
pylint-dev__pylint-7080,assignment-case-v1:69aa1902d7a1890ae0642b3c5cc928a359aabf2a4db961c076f712f8e9560c84,pylint-dev/pylint,168149.549377,0,nested_selected,125970.234473,False
pylint-dev__pylint-7114,assignment-case-v1:69e1378ddb0df9eefaa1253dc19a3d7cab4f90c760fbeeadbe66cf35ab641d02,pylint-dev/pylint,166206.079688,0,nested_selected,125970.234473,True
matplotlib__matplotlib-22835,assignment-case-v1:6afc0bc58cefe7c58b07382179dcee4d72235641cd1de82618c7e00b450c07a4,matplotlib/matplotlib,190227.711393,0,nested_selected,125970.234473,False
django__django-12286,assignment-case-v1:6db55bbde94c6855c56154207749b517dd88d6430f6faa9cf053fa2775dfa36c,django/django,130796.135215,0,nested_selected,125970.234473,True
django__django-12050,assignment-case-v1:6e4e07527475ed0ccce874dd3988449464ab901a4257e858e981f819f76ff48b,django/django,119564.822553,0,nested_selected,125970.234473,True
django__django-11095,assignment-case-v1:6f3e6cbdff25652feb2b502582d2e3182696c8987ab50cadaf6d96ad69ceb76e,django/django,164915.917804,0,nested_selected,125970.234473,True
django__django-11820,assignment-case-v1:708aaa35f709abdf123885446da7f705fbaabc2899256c3b5f8538ce95afaf53,django/django,149724.061861,0,nested_selected,125970.234473,True
sphinx-doc__sphinx-8273,assignment-case-v1:737b71a84a2b91169b9997cb650d5b4e55c8405329342de429c325292d1de50b,sphinx-doc/sphinx,89288.141626,0,nested_selected,125970.234473,False
sphinx-doc__sphinx-9367,assignment-case-v1:78c6f0d8db5c949a9cb2f9b630fe843ab536412430b6adf9d68c88d7a3fee1a4,sphinx-doc/sphinx,91190.687905,0,nested_selected,125970.234473,False
scikit-learn__scikit-learn-13439,assignment-case-v1:7c0b0d0c26f8a879fb4b3dd8b37af6bd84c0c42b49ac4e490638a44fcc52b911,scikit-learn/scikit-learn,140191.796906,0,nested_selected,125970.234473,True
sphinx-doc__sphinx-9367,assignment-case-v1:7c12db5dafc1b018890a94aed02102b48c68bc05f02bb6e18d5397399bd7db70,sphinx-doc/sphinx,94694.999513,0,nested_selected,125970.234473,False
django__django-17029,assignment-case-v1:7e391de89309f2f9bf59b370a1cc5716924a79fe7d1655c05784baf8019527d6,django/django,133147.951582,0,nested_selected,125970.234473,True
sphinx-doc__sphinx-10451,assignment-case-v1:7ebb25d7fde0c08f5ba33c0e407cfb9b854992bdb3efa496fd8323e82f9d7874,sphinx-doc/sphinx,1159805.41822,0,nested_selected,125970.234473,False
django__django-14017,assignment-case-v1:7ed6a368f99faf10820b9749d59406f88510a2fb9296ef78549f184906729f0f,django/django,117493.680052,0,nested_selected,125970.234473,True
django__django-10973,assignment-case-v1:7f91eba309be5c4cad96d8da4e89131503b0a5ffba5863509a23819c115573b5,django/django,180012.119023,0,nested_selected,125970.234473,False
django__django-13406,assignment-case-v1:811de7a9c07cfb18d7bd7231b668166f98d5f887be09c7fbc9c8a6a155fc14d7,django/django,152705.255355,0,nested_selected,125970.234473,True
django__django-12193,assignment-case-v1:83e587a9e248708fdb6a70ff1871bfa7da672a9c1d52fe94e4feb07d11866a14,django/django,142228.10097,0,nested_selected,125970.234473,True
matplotlib__matplotlib-23563,assignment-case-v1:8424aa289ec3060d1bb39eb55b9d375c3eaa1c4b89ad6ff40bd2c1e204af31ff,matplotlib/matplotlib,147838.739414,0,nested_selected,125970.234473,True
sphinx-doc__sphinx-10325,assignment-case-v1:84429f015ecb5abef50035f50ba3898afaacaa101013195d4d56bc033d4ccfe2,sphinx-doc/sphinx,73548.068766,0,nested_selected,125970.234473,False
scikit-learn__scikit-learn-9288,assignment-case-v1:85e2abd9362f6c2da45926a8c246aadd68f7bf7be5685cdac677974956c83a17,scikit-learn/scikit-learn,169725.899741,0,nested_selected,125970.234473,False
django__django-15375,assignment-case-v1:864a256a48a264622da95f6ca73d18f64cbd452d1c4d4a6ce4980c8fd2e22191,django/django,130572.987066,0,nested_selected,125970.234473,True
sphinx-doc__sphinx-7738,assignment-case-v1:877b9c0d403fc2964fe818e2e715ecd07d3d00d285ecbdbad5f51004a64d66e9,sphinx-doc/sphinx,100918.365894,0,nested_selected,125970.234473,True
scikit-learn__scikit-learn-13779,assignment-case-v1:8bab5da177e4115cfdf9633451578ad7689ff0ebba204dabf79e1f9150fae7c1,scikit-learn/scikit-learn,105584.421375,0,nested_selected,125970.234473,True
sphinx-doc__sphinx-8593,assignment-case-v1:8bcbbfce984308131b6f425bbb4e8ceb09fc37a50194b48e54147475b337b76b,sphinx-doc/sphinx,80701.329714,0,nested_selected,125970.234473,False
django__django-17029,assignment-case-v1:8fb715bf53ad2417890ed23e6b92567af7ae4da13f08000bc4f62c98d8c64115,django/django,110574.172861,0,nested_selected,125970.234473,True
django__django-11964,assignment-case-v1:8fec2908bac366037b24d1fea33db30df82b626a9c4be0ad860c07499fd3e22e,django/django,113388.641505,0,nested_selected,125970.234473,True
scikit-learn__scikit-learn-13439,assignment-case-v1:90f9a21752ccfb61c4cfb131c4ec79bf542dcfaaf469028b0038bed408bbcf7c,scikit-learn/scikit-learn,102956.768485,0,nested_selected,125970.234473,True
scikit-learn__scikit-learn-13439,assignment-case-v1:919e94f2198b7fb6367f5140cc8a1250da8fe409a16f07096cdc0eec2f91c413,scikit-learn/scikit-learn,79447.602541,0,nested_selected,125970.234473,False
sympy__sympy-12171,assignment-case-v1:943901d0921d248aff8e6f052ba2f84bc3108f01a25309f1b29341d9b6d8d678,sympy/sympy,165738.150747,0,nested_selected,125970.234473,True
django__django-17029,assignment-case-v1:96cb64497bd94b199c656fcca8d1513f6da055e944871c3aa802a4313c415ead,django/django,160517.344359,0,nested_selected,125970.234473,True
sphinx-doc__sphinx-7686,assignment-case-v1:98d47b1902560a216dc54a07fe4faf9e0704a59149c16fc7522dbae0bd84ff4a,sphinx-doc/sphinx,123479.783083,0,nested_selected,125970.234473,True
sympy__sympy-13798,assignment-case-v1:99b45277091c717395c9258e5fb12aadd835fc48707b981ba368f8bcc3e4cec1,sympy/sympy,133636.690312,0,nested_selected,125970.234473,True
scikit-learn__scikit-learn-13439,assignment-case-v1:9ab2cf3818992c9a375ae4472b7ddbe8feab01983f6fa66b96ba76127ce5c3ba,scikit-learn/scikit-learn,84065.821291,0,nested_selected,125970.234473,False
matplotlib__matplotlib-26020,assignment-case-v1:9b49b65290ff3088ad443e95c06c286b186fdf7c5308f47abd318814d658256f,matplotlib/matplotlib,206404.173732,0,nested_selected,125970.234473,False
sympy__sympy-13852,assignment-case-v1:9c85825fc09251aa965f336b23b574d3c8a56b5e549ffe52ba492a5da88b0168,sympy/sympy,95204.119151,0,nested_selected,125970.234473,False
sympy__sympy-16106,assignment-case-v1:9d83f27820d374684d50cd56bb063c95d6a55f808c076aced0b4213fb00b073e,sympy/sympy,122312.208187,0,nested_selected,125970.234473,True
sympy__sympy-17630,assignment-case-v1:9d87fb8e72a9c48321e5bc67910012e9a491929859681ca18ee65613802d82e6,sympy/sympy,140723.439731,0,nested_selected,125970.234473,True
django__django-13447,assignment-case-v1:9fa5df67c5048c03cb3a6e5f8cb5dfae71c86f78c47ba81c005fcda90b92b109,django/django,125670.120809,0,nested_selected,125970.234473,True
django__django-11910,assignment-case-v1:a05b9f9f17024d04797c094c4f124d99e21099750d663b8e4dfb1ca28d9e9331,django/django,115279.562791,0,nested_selected,125970.234473,True
sympy__sympy-13372,assignment-case-v1:a2de6ae5a4781043473cf670edad5b218c070b1f0add3db79f0c43783f59b63f,sympy/sympy,132077.916083,0,nested_selected,125970.234473,True
astropy__astropy-14369,assignment-case-v1:a62b58b9fbf2939a7a209efba496abdb9a94d5afe5a3c341f3897dae440c3b8e,astropy/astropy,108947.058949,0,nested_selected,125970.234473,True
sympy__sympy-13480,assignment-case-v1:a7abbeac43a1cc7573a7f9b6bbe8c42a85d154cb4e6f56a576c031472c4b50c3,sympy/sympy,78337.440806,0,nested_selected,125970.234473,False
django__django-17029,assignment-case-v1:a85f6d7a8adfc13febdeb452d86a6a656c7c8728a0ad68520cfb84525d54d8fc,django/django,134147.16576,0,nested_selected,125970.234473,True
sphinx-doc__sphinx-9367,assignment-case-v1:a960991b5d822c8f10030c6cd73435c3cba461fb0d0241588412d8ea6b7d8328,sphinx-doc/sphinx,92542.266065,0,nested_selected,125970.234473,False
matplotlib__matplotlib-20826,assignment-case-v1:ac9a920a818af1f18016f58b01e951d9db0b8974791106a6ccd70cfda6758af9,matplotlib/matplotlib,83955.700574,0,nested_selected,125970.234473,False
django__django-17029,assignment-case-v1:ae1b4357b048d4562d7b1abdd3ce3719c65141f76cb459918aab66f3d2510769,django/django,116153.767875,0,nested_selected,125970.234473,True
django__django-15525,assignment-case-v1:ae97d4de9d3623b73a18468434b76e17f407282c49a97fd90a704142eaf6a12c,django/django,118981.418472,0,nested_selected,125970.234473,True
pallets__flask-5063,assignment-case-v1:ae9aa67d1defdc6a8e2b9e3a2e82dd1d187647c0fbad89e89d73d05494cbf8d9,pallets/flask,136652.022342,0,nested_selected,125970.234473,True
django__django-14017,assignment-case-v1:b0523f6890f7b6727f43187fbae6f0bab651723d7572cbaaef49266a02ae8b7a,django/django,196468.312032,0,nested_selected,125970.234473,False
django__django-17029,assignment-case-v1:b778dbeae28aec1d5963469ceda48b4655c05d10f52a9e6f4a4efd5e8d856e28,django/django,142746.967389,0,nested_selected,125970.234473,True
scikit-learn__scikit-learn-13439,assignment-case-v1:b80dbf74c498d2b38f16c92bd03b0dc3f44c8bcb0de4824a8e229ae6265a5e1a,scikit-learn/scikit-learn,100025.861958,0,nested_selected,125970.234473,False
django__django-13230,assignment-case-v1:b86837ec5283894c5f3202b1e337b00f62b1564dadaf439f8701fb31b2f70957,django/django,239709.321165,0,nested_selected,125970.234473,False
pylint-dev__pylint-6528,assignment-case-v1:b920a784dfb64206ec0d95a1ba69b55e9b3eec5845140ab24a1660937c95bf4c,pylint-dev/pylint,125588.163507,0,nested_selected,125970.234473,True
django__django-12747,assignment-case-v1:b9d6d4b0face4be8f4d574cfd6f1bd68539357dc33fd81e40aac0704cd6d13c0,django/django,127779.836093,0,nested_selected,125970.234473,True
scikit-learn__scikit-learn-14983,assignment-case-v1:baf26e1b38c4a20abd5d66803105c80ad960cd3144a19ac0aba8445c0f0376d4,scikit-learn/scikit-learn,101535.610046,0,nested_selected,125970.234473,True
sphinx-doc__sphinx-8475,assignment-case-v1:bcbf671804fb0acf43fbc17ee7ee3bb928866525ef05ec5e34d78a8cfab89d45,sphinx-doc/sphinx,90462.730478,0,nested_selected,125970.234473,False
sphinx-doc__sphinx-10325,assignment-case-v1:bfc6a79e32941b43d55b55fe4b5f141a88a6a9898d6d209d5a10e6ed00e9a1f5,sphinx-doc/sphinx,141985.552299,0,nested_selected,125970.234473,True
matplotlib__matplotlib-26011,assignment-case-v1:c03311349bf68a3f046f5fff924dfbba57d9e97f1739fd1433fb971838474d17,matplotlib/matplotlib,148315.535394,0,nested_selected,125970.234473,True
scikit-learn__scikit-learn-13439,assignment-case-v1:c255f4cfc6de416d8560f03c891bc1990a4a66bd705e1f700dd1efb23dbce25f,scikit-learn/scikit-learn,144003.035063,0,nested_selected,125970.234473,True
scikit-learn__scikit-learn-25973,assignment-case-v1:c28adc478a94e4edf952ec1c15404e64bc44842b23df3996ac4eb695a20dc7f1,scikit-learn/scikit-learn,96510.103202,0,nested_selected,125970.234473,False
sympy__sympy-21847,assignment-case-v1:c5c6fe07715b8fdf65cbbd2b13316a247743826363b76bfee0459a40f5a893c5,sympy/sympy,132653.224167,0,nested_selected,125970.234473,True
django__django-15278,assignment-case-v1:c5f79a37fb9eac8014ea79e28e10668a2d26053dd243e89332abdebd3e478776,django/django,109546.759198,0,nested_selected,125970.234473,True
sphinx-doc__sphinx-10325,assignment-case-v1:c6347a20a6716a55a8f0a24868122ab12498bed6933725f9e8218e17a98ed8c5,sphinx-doc/sphinx,138624.581639,0,nested_selected,125970.234473,True
django__django-17029,assignment-case-v1:c95028f358ef7137529f30f3be64a3bdb94169ba83a9504fdc214507c90de951,django/django,91909.500201,0,nested_selected,125970.234473,False
sympy__sympy-15308,assignment-case-v1:c9c2edce8c29b093645d024452652c05e015adc1b5b5de651683b7a13e5993f5,sympy/sympy,97094.085871,0,nested_selected,125970.234473,False
scikit-learn__scikit-learn-13439,assignment-case-v1:cec015d633bdc65341abf2b8a74f74c5ce146ad7b6ac9bac04572e50219c357a,scikit-learn/scikit-learn,110567.402515,0,nested_selected,125970.234473,True
sphinx-doc__sphinx-10325,assignment-case-v1:d0227f9d0260f2dfc9ff81c8fef49d98e23458f70ed61bfc7eb44ff86ce2a9dc,sphinx-doc/sphinx,91517.16481,0,nested_selected,125970.234473,False
sphinx-doc__sphinx-8269,assignment-case-v1:d0fc01cf5a6b2e341027625ce777a99e6c0fafc9b55d2e31257cca8aec041ab3,sphinx-doc/sphinx,146858.015947,0,nested_selected,125970.234473,True
sympy__sympy-21627,assignment-case-v1:d1111f01c84c4256a578f7077998abc0f68cf0470bf8a91e81a28ea10855e167,sympy/sympy,125272.959259,0,nested_selected,125970.234473,True
sympy__sympy-17630,assignment-case-v1:d2d613ef7ca39298b36f1f593756777ef426ca23f5bea42067fce786ada56f70,sympy/sympy,113626.619504,0,nested_selected,125970.234473,True
sphinx-doc__sphinx-10325,assignment-case-v1:d617c76cf868692569552cd88f489f73dc645b0d6e80d5a1fe61ea3a42015a34,sphinx-doc/sphinx,112767.620129,0,nested_selected,125970.234473,True
pydata__xarray-6744,assignment-case-v1:d6f9778cbcecdc5fd742e8e4b07100fd6a9ae160ce64b7166562cd59e9ef1c6f,pydata/xarray,235506.764045,0,nested_selected,125970.234473,False
django__django-15022,assignment-case-v1:d783020466b09626643253a60317612cba4d2a09170a3c615f1d5b2f6981d572,django/django,115111.838553,0,nested_selected,125970.234473,True
django__django-13768,assignment-case-v1:d8978b66bf9973869e33a80c38024e7aaeb9b01f6a1c4e6fb976eaf3bec28efb,django/django,99550.511362,0,nested_selected,125970.234473,False
sphinx-doc__sphinx-9367,assignment-case-v1:d9dc66bb71f10ba27774abd221d15e35fc0c8fef30de58ef54af831ae79ec695,sphinx-doc/sphinx,120999.23504,0,nested_selected,125970.234473,True
django__django-17029,assignment-case-v1:df43b76d7f33997abe354fbbb1dec07c76fb6cd55bd35c12e834225e0fe40e87,django/django,117146.917648,0,nested_selected,125970.234473,True
matplotlib__matplotlib-22865,assignment-case-v1:e1205a1c3f2d57520402a0e50d5a62e4c6822e2620ded5c6da4c980abf43501d,matplotlib/matplotlib,124414.044018,0,nested_selected,125970.234473,True
sphinx-doc__sphinx-10325,assignment-case-v1:e1656caa14ec355c8d0581a5384d8b33541a9cd90272fa60fd22c749c02ad163,sphinx-doc/sphinx,115495.503956,0,nested_selected,125970.234473,True
django__django-13710,assignment-case-v1:e3b0167992e5f5d9e4eb42a20241f768c36b7347ae2a10c1ca54aacb25bf746f,django/django,110731.756968,0,nested_selected,125970.234473,True
sympy__sympy-21171,assignment-case-v1:e42d731af13d089206387006408d224b38ad2b14d5c7875f24f870fe9dd8c19a,sympy/sympy,99187.091852,0,nested_selected,125970.234473,False
matplotlib__matplotlib-26466,assignment-case-v1:e4a9167152c2b68620324d2df439ca46d6d4b60f6625fa0dedab555c8fbd53bc,matplotlib/matplotlib,189506.881748,0,nested_selected,125970.234473,False
astropy__astropy-8707,assignment-case-v1:ea8c504259bb654aaee75bff500d44aa5d2b2edf42ca5d7204644a628d97ba41,astropy/astropy,118753.138639,0,nested_selected,125970.234473,True
django__django-17029,assignment-case-v1:f2768b0f63fca2b496f26769a82d8de98833fa73998848fea3d3e448b98b4015,django/django,236100.070365,0,nested_selected,125970.234473,False
matplotlib__matplotlib-22871,assignment-case-v1:f31b735961db4646a1738d97a56c19b8cd3082462a87154701451cae02683eff,matplotlib/matplotlib,260713.411607,0,nested_selected,125970.234473,False
django__django-17029,assignment-case-v1:f3dcd1b7a96ab8c479ea68643b36d5348f8210e87879abdc295e9e79cfc27010,django/django,107791.673594,0,nested_selected,125970.234473,True
scikit-learn__scikit-learn-13779,assignment-case-v1:f6823c9d6e998acb9d32732a907a882d092b046b39fdf7ced2de2dd56d1d2a46,scikit-learn/scikit-learn,92567.117468,0,nested_selected,125970.234473,False
sphinx-doc__sphinx-7440,assignment-case-v1:f6adeed8516729b5df24a97623f6a09c3d2b656b0bcfd51b379e7436d75bfb71,sphinx-doc/sphinx,128139.870163,0,nested_selected,125970.234473,True
django__django-16100,assignment-case-v1:f6d860570ddf721bde33f6b2bfe64f47c05139e10062b63aec9f202ccd63168d,django/django,109606.93819,0,nested_selected,125970.234473,True
matplotlib__matplotlib-22719,assignment-case-v1:f6ee9bf57419826e5843b7bca7ff7582d5cca9dc0d9e4096c1c7dc8d8fbb2156,matplotlib/matplotlib,119130.514921,0,nested_selected,125970.234473,True
sphinx-doc__sphinx-9367,assignment-case-v1:f8183d10ae5d16bc05c1c223ea4d189f0078b5ca8560e98ef03d8c9b9c273734,sphinx-doc/sphinx,113918.055579,0,nested_selected,125970.234473,True
sympy__sympy-15976,assignment-case-v1:f88056bf8c3cd4ebb7d9b01b938b85f9b6143f7ce03837a34a4b34b3740afe39,sympy/sympy,141894.368077,0,nested_selected,125970.234473,True
sympy__sympy-13480,assignment-case-v1:f8bfe9483ddbaf970043a4544bcf5a5175b5e06af30be6393205076c2e6aae3b,sympy/sympy,99310.081616,0,nested_selected,125970.234473,False
django__django-16315,assignment-case-v1:fae1bb6595c1ccd152f8e86163d95674ce38307496629a293e7c4c54be2aa98c,django/django,76876.229941,0,nested_selected,125970.234473,False
scikit-learn__scikit-learn-13439,assignment-case-v1:fbf1c73638ad7e8757c3d81dbd49b6d7ad27db1a6f55ae52c70f3a7db111cadd,scikit-learn/scikit-learn,109044.744846,0,nested_selected,125970.234473,True
scikit-learn__scikit-learn-13439,assignment-case-v1:fd32c73bbb957e5dbae3b9de9840b479a0536eb38565fde74d462b971a976ebe,scikit-learn/scikit-learn,126836.884335,0,nested_selected,125970.234473,True
django__django-14034,assignment-case-v1:fd9d0abb251e65cf87cf808c41400c18147c6e7c07ddc7c59b3e0a87ed1afd99,django/django,122741.798465,0,nested_selected,125970.234473,True
sphinx-doc__sphinx-7748,assignment-case-v1:ff20778cfb95ac112b512c1867758ace649f2edf608920f96d6c2e14f272c660,sphinx-doc/sphinx,127930.142553,0,nested_selected,125970.234473,True
sphinx-doc__sphinx-9367,assignment-case-v1:ff5d259f232b48f4c3548aa4e287d17d910ee8106ad411ae5b202243041a20ad,sphinx-doc/sphinx,121290.313857,0,nested_selected,125970.234473,True
sympy__sympy-13437,assignment-case-v1:05f8e4a4ce4ec70f680215feacba3633096259501825e113c12879fa05123206,sympy/sympy,110749.618115,1,nested_selected,124452.596539,True
django__django-12453,assignment-case-v1:0605eeb81491a60be905d83b2e841d6c9e29173935db8b006d810f6fd6f54b1e,django/django,135846.166633,1,nested_selected,124452.596539,True
django__django-11880,assignment-case-v1:084ba187739866edddb86de57de1fe1cf71ee28f6238919f5174be18601605d7,django/django,75970.102274,1,nested_selected,124452.596539,False
sphinx-doc__sphinx-10435,assignment-case-v1:08943d7db31e523a78353a890f8444802b5c3b37d74dcca0f1ab773f47382a14,sphinx-doc/sphinx,105094.904243,1,nested_selected,124452.596539,True
django__django-16502,assignment-case-v1:0b20d4189e6a881cb58e8557db2d02e1481c795bc385289eb32ee2e849cd0c56,django/django,140972.145655,1,nested_selected,124452.596539,True
pylint-dev__pylint-8898,assignment-case-v1:0bea4a7128770a292be6f0ecfbb29e2d2b876fb0898c880e8c136447970f19a3,pylint-dev/pylint,89929.757873,1,nested_selected,124452.596539,False
sphinx-doc__sphinx-10614,assignment-case-v1:1090236262429d752cfec359076d6b93809e09d21637790a646aa14e56307a96,sphinx-doc/sphinx,132056.744555,1,nested_selected,124452.596539,True
django__django-16661,assignment-case-v1:152f1e13a3b947069da23e8c1e2236adb9a82f0425ab669d0dfe43b8e0f2d1f5,django/django,198660.202305,1,nested_selected,124452.596539,False
astropy__astropy-7671,assignment-case-v1:1f0b8f40093557e30913de93fc950d10ed482d52f815c44a3c6d5eafcc71baf3,astropy/astropy,157520.027264,1,nested_selected,124452.596539,True
sympy__sympy-19637,assignment-case-v1:1f47c129aa7c6b4761e37d886c0bcfab3e4d5c656af513e1743c1eaa82f8e133,sympy/sympy,97478.432574,1,nested_selected,124452.596539,False
sphinx-doc__sphinx-7454,assignment-case-v1:1fd8a40a954e97a6454657b596ef2f0e939e77f254f0042255bd6f147c45b1f0,sphinx-doc/sphinx,93689.108126,1,nested_selected,124452.596539,False
sympy__sympy-22005,assignment-case-v1:21b9110eb053494e8b2dea7b697857bae88a34184edc8d69330f4092d9b07a81,sympy/sympy,166088.624845,1,nested_selected,124452.596539,False
django__django-16041,assignment-case-v1:231a6911087d5778045b5162e469d9d3cf1713a1a3353b516cf7afa3ed8167fc,django/django,207753.075087,1,nested_selected,124452.596539,False
matplotlib__matplotlib-23562,assignment-case-v1:26941eab78114f062e45e91dfe1a2477de9cfa847e1097c220526a781e7dd53b,matplotlib/matplotlib,98134.562917,1,nested_selected,124452.596539,False
django__django-16820,assignment-case-v1:270cea183bd3384ad7af01c8103dafb2e5aae9980f0d8e5b159dc40db2228ac8,django/django,114476.63133,1,nested_selected,124452.596539,True
mwaskom__seaborn-3069,assignment-case-v1:281b8e4c0c9aeb2e2fdfb7be983bb98840acc83334e08c594d6f7ba5ad411633,mwaskom/seaborn,150862.031492,1,nested_selected,124452.596539,True
pydata__xarray-2905,assignment-case-v1:2ecb59b52654c1db28b576fb6ed9560e59e6865b545f13c505bb442a42e4634d,pydata/xarray,309764.693321,1,nested_selected,124452.596539,False
django__django-11133,assignment-case-v1:317abfaa934ac7d6b14829b2e095fb64a3c6af32fc70e6e7fcbdf427f1ea4fcd,django/django,96548.425582,1,nested_selected,124452.596539,False
matplotlib__matplotlib-23562,assignment-case-v1:3192c22e9a7d2909be3d28f66f9fa6ad1881e730d7a802bfdf0b6fec8249f4fd,matplotlib/matplotlib,210954.960531,1,nested_selected,124452.596539,False
pydata__xarray-3095,assignment-case-v1:322a405574b351f597159d575b4fded09534b21c6c29eeadbd37f4123103edd5,pydata/xarray,119949.419991,1,nested_selected,124452.596539,True
django__django-13670,assignment-case-v1:3262c265c1ae3987ef526894b9518806e47912c6e8263d0badf6a3db3a8c75d0,django/django,110542.705992,1,nested_selected,124452.596539,True
sphinx-doc__sphinx-9602,assignment-case-v1:37db7d744c10810854d116b112aecb47f9a1585c9f7f467a843075a9443a3a1a,sphinx-doc/sphinx,123903.02034,1,nested_selected,124452.596539,True
django__django-17087,assignment-case-v1:3aa1d651668853e2cd6c18003ce50c7f465491ff9ba00855a3367924a6f0f6f9,django/django,170896.972582,1,nested_selected,124452.596539,False
sphinx-doc__sphinx-11445,assignment-case-v1:3cd63cf010b78d93e18883031e3b0de39b27a76e429df7846c14433abe5fe101,sphinx-doc/sphinx,170827.34995,1,nested_selected,124452.596539,False
pydata__xarray-6992,assignment-case-v1:4061d59680e830f46689a4d4c8b9383ab162ddb04a932550edfcd248f454ca2f,pydata/xarray,210922.150176,1,nested_selected,124452.596539,False
sympy__sympy-12489,assignment-case-v1:4260dc8f5a80c7377bc07826a05cbb5fcacc0ada191dc147de9653da82c521d3,sympy/sympy,118940.66169,1,nested_selected,124452.596539,True
matplotlib__matplotlib-23562,assignment-case-v1:42b268cfbbca801e52b4f37ab3e16e164d1d9bfbd18911ae6e62aebbbbb1c2d1,matplotlib/matplotlib,119443.154106,1,nested_selected,124452.596539,True
django__django-12419,assignment-case-v1:4525ad0ad258791bcf8de3b0a8a501327d14554f938fc64778b6ceb1334083ba,django/django,101664.493929,1,nested_selected,124452.596539,True
django__django-16046,assignment-case-v1:45c793dcc7936ca69668559a83a70b21692058cba15c7df1c5f9d55fcd2856dd,django/django,133688.371877,1,nested_selected,124452.596539,True
django__django-9296,assignment-case-v1:465a32a27e23c8faa4ac97544eb53cac761e79b9faeb1852d923a5dd26614d2e,django/django,92933.852585,1,nested_selected,124452.596539,False
matplotlib__matplotlib-23562,assignment-case-v1:465de504dee955da0c29ba88b351b0545da6b3472cb344232aaf75c775d058f3,matplotlib/matplotlib,228009.102361,1,nested_selected,124452.596539,False
matplotlib__matplotlib-23562,assignment-case-v1:476aa67b76b5ef050cbd0a4f14e347a6886ebacd20ad4fa4be3f66caaed84353,matplotlib/matplotlib,139282.481156,1,nested_selected,124452.596539,True
sympy__sympy-16792,assignment-case-v1:48cc94a9e8db1a52f1bb06e522d267491fb34bdbaa7775e2e86036388421d043,sympy/sympy,106689.622974,1,nested_selected,124452.596539,True
pytest-dev__pytest-8906,assignment-case-v1:4a8f1cec1a4c6cb15ce029139ce15ad838b7e78c35299a5fb752e4e48822a3f3,pytest-dev/pytest,127246.771095,1,nested_selected,124452.596539,True
sympy__sympy-17139,assignment-case-v1:50d30918f569736120aee4f860cc173ae91113ff545ba5e89fec85c200ac8a35,sympy/sympy,87490.16745,1,nested_selected,124452.596539,False
psf__requests-2931,assignment-case-v1:50d56f01076a72705aab6273a5a0c0756fa6d5f36b02e6a436fefcef15e8bac7,psf/requests,78514.166549,1,nested_selected,124452.596539,False
django__django-14855,assignment-case-v1:5118d3dbc4fd895ad326c917d2f4d908be5f68f816d2b07774568e4ecf33555c,django/django,118945.202048,1,nested_selected,124452.596539,True
django__django-11583,assignment-case-v1:51c3f2cf64d4bde39c0e4aad9c516e89c7d7ea32195d1c86347aa730f58e691b,django/django,125919.735809,1,nested_selected,124452.596539,True
django__django-16819,assignment-case-v1:561fe973d39e206c766c53ae77d850874774b82cd9a7534294526ae1b513d35d,django/django,120775.915445,1,nested_selected,124452.596539,True
sympy__sympy-21614,assignment-case-v1:566e748203c6e180d37592b975f5fbadef6958083af245431d25c51f67430bd4,sympy/sympy,112473.1358,1,nested_selected,124452.596539,True
django__django-17087,assignment-case-v1:56aeb6075ff9485d5a4b6a19cf22af6e3c281b303c1267292f2505a0c174dc57,django/django,136677.104107,1,nested_selected,124452.596539,True
psf__requests-2674,assignment-case-v1:574645239572c61a06084afbe3a8a9be574efafadb305a05078e424ef41c28bc,psf/requests,127411.62839,1,nested_selected,124452.596539,True
scikit-learn__scikit-learn-15535,assignment-case-v1:58d3714862c61484587bd005ebbfabdcf540efadb42ff1e18f9223a843a9f565,scikit-learn/scikit-learn,133756.981947,1,nested_selected,124452.596539,True
matplotlib__matplotlib-23562,assignment-case-v1:598bb2bf5553700d397ead2ce870355364c4f8231b7639eee0f72c2019eb8f1c,matplotlib/matplotlib,159985.844991,1,nested_selected,124452.596539,True
django__django-14580,assignment-case-v1:5b375dfc5f3cbfae29bc5fb3e3e844681060c7eb9a7cbdb83d28653ee17cee0d,django/django,131649.025795,1,nested_selected,124452.596539,True
sympy__sympy-19487,assignment-case-v1:5d4c0ee2b70e5e5709271a61789f5145f96d89af709f81659e56b03d92d8af12,sympy/sympy,128582.427168,1,nested_selected,124452.596539,True
django__django-11422,assignment-case-v1:5de84268e5ec3f4000dcefb3c2b50dd51d8143799568980c1165bfe774bc6ae7,django/django,126014.181232,1,nested_selected,124452.596539,True
django__django-12774,assignment-case-v1:5e2f8a79a101d9605e5f970837b21ddb8c97927d73535cba8708eb8830d7810c,django/django,146828.685257,1,nested_selected,124452.596539,True
pydata__xarray-4629,assignment-case-v1:607e6a8468d56ea61bdcb76ec9e3d7a4ec9b34e4be19318a96804302dea17e23,pydata/xarray,218814.481329,1,nested_selected,124452.596539,False
sympy__sympy-14317,assignment-case-v1:6361c1f472d9eb1f48f253fd7e6968d3a966adbc7ed02df4b29d96b655aad62c,sympy/sympy,103041.532799,1,nested_selected,124452.596539,True
django__django-15467,assignment-case-v1:655604436d538bff15739674e9a0c01f57d71b6f12e0e1e8013314d49743489b,django/django,127293.545056,1,nested_selected,124452.596539,True
django__django-15789,assignment-case-v1:671f7ab8bee84225af33ed758be788b6f56f02d3b2bdebd3055356139a55d743,django/django,110496.830542,1,nested_selected,124452.596539,True
sympy__sympy-16792,assignment-case-v1:67da2a0809a31ffbc2a84f55268a1f9caeb8f01497d6014094b46e7fef1f019f,sympy/sympy,119950.897132,1,nested_selected,124452.596539,True
pytest-dev__pytest-11143,assignment-case-v1:68c2a0295dd4fd15f2e525afe07428e6fad89dc8ffdd8e85b5cb0c70825dd9e0,pytest-dev/pytest,137275.233559,1,nested_selected,124452.596539,True
django__django-16454,assignment-case-v1:699ba410e683bee9c424ba0dd0b6fa3ad20f4e72e9f75abec05ace2204309905,django/django,258995.856212,1,nested_selected,124452.596539,False
matplotlib__matplotlib-23562,assignment-case-v1:6a678b8051db1d7a4278aab018a4f30a1b3fa202cee085a80d1b57413c390f3a,matplotlib/matplotlib,170431.524352,1,nested_selected,124452.596539,False
sympy__sympy-13091,assignment-case-v1:6f47a74048cf7e1ad3969ccbbab7da735e0e157a79d2f33dfbf005cec692e2b7,sympy/sympy,94327.998893,1,nested_selected,124452.596539,False
sympy__sympy-11400,assignment-case-v1:6fca391a1ae20c88afc410322737149a9aaa4b3d5ef665fe20b82cdbd7566e83,sympy/sympy,98892.882283,1,nested_selected,124452.596539,False
pytest-dev__pytest-5221,assignment-case-v1:71e5dfccdfb62d34bdb61f7b3c43cd50e32e594f5c04b49bfe29ddb0ea093094,pytest-dev/pytest,147617.10302,1,nested_selected,124452.596539,True
django__django-16631,assignment-case-v1:72138f86695117328feb1f648dff72a3b05416c9aa82f508d715af2353e7321f,django/django,120502.599167,1,nested_selected,124452.596539,True
psf__requests-863,assignment-case-v1:73709d4c81bf9efa3ad27df6f9c76c7d99e5772d954b143de7002d05b54229d9,psf/requests,131823.217017,1,nested_selected,124452.596539,True
sympy__sympy-17139,assignment-case-v1:751f2ce14ba414d86d57d18dc58c29ad822fe1b48959dbc7ee1d5c731517c389,sympy/sympy,85485.495931,1,nested_selected,124452.596539,False
matplotlib__matplotlib-23562,assignment-case-v1:754d36daccfb28d1e7144059ccabe57bfd7b04cf7915759b6b7e3ae677e25306,matplotlib/matplotlib,111940.274411,1,nested_selected,124452.596539,True
scikit-learn__scikit-learn-10508,assignment-case-v1:7b0fd653d6efc58a8a6a41d8572839c8f0d2b7e2eb86b54f97f789fcaefb300f,scikit-learn/scikit-learn,156685.21341,1,nested_selected,124452.596539,True
astropy__astropy-13579,assignment-case-v1:7c03ea9d98aab1f10d26faeb80cd5bed0d8cef9d760e52bfd787de72f88d873b,astropy/astropy,1099796.57475,1,nested_selected,124452.596539,False
matplotlib__matplotlib-23562,assignment-case-v1:7de36729e82d6fcd3c7a51a17372a3f41293c46c82410cdf93391fbef647e331,matplotlib/matplotlib,161951.445348,1,nested_selected,124452.596539,True
django__django-15498,assignment-case-v1:810d4c05bacc24cf10d172fbdc02e5c271273e2ceb5993c13fa2640e839a5164,django/django,239558.475353,1,nested_selected,124452.596539,False
django__django-15103,assignment-case-v1:8473ef81f2d455f5d8c5eb5d52c83e3732e83768a0b56395142f9049f41d07ee,django/django,156191.456906,1,nested_selected,124452.596539,True
pallets__flask-4045,assignment-case-v1:8677ab341c3f62770459dabacbe96e5f22e910d7d0b1ba3344f17bc3df13ae2b,pallets/flask,130138.912887,1,nested_selected,124452.596539,True
django__django-11119,assignment-case-v1:8682b33e2a49a0927941e5b392c6102477695401f4edf383176a2e34e77be0c3,django/django,194044.918137,1,nested_selected,124452.596539,False
sphinx-doc__sphinx-10673,assignment-case-v1:8795925182f26f46eb1dad480fe870f8bc5db7118257d817937edf84e1c66192,sphinx-doc/sphinx,118011.297018,1,nested_selected,124452.596539,True
psf__requests-2317,assignment-case-v1:889922001e480be910f19319983931574f3984c1fab8488135a1ebbd44a80827,psf/requests,146951.135372,1,nested_selected,124452.596539,True
psf__requests-2317,assignment-case-v1:8a34f41965ad59319dd89bc1a3bf424a95a7a2bdf1bdf5b30feffd61eefde93f,psf/requests,135356.743454,1,nested_selected,124452.596539,True
sympy__sympy-20590,assignment-case-v1:8aa37389cd107ab359726576ded9f32bd6ec163ac842ffa050c08c0d2ad5d7dc,sympy/sympy,88646.776687,1,nested_selected,124452.596539,False
pytest-dev__pytest-7220,assignment-case-v1:927205c696a7dff3f7fc8449cb0554333ac0e6f92dc2cf49227227ede37d0bff,pytest-dev/pytest,116041.575642,1,nested_selected,124452.596539,True
sympy__sympy-16281,assignment-case-v1:95252b3a0a8abeb81dba981984c0a4aec2931f77ce9a9009dccb2c7b55eabcdc,sympy/sympy,98698.044491,1,nested_selected,124452.596539,False
django__django-13590,assignment-case-v1:96fb5ee7c787b49d5572c8b0332c3cc83b2f280c8ff99aeb094a5dca7a5536cf,django/django,147211.920993,1,nested_selected,124452.596539,True
matplotlib__matplotlib-23562,assignment-case-v1:986ef507e2864ce5e743aaf3cc342a35ff667392bcdf7dc8b2971140bf50d3ba,matplotlib/matplotlib,133820.680873,1,nested_selected,124452.596539,True
django__django-12184,assignment-case-v1:9878ff73064041c21bfa6d2cd06f5edce8ec6d671c438f642a597fef45fdef49,django/django,207344.23321,1,nested_selected,124452.596539,False
scikit-learn__scikit-learn-10844,assignment-case-v1:99412d1cc01684be4f4f9a08ed2a89d68498daa5f56dc08b95794690487bfeab,scikit-learn/scikit-learn,186168.993175,1,nested_selected,124452.596539,False
django__django-11133,assignment-case-v1:9be7092907ca6e3c6223f485ecc665b4f91fdfa09db816f363ff9f62d3d79dc1,django/django,124499.549,1,nested_selected,124452.596539,True
sphinx-doc__sphinx-11445,assignment-case-v1:9c2319368488fb22e134ad56bf4251db4833874652e10c33830290de56114c7c,sphinx-doc/sphinx,119809.349432,1,nested_selected,124452.596539,True
django__django-14016,assignment-case-v1:9d4ac70960361969e863aecac5c626ee4a1427e4ce51a9a091dc400dae778a6e,django/django,132743.235585,1,nested_selected,124452.596539,True
django__django-11283,assignment-case-v1:9dcbb952742546e33ff60dc46ee9816b0d6c4ddbe5f3ac27baf76fb909e0ceb4,django/django,146012.98323,1,nested_selected,124452.596539,True
sphinx-doc__sphinx-8265,assignment-case-v1:a0d9511e507485d6bbcc800638381a860e4c4697d25ea5f0df6df71c9bd1deeb,sphinx-doc/sphinx,135803.321323,1,nested_selected,124452.596539,True
django__django-13809,assignment-case-v1:a379fb19094654d48166eca93b10479ba8d0508d9fcdb0f45b7242fbf7044867,django/django,107993.447652,1,nested_selected,124452.596539,True
django__django-16082,assignment-case-v1:a385cd29da6fc2f2a339f4edd4e88296cc26bf33091828dc692b3b574b9bdd53,django/django,106922.307464,1,nested_selected,124452.596539,True
matplotlib__matplotlib-23562,assignment-case-v1:a5062d2d2cc54541effa1dc9d5a79005fe003b4c6f686f517d6143afa6e68ba7,matplotlib/matplotlib,224702.276184,1,nested_selected,124452.596539,False
sphinx-doc__sphinx-8548,assignment-case-v1:ab6cf0a4ffc72a0c2b38d34c74386005452058fa7660e14d88ca57c25178f463,sphinx-doc/sphinx,92444.507509,1,nested_selected,124452.596539,False
django__django-12325,assignment-case-v1:abeaba8669176c0e47d183bf15e7cc23d7079d41d51e58501138af3158120e02,django/django,117801.319253,1,nested_selected,124452.596539,True
sphinx-doc__sphinx-7590,assignment-case-v1:ae6ac27aeb8f3691dbef6ab5f2023cb36529c0a76dcaba0940a86ba4bee58540,sphinx-doc/sphinx,73772.061345,1,nested_selected,124452.596539,False
mwaskom__seaborn-2848,assignment-case-v1:b00a2507ec22972ead4c01a0d482f597c5b4d18d921bf357ae2fbdb93d026188,mwaskom/seaborn,110963.043702,1,nested_selected,124452.596539,True
sympy__sympy-22080,assignment-case-v1:b179feb16e4c889012c4f3a3150d14e4421d5fb33a441b766d4b3e3cb0536a6b,sympy/sympy,143085.318986,1,nested_selected,124452.596539,True
django__django-14170,assignment-case-v1:b4cc6b40c69ce89ef4ba4c92f81865fbc537b96bbea2d0798daf110062eb5027,django/django,1197995.998757,1,nested_selected,124452.596539,False
sympy__sympy-20590,assignment-case-v1:b707616474edeb5d174670ecc3a9464d48e7e0b303c0cb0a3d9cab9a3a830119,sympy/sympy,87183.626607,1,nested_selected,124452.596539,False
django__django-14580,assignment-case-v1:b87f3af1c7b25145a4f06e4603f855d45d1b72ff828f7346c6834b9bb0b96661,django/django,142615.372833,1,nested_selected,124452.596539,True
sympy__sympy-15011,assignment-case-v1:b96490a974c4858e476ef9c2c97d424c98b8bec3c194615d628d5815d567945c,sympy/sympy,118916.390513,1,nested_selected,124452.596539,True
scikit-learn__scikit-learn-11281,assignment-case-v1:bed99fcfda30418ee500bcc1031f45768610c99eb3a7e1de4eda43b4665126b9,scikit-learn/scikit-learn,131240.388755,1,nested_selected,124452.596539,True
django__django-11211,assignment-case-v1:c51912d3527c45567c4c459c6372da125a58255767c558f576f1a5b8e9f5abeb,django/django,171538.650364,1,nested_selected,124452.596539,False
matplotlib__matplotlib-22711,assignment-case-v1:c67fa97aefbaff8cf87ec8c1b534a7baa3eeb5824ab4f450e15c0392aac7b485,matplotlib/matplotlib,297999.41505,1,nested_selected,124452.596539,False
django__django-16612,assignment-case-v1:c6848279d80395a33f16471afe905fe85ae756c28651cee34271bd373e0f899e,django/django,119032.537201,1,nested_selected,124452.596539,True
django__django-11749,assignment-case-v1:c879e38063fc4ce5013d5d8cff90778b200b77b824dbb3784c7951c8ae08f357,django/django,140412.52057,1,nested_selected,124452.596539,True
pylint-dev__pylint-6386,assignment-case-v1:cdaa91098480edd5c3f9a1976f75a8e9af8a82a651ba659eba1c6c54a6bdd89b,pylint-dev/pylint,120685.254678,1,nested_selected,124452.596539,True
django__django-11276,assignment-case-v1:ce9e78ecc92997532b4f5f2a075faf3f6d5e5c68088ab1af0162cae7e99cd9d6,django/django,107734.393653,1,nested_selected,124452.596539,True
pallets__flask-5014,assignment-case-v1:cfb94c6f6062221eb6ec5936b27188481159f883ecec7ac2abc449b2f1aa9919,pallets/flask,122780.391945,1,nested_selected,124452.596539,True
sympy__sympy-14308,assignment-case-v1:d01080a3e570f12e4c4bdb7f3050e24161003d3fd7ac9a820746c3e169a6be07,sympy/sympy,108266.133172,1,nested_selected,124452.596539,True
django__django-14855,assignment-case-v1:d3fa0b32aa4979b256b2320aaf006d557d7539ba1087aa9aa1783f37b15f0958,django/django,91195.560918,1,nested_selected,124452.596539,False
matplotlib__matplotlib-23562,assignment-case-v1:dafdc96407cc637299157ea59d93e09e4097f4e5a4d9a7a196beb47722a0b422,matplotlib/matplotlib,60194.540819,1,nested_selected,124452.596539,False
matplotlib__matplotlib-20859,assignment-case-v1:db05a7145305e9bcca80dc574a54b5a5254ad96972602b291050a8c3f69b9b90,matplotlib/matplotlib,297689.966078,1,nested_selected,124452.596539,False
django__django-13590,assignment-case-v1:dd907f99a8cf73339d001a0d9a632dba07c80bb42f03d51e3a618548ff882dfb,django/django,189574.220707,1,nested_selected,124452.596539,False
matplotlib__matplotlib-23562,assignment-case-v1:e1fccfb4b9b830a81ba6a6c5cd4658dc0e8d28a34307191651d32d01fdbd1736,matplotlib/matplotlib,103246.5903,1,nested_selected,124452.596539,True
matplotlib__matplotlib-23964,assignment-case-v1:e52c33cdd2fc7d9437665fbd3be037109f246c47519e9cd1c34b953adb4feee7,matplotlib/matplotlib,204148.664258,1,nested_selected,124452.596539,False
sympy__sympy-13773,assignment-case-v1:e6cbd6e25fbb8593a31b77dae2bcfa6866664ed1f610d084c6642104a6b1e056,sympy/sympy,121268.4527,1,nested_selected,124452.596539,True
django__django-11532,assignment-case-v1:efc5abf77617ac555f376e03a2b97eb1bb3a2eaf9efbe0be15ddefc93dad913a,django/django,121962.44297,1,nested_selected,124452.596539,True
django__django-13448,assignment-case-v1:f0c78f0a748bdbb2074f7301a89208ebb7b54c119f6ed4280de5d2fb305b6799,django/django,147697.44727,1,nested_selected,124452.596539,True
django__django-14315,assignment-case-v1:fcc7c11647d5296d8748d52c7fea5c956b0b0f6b71a5bf362901ee328c528bf2,django/django,169537.793997,1,nested_selected,124452.596539,False
scikit-learn__scikit-learn-25232,assignment-case-v1:003fb85dfbc99179e5ea2986e1ca936c6dfa5dea71d2405a1bdc9ed2cdfb75c9,scikit-learn/scikit-learn,208202.901016,2,nested_selected,125168.74167399999,False
django__django-11740,assignment-case-v1:04201a5dcfa4bdb6e47e9f64be40158628b25facb8c2c45736ef1f1aecfef788,django/django,151540.73886,2,nested_selected,125168.74167399999,True
sympy__sympy-22456,assignment-case-v1:0434cd87f6248e9c413967773d95361bee2c8231587ad9c0443c3059ffaa2499,sympy/sympy,96088.705003,2,nested_selected,125168.74167399999,False
scikit-learn__scikit-learn-13496,assignment-case-v1:080b2f5fd68e2c8eba6916f5b9eb307f2a4810fefd8eb1f6f6d10dbf2de35691,scikit-learn/scikit-learn,151996.762559,2,nested_selected,125168.74167399999,True
scikit-learn__scikit-learn-14710,assignment-case-v1:082180b0384bd99692b93cde8dacfd8073c91d650c18efc51ac0de1c9899fd82,scikit-learn/scikit-learn,289835.961999,2,nested_selected,125168.74167399999,False
django__django-11728,assignment-case-v1:0aaa78b08576a16853e928f18e8b8b18f89edd7fe4a09404b50f9030ded740e4,django/django,134620.786253,2,nested_selected,125168.74167399999,True
pydata__xarray-4493,assignment-case-v1:1124d315f579e1da3095e8127b8d15731129517b70a290b51182944a87f20c54,pydata/xarray,92437.390398,2,nested_selected,125168.74167399999,False
django__django-15252,assignment-case-v1:13283defa996e245d684fe27322ffe18294f66aabc91a78fce036cbdb5c96d23,django/django,136802.094523,2,nested_selected,125168.74167399999,True
astropy__astropy-13453,assignment-case-v1:13d1ccc9ab2d5ecc54f5ed78148f741c52fe7afd4a4648e909f3d7426ad09db7,astropy/astropy,89291.293344,2,nested_selected,125168.74167399999,False
django__django-13265,assignment-case-v1:142cac08530619701eebd9e6b0146062b67c8860a48ebedf0c77a53aeef1fedb,django/django,122244.817508,2,nested_selected,125168.74167399999,True
sympy__sympy-18057,assignment-case-v1:15ebf286f4d547e6b3c6197827ecd887d81eabbc3f6a8e8b583a139c8f9b11c3,sympy/sympy,135822.462573,2,nested_selected,125168.74167399999,True
sympy__sympy-14817,assignment-case-v1:16ce165dc4361e26ff9fafb1f1f54afbe38792d67d420a1ce182d64e1f4fa837,sympy/sympy,116935.827472,2,nested_selected,125168.74167399999,True
astropy__astropy-6938,assignment-case-v1:16d4b3b193caa5640f1c381827015a5e02cc82eb83f8bd3ba10a1f03b1d33f05,astropy/astropy,121077.636072,2,nested_selected,125168.74167399999,True
pylint-dev__pylint-6903,assignment-case-v1:16f1ebd6befc7630a235b427aabbbb05766f2d500cef05b02a82afedcb47db04,pylint-dev/pylint,207052.543566,2,nested_selected,125168.74167399999,False
astropy__astropy-6938,assignment-case-v1:1737cba7805b150488b9b0d2bd4447d5008eaea7e25678219526f41330064da2,astropy/astropy,149027.619259,2,nested_selected,125168.74167399999,True
django__django-15781,assignment-case-v1:17caa950d302b1a75e830e1b98fd4340432a7447a23caf5a255785bab5423541,django/django,152435.634415,2,nested_selected,125168.74167399999,True
astropy__astropy-14182,assignment-case-v1:18310e941156a26dc0c031ece89fd988d1d2128e7a3c68c1d03868a32cb78252,astropy/astropy,200686.252675,2,nested_selected,125168.74167399999,False
astropy__astropy-7336,assignment-case-v1:1988d9b0b91cf337f08091282119e2856033a4c8c80d9364d4aa1d5cb52dd5e9,astropy/astropy,84059.049304,2,nested_selected,125168.74167399999,False
matplotlib__matplotlib-25442,assignment-case-v1:19d279b0bbfb7a0b2c8c9625ee62215ead7c1ce285fddab53afea72495e9e102,matplotlib/matplotlib,295502.153224,2,nested_selected,125168.74167399999,False
django__django-11333,assignment-case-v1:1b72a394ddb0a6f18b8ad02027dd72fff19b4b21004df2cb4beb304d92175216,django/django,168375.848725,2,nested_selected,125168.74167399999,False
sympy__sympy-14531,assignment-case-v1:1b82df1ede39f6db92d7a4074780a92a51d89223067c28091c3ea1d3f22f0127,sympy/sympy,117486.602667,2,nested_selected,125168.74167399999,True
scikit-learn__scikit-learn-13328,assignment-case-v1:1d83b4e414d6d1d4b31602ea6a513e2e820b159220d5263f2b32fc697ed21695,scikit-learn/scikit-learn,102541.38222,2,nested_selected,125168.74167399999,True
matplotlib__matplotlib-23987,assignment-case-v1:1f590e3bf53108fcf6c9936a45fd5c598975fbb638c89fcc1f6ed08547cea96a,matplotlib/matplotlib,294738.872084,2,nested_selected,125168.74167399999,False
scikit-learn__scikit-learn-14496,assignment-case-v1:1fe20105c9e6ff40b755c01bf9bbacd123c2653ff085a894eb9a6aede2ba0b80,scikit-learn/scikit-learn,245928.106941,2,nested_selected,125168.74167399999,False
django__django-12497,assignment-case-v1:20caa91d66fe2d4aca12449e7a165200d0a392c65c81f0be0358359cf0ae8b09,django/django,95103.628292,2,nested_selected,125168.74167399999,False
django__django-11206,assignment-case-v1:218a0e9f763396fd4bd446fc71d9a849b3f1443f81a1774981d8ed34af32d34f,django/django,131895.738631,2,nested_selected,125168.74167399999,True
django__django-11734,assignment-case-v1:2401919891426c6b8e18b5f25c6123c91e544ba8be5dfd2dbc56b02897c7278b,django/django,96306.065899,2,nested_selected,125168.74167399999,False
scikit-learn__scikit-learn-10908,assignment-case-v1:2467dc9f403e46a9be65fe89de8ba2f68d726b7f04b690a112352b1466590dc3,scikit-learn/scikit-learn,141533.072712,2,nested_selected,125168.74167399999,True
pydata__xarray-6461,assignment-case-v1:25525711011bec866556c928bd6fb0edd76e940ac8edeca1d2380bf0c97583bf,pydata/xarray,249765.437654,2,nested_selected,125168.74167399999,False
pydata__xarray-6599,assignment-case-v1:2950f666cb7a139c16501b19eb91794232dd0a922ee3b780c7a17ed25b3f06d9,pydata/xarray,208773.590624,2,nested_selected,125168.74167399999,False
django__django-13568,assignment-case-v1:299f5b349ed2688f7b86dde25429732c93ad88b06169811dd57d420011851ccd,django/django,122522.296905,2,nested_selected,125168.74167399999,True
sphinx-doc__sphinx-7985,assignment-case-v1:2d6d52e374d50e5e39277319e8511919d4b15386ab69635a9209255c0c44088a,sphinx-doc/sphinx,117457.950625,2,nested_selected,125168.74167399999,True
sympy__sympy-18199,assignment-case-v1:2e6a3248337a8ba540f707e6443c6501cc36c71a233915a4d52d9f8e49326ec6,sympy/sympy,132592.577243,2,nested_selected,125168.74167399999,True
astropy__astropy-6938,assignment-case-v1:2efe4da1539214e304d99f425d701d47f19a496a4aaf5afcb4baf6cb07d2af52,astropy/astropy,125149.266601,2,nested_selected,125168.74167399999,True
django__django-13741,assignment-case-v1:30e8fa631c3cb9d7b95636edaa1bbd028533c63f1f74d7b2f62508cbf5f22ef5,django/django,135272.198259,2,nested_selected,125168.74167399999,True
astropy__astropy-13033,assignment-case-v1:30ea826b7e4e384d18c54c6a5bca18b15b9030ae78926033d8840a8c07218346,astropy/astropy,142895.477679,2,nested_selected,125168.74167399999,True
django__django-13568,assignment-case-v1:311dbced573df9c69c434e6448a4dc342d00a6d463666a892e643cbfd0477208,django/django,127128.461781,2,nested_selected,125168.74167399999,True
astropy__astropy-6938,assignment-case-v1:34551bff63d31af1a74181a4f7036bc4b16bda2551d4df10ec515fd4af1e5e81,astropy/astropy,162707.920988,2,nested_selected,125168.74167399999,True
pydata__xarray-4493,assignment-case-v1:37d7bea5aaae9ad77aa346d845d6aeb458fa773d17039fdf98d6f88abf47b6de,pydata/xarray,131521.851672,2,nested_selected,125168.74167399999,True
pytest-dev__pytest-7205,assignment-case-v1:382f671003fe29de8bc4cdbd1c6288fc2fc849192222dce1996e9d38f0ecfa37,pytest-dev/pytest,150719.69156,2,nested_selected,125168.74167399999,True
django__django-16255,assignment-case-v1:3916be77a777185f34d8a16866ff7b79a0ac221d3c15e63f74831dfcca6e7f59,django/django,131102.885995,2,nested_selected,125168.74167399999,True
sympy__sympy-18211,assignment-case-v1:3980fdd708f3897f5befa98467ac8d19dbfd0a7b9c6e8ff1396c2faeed5d8416,sympy/sympy,81973.364231,2,nested_selected,125168.74167399999,False
sympy__sympy-13895,assignment-case-v1:399be48cfa2f15301c6d2e0908305971a3717d87981c8d37938af99958dd17e1,sympy/sympy,122082.076527,2,nested_selected,125168.74167399999,True
pydata__xarray-4493,assignment-case-v1:39fde18644d1d4b408cadc2e12d01dcb6896e330d6c9e1786001080f7af02277,pydata/xarray,106362.250188,2,nested_selected,125168.74167399999,True
django__django-13568,assignment-case-v1:3bca505877993d6eb7d8f7859690a37bc588c2095046e5b3b5c21740385866bf,django/django,97958.238062,2,nested_selected,125168.74167399999,False
pydata__xarray-4687,assignment-case-v1:3e7acb7eed45c576210d95e7a2cd118708910ef3546a7993501f379c26acda84,pydata/xarray,108098.701628,2,nested_selected,125168.74167399999,True
sympy__sympy-22914,assignment-case-v1:40088aaee02f085091c494f33195a03759510b3b341ae4be97f04b383894a192,sympy/sympy,79566.526654,2,nested_selected,125168.74167399999,False
matplotlib__matplotlib-24177,assignment-case-v1:42c494bd24d801fbb6789c138a0f8583b9611702473c7206166578c9cc470e73,matplotlib/matplotlib,164913.841361,2,nested_selected,125168.74167399999,True
django__django-13925,assignment-case-v1:446fd632424ba366d80f2c4d59cd61686e8fa57c762effb355c8545a066754fa,django/django,128767.609811,2,nested_selected,125168.74167399999,True
sympy__sympy-17655,assignment-case-v1:454648abe973bab25b771f1e52bf5ba06b0452d0c339ba937ba23dfd56ace999,sympy/sympy,119467.597868,2,nested_selected,125168.74167399999,True
django__django-11630,assignment-case-v1:457ccc6de9ad79bb8012dd029a2e32d595fe4ec1c3f59914ec326c5427da882d,django/django,175511.275837,2,nested_selected,125168.74167399999,False
django__django-14140,assignment-case-v1:465d3558f27172c75f16926d3422e415389cbf9a0ddd94d3976dd7996649a7b9,django/django,127468.524009,2,nested_selected,125168.74167399999,True
pydata__xarray-4493,assignment-case-v1:47565c112de6dc803cff11b34da13553eb0ed50dcd1e46e0b653ad9238a48291,pydata/xarray,105753.705464,2,nested_selected,125168.74167399999,True
sympy__sympy-22456,assignment-case-v1:49be8faf079d7bc759d012c238ec63d60d156f2b71c863da4ec2c5b7f710be35,sympy/sympy,89287.083865,2,nested_selected,125168.74167399999,False
pylint-dev__pylint-4551,assignment-case-v1:49eaed15e36d369ba42d5b2da39b2c152a537d7ae6aba1e258ab81201269559a,pylint-dev/pylint,128634.14477,2,nested_selected,125168.74167399999,True
mwaskom__seaborn-3010,assignment-case-v1:4b083fba8cd9dd3f75b3d0fbbfdacee8cf2da940d37577f71a024ed81a5e660f,mwaskom/seaborn,191199.845217,2,nested_selected,125168.74167399999,False
django__django-15561,assignment-case-v1:4c2f7906f985ff690e4fc13336ef2d9c6637822b3cf68dcbfa59d68265ff7b15,django/django,141719.072106,2,nested_selected,125168.74167399999,True
django__django-14787,assignment-case-v1:4c4f725a7173e7d5b8c18e6d1c201bd7e44258e199970abbe37b86ecc25c8b2a,django/django,148611.178823,2,nested_selected,125168.74167399999,True
astropy__astropy-6938,assignment-case-v1:4c96582ea460b994f28fd0840ac327935090654656b3b9e0924233a1cde3edc9,astropy/astropy,124126.141712,2,nested_selected,125168.74167399999,True
django__django-12308,assignment-case-v1:4d47c7bf73d2f97cdf0de934aea1af1e275452222fb34372c146d68403c4a8c1,django/django,108312.520382,2,nested_selected,125168.74167399999,True
django__django-15499,assignment-case-v1:4e42151cf3975c50edaba183aacedbb6d2b662252cc350ded7f531e42c6be978,django/django,126040.609132,2,nested_selected,125168.74167399999,True
pydata__xarray-3993,assignment-case-v1:4f3f9a7772c58155821b55639548c2fa2d98afae67267ee232d3ce43a4f16ff0,pydata/xarray,121560.135377,2,nested_selected,125168.74167399999,True
django__django-15738,assignment-case-v1:53bb65871c0b28727bc3a86d235dd77ceea7ccae2e496c4e5ad20e397efb4415,django/django,165443.365098,2,nested_selected,125168.74167399999,True
sympy__sympy-22456,assignment-case-v1:549c91eb8315e99667ee77077282fed8018187393a033164a8f9f7282a544c95,sympy/sympy,125912.978538,2,nested_selected,125168.74167399999,True
django__django-13568,assignment-case-v1:5537318af6e91695c02b6decf8f5a511ae2a0df6fd4457c4e417979ddab350d0,django/django,127817.410785,2,nested_selected,125168.74167399999,True
scikit-learn__scikit-learn-13142,assignment-case-v1:5a9e1703d1f654a894bacbc5182174904d51bba8ad8550a64d92a84aa2fd62e2,scikit-learn/scikit-learn,124633.184828,2,nested_selected,125168.74167399999,True
django__django-15098,assignment-case-v1:5ae1be7f68d7dc9579a8cbcf285d48e393225969102a72310093227bfa9a834f,django/django,91561.93899,2,nested_selected,125168.74167399999,False
django__django-16139,assignment-case-v1:5c14219541f8296d1e0671dd86b43d449488925d6f1cf8a9c3f7c1942bb30f05,django/django,93562.675638,2,nested_selected,125168.74167399999,False
django__django-13568,assignment-case-v1:5c3d240f1bb8ff23dba6b312ebcc4b1c0ea72cb019dec7f59948926f276e2b84,django/django,118060.563419,2,nested_selected,125168.74167399999,True
sympy__sympy-16450,assignment-case-v1:5db23e43d36ba267b068c87f7a71bdbff6262e5ed56ea9b4a607cd69e4b40476,sympy/sympy,103728.679343,2,nested_selected,125168.74167399999,True
django__django-13925,assignment-case-v1:5e457c11c3bb9a945747cd925b465060768666501a2cde914a46658ade92fd77,django/django,104124.814246,2,nested_selected,125168.74167399999,True
sympy__sympy-17655,assignment-case-v1:5e7dcac8f2047b5f3037aee1467a96facdc79350cf84aaa5bca9650288b0bf37,sympy/sympy,149381.984881,2,nested_selected,125168.74167399999,True
pylint-dev__pylint-5859,assignment-case-v1:60accdfaf6789e4f698fc2fdac46bf58b4c049c46b65a014c20cb7148c24734e,pylint-dev/pylint,156576.884365,2,nested_selected,125168.74167399999,True
scikit-learn__scikit-learn-25638,assignment-case-v1:668150bc46c2f8e2ac4f8a3c53427dc5eaddfc95f377022aa288102cb8c9c6cd,scikit-learn/scikit-learn,157043.916716,2,nested_selected,125168.74167399999,True
pytest-dev__pytest-7571,assignment-case-v1:688b982a4a6c5848ae1bfdac9a3e5d2ed58a37d74201e4da95a0f3cb76dc2e44,pytest-dev/pytest,146344.047745,2,nested_selected,125168.74167399999,True
sphinx-doc__sphinx-8627,assignment-case-v1:68a62dbb984335b3bb6f4f920945d27c5289c14888b83b2cf93ce416e47720df,sphinx-doc/sphinx,135250.49296,2,nested_selected,125168.74167399999,True
django__django-12304,assignment-case-v1:6a31ab633c7322a10bdc867ae475dc09e8df19d6f1e1abe288d89b554cbc1ea0,django/django,156953.716266,2,nested_selected,125168.74167399999,True
sympy__sympy-22456,assignment-case-v1:6a3be302569fd364281e205bb9f8d0da7c55cdd453433ce9033464af88c10dfd,sympy/sympy,88186.063588,2,nested_selected,125168.74167399999,False
pydata__xarray-4493,assignment-case-v1:6ac5ec167c205e5cab367eceafd1f82bc2d7b9736b8556e1bab961c226019dad,pydata/xarray,95158.11497,2,nested_selected,125168.74167399999,False
astropy__astropy-6938,assignment-case-v1:6c61bb8347725605226a8c35f78e5e6aeb14e7d369d11791c7e981c63c6f5c8b,astropy/astropy,93281.662831,2,nested_selected,125168.74167399999,False
sympy__sympy-22456,assignment-case-v1:6d95506676e4a041ded9bf0de18fd28ba3d198561d05dc7afcfaecd40a6f9e27,sympy/sympy,94027.435397,2,nested_selected,125168.74167399999,False
pydata__xarray-4493,assignment-case-v1:6f52eb98afd78ac2f762b7e6def8a54a840e0758c71e393cdd165e1b08d7b251,pydata/xarray,57898.185043,2,nested_selected,125168.74167399999,False
astropy__astropy-6938,assignment-case-v1:724da2b59948e411bd787005d73cc43039d495d52d03bcc5944455804c35c95a,astropy/astropy,228613.31327,2,nested_selected,125168.74167399999,False
django__django-15629,assignment-case-v1:727a6819557867f793a8766a8aa3d649d889d1d02245ada81636cf4f4ace02e8,django/django,96641.722344,2,nested_selected,125168.74167399999,False
sphinx-doc__sphinx-9281,assignment-case-v1:72ddadd96242d4e3e6e6629904266a033fae1eb359410313a26ff3a66dacf13e,sphinx-doc/sphinx,92663.963721,2,nested_selected,125168.74167399999,False
django__django-13568,assignment-case-v1:74f051bcbfef63e1589eae0d157bcc1d086d45d15dcc6dccc91a29ff8ecb9ba8,django/django,121145.021056,2,nested_selected,125168.74167399999,True
matplotlib__matplotlib-25332,assignment-case-v1:78dfd845f9ab6df5e4c351011de700c65497afe87d8348370b41bbb1066da066,matplotlib/matplotlib,136028.326364,2,nested_selected,125168.74167399999,True
django__django-13568,assignment-case-v1:7a8b0ae526e799cdc918901f093ec0399ee66f831ac6c955e01af4b31d847ebb,django/django,112894.15653,2,nested_selected,125168.74167399999,True
django__django-13568,assignment-case-v1:7c15611096a9b9205aa24f487bce0aff40a4b51632a2b50aa0753d3e7d6772e2,django/django,82561.306898,2,nested_selected,125168.74167399999,False
django__django-13109,assignment-case-v1:8138f5ea96be022e3455871d828a7e86854214ed72a88e88c5143229eff164fc,django/django,175620.361988,2,nested_selected,125168.74167399999,False
sympy__sympy-20916,assignment-case-v1:829dc8f59edb08b21e3941770285f542faadcddd490b228b1b41bd1537501797,sympy/sympy,123351.162461,2,nested_selected,125168.74167399999,True
django__django-11299,assignment-case-v1:84b8daeba802044ab5f53e985859a8323f6a3e5cd57d105ab13a257df1a0ad68,django/django,93903.157627,2,nested_selected,125168.74167399999,False
sphinx-doc__sphinx-8801,assignment-case-v1:86d0f5c624bbc9511f2eac52f3343b06dd6dccc2fda42897fc0d3aadc9f2cb46,sphinx-doc/sphinx,121964.371015,2,nested_selected,125168.74167399999,True
sympy__sympy-22456,assignment-case-v1:86fee15cbdfe22953b45508be8bd5b64d4c68c924eceac21ac6bc04a9f5807d5,sympy/sympy,97030.049381,2,nested_selected,125168.74167399999,False
astropy__astropy-6938,assignment-case-v1:8b064238a30e4ed9b5236fe44f1fd2f1c4c80e2758d4fbfdc6f13bb164714674,astropy/astropy,83489.931364,2,nested_selected,125168.74167399999,False
django__django-16560,assignment-case-v1:8bc01be0419434eb60219fb9022a6bfbb7b0fbe894db0948ac6fe248cdbbf427,django/django,135567.898989,2,nested_selected,125168.74167399999,True
sympy__sympy-18199,assignment-case-v1:8e156cd9adfb31f4fcc81761c427c1ff5fa471ea94ec6ca56fd297e6c82389fa,sympy/sympy,131815.844301,2,nested_selected,125168.74167399999,True
astropy__astropy-6938,assignment-case-v1:8ee166bfc94dc7702f9fa3ca825115981a10165d4459f0240706f890962bbd54,astropy/astropy,229163.367982,2,nested_selected,125168.74167399999,False
django__django-13568,assignment-case-v1:90a42d2fdfe010943a1c5fb5f05e9b7ee8625ddd60a0832a08fa7b874d76bf2b,django/django,137225.437125,2,nested_selected,125168.74167399999,True
django__django-16493,assignment-case-v1:94c4627af89c1e44c029c232e56b9831b88f1c8d890d0c211fbeebbbceb9e7fc,django/django,233528.441052,2,nested_selected,125168.74167399999,False
pydata__xarray-3677,assignment-case-v1:968a067984affe261c165e0f57c41ce99ce5c2930db9e21b670b9362f643ef0a,pydata/xarray,101692.623204,2,nested_selected,125168.74167399999,True
astropy__astropy-7746,assignment-case-v1:980a79243f61944c999d709aa980c804cfad20ddb9005b9a6cf4bd191b8fa34a,astropy/astropy,141603.317674,2,nested_selected,125168.74167399999,True
django__django-12754,assignment-case-v1:9bfa70e7a217bce61ead7a31baee9b35063c54c4a6673569864407596aeb0eb4,django/django,131252.675033,2,nested_selected,125168.74167399999,True
scikit-learn__scikit-learn-14629,assignment-case-v1:9c03cb82e06db14fd2c4d388d49d54907f2c9700760476bace6c73e5376ce036,scikit-learn/scikit-learn,132467.925934,2,nested_selected,125168.74167399999,True
astropy__astropy-6938,assignment-case-v1:9c054ca34e933f5d85124a872c79ef3818d115508b3fb8e305da8d5347549b1e,astropy/astropy,133099.89095,2,nested_selected,125168.74167399999,True
django__django-12308,assignment-case-v1:9ceea0f6adec6bf5a517ea33faad3c0ec209408f4a9a265142d4a608388a5996,django/django,109644.348794,2,nested_selected,125168.74167399999,True
django__django-14787,assignment-case-v1:9d1cd9b0a5daaf7970d618a360ca4f565e333dcb08f0dc37283efab8406736ba,django/django,142200.476769,2,nested_selected,125168.74167399999,True
sympy__sympy-22456,assignment-case-v1:9dfb8db91844cdbba3dfa89d04cf9553e9462d4e452f4ffa076f4d22a37ff077,sympy/sympy,57957.74152,2,nested_selected,125168.74167399999,False
pytest-dev__pytest-10051,assignment-case-v1:9ea7a9721cccb4ac848928171e7757ad2fc0f508078dd4d1ed01cd179de6786c,pytest-dev/pytest,136091.714759,2,nested_selected,125168.74167399999,True
django__django-14053,assignment-case-v1:9f50a188b7b415401eb7538eb7ecf139d8f57a6f3cd77c80cb96b91bb2dcd86a,django/django,120825.274753,2,nested_selected,125168.74167399999,True
django__django-12915,assignment-case-v1:a1770852483b353a1541fcc1a452bcc65f9dddfaf44e1f12ee50efb750654830,django/django,125495.317506,2,nested_selected,125168.74167399999,True
django__django-16139,assignment-case-v1:a2a61a112b1f4ff9a418224fcfbc89d377940562d7d106edc33c65a35a1a9bc2,django/django,85853.694173,2,nested_selected,125168.74167399999,False
django__django-12155,assignment-case-v1:a3b2ebe2ac83cb4e542d08129085ce4b48ef3e9cf51649fbbbed3bdd1529dfbf,django/django,124562.84106,2,nested_selected,125168.74167399999,True
sympy__sympy-17318,assignment-case-v1:a652750211d5059b2cf0e5d1233078aa5ba868c90f0c7ae0ac9c10af1efa86b3,sympy/sympy,92625.540182,2,nested_selected,125168.74167399999,False
django__django-13297,assignment-case-v1:a76d6bd000b0deabdb1a0b2efd3c4b7387605abd517c4f27f3745cd57a3febd7,django/django,197239.660945,2,nested_selected,125168.74167399999,False
pydata__xarray-4493,assignment-case-v1:a95cf812eae38a37497197f2cd962aee93990f3acf9f327df5bf87f50e2b8237,pydata/xarray,57865.04266,2,nested_selected,125168.74167399999,False
sympy__sympy-20639,assignment-case-v1:ad27003e1ed7db3a2bfec12eadd4232604039b18762f3193aa5f1705f4f7eb36,sympy/sympy,100131.412922,2,nested_selected,125168.74167399999,False
sympy__sympy-22456,assignment-case-v1:b5aeb83096246570537a1c4ec1124f8400e973cb8e61c6bd0bcbc5cc608b0cb4,sympy/sympy,118994.413824,2,nested_selected,125168.74167399999,True
astropy__astropy-6938,assignment-case-v1:b80f9149e8a56b0632acd741f8f86e48ca77d551e82a79f472cf069e2129279b,astropy/astropy,210457.674794,2,nested_selected,125168.74167399999,False
django__django-13568,assignment-case-v1:bdbe97367c993bdbaf95b332392f40f13ca429210942062dc8cc83c9a781120d,django/django,124618.020749,2,nested_selected,125168.74167399999,True
pylint-dev__pylint-4604,assignment-case-v1:be10f4da5548d591ebd2434af03d116e6fe2954025afa13bd17894da5f37080c,pylint-dev/pylint,160945.573823,2,nested_selected,125168.74167399999,True
pydata__xarray-4493,assignment-case-v1:beb77e7a886be626c6f02c531bfcf123165cd4dd2879ea98aef0a826c79a871a,pydata/xarray,116152.347543,2,nested_selected,125168.74167399999,True
django__django-14730,assignment-case-v1:c0f04fd6ba3c31e3d1ee0f0cc23bb6cdacb5d791ac8e47a44bf59f4d3f29231f,django/django,130701.809192,2,nested_selected,125168.74167399999,True
django__django-13220,assignment-case-v1:c1b87e551e1479e21e51e5b61818489f67538246fb1066fb65d1133b384a7a4e,django/django,134781.019092,2,nested_selected,125168.74167399999,True
astropy__astropy-6938,assignment-case-v1:c509a1eebfc1188626f02badb6a7014d8193b715fe27f1234c15c59784b92f98,astropy/astropy,131143.9324,2,nested_selected,125168.74167399999,True
scikit-learn__scikit-learn-13496,assignment-case-v1:c811b340015683b13e7fd044e86e1ac266c2156cbca6d6c701a7f4338e125e4f,scikit-learn/scikit-learn,109971.597163,2,nested_selected,125168.74167399999,True
sympy__sympy-22456,assignment-case-v1:ca47bb49ab55c52b54ce3e8aad75e3a5bcd64626315612b7c304e814e4f1636d,sympy/sympy,69715.141587,2,nested_selected,125168.74167399999,False
sphinx-doc__sphinx-10323,assignment-case-v1:ca962c903c73c3aebd22741174cfc57c046b044d5552eaae305321ce72fe44e0,sphinx-doc/sphinx,119053.383213,2,nested_selected,125168.74167399999,True
sympy__sympy-22456,assignment-case-v1:cbe618aaa3f7a2ed49f10197c5133e584299820febb8240d8a8835cb5c0dffca,sympy/sympy,97327.475024,2,nested_selected,125168.74167399999,False
matplotlib__matplotlib-25332,assignment-case-v1:d1d358803e1ab33d62fba7576b26054da0940ac1512abedd2196b85b5002ca8f,matplotlib/matplotlib,276839.698622,2,nested_selected,125168.74167399999,False
django__django-11742,assignment-case-v1:d2ff38234f0d41ec773cfe9c5a020c9affd412a0cfb3cbbb4a5c97592beed492,django/django,137418.188586,2,nested_selected,125168.74167399999,True
sympy__sympy-22456,assignment-case-v1:d33ab5b8059ba0e05579ed6877732139fcfb52c3a8be97ecf631e437575932ff,sympy/sympy,144525.267574,2,nested_selected,125168.74167399999,True
sympy__sympy-20154,assignment-case-v1:d48be37f003352ae157ef57072dcd04b4e731a90f44b7eb39f04925862d7186a,sympy/sympy,85293.226694,2,nested_selected,125168.74167399999,False
scikit-learn__scikit-learn-14141,assignment-case-v1:d4d00a4ef8d89a94f59d4998a10716fedd130181f60623339653ca8b5c7ee29f,scikit-learn/scikit-learn,98670.716763,2,nested_selected,125168.74167399999,False
django__django-13568,assignment-case-v1:d5ef9c776ef1daaef65b7bb4c36b71db6891fe65c64c92a8bea444ee0443fa34,django/django,124288.06904,2,nested_selected,125168.74167399999,True
pydata__xarray-4493,assignment-case-v1:d677281efdd800053f511f8f4858f2e48648784a111bb64634e5bc982583fd16,pydata/xarray,109111.783635,2,nested_selected,125168.74167399999,True
django__django-15252,assignment-case-v1:d6dbb28add057cce397c91bc997b70f4e6849a374dc58248efaa6b21c3802a2a,django/django,127610.589773,2,nested_selected,125168.74167399999,True
sympy__sympy-16886,assignment-case-v1:d91d50406fbca37e462087bbbc9eba7e8959f19627d3b858c168b8fa0ab411bb,sympy/sympy,101052.928121,2,nested_selected,125168.74167399999,True
pydata__xarray-4493,assignment-case-v1:da2f85a5ecd7cd657462af1891209bcf24d261bc868d02017065e44a867e0f19,pydata/xarray,102849.05529,2,nested_selected,125168.74167399999,True
django__django-13513,assignment-case-v1:dbfdd9deb89b2a5f2ead554f0fa1598f6b752219f3ac9642fc15f1895ca674b1,django/django,214994.623815,2,nested_selected,125168.74167399999,False
matplotlib__matplotlib-24627,assignment-case-v1:dd96b2c2b72c1299244452c02a9d144d94dd9209b7de33a445641424be00114e,matplotlib/matplotlib,153200.394228,2,nested_selected,125168.74167399999,True
pydata__xarray-4493,assignment-case-v1:df8d5a24fac71018874c5d56fb6ec2179530104e1a9df292364accd30cb44b06,pydata/xarray,103082.298806,2,nested_selected,125168.74167399999,True
django__django-13568,assignment-case-v1:e12cdc83c2eae1fee8a30982507f05aeaa3356e4767d991786fcb7fecc5fcaff,django/django,46608.904902,2,nested_selected,125168.74167399999,False
pydata__xarray-4493,assignment-case-v1:e13e06b1c1d028806d16e18d906ebc68efeb07d855312ff91b33fe526d2031c4,pydata/xarray,77648.54479,2,nested_selected,125168.74167399999,False
sympy__sympy-15349,assignment-case-v1:e193689e1276ad40ece91611deddff57efb2f182aea41e4234a6028c1efb1fcf,sympy/sympy,165237.327051,2,nested_selected,125168.74167399999,True
django__django-13568,assignment-case-v1:e3a1748a3f69fa915da9d60d4ec89c8dd54dfe3ae6ca68ad38e2c08150119266,django/django,145825.061295,2,nested_selected,125168.74167399999,True
django__django-12143,assignment-case-v1:e3f8d5c8d945837b3cdb498493a2bd9ff249471d8d19bd21c1ff562ac833d918,django/django,124746.435591,2,nested_selected,125168.74167399999,True
django__django-14765,assignment-case-v1:e4798686196b4e0a621f3d4e8e7e5fd53ab7e323538cb1b18f70333b74f3b9a5,django/django,102454.401804,2,nested_selected,125168.74167399999,True
astropy__astropy-14182,assignment-case-v1:e4ddb13bd8f26c7ed61367a0844761301b43b9d7458f0903cd3657005274a5d4,astropy/astropy,96425.271024,2,nested_selected,125168.74167399999,False
pytest-dev__pytest-5809,assignment-case-v1:e7e22fdd4d738e72a4d372dde587d8a0a45bd855e0454107c9f8e4edd12a6e4e,pytest-dev/pytest,229725.611617,2,nested_selected,125168.74167399999,False
sympy__sympy-14396,assignment-case-v1:e99e9eb435602e0bcfbccd1d1ff5f73496bdb04e6709114dcb6cccc0e7d4bb72,sympy/sympy,110966.872896,2,nested_selected,125168.74167399999,True
django__django-15819,assignment-case-v1:ea499ee155b4c4ae333d3f5ec30d04822af0f5790869fd7a4f3e948738dd5e3c,django/django,106678.537211,2,nested_selected,125168.74167399999,True
django__django-16255,assignment-case-v1:eb8a6cd9dc0d53d1539e37cb3554de218694949693c6be59f2cb6b57e513f067,django/django,172264.240604,2,nested_selected,125168.74167399999,False
django__django-14631,assignment-case-v1:ec1a1f5ec2579ead434cbd990ccae69f5a68e30272a361e0593ce991d14b2395,django/django,112618.515918,2,nested_selected,125168.74167399999,True
sympy__sympy-22456,assignment-case-v1:ec458d38b66349ed8d810747c332b66d68c74054a9487c9a8f51b650fe9279ae,sympy/sympy,88273.353803,2,nested_selected,125168.74167399999,False
sympy__sympy-22456,assignment-case-v1:ef9671f9f112f4cfb742c2f8f51dd46c892c1887b1fcd00e090282ac873db0ae,sympy/sympy,98398.764565,2,nested_selected,125168.74167399999,False
matplotlib__matplotlib-24570,assignment-case-v1:f1f08fb8c2a1c39e2d417507f98b71b523b2b38a978c2ead08ad950dbfd06286,matplotlib/matplotlib,103584.702907,2,nested_selected,125168.74167399999,True
astropy__astropy-6938,assignment-case-v1:f4dccde98a473cea828373eb0ef5d39d5e8768e1861f6166b5f113a090e916ee,astropy/astropy,113627.953335,2,nested_selected,125168.74167399999,True
django__django-15277,assignment-case-v1:f70b7000c10162a79673810483df303a1f6d5c22f3494c63f7b9d8de54690fe9,django/django,99924.107787,2,nested_selected,125168.74167399999,False
sympy__sympy-20154,assignment-case-v1:f7447e96bd5eebb60e03289f09af9495344bc3ea782937656479f12599495e6a,sympy/sympy,117541.742945,2,nested_selected,125168.74167399999,True
pydata__xarray-4493,assignment-case-v1:f757e348a595dcc7856bafec8b79784cbef0452bfb507301619b273a4991d3a0,pydata/xarray,181999.58906,2,nested_selected,125168.74167399999,False
sympy__sympy-18835,assignment-case-v1:f837cda02d31873b8c38f8c325be44e08e931f6beea36b5b597a1b3996aa0dc0,sympy/sympy,127454.734258,2,nested_selected,125168.74167399999,True
django__django-13821,assignment-case-v1:f88edde848fdc4ad5f80a1f715e36ad44fc174096f2502fcf132848311cf0666,django/django,161291.859692,2,nested_selected,125168.74167399999,True
django__django-16667,assignment-case-v1:fa6bfdfe3a9b40846d03845371e7efa2d7708661d643a6ec49c4b39cafc87a21,django/django,117802.324243,2,nested_selected,125168.74167399999,True
sphinx-doc__sphinx-7889,assignment-case-v1:fe1bd54652a88ad57afa06fa3d580bf73826b8c624f409ab0a90f0175a12c41a,sphinx-doc/sphinx,128605.138973,2,nested_selected,125168.74167399999,True
django__django-15957,assignment-case-v1:fe69c872b5ce7d0f7c18e7c7fc53e9eabad5a242039f2a82c08b7a2f25694d2b,django/django,114824.746476,2,nested_selected,125168.74167399999,True
scikit-learn__scikit-learn-13142,assignment-case-v1:fee081408ee253778c163f45168759c2da9a584ae0b0b544e4d5cd9e1f5de837,scikit-learn/scikit-learn,138484.392669,2,nested_selected,125168.74167399999,True
sympy__sympy-12419,assignment-case-v1:0050fdfd5f21bfa855b0f03a76b55ed7c6a76b53e26d65eed59a0a698f0712c2,sympy/sympy,86831.359052,3,nested_selected,124252.1253105,False
sympy__sympy-19954,assignment-case-v1:00ba3a406cd67bc21b7a5aa182a6ca15a3df1821ca94ad8d8e2e671e42032c9d,sympy/sympy,105395.835818,3,nested_selected,124252.1253105,True
matplotlib__matplotlib-13989,assignment-case-v1:00c0f0c7163dcf16a4c73513d0e09e61ce1c5284c662b15b9aa3d5423a9f7866,matplotlib/matplotlib,76916.161167,3,nested_selected,124252.1253105,False
sympy__sympy-19346,assignment-case-v1:01d6ece3299ee960efab99aa2c46d0fecb08905a294eb77c96f110a04b7bb29a,sympy/sympy,116177.72439,3,nested_selected,124252.1253105,True
sympy__sympy-13647,assignment-case-v1:02cf3ad4fa8a2e6c60f7292944545b25f005866b0b4316aec1c8b8c86557dd3c,sympy/sympy,118598.766853,3,nested_selected,124252.1253105,True
django__django-15814,assignment-case-v1:0813248f9b972a14de18f990b279135d112702497a6dba10e015a8b97396e88d,django/django,106220.055333,3,nested_selected,124252.1253105,True
sympy__sympy-24213,assignment-case-v1:08e1b7c40292e11be0ab5645832113f4e990b1c86e657b230568706b32348b92,sympy/sympy,139064.616246,3,nested_selected,124252.1253105,True
django__django-11999,assignment-case-v1:0a7585c97772b74f29f6e028faf9f580b6bd663236af4fd1fff4d761a3f05764,django/django,133919.614611,3,nested_selected,124252.1253105,True
sympy__sympy-13647,assignment-case-v1:0c05ef52aa1d99d4f0ca4662c3cf9f71423eaad8593032412dd24a9f425f6f7b,sympy/sympy,148411.488718,3,nested_selected,124252.1253105,True
matplotlib__matplotlib-20676,assignment-case-v1:0c5365797dd313bfd6677c45f76faac58f6aa0e40b912b96b05240c297501f6b,matplotlib/matplotlib,243245.585203,3,nested_selected,124252.1253105,False
django__django-12983,assignment-case-v1:0cede4eeb275bffb62d306f95f725fb9316ed3b166f8efaf4fd317a34b5f7f48,django/django,207978.030055,3,nested_selected,124252.1253105,False
psf__requests-2148,assignment-case-v1:0d46eb654654368ddf2cf987d983e73c07dbf3d10d1131b43a2faeaa1546aec8,psf/requests,106052.660616,3,nested_selected,124252.1253105,True
django__django-11179,assignment-case-v1:1016b2f5f94d93df860c6bbafa497206b5c445e35a9e1392bfa3835c460bfd91,django/django,172894.421479,3,nested_selected,124252.1253105,False
django__django-11790,assignment-case-v1:10c44b5937fb166aac3b4f3c7329a8e546b879a4f25168d6fc19e9cdbeba8271,django/django,176075.139633,3,nested_selected,124252.1253105,False
sympy__sympy-20801,assignment-case-v1:11f6b581b04ade389d18037829918c34b50a9dc119bd254dc9107665fa9ef661,sympy/sympy,87293.616689,3,nested_selected,124252.1253105,False
django__django-13315,assignment-case-v1:12f45ce138833a52df57df5df160e2df9f15d663d11c4de6acc58c00754449c0,django/django,146905.863284,3,nested_selected,124252.1253105,True
pylint-dev__pylint-7277,assignment-case-v1:150d1658fdc8ae2cac015ea565953811b8c8f0dcfed7c34dd309662acc8a487d,pylint-dev/pylint,248098.383657,3,nested_selected,124252.1253105,False
django__django-14349,assignment-case-v1:1798502b82224ea304cda58e27f807d8e1dba139dff23bef3e3d5b5416f70456,django/django,137563.008303,3,nested_selected,124252.1253105,True
django__django-16595,assignment-case-v1:183a6eaa194d8fb9068a11be23e432f34923f449e81e160fe95f246460c7c207,django/django,137017.688424,3,nested_selected,124252.1253105,True
django__django-13658,assignment-case-v1:18dc537d9feb56a0a0c7323b89fe218d865217c7964d440ac4142d8a2d87d7c3,django/django,210141.595626,3,nested_selected,124252.1253105,False
scikit-learn__scikit-learn-13124,assignment-case-v1:1bf55bac7d433ba579eb3318f4c2bf2163e8240925cdbd41d83d03ed510c6fe9,scikit-learn/scikit-learn,105016.40894,3,nested_selected,124252.1253105,True
psf__requests-6028,assignment-case-v1:1bf98b1e55043f8a665a6a12b88c2c7f6854388c531e5b191aa887a4b249274f,psf/requests,160695.572266,3,nested_selected,124252.1253105,True
pytest-dev__pytest-5227,assignment-case-v1:1d2b866c5d05daa35f42bdc585f5ac46d4941663d5b25ac5db54b1668fe5e33e,pytest-dev/pytest,101629.926939,3,nested_selected,124252.1253105,True
django__django-15930,assignment-case-v1:21cc14f22723970739bd2cd0aaffca854e399ed6919f0869b441f9b6bb9c8f64,django/django,134780.867392,3,nested_selected,124252.1253105,True
sympy__sympy-23262,assignment-case-v1:2411c20b2b23486f99ec0d1e5033f9e439fa16cf8b95df70fe20e85bef0a2cad,sympy/sympy,115604.497252,3,nested_selected,124252.1253105,True
django__django-13658,assignment-case-v1:25c8713b9f07908f41c40a4dd0d15bba2c9a44f442318c90004d52a32d9f93a1,django/django,61130.054711,3,nested_selected,124252.1253105,False
django__django-15380,assignment-case-v1:2894190a3149cad310d395451e2227a4d9761b25740463b8f5b5444656d296ee,django/django,146636.466642,3,nested_selected,124252.1253105,True
django__django-13658,assignment-case-v1:296aaec7810b86d1c89dbc68f6591d35a1256dc34ab510bc41be260bdb0c16f4,django/django,145803.84284,3,nested_selected,124252.1253105,True
sympy__sympy-24152,assignment-case-v1:29cc43d8d494401fa58a074f2072714944451c60a4b4369bad44954aa747907f,sympy/sympy,152265.463015,3,nested_selected,124252.1253105,True
scikit-learn__scikit-learn-15100,assignment-case-v1:2b275df3f6ee55a7e545e6b8b5960fbdd7ea3c050adc1f5da9e2e6ecfa57f8b3,scikit-learn/scikit-learn,125093.219663,3,nested_selected,124252.1253105,True
matplotlib__matplotlib-26342,assignment-case-v1:2b8d9f2c6d10d80ad037ff5b1e76d6afbf7a38f09c467053e8c0c383a4b0441e,matplotlib/matplotlib,101384.368976,3,nested_selected,124252.1253105,True
django__django-13658,assignment-case-v1:2e085dc158bb9499532b6328022739c9d7ce10082c7d21a6d36900013b7a4110,django/django,96163.406913,3,nested_selected,124252.1253105,False
django__django-13794,assignment-case-v1:2e36256afeb0e251b000f6723c37d3b910bc6e9fd238b0e1a9836922974e40ee,django/django,91296.716762,3,nested_selected,124252.1253105,False
sphinx-doc__sphinx-8035,assignment-case-v1:2e59c80b6e80d14a37a34a71e84c44eab0c4dd90e6d3f59743320613bb6d2b61,sphinx-doc/sphinx,147476.555763,3,nested_selected,124252.1253105,True
django__django-13033,assignment-case-v1:33a73ff0444206ba16e57e3383cf384e9ff1fca047fda91817a39ef5e73320c6,django/django,240861.055743,3,nested_selected,124252.1253105,False
pytest-dev__pytest-5103,assignment-case-v1:355a6cac4bbdfcf61b32239c79b35bffb1f9213030c91b52b11d8102ea53ee5a,pytest-dev/pytest,125277.427114,3,nested_selected,124252.1253105,True
sphinx-doc__sphinx-7462,assignment-case-v1:37b4a5163a9274bcf9ba9bf434094befc5b31be046be3e066d720b49e8374c2b,sphinx-doc/sphinx,103207.857083,3,nested_selected,124252.1253105,True
sympy__sympy-13877,assignment-case-v1:3a1b480e3a1e566f1fabe56ae4a07354aa7a668e858b32250027e34ffd95730f,sympy/sympy,104984.554398,3,nested_selected,124252.1253105,True
django__django-11066,assignment-case-v1:3b138fa30c75f30bcec3e41faa995c93e09b363aa3f5bd6874e841d8116e5860,django/django,199372.130637,3,nested_selected,124252.1253105,False
scikit-learn__scikit-learn-12585,assignment-case-v1:3b69c0d23a13bbf3c7b4d488dffbfd823024f3cea6f294ab8e6b022c27728cd8,scikit-learn/scikit-learn,106236.086098,3,nested_selected,124252.1253105,True
django__django-15563,assignment-case-v1:3ef3cf6cce45836f3724f6fff9fd9dce494163ae145a8bc24aab52d62719b9d2,django/django,109555.277575,3,nested_selected,124252.1253105,True
django__django-16229,assignment-case-v1:3fd58dc5ec658c8110b31f66ca6ed373ab77e90d070e4195f9b01f70a722a1ab,django/django,152595.663115,3,nested_selected,124252.1253105,True
pydata__xarray-4248,assignment-case-v1:4001e3fe419593f1645938232c1e342a98b1192375b479b8541546d9bef597e5,pydata/xarray,104464.75588,3,nested_selected,124252.1253105,True
sympy__sympy-23262,assignment-case-v1:40a779b487f435ba2ad56ec566a433f3bc0a56600539293c4cbf8887faf49bbb,sympy/sympy,119561.59956,3,nested_selected,124252.1253105,True
pytest-dev__pytest-5495,assignment-case-v1:40f9f240c6f348eca50c95fb156df4c88d4ace27cefe7ff9cbfca2977b73a835,pytest-dev/pytest,156953.567346,3,nested_selected,124252.1253105,True
matplotlib__matplotlib-24334,assignment-case-v1:41d11dfb4e095fa6bb478768c45682cb0e0a0444dcbe1c660fe875a7b769d580,matplotlib/matplotlib,160447.549497,3,nested_selected,124252.1253105,True
pydata__xarray-7233,assignment-case-v1:447ea884f71df4b321b690551d426a98bd64dfa3419bfdefc5ed6993f5ee3067,pydata/xarray,160998.083996,3,nested_selected,124252.1253105,True
matplotlib__matplotlib-13989,assignment-case-v1:46398f6d52d20382b501124c75d6e04147edf38d576d156941a9730a771df697,matplotlib/matplotlib,125987.996269,3,nested_selected,124252.1253105,True
sympy__sympy-13177,assignment-case-v1:46751ed0ddab05869f8e3ac2411b820dc8fcd08daa1314a2f0cc9d364cbff609,sympy/sympy,148476.185655,3,nested_selected,124252.1253105,True
django__django-11001,assignment-case-v1:4826bccaf2d7ff7089c5ab655b5e0a6a2e0ec0c3d6e82d4c769cb778fc2039a4,django/django,238534.465443,3,nested_selected,124252.1253105,False
django__django-13658,assignment-case-v1:49e1253f5960dda6b8541fdb15594c1264ba6699b20226407dee6e29bef2d27b,django/django,107139.226381,3,nested_selected,124252.1253105,True
sympy__sympy-11618,assignment-case-v1:4be32827950e9a1ce44a8ddb6e8bd025bcbf7b79e063308250c413d4ffc1f0d6,sympy/sympy,119088.906431,3,nested_selected,124252.1253105,True
django__django-13658,assignment-case-v1:4cf19f999f9cf98473c824fea2a420c2edb0b6d54003648201d423d8264d1988,django/django,80476.646481,3,nested_selected,124252.1253105,False
django__django-13569,assignment-case-v1:4e562275a3f29039875cff4c13d92969eb90a6e6a81bdebf727513454f1e261d,django/django,149769.759652,3,nested_selected,124252.1253105,True
pylint-dev__pylint-4661,assignment-case-v1:4ea024011360708a8804b0e02bc6a378270bd23885acc0985d9e7124d3958f22,pylint-dev/pylint,131397.184803,3,nested_selected,124252.1253105,True
django__django-15400,assignment-case-v1:4f609114f328147e1b5073f344f94fca0716e2434806cbc74795f71a6b53489f,django/django,128168.414985,3,nested_selected,124252.1253105,True
django__django-13315,assignment-case-v1:50036fd6c57ba1bf15153dc169762bba7ef2ff1970cb22f4d98506ed020e851e,django/django,238876.338142,3,nested_selected,124252.1253105,False
sympy__sympy-13551,assignment-case-v1:51407073ae2777a1fa29bb7b457302b1a7faf8809d755e42373d346507571117,sympy/sympy,137852.030439,3,nested_selected,124252.1253105,True
psf__requests-1142,assignment-case-v1:525f0d1ea300743aa07c656c53dff9ffc4f63491e17c86eaef1d7c91286838e9,psf/requests,75805.403411,3,nested_selected,124252.1253105,False
django__django-13658,assignment-case-v1:5452264dba3318665546752df96c3261c2363ee1d774a5e77bd55a13c97f3b73,django/django,100219.419438,3,nested_selected,124252.1253105,True
django__django-16263,assignment-case-v1:57705f2007f3073c890cc01ff14f4c0df7e69d1d2475237cabbb7bb6d8fcd19c,django/django,126736.384236,3,nested_selected,124252.1253105,True
django__django-13658,assignment-case-v1:585324ee94ae2d2a6962d354a5d5b8dc03b3abe135f574aa4362ffd711423a48,django/django,238227.418312,3,nested_selected,124252.1253105,False
django__django-16910,assignment-case-v1:58977c778da53d9423da3d0d3a07e59965951515309f07522a8c3650435c3207,django/django,201945.990732,3,nested_selected,124252.1253105,False
django__django-13658,assignment-case-v1:592b2227f4ac2b51486c64cf3034610f37d356cd8113a3e82393f71f4093a323,django/django,115567.504179,3,nested_selected,124252.1253105,True
scikit-learn__scikit-learn-25102,assignment-case-v1:59d4d56edccf0ae016a97ca680d7b3ec2a226e1cacf2b86ebbc1b7e394cd363a,scikit-learn/scikit-learn,150213.731732,3,nested_selected,124252.1253105,True
django__django-13786,assignment-case-v1:5a1a02159fa58b5f4011dc8adf6c88886ba0300f0c23ffa3eb011d04a4d41e2a,django/django,104573.302046,3,nested_selected,124252.1253105,True
django__django-14011,assignment-case-v1:5c45cf5cfecbffe997ccf7a4e0aa2c154396fad56b3746d71b6affc2f6eb1ae8,django/django,135792.606666,3,nested_selected,124252.1253105,True
django__django-13028,assignment-case-v1:6255d68ceb05ea01c28f2300625a25e944b884ae643cfcacfa31be03da96476e,django/django,121267.618174,3,nested_selected,124252.1253105,True
sympy__sympy-13915,assignment-case-v1:62a41b04d0e3c1b15b4c6de77b6e4f97a40f83974d12e8c9b6d80d2da8df8306,sympy/sympy,132834.647366,3,nested_selected,124252.1253105,True
django__django-13658,assignment-case-v1:647b5d697fcad9b88dd5c4bbce133b935cc75373a9f19d2f0433823ccc1f6a0b,django/django,101920.731132,3,nested_selected,124252.1253105,True
django__django-13658,assignment-case-v1:683ae5e2c0ab785fb2c7f8d83b3bbc4b2b26fdc468ebdcb1e245cce1432a2cd9,django/django,122462.890201,3,nested_selected,124252.1253105,True
django__django-13658,assignment-case-v1:6b9b47fed4cc6bfb00a0fe2504c0b1fab2cf1804d6b3671387e823537ce765e5,django/django,116294.249298,3,nested_selected,124252.1253105,True
django__django-11163,assignment-case-v1:6ba199ef7dbc43b7d722dcb38e939796ae4f66df0d09cbcc1c9cb501a653df2d,django/django,125970.234473,3,nested_selected,124252.1253105,True
pytest-dev__pytest-7521,assignment-case-v1:73145a632583a980e5f9cf93d03bb838415ec0f10ba57a6750999e41402a78da,pytest-dev/pytest,152169.567093,3,nested_selected,124252.1253105,True
django__django-13658,assignment-case-v1:7321df8d4478b55817393a2201fdfbf9dafcfab67d199557ffcaedf847bebe9b,django/django,111223.838621,3,nested_selected,124252.1253105,True
django__django-15814,assignment-case-v1:7446d884a11b1d745610aefd7cf6c7b615c7fbba2f2474d2ebbf5465b758cd0e,django/django,125244.263685,3,nested_selected,124252.1253105,True
django__django-14559,assignment-case-v1:752d581b0fe9d74ff1b242296dbba9941f6a9e6859006dfbb8eed0345c14cce4,django/django,168568.338631,3,nested_selected,124252.1253105,False
sympy__sympy-12419,assignment-case-v1:759de6632400ee62e8a781d754bf20a90280c9746b3d7958f478d36ef5ce3820,sympy/sympy,100502.251598,3,nested_selected,124252.1253105,True
django__django-13658,assignment-case-v1:75c5f71c9af1913d2f5d3d54988c84758aa81abb14ea8c280822342909718295,django/django,113241.064424,3,nested_selected,124252.1253105,True
django__django-11999,assignment-case-v1:779d23a6be1d6d065d893037b67ce08c7ddbecdee4814a79889ff9a604957104,django/django,182244.210685,3,nested_selected,124252.1253105,False
pytest-dev__pytest-6202,assignment-case-v1:7f096b783a76d0a551addb4fc63b32f868139c79804a3871eff43f732995d4c3,pytest-dev/pytest,109960.028814,3,nested_selected,124252.1253105,True
django__django-13658,assignment-case-v1:7fa2c8bdcdd4ecf63bd3e236376a2d6563f0f174eda7aff3f9db28d2a056ba00,django/django,111209.556751,3,nested_selected,124252.1253105,True
matplotlib__matplotlib-13989,assignment-case-v1:853bb880ec5d64cf0ef48943bfba758a6655331b7c64a00dff4f14d58b2c6fd5,matplotlib/matplotlib,109400.428499,3,nested_selected,124252.1253105,True
matplotlib__matplotlib-13989,assignment-case-v1:8615d49b6a879e9e445e6c6ec1d2dcc3cc3c960f6eb01453946b74e2c48ce22c,matplotlib/matplotlib,46552.263749,3,nested_selected,124252.1253105,False
django__django-12741,assignment-case-v1:87f3da37bf8635fb168a2a7796e58f47c874633d132175d01f41d2ca89da3e56,django/django,138641.913062,3,nested_selected,124252.1253105,True
sympy__sympy-12096,assignment-case-v1:88429770977a9d0e314d166e228a5e2021abb28f5c80f68470f11bbf0826c77b,sympy/sympy,119969.275227,3,nested_selected,124252.1253105,True
sympy__sympy-15875,assignment-case-v1:884ee9e19fd2ebb7b5f7036d7a84e84ffe87de9723106cb630cccdf4c10622ee,sympy/sympy,106758.999174,3,nested_selected,124252.1253105,True
psf__requests-1963,assignment-case-v1:89a20c09c6ed98b28496a248b9ca695836290b44f3d793d0b4771e924767554f,psf/requests,1246309.240232,3,nested_selected,124252.1253105,False
django__django-15104,assignment-case-v1:8a5b0db8601a14cc7e165935841477a5bfb957b111e082edd0bfa4a567073fda,django/django,121256.167495,3,nested_selected,124252.1253105,True
scikit-learn__scikit-learn-14087,assignment-case-v1:8c53121222e13e925ac7ce1ed626f1da06c9a2f8a7570c4c7c464fa8215b0135,scikit-learn/scikit-learn,121440.522302,3,nested_selected,124252.1253105,True
sympy__sympy-13878,assignment-case-v1:8d515eb02f2a4b1dbc3370f84eee71a2c1c140e082c5b3eed1363ae9f7d6f54f,sympy/sympy,190929.455811,3,nested_selected,124252.1253105,False
sympy__sympy-19783,assignment-case-v1:8dc98cdcf4da736a8827dffd35166546feaf8120659e9f2291a1532833fc75e1,sympy/sympy,90377.031458,3,nested_selected,124252.1253105,False
sympy__sympy-21596,assignment-case-v1:8e17f9189457d2cfe45938a765ddbbebf873eaeaa84f5c642658cf9beab97518,sympy/sympy,130081.068992,3,nested_selected,124252.1253105,True
sympy__sympy-15017,assignment-case-v1:8ed4e126a7d0ded35790423a1c037c4c60b8a50d9c97888a2057e73f0c3a9d6a,sympy/sympy,99663.390102,3,nested_selected,124252.1253105,True
django__django-12470,assignment-case-v1:8fefad0a6e9b7a7e38e5b34e5434fbd4063a44f04c2fdaf070f09e7348efbb81,django/django,83338.870042,3,nested_selected,124252.1253105,False
django__django-13658,assignment-case-v1:903a7872e3ddd3b4f0fc8bbe22983b4ea6c75ddef2766815dfc122064559adb7,django/django,98913.711801,3,nested_selected,124252.1253105,False
matplotlib__matplotlib-13989,assignment-case-v1:92bebca7e752d78da8a261acf3f14fe173711132b86e4b8a1ed9ecba333a49d8,matplotlib/matplotlib,112308.177125,3,nested_selected,124252.1253105,True
sympy__sympy-13146,assignment-case-v1:93e28d35fd515f141f548c45309ce169a2925e6e5c340e1c359e9f2a789ec2bc,sympy/sympy,123995.878778,3,nested_selected,124252.1253105,True
django__django-14089,assignment-case-v1:9466cb2ae9a1d185a7a08a879fdb001125dc72394abdccc1072226446f822575,django/django,84971.659807,3,nested_selected,124252.1253105,False
sympy__sympy-14711,assignment-case-v1:94adaef9a32a10cd326645754322d1ff61604eac2d504dadc623af028d75a73b,sympy/sympy,121095.835137,3,nested_selected,124252.1253105,True
pylint-dev__pylint-4970,assignment-case-v1:96ad0544b677349b8fd5e5ff92f67725381c890f3be010514a1d636d7e7ee630,pylint-dev/pylint,131080.139449,3,nested_selected,124252.1253105,True
django__django-11087,assignment-case-v1:98f98d734750ba63efbb3d623df12b1a173b3e3ee85f62a3de01327b8c22405a,django/django,115682.09692,3,nested_selected,124252.1253105,True
scikit-learn__scikit-learn-14894,assignment-case-v1:9c0c2ff42af108a91ed9d0f388f95e4b69981abff39dacce7a19f4b058c529d5,scikit-learn/scikit-learn,137013.29542,3,nested_selected,124252.1253105,True
django__django-13658,assignment-case-v1:9ca43b20eec547c60809174653b450522b71800b62e3bf9710ef51b203ffe79e,django/django,120441.597203,3,nested_selected,124252.1253105,True
django__django-13658,assignment-case-v1:9d51eb8dfc66177982c17a33704167817bc54ffe22f484b35c014d0b9cf9524b,django/django,128507.874643,3,nested_selected,124252.1253105,True
django__django-13658,assignment-case-v1:9e62c38a0e27efa8eadb9a6b45c1e6108ac704db003249f949be19698c2a73f1,django/django,129713.780729,3,nested_selected,124252.1253105,True
django__django-13028,assignment-case-v1:a01c88daa0a55d2f609ee894435cb3da6b4970f7319d15f9dd0b50c4a29b1ccb,django/django,145450.436926,3,nested_selected,124252.1253105,True
matplotlib__matplotlib-23913,assignment-case-v1:a0d2d4e56a234c2f876ae503dc37927f1bb24ef46732d27c8a0e673eccb3a47f,matplotlib/matplotlib,248720.584158,3,nested_selected,124252.1253105,False
pydata__xarray-7229,assignment-case-v1:a24371707a489af293a0d4e27c47e62b9badf56adeceaa595bbc118680830f17,pydata/xarray,258924.063394,3,nested_selected,124252.1253105,False
django__django-15902,assignment-case-v1:a2a131459131ce063fdc3e26737d03df81ebc65fe6426121f407d9a2ca7bc068,django/django,95410.288516,3,nested_selected,124252.1253105,False
sympy__sympy-20428,assignment-case-v1:a359b7cda2fdc71edb4dc955730c791ebcbb9067309899e6e36b0d64a686a0db,sympy/sympy,166522.530137,3,nested_selected,124252.1253105,False
django__django-11179,assignment-case-v1:a4124ef264cc8e5a10bf7cc7864876e4cbdefc7eb8c4db03a1b36cb5a03e473e,django/django,1011728.134794,3,nested_selected,124252.1253105,False
django__django-13658,assignment-case-v1:a46bc8849c4ae3fa6fc87c3973785d2684a0e53bdd7a37b00f3862acc5d1b795,django/django,144225.803819,3,nested_selected,124252.1253105,True
sympy__sympy-19040,assignment-case-v1:a51bf3b48c5db61db9fd6b169ecf79d12e3c375dd252013ba8d90e104a6d7ea3,sympy/sympy,117542.104762,3,nested_selected,124252.1253105,True
sympy__sympy-11870,assignment-case-v1:a87892ac9bfc164287c991e61a3d3aee34973fe2ea1fd9563e7102dfd72e4404,sympy/sympy,117646.143256,3,nested_selected,124252.1253105,True
astropy__astropy-14508,assignment-case-v1:aac5fa1abca0bdcceec065624aae423fc3ae7a03a2dda8efeaf0240f38ce8737,astropy/astropy,114623.751521,3,nested_selected,124252.1253105,True
matplotlib__matplotlib-13989,assignment-case-v1:ac314ef636e6c5e55c788aa62b05246473b29bf1a471164924d2a73d06476d65,matplotlib/matplotlib,113918.07485,3,nested_selected,124252.1253105,True
matplotlib__matplotlib-25122,assignment-case-v1:ac59eb416a74d31782dbb3b8ac06abbfcb59dd81ea5733f7e16c0420bead3fdf,matplotlib/matplotlib,314899.280774,3,nested_selected,124252.1253105,False
pytest-dev__pytest-5787,assignment-case-v1:b1d7e51d565cbafa01b2fbf93ab8ab6435654ae1913001730370353ffa7bd48b,pytest-dev/pytest,135086.287545,3,nested_selected,124252.1253105,True
pytest-dev__pytest-11148,assignment-case-v1:b21ee240bedbe1be67c9ce9ee822bc1350466fffe6817bea6f2e5e3d29c29a82,pytest-dev/pytest,181605.885444,3,nested_selected,124252.1253105,False
sphinx-doc__sphinx-8120,assignment-case-v1:b24653892aa86410249961aa5f8fed2aa0f556668d4ee1940a29320b17c4cdaa,sphinx-doc/sphinx,140786.476012,3,nested_selected,124252.1253105,True
matplotlib__matplotlib-24970,assignment-case-v1:b26f45446c4cc28c57fe02e45bf8e2f6876f2e64919c850bc25a8af8e7c6f330,matplotlib/matplotlib,157103.941989,3,nested_selected,124252.1253105,True
django__django-13658,assignment-case-v1:b95b7efecd90c374619b4f01ceb1f0b2a8bc8fae204edf40668dd8c8e9277a2f,django/django,121684.283351,3,nested_selected,124252.1253105,True
scikit-learn__scikit-learn-11310,assignment-case-v1:b9d2f5245465b4aabed908acea4fb9fa38a7cd8ec3255fc73bc1ccc2487c0d1a,scikit-learn/scikit-learn,178940.534821,3,nested_selected,124252.1253105,False
sympy__sympy-20438,assignment-case-v1:ba0803f7b8803f5fcb18d88711e23703337a403612fd7022ae82f7e27054546c,sympy/sympy,99385.984043,3,nested_selected,124252.1253105,False
matplotlib__matplotlib-26113,assignment-case-v1:ba81d45d1a97326f4c4ea2df2ee62061c316e649943da6007f12f79b0af4a946,matplotlib/matplotlib,152298.674544,3,nested_selected,124252.1253105,True
django__django-14997,assignment-case-v1:ba9c98a683bef5f122e183293a74c8b53a58c921d9b4bb94b3718003ac93bdfa,django/django,122421.323492,3,nested_selected,124252.1253105,True
pydata__xarray-6721,assignment-case-v1:baf7b93fbc0e16cffafd26cb1f78f0b97ca6990d2b5790c61ca92f82bbf17c38,pydata/xarray,220837.344788,3,nested_selected,124252.1253105,False
sympy__sympy-18189,assignment-case-v1:bc97ad7e5b5db385221ae96009a2b8498805bd50c5fba07c3acd5d3ef8cf4d08,sympy/sympy,90319.090441,3,nested_selected,124252.1253105,False
django__django-13658,assignment-case-v1:bfa37214312270e14e35612b4da3211c90acd3d84feb7cbe42b3ba7b6941e464,django/django,93952.205851,3,nested_selected,124252.1253105,False
django__django-12284,assignment-case-v1:c393a31cc50e3e528716ae6f2e065b78030cfc9cb7aefdfa713ea9238e246a1c,django/django,224503.679229,3,nested_selected,124252.1253105,False
pydata__xarray-3151,assignment-case-v1:c3e0f55100584bb4789ab14db27b9a4f7a0bf6ea28bbc79072cc83e0d4c7836d,pydata/xarray,244331.985969,3,nested_selected,124252.1253105,False
django__django-13012,assignment-case-v1:c57487d8ceaacb854f490aa1f1df98e1659866b0d29a90047472c7180ff05354,django/django,173584.583217,3,nested_selected,124252.1253105,False
sphinx-doc__sphinx-9673,assignment-case-v1:c59287bcc16ec7ccf5e995cc7bfeaf2947315493b82489438a6f7f42d9df8d86,sphinx-doc/sphinx,107391.096542,3,nested_selected,124252.1253105,True
scikit-learn__scikit-learn-14894,assignment-case-v1:c5cfdf49c592c960596fd00c660cc635b860f1a3d7d4e977f775b11133f270e1,scikit-learn/scikit-learn,110302.341421,3,nested_selected,124252.1253105,True
django__django-13658,assignment-case-v1:c5d195a10f4675e8014bd4bfee68612532a2e69d4099a3ca5c47092c82a25343,django/django,114475.57731,3,nested_selected,124252.1253105,True
matplotlib__matplotlib-13989,assignment-case-v1:c76f5ee40306ae84980c5ec7efd683852ae8a7331976386925d5adb3f710248c,matplotlib/matplotlib,141890.390726,3,nested_selected,124252.1253105,True
matplotlib__matplotlib-24970,assignment-case-v1:c7e8f90a8c86ea0a1430edcfe8882e8cbb2dcfc009ef137bd1fa9598bef7276f,matplotlib/matplotlib,128386.393297,3,nested_selected,124252.1253105,True
django__django-11400,assignment-case-v1:c89374fe5b731e655753f9ba494ddb7e5d7d5982c9c1d1fff4be0093b436b1c0,django/django,133389.831382,3,nested_selected,124252.1253105,True
sympy__sympy-20442,assignment-case-v1:c9e54fca578a9257a6bd12b84c0712ab836d459b6130ce740fbcc9cec3be3d72,sympy/sympy,129649.179386,3,nested_selected,124252.1253105,True
sympy__sympy-18189,assignment-case-v1:ca1ced7e53167e69ae839e8afce6fb63c26c67f0292bb3ee14f5c46a169d2586,sympy/sympy,107688.448864,3,nested_selected,124252.1253105,True
matplotlib__matplotlib-13989,assignment-case-v1:ca20c0420e9543b1a9b97da17fb4552eaaa287d7182e84da0ef86db418a8d895,matplotlib/matplotlib,165176.128334,3,nested_selected,124252.1253105,True
sphinx-doc__sphinx-8551,assignment-case-v1:cbce4409c98203fa614c98bdfc5fd1ce49f3d3cb1d63bada6878e950b7868405,sphinx-doc/sphinx,140133.456862,3,nested_selected,124252.1253105,True
django__django-13658,assignment-case-v1:cc96d5bf59cf8ba7d1a70d170ee1a1d17c557f23f741a39d855dd4b8882d0b02,django/django,94121.471552,3,nested_selected,124252.1253105,False
scikit-learn__scikit-learn-14087,assignment-case-v1:d0ed39d553cff9c5d3376f0c927705c167ab495fd0582234a002c69785f62355,scikit-learn/scikit-learn,150912.217025,3,nested_selected,124252.1253105,True
django__django-13658,assignment-case-v1:d1333ae2b4a0d3b9add70bf83f887259a1d738801d629a457cc420834555bd50,django/django,121485.269911,3,nested_selected,124252.1253105,True
django__django-16595,assignment-case-v1:d26036a17afaae24eefc19afe2aab2b348c03ac13e3f896f87c1f7e73626216b,django/django,150114.971495,3,nested_selected,124252.1253105,True
django__django-16400,assignment-case-v1:d5018453b95870adeedc0aadc055ff31dbcbbc3787ab2f1cd17ad243f00593d7,django/django,222654.676985,3,nested_selected,124252.1253105,False
matplotlib__matplotlib-13989,assignment-case-v1:d7cce24c718deaf5c5325120fb37feed1651e0b61fc7f4416cddfc155860d274,matplotlib/matplotlib,147936.733424,3,nested_selected,124252.1253105,True
sphinx-doc__sphinx-8638,assignment-case-v1:d8e10a845fbfd2df676abe7db22672755b861df5ee68941298deef1b9b4a99d1,sphinx-doc/sphinx,86195.670136,3,nested_selected,124252.1253105,False
django__django-12406,assignment-case-v1:dc7643b985b42eba48c8c8bc666565b40ca2ed7694a2b789305458d657ed448f,django/django,97754.871313,3,nested_selected,124252.1253105,False
sphinx-doc__sphinx-9698,assignment-case-v1:e0348645ebd18c7ba776f789d9b1600fc70bc077cd82fae7fc27bbbbd68c2b7b,sphinx-doc/sphinx,100616.730928,3,nested_selected,124252.1253105,True
django__django-11039,assignment-case-v1:e03bb5e78d4faa5f2dd6323f3dfc1ac6de0cfee0fe09a99cd7754c100eaa406f,django/django,136236.821697,3,nested_selected,124252.1253105,True
django__django-13033,assignment-case-v1:e5dc247216f3407564e65c96bac2411ce57c70b4da13210359b1d21be9225ed0,django/django,210959.01774,3,nested_selected,124252.1253105,False
sympy__sympy-24909,assignment-case-v1:e871e37eb54f88abe2eb5283d3fa42efb75d18d2319df9861c57ec46634a8b20,sympy/sympy,145413.604893,3,nested_selected,124252.1253105,True
django__django-16816,assignment-case-v1:eab1b5ed04a17add724481b72ffb5b185a97be4271d9f7db2e11c19f9683cfd6,django/django,1179394.532684,3,nested_selected,124252.1253105,False
matplotlib__matplotlib-13989,assignment-case-v1:edae4b02811c237a62fbfe5a87208e9b4e6dba1164c675a4579806792aac3547,matplotlib/matplotlib,88504.224394,3,nested_selected,124252.1253105,False
matplotlib__matplotlib-13989,assignment-case-v1:ee3b762c3f310d8c26ba1c4137762fdc596da5a103684811cd02568a86bebc1d,matplotlib/matplotlib,109245.457593,3,nested_selected,124252.1253105,True
django__django-15128,assignment-case-v1:f137ca8b39ec593fe336f918e13999337d76b68bd2b4fb9298f4fefa3725e02e,django/django,95600.655839,3,nested_selected,124252.1253105,False
django__django-15996,assignment-case-v1:f2963397443789c0c59955ff14804ecf287dd38e0c1a1bb0ba9c71ac2f408251,django/django,219747.322449,3,nested_selected,124252.1253105,False
django__django-13121,assignment-case-v1:f80866fb98b2655d4c79a897f7c940abde4e6d49895cd26973a4e718b6d35ecb,django/django,183872.348997,3,nested_selected,124252.1253105,False
sympy__sympy-24213,assignment-case-v1:fa3360db043ff790cee30536476b79de84d0b2c18c65ff46dc550e8efcce6b3f,sympy/sympy,121497.820942,3,nested_selected,124252.1253105,True
django__django-12858,assignment-case-v1:fb2a65d94c82bd1030bd62ace02004b7d82d9f75de9e040c7b75a508f521aef1,django/django,88576.216515,3,nested_selected,124252.1253105,False
django__django-13658,assignment-case-v1:fd46d6fd552c4019c70d5ea1aa0103558926807856dadc12d713b81b24326378,django/django,133427.218109,3,nested_selected,124252.1253105,True
matplotlib__matplotlib-13989,assignment-case-v1:fde41015acc8ec0b55ec7a5ab9911b6439df2d92eae6e9e2c863e4f489751abb,matplotlib/matplotlib,135239.437351,3,nested_selected,124252.1253105,True
django__django-12663,assignment-case-v1:fe1e4f66674ef17205e8f9884658775788e59b7342e4c5cfd5f7f26ead2daac1,django/django,131938.135728,3,nested_selected,124252.1253105,True
matplotlib__matplotlib-13989,assignment-case-v1:fe3768d266d884bf15dca24859e82ac70c1d0a3024f68c18718b7b74009a21c7,matplotlib/matplotlib,178714.757102,3,nested_selected,124252.1253105,False
django__django-14122,assignment-case-v1:fe92a02d48834881ffb40f81b0fa74cda68c6deeec0ee7823af9c89e5540f709,django/django,138861.730405,3,nested_selected,124252.1253105,True
sympy__sympy-18532,assignment-case-v1:febdb8130566a31a20f81f4255e3f2319201a54f3e67a08a68eb5caccd52fb9b,sympy/sympy,137365.551149,3,nested_selected,124252.1253105,True
matplotlib__matplotlib-18869,assignment-case-v1:ff159be01be197ef644d99a50422ac6f6b0554a61f492f9a8a878aa5c59cc448,matplotlib/matplotlib,182422.903033,3,nested_selected,124252.1253105,False
sympy__sympy-13974,assignment-case-v1:ffa565feeba1ec11fe70c438671b4c1947620d8f318d3a57b18fee640c1f379f,sympy/sympy,131847.105255,3,nested_selected,124252.1253105,True
django__django-13401,assignment-case-v1:012b1d6bec9cb005da8283490eb20ce2370ac8ec397a0a0878a9a9c6213c1a01,django/django,110565.857865,4,nested_selected,124919.82762699999,True
django__django-14351,assignment-case-v1:03fcb3f0cd186822946a3b34edecb76b9c21435ee4ccfb4411f10d605e9434d2,django/django,810683.200791,4,nested_selected,124919.82762699999,False
django__django-16527,assignment-case-v1:04d239f074d9a6a911c217b89bd882114df70d2d2f2167ec19dec6da087c179f,django/django,143821.577343,4,nested_selected,124919.82762699999,True
django__django-12276,assignment-case-v1:0594f0cf1237c4056e7441e50ade1acd55dc653998725a46eef43acc220f6698,django/django,131803.505397,4,nested_selected,124919.82762699999,True
django__django-13023,assignment-case-v1:06ad3af76d272f808add1583bee40ef2b52b74d711a917f25aac0163299806ac,django/django,129373.871885,4,nested_selected,124919.82762699999,True
django__django-11815,assignment-case-v1:0794f259e6815e802495ec955b90ce530d50ed7fa662e071caeb0e3a96ba6398,django/django,130813.337499,4,nested_selected,124919.82762699999,True
django__django-14351,assignment-case-v1:0b0396d1e5470b0316d95560e6f54b03850c3d9072e78d3a1e6072c16866c05d,django/django,98086.042394,4,nested_selected,124919.82762699999,False
sphinx-doc__sphinx-9229,assignment-case-v1:0b7ea917c359ea877d851343834dd79939ad595ffd3f75b1c567b83594769815,sphinx-doc/sphinx,109443.279426,4,nested_selected,124919.82762699999,True
django__django-14672,assignment-case-v1:0ba7ea04258a3d59a4027001f1ef69935cacb514a89ec77be726462dab930924,django/django,102321.566167,4,nested_selected,124919.82762699999,True
sympy__sympy-18698,assignment-case-v1:0bb6dc2cfe5c12973ecf64135c22b5e7c9086df5ad5d0cc1e7e997bb24fdc520,sympy/sympy,97441.28661,4,nested_selected,124919.82762699999,False
django__django-13158,assignment-case-v1:0c3e0b7731fbea3964807819ffe060b973179b58debbbd77a546584f1edfba49,django/django,142529.101165,4,nested_selected,124919.82762699999,True
django__django-14672,assignment-case-v1:0edcf5cb9f170b7ebde2be261cb3bf86b006d2fd0b68e53b493d1ba963943026,django/django,136999.511298,4,nested_selected,124919.82762699999,True
django__django-11551,assignment-case-v1:0f065410b308260975654054cb8fadc4b0abca375fec91a0827b863658354980,django/django,140337.671791,4,nested_selected,124919.82762699999,True
django__django-15315,assignment-case-v1:0f44a3916facc25d5c41a397686454e46d2cfdc23449811b29f5d8a105f0a321,django/django,117327.515275,4,nested_selected,124919.82762699999,True
sympy__sympy-15599,assignment-case-v1:1158d16a5ff444e322596a6ba34f7eab479b812bf9fae364da9b37dcefa25eb5,sympy/sympy,75315.277941,4,nested_selected,124919.82762699999,False
scikit-learn__scikit-learn-13584,assignment-case-v1:12b861c0cc9bb4bb73a097919a7c9cefbe5f4a17ce0715e9708ab2ceb7f6765c,scikit-learn/scikit-learn,106749.368568,4,nested_selected,124919.82762699999,True
django__django-11815,assignment-case-v1:13943e27210444fa0c592694c65790f9bd9f75c55b2be74e3ea1a68114dfe898,django/django,149486.205983,4,nested_selected,124919.82762699999,True
django__django-11815,assignment-case-v1:14273e8d1089a4a90dd8416d4bbd8d25cdc49a3d1dbc6985d44ec7e2b9ee1926,django/django,77242.156782,4,nested_selected,124919.82762699999,False
django__django-11451,assignment-case-v1:16a45eafe4bbd4e428b57b199d32aa2e28d7b6ff12f59931cf4838231b78ff24,django/django,116377.517771,4,nested_selected,124919.82762699999,True
django__django-12700,assignment-case-v1:18105acd69f6846ac5a27227fa9b5b33cb2e6ddc2eac91590c4238d88ebe3208,django/django,123428.480859,4,nested_selected,124919.82762699999,True
sympy__sympy-15346,assignment-case-v1:19847bab93df5ef1337c2852c5dfe193f8750c0ca248c38da1c89e1ee74bc01c,sympy/sympy,102515.686727,4,nested_selected,124919.82762699999,True
sympy__sympy-23191,assignment-case-v1:1af9a6149f125de883540e2964a79b9920a54459cbbaf39fc3a47e344f74a6fc,sympy/sympy,81997.280372,4,nested_selected,124919.82762699999,False
sympy__sympy-13615,assignment-case-v1:1b3d2fc487fe7217f6e8752f8021a19aa7319f56dd1105079c0121135a245f60,sympy/sympy,125520.073012,4,nested_selected,124919.82762699999,True
django__django-11815,assignment-case-v1:1bd056a857cacaad428b4a4cc1c31541e96e10a5979fec1191d578199102241f,django/django,191193.579052,4,nested_selected,124919.82762699999,False
sphinx-doc__sphinx-9711,assignment-case-v1:1bd56536f095b7b4d58ae764b803a7039e77254a1be1611f684a4fbaaa9e3817,sphinx-doc/sphinx,97816.509253,4,nested_selected,124919.82762699999,False
django__django-10999,assignment-case-v1:1bd8457f2c9e9caf2844af7e311320cb0133f710ed6ae7e18db444472778387f,django/django,138754.992439,4,nested_selected,124919.82762699999,True
django__django-11564,assignment-case-v1:1e2725448eb687e25fcb0ca4a3535f810d08c6736173f92f26f279d1bfd9c912,django/django,127838.369044,4,nested_selected,124919.82762699999,True
django__django-16256,assignment-case-v1:1efd3a1991afb14ce0b556dae39134c501128c98e40108abd1a8e17522e16068,django/django,170218.148354,4,nested_selected,124919.82762699999,False
scikit-learn__scikit-learn-13584,assignment-case-v1:1f6c4569ca3ee5f9af16174ea787673611cf05fa388cc5c639e1e160b5f23ec1,scikit-learn/scikit-learn,113656.68869,4,nested_selected,124919.82762699999,True
django__django-16256,assignment-case-v1:21031974b68d8a131e053f300c72814246bb0bb308e23cddc320bd932a1eecf5,django/django,149571.433509,4,nested_selected,124919.82762699999,True
sympy__sympy-23191,assignment-case-v1:21ff8faf5e35e4bbeaa663459378da16b52bd88fdd68c96b1b48d2578a0c4d4f,sympy/sympy,95528.684468,4,nested_selected,124919.82762699999,False
matplotlib__matplotlib-25079,assignment-case-v1:24816b3cb4057a3f0d5665dbcaca992241d90a1d19b47a74ede3e612da938742,matplotlib/matplotlib,240385.386659,4,nested_selected,124919.82762699999,False
sympy__sympy-22714,assignment-case-v1:2bc1826d52a1255e0d6aa0d93ea5386e98d77830dbaffe300a3cd0da9eccb705,sympy/sympy,103770.144,4,nested_selected,124919.82762699999,True
django__django-15851,assignment-case-v1:2ddd442ef3e5620d073f06b7f0efec3d4f05216977d0bdf29da6e4ff705bbd98,django/django,178158.727174,4,nested_selected,124919.82762699999,False
matplotlib__matplotlib-26291,assignment-case-v1:2f0f57afafb64f250bd8ac18e80c19491d193fa6195299ca5121903de7daa0b4,matplotlib/matplotlib,141283.691053,4,nested_selected,124919.82762699999,True
sympy__sympy-14024,assignment-case-v1:3088f46d42ba9bbc888e6e31d53bb2a893adaa7f9b728b49079197fdf9177a59,sympy/sympy,102228.122865,4,nested_selected,124919.82762699999,True
sympy__sympy-14774,assignment-case-v1:331ea9a8fd205b7c10a4acb4293f6a3d1cfa96fa093b5f91ee83b77ef1b91bca,sympy/sympy,114466.058661,4,nested_selected,124919.82762699999,True
sympy__sympy-16503,assignment-case-v1:3326271f2aa05bb007d8018244393df955cadb165dc3088833892c3382e0cdb9,sympy/sympy,129736.306873,4,nested_selected,124919.82762699999,True
astropy__astropy-14309,assignment-case-v1:3426890a15c829149bd47c08f960adb6693c1f00b4200deafb3e8334bb7fc7ee,astropy/astropy,211893.240726,4,nested_selected,124919.82762699999,False
scikit-learn__scikit-learn-25570,assignment-case-v1:344742f5344c6aa240153500a68c24a4f444aa1a86b5931d211a00bb69bbc49b,scikit-learn/scikit-learn,100949.221781,4,nested_selected,124919.82762699999,True
django__django-15382,assignment-case-v1:3476f64f7bb302eb90cf200409cea095f15809b505cb5ed92a2a71f6d4af99e6,django/django,103948.913585,4,nested_selected,124919.82762699999,True
django__django-13516,assignment-case-v1:350ba631bcd91d0d9f2825ba7e70ae7138e0732964d0d03ac8bb13fe5c7e377d,django/django,127196.927571,4,nested_selected,124919.82762699999,True
matplotlib__matplotlib-25960,assignment-case-v1:3adc9a7af37426ccea9368b7478fb98c83fc0f1f59be6384f9ef7905164dadea,matplotlib/matplotlib,126446.462511,4,nested_selected,124919.82762699999,True
sympy__sympy-23191,assignment-case-v1:3d32d21597ed7f6da62b0d741a0287a4731ed5467e5bd667253c025a975a9e1c,sympy/sympy,104173.229314,4,nested_selected,124919.82762699999,True
matplotlib__matplotlib-24870,assignment-case-v1:3e75c1e1ea99d5001474afd9b0752fa8d3c5a79b9879de16c8d8340469d6a7b1,matplotlib/matplotlib,314146.531732,4,nested_selected,124919.82762699999,False
django__django-15127,assignment-case-v1:3e7fbf7f0d875c365a86114e17db035aa9707ee809b41e25075d2c9e7d6def77,django/django,118020.940105,4,nested_selected,124919.82762699999,True
sphinx-doc__sphinx-9230,assignment-case-v1:3f2c1eb55084228765afa92ec4331fd867e4c81c9e9867f8629aa83f027c4d32,sphinx-doc/sphinx,117922.929243,4,nested_selected,124919.82762699999,True
scikit-learn__scikit-learn-10297,assignment-case-v1:3faafd664de28fe014a80f6708917a3f0a2fa90b01cf60e01f96466deee81be5,scikit-learn/scikit-learn,164802.475269,4,nested_selected,124919.82762699999,True
sympy__sympy-23191,assignment-case-v1:4059b27e65f5689193de2e21d55a3c081fa896f41103bc561f9c6c3c8de64e73,sympy/sympy,104750.548881,4,nested_selected,124919.82762699999,True
sympy__sympy-23191,assignment-case-v1:414b72f26dfb6ba2bce344d0e84a3ce012d3b9fae9366e139bdbff211d4fe2fb,sympy/sympy,114328.899741,4,nested_selected,124919.82762699999,True
sympy__sympy-24066,assignment-case-v1:42c9535adc263444e4afb0d12cd4a04d05bba852c3894b1d9cd54ee0628d63fd,sympy/sympy,108605.284799,4,nested_selected,124919.82762699999,True
django__django-13410,assignment-case-v1:438747af686f2a9ca93d75b04c2c9ad5ad87c212973fe42552f712f391f49e07,django/django,125808.27007,4,nested_selected,124919.82762699999,True
sympy__sympy-16597,assignment-case-v1:45d10ac0bc82f763a8ce308170eb2ff2041f2b35d300f738d7236543a9e8e3ed,sympy/sympy,81692.255594,4,nested_selected,124919.82762699999,False
sympy__sympy-23191,assignment-case-v1:4793868ce5aa70d5578aa92d2383adae7d918c3816ff7039e0491df9be3c4100,sympy/sympy,118181.853207,4,nested_selected,124919.82762699999,True
django__django-11138,assignment-case-v1:486cf8ad6adda774d315acdd1dc0c80f54cf60c1ef903ecb371971e4abdefa0c,django/django,98022.766709,4,nested_selected,124919.82762699999,False
django__django-14351,assignment-case-v1:48b4293203f97dcc78e274ca3ec1463203ede2e0f2e461115733080a17a6970a,django/django,96498.442479,4,nested_selected,124919.82762699999,False
django__django-11815,assignment-case-v1:49f2c3cea4e480dd864ef985d15c78fbc8634536c78aa2ebd5af24b1945d04e1,django/django,205895.923425,4,nested_selected,124919.82762699999,False
sympy__sympy-23191,assignment-case-v1:4ad6f9809603d99ac4c6793aa20511487d6fd648e31a83d179dc3233778dded9,sympy/sympy,125521.572429,4,nested_selected,124919.82762699999,True
django__django-14351,assignment-case-v1:4d7478766defc938e6da3449bbd5fa2218ca47630f84b9e9ce618f8312d3913a,django/django,102008.852832,4,nested_selected,124919.82762699999,True
django__django-14404,assignment-case-v1:4efefb0ab50dd274ea71b10d87d7eedb3fbf7ddf68a18bb6ee3d300ad9e30864,django/django,122067.397902,4,nested_selected,124919.82762699999,True
django__django-15202,assignment-case-v1:512cb93857a97a7cbf22dbbc844cd4832e08665bccd17325495b900737efcab7,django/django,173589.228368,4,nested_selected,124919.82762699999,False
django__django-14351,assignment-case-v1:5288165d1b5b439579ec6af622e45bc549457135c6a67becb06ef6e80ffc66d9,django/django,120807.759226,4,nested_selected,124919.82762699999,True
pytest-dev__pytest-6116,assignment-case-v1:52a795f368d985eaa1279d7208177c88e95df1ebdb9b28b955c4473cf7e22a9c,pytest-dev/pytest,100363.088045,4,nested_selected,124919.82762699999,True
sympy__sympy-23191,assignment-case-v1:551b8929e52f41dd3c0f7da18e22b17a4934b7fc083dc6b577a2fa35efcf24ae,sympy/sympy,102476.993873,4,nested_selected,124919.82762699999,True
django__django-14351,assignment-case-v1:554f81f81d2cd4fda5954ef93833d98e48138ed11af505781fa7d90b31218372,django/django,152573.765385,4,nested_selected,124919.82762699999,True
django__django-14771,assignment-case-v1:55c11565d8b9a5ca8e35ec65c8633420a591541a3b45e638ea830259085789b4,django/django,110652.275019,4,nested_selected,124919.82762699999,True
sympy__sympy-23191,assignment-case-v1:57189ebdaf0e2c4371ff8e8ecd18c9dc4161e280188fd19c40a8c36ef27501cc,sympy/sympy,171088.815025,4,nested_selected,124919.82762699999,False
django__django-14351,assignment-case-v1:5821185cc481582a3883542eee9eb03ef3a812a91c1125d171c56e49010b4446,django/django,107326.243205,4,nested_selected,124919.82762699999,True
django__django-14351,assignment-case-v1:5888ac8a92320faeffca27b25638677bd4ebacef4820905aec782824a30e3322,django/django,150857.544894,4,nested_selected,124919.82762699999,True
django__django-11099,assignment-case-v1:59604633a272b14d29fce6c29c559ee397635d2fe45beac5d146f0d8ab79d93a,django/django,133932.258691,4,nested_selected,124919.82762699999,True
django__django-13807,assignment-case-v1:5ab50c034a3dde223c9184d0d8c8f540cb9674394ac9b855304b7ecd8420c9d0,django/django,119857.95774,4,nested_selected,124919.82762699999,True
sympy__sympy-23191,assignment-case-v1:5c5a0e285d5e81101e103952be5017aea69db638fd45ed31fc682b9b6580a659,sympy/sympy,112813.626377,4,nested_selected,124919.82762699999,True
django__django-10924,assignment-case-v1:5eaf5e44890b026902d439f2efde3618d4e01485de435b5b245fa400e68a42f1,django/django,154534.275269,4,nested_selected,124919.82762699999,True
django__django-11555,assignment-case-v1:5f48890d11aca76b33783bd13fa7296c21159fb29942efad506dfe73a9df7cb3,django/django,114148.547315,4,nested_selected,124919.82762699999,True
django__django-11815,assignment-case-v1:613968df89222098c54cf6bc72d7eeed81207507864e949f206b28fa353ae405,django/django,152421.953463,4,nested_selected,124919.82762699999,True
django__django-12708,assignment-case-v1:64929221fd5dfec1713e8b40bd068a43949bd00cc7ce15f53557ac394678fb5c,django/django,117002.214371,4,nested_selected,124919.82762699999,True
django__django-12113,assignment-case-v1:67eea6c14dd2f70aae50a187410eabb16398036f60c7480d53befbc15abb6abc,django/django,232226.331645,4,nested_selected,124919.82762699999,False
django__django-16527,assignment-case-v1:68442e8f5b5b4b7f0657dca5e0e7d895052d574eb1eac2439388ba801d6ed26d,django/django,136375.904129,4,nested_selected,124919.82762699999,True
sympy__sympy-23191,assignment-case-v1:69c649001031fca9d5e35d301db93125e9e6fc9844309e022446f34e4e74bd23,sympy/sympy,51920.753879,4,nested_selected,124919.82762699999,False
django__django-13660,assignment-case-v1:6a9e3d61d94cfd54bee06859dbde5528221601a3c1c156c5a3d6e26fdec0c23d,django/django,107805.077776,4,nested_selected,124919.82762699999,True
django__django-16408,assignment-case-v1:6eaa0843d9869c3a3e4daba0d6f9a507ac21cfacaf47d98dbf9aa740611213e6,django/django,123662.089923,4,nested_selected,124919.82762699999,True
sphinx-doc__sphinx-8459,assignment-case-v1:725509c8de715e2420b73c4d48ebcae82c75def6c68b8a40414305406f59d4cf,sphinx-doc/sphinx,83256.509863,4,nested_selected,124919.82762699999,False
psf__requests-1766,assignment-case-v1:729107455469616282318e67e6e6125408f3cf28964cd048f9c800ce02e69a7e,psf/requests,168406.072377,4,nested_selected,124919.82762699999,False
django__django-16256,assignment-case-v1:730a630220c7d92b269ec1cbd855c688941c1b7cb4a307cf29710547e2aba432,django/django,1068478.22039,4,nested_selected,124919.82762699999,False
django__django-15320,assignment-case-v1:7374c7c738edb2381a817a93387f5b08b1883936ab93756097d2ea6bb220870c,django/django,105681.702011,4,nested_selected,124919.82762699999,True
sphinx-doc__sphinx-7910,assignment-case-v1:752cd4703d4100506d1f9a5e65ca63fb2e5c5e150b27b3d6408a530e9d646ade,sphinx-doc/sphinx,184969.765211,4,nested_selected,124919.82762699999,False
django__django-13810,assignment-case-v1:7593042d206fe77eb7a942424ee401a14a443b6794284bb9ca63eb4cb076eb80,django/django,124452.596539,4,nested_selected,124919.82762699999,True
astropy__astropy-14995,assignment-case-v1:77d428ed98d5a118cd6e81c8693f3a45181e8bd21870a6b0bce11c278a0d9832,astropy/astropy,121452.014845,4,nested_selected,124919.82762699999,True
matplotlib__matplotlib-24265,assignment-case-v1:7861eccebbc54b8383894a3ddb5f92399afeee80793af8ebd112dbfe884bf480,matplotlib/matplotlib,133911.126413,4,nested_selected,124919.82762699999,True
django__django-15268,assignment-case-v1:78e12fa9ff4067664f162a63af390cc44857f988a954f0abe118661b11bda92c,django/django,143634.492667,4,nested_selected,124919.82762699999,True
astropy__astropy-13977,assignment-case-v1:7a302ad31c3fdc416152a8a7f5dbdd89361c83e0d4ea0d51d87723daa05da37f,astropy/astropy,103176.548518,4,nested_selected,124919.82762699999,True
scikit-learn__scikit-learn-14053,assignment-case-v1:7f8c7e9c4075be3456d433ad283adbd24cae1c6970ac47f5f207a3ab20f94e9e,scikit-learn/scikit-learn,126087.46742,4,nested_selected,124919.82762699999,True
django__django-16256,assignment-case-v1:80fb0d2acf1dc547db524d1eec160db9efc0a36bc92d049937c9661a2b117cfe,django/django,103985.259859,4,nested_selected,124919.82762699999,True
django__django-11620,assignment-case-v1:817603479dd48aeea5b7295b83588ce5d410d0decd5a2a8206a2ccb656da413b,django/django,167165.078752,4,nested_selected,124919.82762699999,False
scikit-learn__scikit-learn-13584,assignment-case-v1:820253cf4198d82d5167a7d9302218c57e81e3732ba36c4bf99f98509ad75ba4,scikit-learn/scikit-learn,101304.027272,4,nested_selected,124919.82762699999,True
django__django-16256,assignment-case-v1:8324403bf4ab42db38a4237a3e683ac5b256e4800f3fef9af8fd20c1ed787179,django/django,136024.297758,4,nested_selected,124919.82762699999,True
django__django-11815,assignment-case-v1:843a5d2960de51cdf8f46c9cb42421ca056c45f4cac99c1e75690e9f0552e0b0,django/django,133467.136693,4,nested_selected,124919.82762699999,True
mwaskom__seaborn-3407,assignment-case-v1:84cd06ec58b90cb6d62e69d4b020d8bd0e6bf83a81c01c049d1ce7d8113de7e9,mwaskom/seaborn,172018.815598,4,nested_selected,124919.82762699999,False
astropy__astropy-7166,assignment-case-v1:85a80e46cd63390877eec84a78f638483c9eb421090a709d0309d7ce56b29aed,astropy/astropy,134380.961956,4,nested_selected,124919.82762699999,True
scikit-learn__scikit-learn-13241,assignment-case-v1:86484410dbfedd5cab716cfd64c0f91e85a5841d96f2415a47d6f204f202d07b,scikit-learn/scikit-learn,149353.670416,4,nested_selected,124919.82762699999,True
matplotlib__matplotlib-20488,assignment-case-v1:879033569cedd72ef09ebba4397ead58e7a2064500a8013155d2d1f6196f1f70,matplotlib/matplotlib,169059.014656,4,nested_selected,124919.82762699999,False
scikit-learn__scikit-learn-13584,assignment-case-v1:87fd12b63af31c6868e10f5c4ae6cdbdc3183ba5c46e63683b2b8c4822df9d90,scikit-learn/scikit-learn,99978.445087,4,nested_selected,124919.82762699999,True
sympy__sympy-18698,assignment-case-v1:884a53bcdccb8a4b1ef007c168aeca5f79a51ed365a92421b6b3cb814882d8b4,sympy/sympy,75554.561079,4,nested_selected,124919.82762699999,False
django__django-15987,assignment-case-v1:88c6826fc97f803a02c904c273c6c2b92cda59b9c91d30e4e17d4a30cf2f097a,django/django,151040.901979,4,nested_selected,124919.82762699999,True
django__django-13158,assignment-case-v1:8967b82c445541d914667dacafe1c91d1090a53022ac228f6b8f53f4f0edb5f4,django/django,1309406.510747,4,nested_selected,124919.82762699999,False
sympy__sympy-14248,assignment-case-v1:8baced33b66ab4f395268370adebfd1b7769cf40ff1006e5c20b137fec15726d,sympy/sympy,87385.658458,4,nested_selected,124919.82762699999,False
sympy__sympy-24102,assignment-case-v1:8c24993b52f456fe79319e43e6466c8e777ecdd8fdd6818d3306279bc8226a9d,sympy/sympy,118792.409323,4,nested_selected,124919.82762699999,True
sympy__sympy-23191,assignment-case-v1:8e153d7385ffcd40fe36c420c932998b71e2875a9969d55abc94c3b683c394d6,sympy/sympy,98838.75605,4,nested_selected,124919.82762699999,False
django__django-11815,assignment-case-v1:8e7e4a75b338b3d50cf7a5da39c95b546e320418830755faa26136672b4220d1,django/django,143485.992548,4,nested_selected,124919.82762699999,True
scikit-learn__scikit-learn-13584,assignment-case-v1:8f19fdec99611f442997b50f8ea2cdf17f0f9dc1915106f63290fbdd8ad77bdd,scikit-learn/scikit-learn,112535.665225,4,nested_selected,124919.82762699999,True
scikit-learn__scikit-learn-13584,assignment-case-v1:91d84155cb8709f4e7d417f19ddf10e019a93cc382befec72b0f67557c2bb60a,scikit-learn/scikit-learn,63309.372018,4,nested_selected,124919.82762699999,False
scikit-learn__scikit-learn-15512,assignment-case-v1:91f20cfbff27367fb5fcea5480ca07c595ea8c5ebfc96b18e439a0bc751307d5,scikit-learn/scikit-learn,148189.299413,4,nested_selected,124919.82762699999,True
django__django-16032,assignment-case-v1:942d4b9b3137a84272f46d1f62b9f7749fb7bf082461a2efc3dd3b161788c69f,django/django,94599.252673,4,nested_selected,124919.82762699999,False
django__django-13128,assignment-case-v1:97414efb5f5c55ca0a3d649d7c11511d9a6d69bdfc7add80f0cb066166b83b7c,django/django,130779.137179,4,nested_selected,124919.82762699999,True
django__django-14351,assignment-case-v1:974b50b95bf3c463f64e07953fd787bd5439ed580fe9d2300e63103520b10d92,django/django,113144.564399,4,nested_selected,124919.82762699999,True
django__django-11815,assignment-case-v1:9911f9f61d30c5f7793110b177e39f72b879750695dd527502eb8a8ec4d7fe52,django/django,105464.7227,4,nested_selected,124919.82762699999,True
django__django-11099,assignment-case-v1:99435b896d3b81b583e405eac609fce6050a29ba713dbd88a6afb15d2b8c872d,django/django,172382.48062,4,nested_selected,124919.82762699999,False
scikit-learn__scikit-learn-13497,assignment-case-v1:9a9727379935b065dc8bf627ac949de1156463de8b946916f6f374a9fb3e643d,scikit-learn/scikit-learn,119666.565642,4,nested_selected,124919.82762699999,True
sympy__sympy-15345,assignment-case-v1:9af15000c41058d2863d42753b43d4419f8f83fdeff84281808f1605f0562d43,sympy/sympy,129582.664789,4,nested_selected,124919.82762699999,True
astropy__astropy-14096,assignment-case-v1:9c52e80d1293b2f33b6b8e21e3ce977fdf188b55561ed3ad0bf0897d21f75219,astropy/astropy,129996.911572,4,nested_selected,124919.82762699999,True
scikit-learn__scikit-learn-13584,assignment-case-v1:9d57ad035401c3efa47531ff497573dbefd3187f318f55a1557c8dbe5f53473e,scikit-learn/scikit-learn,113866.145224,4,nested_selected,124919.82762699999,True
matplotlib__matplotlib-23314,assignment-case-v1:9e30d6a9093a4aca04e4b977834fc9fcdb41efa04e746202a51d0298cdd78211,matplotlib/matplotlib,202098.943727,4,nested_selected,124919.82762699999,False
django__django-16256,assignment-case-v1:a04fd5354ba61d5fe8640fd1a1b3d2020e593166aa819c64910e24b85269f846,django/django,172175.631504,4,nested_selected,124919.82762699999,False
django__django-15695,assignment-case-v1:a1d00bbc4240f49ed5b150eb900e9d2800c14d8e0744d6129af7f5268b13a2b4,django/django,163991.255602,4,nested_selected,124919.82762699999,True
django__django-13964,assignment-case-v1:a1ea7409094d8641be55f5319cd3fc0b0a32d145f121edad36ba66e0f69945c8,django/django,992417.263218,4,nested_selected,124919.82762699999,False
pytest-dev__pytest-7324,assignment-case-v1:a1ed9f5d6de77ffd4083d61c45e8ec1fd17aab4fae782b401e62eb6c03424649,pytest-dev/pytest,114353.298829,4,nested_selected,124919.82762699999,True
pytest-dev__pytest-7490,assignment-case-v1:a455f84b8a8a98922d0f0d878b5e9a547a4ded1a67d36d797be882c1ab45bf0c,pytest-dev/pytest,113616.172684,4,nested_selected,124919.82762699999,True
django__django-13401,assignment-case-v1:a7d226a48a98da2425f80cb37942238f1d60e79b062397ff43584e4819510e4a,django/django,129141.892462,4,nested_selected,124919.82762699999,True
astropy__astropy-7606,assignment-case-v1:a8ef5c1d6888807d84235d8f1bacbae74c6af6d55c165526955ddb048f727fca,astropy/astropy,126456.911351,4,nested_selected,124919.82762699999,True
sympy__sympy-15345,assignment-case-v1:ab4cc527a1c8e5293bc636527c6125a06ab2772a614ceb7669ef33ec40576238,sympy/sympy,102975.935283,4,nested_selected,124919.82762699999,True
django__django-15695,assignment-case-v1:ae549aff6c0094d1775816e1a13e009769fdb515c4cde2932543a0d2ca687984,django/django,159279.72513,4,nested_selected,124919.82762699999,True
django__django-12273,assignment-case-v1:af0504e6122e45b5694ecead62a7b9ca8216208f3a7b6a1e602ac4daddd07e04,django/django,191864.179431,4,nested_selected,124919.82762699999,False
matplotlib__matplotlib-23314,assignment-case-v1:b1587275431d9c1e493c311f012e0a502bd71a84e52f37173ace94fa9ba0a488,matplotlib/matplotlib,320175.371485,4,nested_selected,124919.82762699999,False
sympy__sympy-15809,assignment-case-v1:b4d42d0ff481720777fac78d45e7cd1d6ba82aea8d6e048b87e468b31c52be49,sympy/sympy,89230.778023,4,nested_selected,124919.82762699999,False
django__django-12708,assignment-case-v1:b53269e4a45706f0ffc80c40f6f423a032eb522ef2829425335a3ca26f655302,django/django,115794.753839,4,nested_selected,124919.82762699999,True
scikit-learn__scikit-learn-13584,assignment-case-v1:b5cc486ac2a296da3b1c7ee978532d1e476b93ee0b35bf0c15ce682349257fd5,scikit-learn/scikit-learn,98862.778097,4,nested_selected,124919.82762699999,False
django__django-15347,assignment-case-v1:b67fa6aafa63ccdd9f1bdda069beb32f68949bb906851f999580221483462549,django/django,137819.555598,4,nested_selected,124919.82762699999,True
django__django-15280,assignment-case-v1:b777d74a80a10389320b35f438b5aa85bc5088faed1efa32fb44aad1e1fe15d9,django/django,109847.892892,4,nested_selected,124919.82762699999,True
django__django-11885,assignment-case-v1:ba2f3eb01a65806f6af23acc172c9a2280d5ab9ad68eae4a4471e01bab9898d6,django/django,153136.355608,4,nested_selected,124919.82762699999,True
django__django-14351,assignment-case-v1:bb1bef986dc55d547d8b57702c66369afda621973e86c1020eab4068546e1416,django/django,132262.802794,4,nested_selected,124919.82762699999,True
django__django-10914,assignment-case-v1:bb92fe709b9c5038de54895100bc11f897b5aa00a94f517e86a0c1f440422520,django/django,150288.703458,4,nested_selected,124919.82762699999,True
django__django-11815,assignment-case-v1:bc4b05d5f13625e58de7d418823c9db2e7bf50f6cc17f599bf180382502803ca,django/django,259309.75076,4,nested_selected,124919.82762699999,False
sympy__sympy-24066,assignment-case-v1:bd163ea6b8b68798a450445067c538fa8c946bb74c55fd263f9006194d21db30,sympy/sympy,178801.53862,4,nested_selected,124919.82762699999,False
astropy__astropy-14995,assignment-case-v1:bd9a5f86f225b75a329ec80978e730b5f7a0c8c8db143b425d5d1a84cec7ccc7,astropy/astropy,241798.517391,4,nested_selected,124919.82762699999,False
django__django-16256,assignment-case-v1:bed30dac43776650dd4b8d4b7f993650a5aab3b4f8bb50ac89c420510b889cb3,django/django,148807.636886,4,nested_selected,124919.82762699999,True
mwaskom__seaborn-3187,assignment-case-v1:bfdaf4b0b48fe179cde4ca9c34d5a6b282094c0705afa55befda6bbebf441006,mwaskom/seaborn,201139.028644,4,nested_selected,124919.82762699999,False
sympy__sympy-22714,assignment-case-v1:c0efde6fdb3a807f1ca03033b18689273e237a22a6709af4a9e3054d89432f2b,sympy/sympy,101934.370543,4,nested_selected,124919.82762699999,True
sympy__sympy-18087,assignment-case-v1:c3025c2ef4adea178414707d7a35c1eab3632cb5651189308089daaece2d14cc,sympy/sympy,47735.227222,4,nested_selected,124919.82762699999,False
sympy__sympy-15609,assignment-case-v1:c36a612a784baff8f799467c54fe3574b7bca5778339d7a9b00f00bd4a927a71,sympy/sympy,112641.484147,4,nested_selected,124919.82762699999,True
astropy__astropy-14598,assignment-case-v1:c42969813ab98d3788e643d3f47d59a358fed008b074d4c882347e7e5f9d0ffb,astropy/astropy,160007.40483,4,nested_selected,124919.82762699999,True
sympy__sympy-18763,assignment-case-v1:c65fe18ade7200073c516210d6bc53167d9d15632cefa4988c9acff2a8ecec4e,sympy/sympy,91846.968179,4,nested_selected,124919.82762699999,False
django__django-11265,assignment-case-v1:c9e8f96f666081cde813b7c1b561b601d24c98a63a7ae1a667cc590453a1bc17,django/django,92004.931586,4,nested_selected,124919.82762699999,False
django__django-13212,assignment-case-v1:cb376575c658644e91d55b5e702641704027686f1fef91366964d0fb4cd08f23,django/django,130149.191572,4,nested_selected,124919.82762699999,True
django__django-11049,assignment-case-v1:cb7048bd6f9c166ce005ace1033d5e7d5187e913be84cd0820b57a58cd0bbc7b,django/django,124143.292567,4,nested_selected,124919.82762699999,True
django__django-13195,assignment-case-v1:cbbb5f692fca99b2710f9b10385b838c5b2bea5d3a0df3173c79a0d74f8448ce,django/django,152737.985885,4,nested_selected,124919.82762699999,True
django__django-16642,assignment-case-v1:d25586467f9f2149a0cd5bea6433342706aa79348fb0c6f5e2ff7b5efb13872d,django/django,107181.107937,4,nested_selected,124919.82762699999,True
scikit-learn__scikit-learn-13584,assignment-case-v1:d3171c886b7e4dee907fd1299bf28a89f15af982571fdbf1834b3fbb97246c5d,scikit-learn/scikit-learn,102266.184608,4,nested_selected,124919.82762699999,True
scikit-learn__scikit-learn-13584,assignment-case-v1:d89777024654b230d623eca4dd4ecc002dab80eba3278f47f42be0175ce16e89,scikit-learn/scikit-learn,95409.501581,4,nested_selected,124919.82762699999,False
django__django-15061,assignment-case-v1:db6ca197fb5edb1eafeebd43693f62d9a79744e7366859280b68f33404396a38,django/django,153788.274934,4,nested_selected,124919.82762699999,True
matplotlib__matplotlib-26208,assignment-case-v1:db9bb5b00f9b3e40f504e29f5c2d63166216918214ef84328b5e929cfd7fdad8,matplotlib/matplotlib,162626.969553,4,nested_selected,124919.82762699999,True
django__django-11490,assignment-case-v1:dcb72a6797080ae7e58ba82d9719ebb377d89e064d86435d574bf4c63f088a5a,django/django,143091.162145,4,nested_selected,124919.82762699999,True
django__django-14493,assignment-case-v1:dde138aec895c494f00a48afe443f5d1efc12fd364f24340a674c042213bc943,django/django,124216.181581,4,nested_selected,124919.82762699999,True
sphinx-doc__sphinx-8282,assignment-case-v1:ddeeb3d8eb88f8804597271f77bccfc883fe3f6d3fd1cb0919b0ce097dd66959,sphinx-doc/sphinx,109566.417205,4,nested_selected,124919.82762699999,True
scikit-learn__scikit-learn-10297,assignment-case-v1:dfb3cc098307acacc57089da49193dcfe17d6ad9866ed690a4343f2ac25bb084,scikit-learn/scikit-learn,130000.838056,4,nested_selected,124919.82762699999,True
django__django-11815,assignment-case-v1:dfdc5aa67519637d08f6c219233606201cb257512fbbf0e91973776f7a932e0b,django/django,150348.17373,4,nested_selected,124919.82762699999,True
django__django-16256,assignment-case-v1:e112ec09774c7765de4bde455c4f695b81afedaf61afaf7a2367e1d666480c5d,django/django,123215.345352,4,nested_selected,124919.82762699999,True
scikit-learn__scikit-learn-13584,assignment-case-v1:e19d0cd61641bbac4fa0fb4aab76233df0c49ad0a47e77ca1bcb49e4390a1c47,scikit-learn/scikit-learn,119853.985997,4,nested_selected,124919.82762699999,True
django__django-16116,assignment-case-v1:e24c9b60fa819f46e7fa04b15ee46a41184e7852fce39fa705df63e2853b69fb,django/django,94385.955392,4,nested_selected,124919.82762699999,False
scikit-learn__scikit-learn-13584,assignment-case-v1:e26b953b8a6af52439219422938a0a24c367f2a76769cbfb57d94abdac4adb93,scikit-learn/scikit-learn,111591.466145,4,nested_selected,124919.82762699999,True
django__django-14155,assignment-case-v1:e3141317086e0fea67faa9aa4c06315bebddfc0ca49f5655927cfee638f19f57,django/django,114589.417339,4,nested_selected,124919.82762699999,True
django__django-11815,assignment-case-v1:e3ed706fed697cce1b7352bf7e01103d12da4d0527cf108304ecdc37e2fb855f,django/django,129466.305436,4,nested_selected,124919.82762699999,True
sympy__sympy-24539,assignment-case-v1:e55921dd6a9280a7c83fe90742330deaf3694f706563f3bde736f92978caf8b1,sympy/sympy,96742.665986,4,nested_selected,124919.82762699999,False
sympy__sympy-23191,assignment-case-v1:e84c42f58d87814515712cd4175938a1777e453bccc313bedc2cd8d81c54aa2d,sympy/sympy,104242.761155,4,nested_selected,124919.82762699999,True
django__django-14667,assignment-case-v1:ebbe0c2bfa75cefd8afda1e98d0637f92d5a59c5eddaadaf1d3aed3c6c0e5e5a,django/django,127952.762305,4,nested_selected,124919.82762699999,True
django__django-16256,assignment-case-v1:ed2d265372ed9f6f4713b853f00671e6e9f3732c5ae24c73bda9787f84f2f274,django/django,127736.820716,4,nested_selected,124919.82762699999,True
django__django-14351,assignment-case-v1:ee469232595b108e12fa6d709b7e3dccf367b44655ea7b834b80f84806c659bb,django/django,142070.778195,4,nested_selected,124919.82762699999,True
django__django-14351,assignment-case-v1:eec913bb1fcee2034f9b8f41e51ae2f978c327250e5c912ecc1497e2bc874a71,django/django,55529.480144,4,nested_selected,124919.82762699999,False
django__django-10914,assignment-case-v1:f00ccb5d293f81f52229cf10b6036ee73903cb4bbc1540ae5afe95bc960d04af,django/django,205747.323644,4,nested_selected,124919.82762699999,False
django__django-16938,assignment-case-v1:f11e018669284ec8ee050991d068c46b443af70590e9abd4afe77a6a1063c068,django/django,164073.378115,4,nested_selected,124919.82762699999,True
django__django-16256,assignment-case-v1:f1593780e4e9aff2d5772b52f016f15ed4d9facd15a692bc3f1d0a783b9e5d87,django/django,124403.178193,4,nested_selected,124919.82762699999,True
django__django-14155,assignment-case-v1:f1f7abbd07d92360ad329b832f209e9e9a6901162dbb61e6bc20263382bb5750,django/django,141411.108725,4,nested_selected,124919.82762699999,True
django__django-16256,assignment-case-v1:f2ed310c9357fad0215861f78bf3e1cb483eac9c6b47a39f40663ef5acb52617,django/django,132490.367243,4,nested_selected,124919.82762699999,True
django__django-11815,assignment-case-v1:f54c472786c38f53968efdddeeafa00c11fead732d118257053f33d42b913b11,django/django,114041.599959,4,nested_selected,124919.82762699999,True
django__django-16256,assignment-case-v1:f5f1eff2ad27391ef4cdf20fa2a903f5574b4af426d52ba9f940fead575a08f4,django/django,54287.267415,4,nested_selected,124919.82762699999,False
django__django-11815,assignment-case-v1:f61f392239c79a4da8e54e9fb813ac74e41b7ae264093db82f105f79aad980c2,django/django,145269.579217,4,nested_selected,124919.82762699999,True
django__django-15790,assignment-case-v1:f6982513b6d62485fdf626518a5f021e33fc58c4d54be1f4bd0de1758ee58fec,django/django,118269.054514,4,nested_selected,124919.82762699999,True
django__django-13964,assignment-case-v1:f6cd4c89889727fdcb8d7cda2ec7f4c6107a02c29481ea3092562944089b0583,django/django,134493.359641,4,nested_selected,124919.82762699999,True
scikit-learn__scikit-learn-13584,assignment-case-v1:f8d6893ed1f2292868d6194f9960bb24d46cb21079d89f9caf1cff03dfa2e2e7,scikit-learn/scikit-learn,122508.50897,4,nested_selected,124919.82762699999,True
django__django-14351,assignment-case-v1:fb5b58d2065f9cb7fa3584b0954e9e2e99193569513cf46506606b8f6745648d,django/django,100786.736783,4,nested_selected,124919.82762699999,True
django__django-15851,assignment-case-v1:fce63cf4fd1c36f01cf62c19b7105e9a6f732e92dea73a8319aae114bc2966eb,django/django,174508.663968,4,nested_selected,124919.82762699999,False
pytest-dev__pytest-7490,assignment-case-v1:fd586d6bbf8de140ea87fac3132c4ab889fc28b460b6792a4d9b673be4b7b6bc,pytest-dev/pytest,168594.208044,4,nested_selected,124919.82762699999,False
django__django-12856,assignment-case-v1:fd9e97538667718ec28cda5bfd4f7266d72a4502f81d29ce50e2f6754dbff0ab,django/django,118246.171594,4,nested_selected,124919.82762699999,True
django__django-16256,assignment-case-v1:ffe8a2c3613c3da7b443b805dac5838da048ede22b197542531638fedf2e527c,django/django,1347129.159161,4,nested_selected,124919.82762699999,False
